doi,text_id,text,sdg,labels_negative,labels_positive,agreement
10.18356/f61073ef-en,1ac71e049adab5ef15de3bc98cb1d397,"Models designed to estimate the elasticity of poverty reduction must incorporate income inequality as an explanatory variable to prevent changes in income distribution being subsumed into growth elasticity. Similar results were found in Brazil by Barros, Henriques and Mendonga (2001). These authors emphasized that inequality in income distribution was responsible for economic growth being less efficient than it might be for poverty reduction purposes. In other words, the effect of growth on poverty reduction was smaller in Brazil than in other countries with the same income level.",1,0,10,1.0
10.18356/afa296fe-en,8e8a518a32d5bf8a4d6e09e51b54a0be,"Pursuant to Council resolution 12/19, the Independent Expert on the question of human rights and extreme poverty presented a report containing her recommendations for improving the draft guidelines. She added that ""[t]hese measures should include enhancing the capacity of individuals, community-based organizations, social movements and other non-governmental organizations that give visibility to those in extreme poverty"" and emphasized the role of institutional arrangements and mechanisms for effective popular participation (A/HRC/15/41, para. In this respect, incorporating the entitlement to participation in domestic legal orders becomes crucial in order to create a firm legal basis for people to assess their participation in all stages of development, to address the culpability for development harms36 and to seek compensation for lost entitlements, including social exclusion.",1,1,9,0.8
10.18356/fd80a3d2-en,bcb120d357371ddb853b14539aa830e3,"Hence, deflating by a food and clothing price index rather than the aggregate CPI provides a better indication of the welfare change for those workers. That is, inequality between unskilled wage-earners and the much wealthier owners of capital (human or physical) within developing countries would decrease with full trade reform. Anderson, Valenzuela and van der Mensbrugghe (2010) go a step further by explicitly assessing reform impacts on poverty even though the Linkage model has only one single representative household per country. They do so using the elasticities approach, which involves taking the estimated impact on real household income and applying an estimated income to poverty elasticity to estimate the impacts on the poverty headcount index for each country.",1,0,3,1.0
10.18356/dd581311-en,b43fcc4cb983af93a49aa8a4a5131c23,"Thus, poverty measurement is fundamental for monitoring public policies and, since these initiatives do not just provide monetary transfers but also educational, health, labour and social protection services, the monetary indicators provide insufficient information for capturing the impact of policies. For example, it has been pointed out that procedures for adding information may result in information losses and that the choice of an aggregation mechanism for handling information in a system of indicators may be arbitrary (Maurizio, 2010). However, a system of indicators does not solve the problem of identification, that is, of selecting those that may be classified as poor and those that may not. Moreover, a synthetic index facilitates the joint analysis of shortcomings, allowing for a comprehensive system (Santos, 2013), fosters communication by summing up a high number of dimensions and, consequently, facilitates decision-making (Maurizio, 2010, Santos, 2013).",1,1,8,0.7777777777777778
10.18356/1f11729d-en,6b82b0d50800cce22998f0a50cedc2bc,"Hence, children in low work intensity households, holding other characteristics constant, are more likely to fall into the poorest decile than children living in households with work intensity that higher or is equal to 20%. Differences in the probability of being in the bottom income decile by household work intensity is highest in Slovenia, closely followed by Slovak Republic and Estonia. The proportion of children living in deprived households differs across European countries with the lowest being 4.9% in Switzerland and highest reaching approximately 60% in Bulgaria. In all the European countries included in the analyses, at least 1 in 5 children in the poorest decile lives in a deprived household.",1,0,9,1.0
10.1787/dcr-2013-10-en,59f750965a33004b5d2ce8c1e2b99f00,"To be more precise, it includes policies and programmes that aim to reduce poverty and make people less vulnerable to unemployment, social exclusion, sickness, disability and old age by helping them to manage these risks and shocks. This is one of the most important innovations in recent social protection policy and is a reaction to the problem of how to find and target the poor. While most social protection programmes do include administrative mechanisms for reaching the poor, increasingly policy makers recognise the high costs associated with poverty targeting, and are aware of the important trade-offs.",1,1,8,0.7777777777777778
10.1787/9789264118720-6-en,d7e7754919797756ce6cfbcc528e3ba6,"A single disability pensioner would receive about a quarter of the average wage in benefit income (Chapter 4), and that does not include the value of social housing and utility support to which the disabled are entitled. In OECD countries, benefit income of recipients of disability benefits generally ranges from 25 to 40% of average earnings (OECD, 2010d). The benefits in question include the in-kind provision of housing (including maintenance) and utilities (energy) support, but also free transport, and medical care.",1,3,0,1.0
10.1787/5k92n2x6pts3-en,0c7ae8ceb0682c985a90767bf6835d38,"As countries reduce extreme absolute poverty, concerns of social inclusion, better represented by relative poverty lines, become increasingly relevant. Anchoring the poverty line to median welfare makes the poverty line dependent on distributional parameters beyond the mean, thus allowing for poverty lines that differ across countries with the same level of income per capita. The paper derives and presents relative poverty headcount ratios from publicly available grouped data for 114 countries. An examination of the trends in absolute and relative poverty in Brazil, China and the United States uncovers commonalities that are not apparent if the analysis focuses on national poverty lines or different concepts across countries.",1,1,8,0.7777777777777778
10.18356/afa296fe-en,6c26fad413f84f55d51e3fac8da1326e,"The concept is accredited to Charles Booth,5 who undertook to classify London's society statistically into four categories on the basis of daily income. Measurability and quantification were crucial for the success of this approach. Since Booth's work, many countries have adopted different criteria for the definition of poverty through income grouping. The World Bank played a major role in establishing the first unified international standard for the measurement of poverty in the 1990s with reference to those earning less than $ 1 a day.6 In 2000 the United Nations consolidated this approach by adopting the Millennium Development Goals, particularly goal 1, aimed at the eradication of extreme poverty and hunger.",1,0,3,1.0
10.18356/7ed1f44a-en,459a26323f910245a5fc34d10f6b489f,"The most common form of contributory social security scheme is “social insurance” which mainly covers formal wage employment. National Provident Funds would be an example of this. This includes, for example, social pension, health insurance, life insurance, disaster insurance and so on. The non-contributory schemes on the other hand are social assistance schemes based on condition of entitlement to receive benefits and provide conditional or unconditional transfers in cash or kind (ILO, 2010/11). Social assistance as the Department of International Development (2006: 1) notes, “comprises non-contributory transfers that are given to those deemed vulnerable by society on the basis of their vulnerability or poverty”.",1,0,4,1.0
10.1787/9ce809d8-en,0deaa28eadf123261e4e36d8b300c1c7,"First, that social protection be scaled up to cover a larger proportion of the population against a broader range of risks. Second, that domestic sources finance a greater proportion of spending. This latter objective reflects the fact that donor support for social protection - as for Ethiopia as a whole - is declining relative to other sources of revenue as the country nears its goal of achieving middle-income status.",1,0,9,1.0
10.18356/39291afb-en,305180565803b27df9f7fd94059a52c8,"Between 2012 and 2017 the incidence did not vary significantly from one group to another, so the gaps remained constant. In 2017 the incidence among couple households without children was around 3.7%, while it was 5.4% among single-person households. The highest incidence of extreme poverty was found in single-parent households (12%).",1,1,8,0.7777777777777778
10.18356/dd581311-en,7792edd4a2f18d169746bba6eee965e3,"This exercise was realized on the basis of a measure of insufficient income. For its part, Chile has a lower poverty incidence but a very similar level of poverty intensity to that observed in Argentina, Brazil, Costa Rica and Uruguay. As regards the area of residence, the values of MO are higher in rural areas of Guatemala, Nicaragua and Peru, while in terms of ethnicity, the highest values for MO are found among the indigenous population of Guatemala, Paraguay and Peru.",1,0,9,1.0
10.18356/f08da6fa-en,95e7fc2605a0d5b9a6c492a73abdbd24,"Indicators of deprivation in health are difficult to define, since most routine information in surveys refers to temporary illnesses during reference periods. This speaks of the need to include more suitable child health indicators in household surveys, measuring access to healthcare rather than temporary health status, which could be accomplished without increasing the length of the questionnaire by an excessive amount. More suitable indicators for health for example would be compliance with routine check-ups or vaccinations, and possibly access to health insurance, while for child development valuable information would be provided by asking about appropriate toys and parents' engagement with children up to three years old.",1,1,8,0.7777777777777778
10.18356/d100c303-en,bd854d9e1075a3e27814b19ae4471446,"According to these measures, a person is considered poor if he or she lives in a household with a consumption or income level below a nationally established threshold. National poverty lines are estimated in local currencies and reflect national standards. These thresholds still allow for participation in the normal consumption and living standards of the country but measure poverty in relation to the national average income levels. (",1,0,9,1.0
10.1787/9789264168350-8-en,380c9636aecf6958737f8ed30e473b5f,"Many people have limited or insecure access to land and property, due to a lack of legal protection and/or the risk of seizure of land by the more powerful. Commonly excluded groups include women, pastoralists and indigenous people. Securing land rights for these groups is particularly important for their empowerment.",1,0,4,1.0
10.1787/9789264084728-10-en,d4e863a69932a27d4c8eeda9e8483c2b,"Policies that target inequality directly can similarly advance further poverty reduction. At the same time, the countries that have successfully decreased absolute poverty face new challenges of fostering social inclusion. It then looks at the emerging need for converging countries to pay attention to relative deprivation in addition to absolute poverty.",1,0,8,1.0
10.18356/24485d89-en,d3d2f73fbdd4f44941f5759be5ac1301,"Countries with a reduction of over 15 per cent in the share of dietary energy coming from cereals, roots and tubers include Armenia (27 per cent), Kazakhstan (24 per cent), China (18 per cent), Viet Nam (18 per cent) and the Republic of Korea (17 per cent). The decline is from a dependency ratio of over 60 per cent in 1993-1995 (with the exception of the Republic of Korea, with a slightly lower level of 53 per cent). Examples are Cambodia (per capita cereal production at 650 kg in 2011, prevalence of undernourishment at 17 per cent in 2010-2012) and the Lao Peoples Democratic Republic (per capita cereal production at 638 kg in 2011, prevalence of undernourishment at 28 per cent in 2010-2012).",1,3,0,1.0
10.18356/88ed44cf-en,e4aeda02442741f9e4fbaa8a8e4473ec,"The goods considered are vehicles, washing machines and refrigerators. The indigence indicator was preferred as a cut-off partly because the indicator of total monetary poverty could increase the possibility of double counting, given that part of the income poverty measurement that does not correspond to indigence is a proxy for the ability of households to satisfy non-food needs, including some which are already covered by the set of UBN indicators. Moreover, although the fungible nature of income means that revenue cannot be equated with food consumption, the indigence line represents a minimum amount of resources necessary for people to satisfy their basic requirements for daily sustenance, an aspect not captured by the other indicators considered by ECLAC (2013). The reason for this is twofold: first, the indicator of extreme poverty covers a very small percentage of the population in Latin America, and is thus unable to capture income insecurity.",1,1,8,0.7777777777777778
10.18356/99aadf34-en,536e44bad507a5c14a652db1c4da39cd,It is the share of economic subsectors (out of the 35 subsectors) that have production linkages with at least S0.02 per United States dollar of output from or to manufacturing activities. See Annex 3 for the definition and calculation of the indicator. This suggests that the manufacturing sector is not well-integrated with the rest of the economy and hence not well-diversified.,1,3,0,1.0
10.18356/36b318e6-en,b5b55a79a97bd82834f2de4e9de808e4,"It could however be expected that such a trend might worsen further as fiscal consolidation measures start to show their impact. The trend lines also highlight that changes in income inequality seem to be less directly related to the severity of the economic downturn. Break in time series: 2012 Austria and United Kingdom, 2008 France and Cyprus, Bulgaria 2006, Romania 2007. Indeed, Iceland is the best performing country although one of the most affected and the one where anchored child poverty increased the most.",1,1,8,0.7777777777777778
10.1787/9789264168367-4-en,10653f7989759ee2fc301ca881bdb354,Improved childcare and education has helped reduce the long-term consequences of poverty for children growing up and the gap in attainment between poor and better-off children has narrowed. The economic performance of countries has been volatile and by 2030 inequality and poverty have grown with both levels and durations of unemployment remaining high. Poor economic growth has meant that state spending is under further pressure and there have been substantial cuts in government spending. Benefit levels are now low but expenditure on social security remains high because of the large numbers of families without work.,1,0,4,1.0
10.18356/028f7d06-en,09a4644f61d8f54a0c519150206495d3,"In Latin America and the Caribbean, several points on figure 1.16 show a convergence between the direction of changes in GDP and in life satisfaction. But there are counter-intuitive situations, such as satisfaction rising when per capita GDP is falling, or increases in GDP while life satisfaction is declining. The classification, from the World Values Survey, defines income brackets as appropriate for the realities of each country.",1,0,4,1.0
10.1787/9789264118720-6-en,2d09d2929ac18e9624b7f3f9daf560f2,"The “monetisation reform” has improved the reporting of social spending (for example, see Table 3.3). Nevertheless, experience with OECD countries that have a federal constitutional set-up suggests there is likely to be under-reporting of social spending by lower tiers of government (Adema and Ladaique, 2009). In the case of disabled children up to 15 years, this is 120 calendar days. For example, there are benefits for war veterans and disabled children, while the pension fund of Russia also pays old-age, survivor or disability pensions based on employment records to people who are categorised as disabled.",1,0,3,1.0
10.18356/24485d89-en,45f2c2d3cb4bd3b587bf228881c57bd9,"In urban areas of the region, the proportion of the urban population with access to improved water sources was 97 per cent in 2011, a rate that increased steadily from 94 per cent in 1990, reflecting increased investments in water infrastructure. Several countries have actually registered a fall in access to safe drinking water in urban areas, for instance, the figure for Bangladesh declined from 87 per cent in 1990 to 85 per cent in 2011, and for Nepal from 96 per cent in 1990 to 91 per cent in 2011. This reflects persistent levels of inequality in access to, and growing pressures on, the existing infrastructure.",1,8,1,0.7777777777777778
10.18356/8b39d69c-en,4f7f73d6f5353add23bae72ebf9bf0de,"In Bulgaria and Romania for example, respectively 1.6 and 2.2 per cent of children lack all 14 items, in Iceland 4.3 per cent lack just one item while the Scandinavian countries do not exceed four, and so on. All values of one per cent or less are omitted in the table. This may reflect a technical measurement problem (we have no items that allow to identify the deprived children in richer countries) or the fact that there simply are few deprived children in richer countries.",1,1,8,0.7777777777777778
10.1787/9789264168367-4-en,15403276adde43a2ed2a463a61d388ae,"They conclude that reducing worklessness (and promoting work by raising the number of two-earner families) is unlikely to be sufficient to reduce child poverty. Instead, reducing work poverty is also likely to be a central plank of any policy strategy to reduce child poverty, in particular as policies “of encouraging employment [are] likely to be a pre-requisite for public and political support for more effective redistribution to the poor”. For single parents, a third and potentially important source of income is child support. Across OECD member countries, however, obligations for child support and the effectiveness of its collection vary widely.",1,1,8,0.7777777777777778
10.18356/ae18b798-en,7568b888bed39194fa67d1e1cc2ddc6c,"In most cases, data on the structure of household consumption patterns for both foodstuffs and other goods and services are derived from national household budget surveys carried out in the 1980s. In order to carry out this calculation, the indigence line is multiplied by one factor for urban areas and another for rural zones. For the 2006 poverty estimates, a factor of 2 was used for urban zones and a factor of 1.75 was used for rural areas.8 The factors applied since 2007 vary depending on the differentials between trends in the prices for foodstuffe and for other goods and services.",1,1,8,0.7777777777777778
10.18356/db7ae14d-en,a1818dc52a49eec936995d7545198855,"For example, although South Asia has seen a significant decrease in the poverty rate (from 61 per cent in 1981 to 36 per cent in 2008), given the increase in population size this means that the absolute number of the poor increased from 568 million to 571 million over that period (figure II. In sub-Saharan Africa, the absolute number of the poor increased from 205 million to 386 million in the same period, while the poverty rate fell from 52 per cent in 1981to48 per cent in 1981. Whereas in 1981, poverty had been concentrated in East Asia and the Pacific, with 57 per cent of the worlds poor living in that region, by 2008 the concentration of poverty had shifted to South Asia and subSaharan Africa, which now account for 44 per cent and 30 per cent, respectively, of the world’s poor.",1,0,4,1.0
10.18356/24485d89-en,196a070267c7a33c71bef729a92cccea,"If $2 per day (2005 PPP) is used as a benchmark, the number of poor in the Asian and Pacific region decreased from 2.4 billion in 1990 to an estimated 1.6 billion in 2011. About 900 million people living between $1.25 and $2 per day remain critically vulnerable to extreme poverty. At present, estimates show that about 40 per cent of the population of the region lives on less than $2 per day.",1,0,9,1.0
10.18356/150942f1-en,8694391910f386b15be27b875d6c135f,"At the beginning of the crisis, households adapt mostly by increasing their labour supply and consuming past savings. Past economic crises have been shown to be detrimental to children in various dimensions of their well-being. As shown by the table below, past (local or regional) economic crises had strong impacts on household welfare. For example, past crises led to an increase in poverty ranging from 1 percentage point in Brazil (1989) to a dramatic 12.2 points in Venezuela (1994) (Lustig 2000).",1,1,8,0.7777777777777778
10.18356/39291afb-en,97a5fe9a29a373d58d9ad524dff18069,"Between 2015 and 2017, six countries show an annual reduction of 3% or more in poverty rates. In Chile, El Salvador, Panama and Paraguay, over half of the rise in poor households' income came from labour income, while in Costa Rica and Uruguay increases in contributory and non-contributory transfers predominated. In some countries, especially Chile.",1,0,9,1.0
10.18356/cc778895-en,306a8f367ba5cd9a67ad9f9c04a7bdd7,"Their findings indicate that the methodology that is generally used in empirical studies on growth, poverty and inequality usually overestimates the effects of growth on poverty. This implies that economic crises or economic booms have less of an influence on poverty than they are generally assumed to have. This supports the focus on raising incomes which has been the preferred strategy for fighting poverty in Brazil. They find that the growth of mean income and income distribution are sufficient to account for a large part of the variations in poverty rates observed at the state level in Brazil.",1,0,5,1.0
10.1787/5jxrcmgpc6mn-en,48996e3d3b8e58154698fb64090867c0,"Issues related specifically to benefit claimants with disabilities or other health-related problems are discussed in the OECD series Sickness, Disability and Work (see www.oecd.org/els/disabilitv'). Pension policies, including means-tested, basic and minimum pensions, are discussed in Pensions at a Glance (’www.oecd.org/els/social/Dag'). The latest issue in this series contains a chapter on poverty among old-age individuals (OECD, 2009a).",1,3,0,1.0
10.1787/9789264168367-4-en,8853e013165e09fa9e1100540a8b4c16,"While family structure cannot account for rising poverty rates over time or differences across countries, it is clear that in many countries a strong association between family type and poverty exists. The extent to which this relationship is causal is unclear, for two reasons. Firstly, groups such as lone parents or teenage mothers may have a greater risk of being poor not because of their family status per se but because they have other characteristics, such as low educational attainment and low employment rates. Secondly, family structures may also be a consequence of poverty.",1,0,4,1.0
10.1787/9789264168350-4-en,d28fb78e55640b5bfdd2d558515ab7a1,"Donors have a great deal of experience in approaches that seek to involve and empower poor people including participatory planning, participatory rural appraisal and community based management. These approaches have been used in donor funded projects, the development of Poverty Reduction Strategies and the design and delivery of sector programmes. Most general budget support programmes involve associated donor support for the role of organised civil society in policy making and programme planning at national and local level in order to strengthen the voice of poor people and improve accountability to them.",1,0,3,1.0
10.1787/9789264272262-5-en,df34bd3676eb48de917fbd4aafedf0e8,"Korea has a child allowance for home-care that was introduced for households with children under 6 who do not use childcare facilities or kindergartens (Chapter l, Box 1.2). Myanmar enacted its social security law in 2012, but the all relevant provisions have not yet been implemented. However, in eight countries such payments are responsibility of the employers subject to regulations in national labour codes rather than social protection legislation.",1,0,3,1.0
10.1787/c69de229-en,a8a119e6cd59aa22ed940f9f1bbaa71e,"In other words, the decomposition helps to measure the portion of changes in family income due to changes in the characteristics of the child population and those due to changes in the association between these characteristics and the income level. The decomposition is carried out for market incomes before taxes and transfers (they correspond to labour income in their vast majority, capital income being generally low for poor households), and for disposable income after social transfers. By comparing the changes in income before and after taxes and transfers, one can infer what role transfers have played in responding to changes in labour income and how this role has varied across the income distribution.",1,1,6,0.7142857142857143
10.18356/ae18b798-en,9f47dcb2449f164f53cb7a171ca53c4f,"This figure drops to 38% for the at-risk population and to 23% for those who are not at risk of poverty. The opposite is true for the age group of 50 years and over, which accounts for about 12% for the poor population but 27% of the members of the population group that is not at risk of poverty. This percentage diminishes as income levels rise to the point where only 14% of the group classified as “not at risk” have not completed this level of education. The largest category in the group of non-indigent poor and those at risk of becoming poor is made up of those who have completed primary school but have not completed their secondary education (about 45% in each of these groups).",1,1,8,0.7777777777777778
10.18356/47c7f9c4-en,2d26412c9a434e9664cd77aa5fa5d5b6,"For the poorest households, social assistance accounts for almost 20 per cent of total household consumption. Looking at the different programmes separately, social allowances have the largest impact. They account for 23 per cent of total consumption among the poorest households that receive social allowances. In the absence of social assistance, the poverty rate would have been three percentage points higher, representing a relative reduction of 19 per cent.",1,0,3,1.0
10.1787/c69de229-en,980af8654cf32be75806d83de789da01,"Growth in social benefits reduces the overall child poverty rate, however it appears to have had no significant effect on the poverty risk of families with incomes far below the poverty line, such as in particularly single-parent jobless families. The main reason is that the income of these families is often far below the poverty line and that the cash transfers they receive are not high enough to lift them out of poverty. In addition, benefits seem to have played a rather limited role in mitigating the effects of the crisis in countries where the family disposable income has declined between 2007 and 2014.",1,0,9,1.0
10.18356/5022b3a0-en,9cd5d99078edee795d3fdf0d3db91b76,"Programmes for facing the development challenges of the poorest and the hungriest have also been expanded. This includes the heavily indebted poor countries (HIPC) and Enhanced HIPC Initiatives, Education for All Fast Track Initiative (EFA-FTI), and other similar measures. The international assistance programmes have begun to focus on the poorest countries and peoples to complement the BPoA. The World Summit (September 2005) reiterated the commitments of the donors to fulfil the BPoA target of providing 0.15-0.20 per cent of GNI as ODA to the LDCs.",1,0,9,1.0
10.1787/9789264168367-4-en,9c9974275696cc78ef6487087fb7e5c1,"Working-age households can no longer afford to have no one in work and the numbers that are workless have fallen, but for the smaller number of jobless families poverty is much deeper than previously as the value of out-of-work benefits has fallen. An increasing share of the poor in 2030 are “working poor”, with low pay, short working hours or having just one earner in the family. Education has improved, raising earnings for the majority.",1,0,3,1.0
10.18356/cc778895-en,99df9cbd32e523cd04fd1eadb7421255,"The closer it is to 1, the greater the degree of income inequality, while the closer it is to zero, the less inequality there is (Hoffmann, 1998). Figueiredo and Laurini (2015) voice concern about the possibility of endogeneity being a factor when the usual Ravallion and Chen (1997) methodology is used to measure the effects of economic growth on poverty and inequality. According to these authors, this can arise as a result of two mechanisms: the simultaneous determination of poverty and growth, which could generate a correlation with the error component (endogeneity problems can be caused by unobserved factors that affect these two components simultaneously or by a financial development process that simultaneously affects poverty, growth and inequality), or the direct effect that a growth trend could have on the poverty measurement. With linear specifications, it is assumed that the effects of growth on poverty and inequality are constant and independent of the levels of growth and inequality.",1,1,8,0.7777777777777778
10.18356/39291afb-en,ab205eab935330ab0765d3488f4401f5,"El Salvador, Paraguay and Uruguay, several of which showed the largest gains in this source, reported increases both in average income per recipient and in coverage. In the other countries, the outcome resulted from a rise in one factor combined with a fall in the other (see figure 11.8). Within this framework, it is possible to analyse different combinations of inequality reduction and average income growth that could produce a particular poverty rate, and then assess whether those conditions are in line with the trends observed in recent years. Goal 1 is to end poverty in all its forms everywhere and sets targets for achieving that. Target 1.1 is to eradicate extreme poverty for all people everywhere by 2030.",1,0,4,1.0
10.1787/9ce809d8-en,c50e03900caa9cf204ab639c87c4f419,"Regional governments' housing subsidies accounted for the major share of spending on access to basic services. The projections of social protection spending in Chapter 3 of this study include scenarios whereby humanitarian relief is included in total social protection spending as well as a scenario where it is excluded. Spending by the federal government increased at the fastest rate among these four sources between 2012/13 and 2015/16, growing by 24% per year on average.",1,0,3,1.0
10.18356/8d6bdedf-en,6ea4433d5ef2cc060ad4709831983d78,"Hence, what we think we know continues to rely heavily on the accuracy of the poverty estimates generated by the Bank. This has occurred in the midst of an expanding global economy, which has resulted, on average, in higher per capita incomes in both developed and developing countries (Sachs, 2008, United Nations, 2005a). In these countries, information on the depth, severity and duration of poverty may be limited, and available information may be unreliable. To address some of these data gaps, the research programme of the World Bank Poverty and Inequality Group has been engaged in improving current data as well as methods and tools for poverty and inequality analysis through, inter alia, producing new household-level data (notably through the Group’s Living Standards Measurement Study), monitoring poverty and inequality using household-level data, developing more reliable “poverty maps”, and rolling out computational tools such as ADePT and PovCalNet (see http://go.worldbank.org/NT2AlXUWP0).",1,0,9,1.0
10.18356/f61073ef-en,b3df0c7c02512c36c4e2b074e41b32c0,"If elasticity is high, public anti-poverty policies based on economic growth are more efficient. If elasticity is low, however, poverty reduction strategies should include a combination of economic growth and some type of income redistribution. Ravallion and Chen (1997) estimated income-poverty and inequality-poverty elasticities for 45 countries.",1,1,8,0.7777777777777778
10.1787/c69de229-en,7e2a65020b165d48ad8f905e9a241fa4,"This analysis highlights the need, in order to counteract the effects of the crisis and reduce child poverty, to implement policies that not only increase access to employment for parents from low-income families, but also promote greater mobility towards better quality and better paid jobs. Finally, the decline in disposable income experienced in many countries by low-and very low-income families suggests that social benefits have played a rather limited role in mitigating the effects of the crisis. There is, however, some indication that transfers may have cushioned the effects the Great recession had on the income of the poorest families in the United Kingdom and the United States (as shown also by (Bradshaw, Chzhen and Main, 2017[37]) and (Wimer and Smeeding, 2017(33]).",1,0,11,1.0
10.18356/fb79328d-en,d32b5db8a27159b63fe331461c1ef38a,"Social spending, however, did not decline as a proportion of the budget in most countries, as the political pressure to sustain civil service jobs and wages, which account for the bulk of social expenditures, was considerable. In addition, user fees introduced to cover the costs of complementary inputs—for example, books and medicines—were viewed as serving not only to reduce the fiscal burden, but also to improve the efficiency and quality of social service delivery. Although the remnants of the old policy provided limited job guarantees for that proportion of (generally urban) workers employed in government services or large modern enterprises, the policy adjustments left most of the rural and urban poor with hardly any form of social protection. New, targeted social programmes were therefore introduced to protect the poor from the unfavourable macroeconomic environment. The new programmes included social emergency and social investment funds that received financial support from the multilateral banks.",1,0,4,1.0
10.18356/47c7f9c4-en,361c31f154537f020a849989ad61466c,"Firstly, the compensations are financed from district budgets, which receive a block grant from the Ministry of Finance. However, the block grant also includes benefits for Afghan War veterans and a special fund for one-time compensations for poor households. At the central level, no separate budget exists for the cash compensation for children.",1,0,9,1.0
10.18356/c530cc54-en,5133a2ae290b70832bcc1f796b91cf13,"In seeking to make the connection between ethical perspectives and poverty reduction we ignored the political dimensions of justification, the arena in which ethics exercise practical influence. It was well beyond the scope of the paper to tackle this. We hope our paper stimulates further research on these research gaps.",1,1,8,0.7777777777777778
10.30875/32bff34e-en,41c5ed4092c9d7c3000e8fc9ed2c57e3,"The EIF's success so far ""does not mean that the work is done. Rather, it is a reminder of how important this work is - and how much more focus it deserves"". Examples of EIF projects Equatorial Guinea is undertaking a diagnostic trade integration study as it seeks to move away from dependence on oil. These studies help countries identify and address constraints to trade, economic growth and sustainable development.",1,3,0,1.0
10.1787/5jxrcmgpc6mn-en,95687c0468a6f707eb7ce5be30f77f38,"This means that the retrospective benefit histories from successive interviews provide two reports for each of the months for which the reference years overlap. In practice, there are major impediments to both approaches in household panels. In particular, as already mentioned in Section 3, the retrospective histories show an implausible number of transitions at the ‘seam’ where successive between-interview histories are spliced together.",1,3,0,1.0
10.1787/dd4dcfa6-en,5704235f970c76906e29032a2ee7f22b,"The structure of the benefit is progressive and consequently almost “universal” in the sense that while first designed to combat poverty, it also aims to support middle-class families. Indexing the CCB for the 2018-19 benefit year will provide an additional $5.6 billion in support to Canadian families over the 2018-19 to 2022-23 period. As an example of the benefit of this proposed change, for the 2019-20 benefit year, for a single parent with $35,000 of income and two children (one under the age of 6 and one aged 6 to 17), the accelerated indexation of the CCB will contribute $560 more towards the increasing costs of raising his or her children (Department of Finance, 2017poi).",1,1,8,0.7777777777777778
10.18356/73b30008-en,6270cf2298bb2782e1582b687422e105,"In addition to the magnitude and duration of low income status, attention should be paid to the extent to which poverty is recurrent (Fourage and Layte, 2005). The higher income mobility or volatility and the shorter the duration of poverty, the higher the proportion of people experiencing poverty at least once during the reported period, thus the higher the reported poverty rate will be. In the Republic of Moldova during 1997-2002, a decomposition of poverty into chronic and transient components revealed that poverty was mainly chronic, accounting for as much of 90% of the people classified as poor (Beegle, 2004). That is, despite transitions among households in terms of rank, a very large fraction of the poor in any year are likely to remain poor in the next period.",1,0,5,1.0
10.18356/3400179e-en,7aaa3e789234ffec60781e967dffea8f,"Combined with the provision of public services, such as in health and education, these popular programmes contributed to an overall improvement in social outcomes and reduced inequality while offering a low cost-to-benefit ratio. Brazil’s Bolsa Familia and Mexico’s Oportunidades cash transfer programmes increased both school enrolment and attendance rates while reducing child labour. An International Assessment (New York, 2010), Goran Holmqvist, ""External financing of social protection: opportunities and risks"" Development Policy Review, vol.",1,0,3,1.0
10.18356/afa296fe-en,243722edc6261486194221bf7d567b28,"Notably, development processes must be adopted to take account of the connections and disconnections among development-related actors, policies and laws in a non-homogeneous and non-harmonious society. Social exclusion results from either the systematic exclusion of poor people from having choices and using their capabilities, or more circumscribed social, political, economic or cultural barriers to their participation. Whether through deliberate or circumstantial marginalization, social exclusion reinforced and perpetuates poverty.26 Temporary access to income or a temporary fulfilment of basic needs does not generally address such deeper facets of poverty.",1,1,7,0.75
10.18356/797ccf27-en,f746c3346af97f59ddcab098db503db1,"A new target was introduced, relating to “Achieve full and productive employment and decent work for all, including women and young people."" Four official indicators were defined for that purpose, involving measurement of the rate of productivity growth per worker, the percentage of the population employed, the percentage of extremely poor workers and the proportion of workers that have unstable and insecure jobs (“vulnerable workers”). In addition, the recommendation to monitor poverty trends by using national poverty lines was made explicit. The previous indicator was replaced by one measuring survival to the last grade of primary education (Proportion of pupils starting grade 1 who reach last grade of primary).",1,0,9,1.0
10.18356/fd80a3d2-en,4dbbae51aa907864082f1c29c28d854f,"First and foremost, the generally attractive results in terms of poverty and inequality alleviating effects from trade policy reforms, whether unilateral or multilateral, provide yet another reason as to why it is in the interests of countries to seek further liberalization of national and world markets. According to the Indonesia study, for example, unilateral trade liberalization is expected to reduce poverty only very slightly, but liberalization by the rest of the world is expected to lower poverty very substantially. In the Philippines, domestic reform alone from current levels of protection might marginally increase poverty rates, whereas rest-of-world liberalization would almost fully offset that (and more than offset it in the case of only agricultural reform).",1,0,8,1.0
10.1787/9789264272392-3-en,c6e5e90f153484bb507de68831ff8d25,"Agricultural producers in ASEAN are expected to be able to rise to these challenges over the medium term, with regional production growth rates projected to exceed world averages for many products, including animal-derived products (OECD-FAO, 2015). This will also increase the importance of ASEAN for world supplies of agro-food commodities. Across individual countries, however, changes in the production of key commodities are more mixed. This will require a continuation of past trends in total factor productivity growth - trends underpinned by continued efforts at policy reform and additional investments by governments and producers.",2,0,3,1.0
10.1787/9789264179011-4-en,175c8db77d40973687b2c96b6cf0b416,"However, land registration has been slow and only around one-third of privately-owned land parcels have been registered over the last forty years. Most rural households have unregistered land rights acquired through inheritance from parents and relatives. This creates a significant barrier to accessing credit.",2,9,0,1.0
10.1787/5jxrclljnbxq-en,d162f4ee0c3f5887c1c89a7aad142186,"The third irrigation scenario is designed to test the effects of interaction between the irrigation efficiency and irrigation expansion scenarios. In addition, there are also international spill-over effects. World prices for maize and wheat are lower by 3% and 1% respectively compared to scenarios where the improved varieties are adopted only in the United States, and by 4% and 2% respectively when adopted throughout the OECD (Figure 13). For those regions that are currently battling water stress, e.g. the Mediterranean, irrigation efficiency measures contribute to improved yields on the order of between 3% and 5% in irrigated areas growing mainly maize and vegetables.",2,0,4,1.0
10.1787/9789264179011-7-en,551243a2f49f6e22558248a7ef7b152d,"Furthermore, the regulation establishes an annual quota level for live cattle and beef based on the estimated shortfall between domestic supply and demand. This quota is allocated by MoT to importers in two six-month tranches: 1 January to 30 June and 1 July to 31 December, based on historical volumes. The quota has been introduced as one of the policy measures to achieve beef self-sufficiency. In practice officials have significantly overestimated domestic supply relative to demand and prices have risen sharply.",2,0,9,1.0
10.1787/agr/outlook-2014-4-en,c1cb1a6d287845e59269447af2b086d3,"All grain prices decline in real terms, and they will fall below current levels at the end of the projection period (Figure 1.15). Because of the significant fall in coarse grain prices described above, a shift in land to oilseeds is anticipated in 2014/15 which should contribute to further declines in the prices of oilseeds. In the oil sector, a strong demand for food and fuel will push the price to increase as of 2015/16.",2,0,3,1.0
10.1787/9789264235151-6-en,c6719db1a5a6169fee9d04a90839d4da,"However, approximately 95% of current paddy land meets the wet-paddy land definition. Using an average agricultural household income of VND 1.458 million (USD 70) per month and assuming the household farms 2 ha of wet-paddy land, the payment represents almost 6% of annual income. A further objective of the programme was to create employment for 2 million people and increase incomes of people in forest areas as a contribution to poverty alleviation, hunger eradication and the development of rural mountainous areas. A number of policy measures were implemented under this programme including loans to large SOEs involved in forestry and direct support to households to establish forest plantations.",2,0,3,1.0
10.1787/9789264191761-en,56de87e7b5d10e29455d19ab72754c4a,"For example, since 2000 wheat crop varied within the range of 9 million tonnes (in 2000/01) and 23 million tonnes (in 2011/12). Building an elevator to store around 10 000 tonnes costs at least USD 3 million, and between USD 5 million and USD 10 million for a 20 000-tonne capacity elevator. It later fell to USD 60-80 per tonne as evidence of a bumper crop became clearer.",2,3,0,1.0
10.18356/e4317cd1-en,bf5e7870053b764d24e96c5ac6a32401,"It is important therefore that countries and specialized regional agencies put efforts to standardize data processes so as to align with internationally accepted norms and standards. Water availability is usually measured as the level of renewable water resources per capita, which is the standard indicator used to express the level of water scarcity (see chapter III). For contrasting figures, see FAOSTAT database, available from http://faostat3.fao.org/home/E (accessed 30 March 2015).",2,8,1,0.7777777777777778
10.1787/5jxrclljnbxq-en,2eace2f92c521841e70a49e945afdc04,"A few more estimates are available for developing countries. The cost estimates presented in Table 3 are relatively high in comparison to most of the estimates in the literature. Furthermore, making a direct comparison between these different estimates is difficult because the effectiveness of measures varies across the studies. Although it is impossible to compare these estimates due to different approaches, and to different regional aggregations, and because the low number of available studies does not allow for thorough analysis, some general observations can be made. One observation is that adaption costs will be high.",2,4,0,1.0
10.1787/5jxsr7tt3qf4-en,859aafe005e84739ebaaa5c1a4533fbd,"First, fertilisers represent one of the main inputs into crop production. Augmented by higher energy prices in the second half of the past decade, the cost of fertilisers represents a significant share in agricultural production costs around the world. Several emerging economies have identified greater use of commercial fertilisers as an important means to improving their domestic agricultural production base and increasing farmers’ incomes.",2,0,4,1.0
10.1787/agr/pol-2014-4-en,951e6ab5b89e7d7608cd0e328990577d,"However, the CAP 2014-20 offers more flexibility to member states to re-introduce commodity-specific and output-linked measures. A better alternative would be for member states to focus support on measures to improve the long-term productivity, profitability, sustainability and competitiveness of the sector. The ""Plan to Create Vitality for Agricultural, Forestry and Fishery Industries and Local Communities” aims at revitalising the agricultural sector in view of significant drops in output and farming incomes over the past two decades.",2,0,10,1.0
10.18356/127a6106-en,19abab98ebd32819af92ac9daf2862f4,"Population growth will increase the demand for food, which will, in turn, exert pressure on the agriculture sector to increase productivity. This situation will be further exacerbated by changing consumption and dietary patterns with increasing preference for quality, food safety and convenience foods. Asian countries will experience increasing urbanization and rising middle-class incomes, which will have a huge impact on the region's future food consumption patterns.",2,0,5,1.0
10.1787/9789264233911-3-en,9d37d967b7910e44965e0a4d84882420,"Proceedings of an OECD Workshop. Effects of productivity shocks and export restrictions on welfare and food supply in Japan”, Food Policy, Vol. The Political Economy of International Trade Law. Essays in Honor of Robert E. Hudec, Cambridge University Press, Cambridge. Paper prepared for the conference on “Challenges Facing the World Trade System” organized by J. Bhagwati, P. Krishna and A. Panagariya, Columbia University, New York, and Johns Hopkins University (SAIS), 29 September - 2 October, Washington DC.",2,1,8,0.7777777777777778
10.1787/5jz44w9ltszt-en,265421d7f55b983e1b9ed2f94742235e,"A report by the High Level Panel of Experts on Food Security and Nutrition of the Committee on World Food Security, Rome 2012. Economic Policy Research Institute, Commissioned for DFID. A report by the High Level Panel of Experts on Food Security and Nutrition of the Committee on World Food Security, Rome 2012.",2,0,3,1.0
10.18356/127a6106-en,ca764ea8a23a6b2ea51bdbd8254d1053,"Strategic suggestions were made by leading experts, the details of which are presented in Chapter 14 Conclusion: Way Forward. A detailed analysis of each country's results is illustrated in Part II. They have an important role to play in sustainable agriculture due to their agility and adaptability to low-input systems, climate resilience and high nutritional values. Several of these FSF are fruits, cereals, pulses, roots and tubers, and vegetables.",2,0,9,1.0
10.1787/agr/outlook-2014-5-en,c7b6417e09ad0eaa9d56f92d0d9e9916,"Meat tariffs are 31%, while those for dairy products are 36%. Applied tariffs on a number of commodities were lowered during the prices spikes after 2008. The impacts of these bans are evident in the charts of Box 2.2. They indicate a calibrated trade policy designed to stabilise prices in domestic Indian markets. In addition to these, some nontariff barriers also exist, such as sanitary and phyto-sanitary measures which may affect India’s trade.",2,0,3,1.0
10.1787/agr/pol-2014-4-en,b2aeae3f44b839ae348a5564194afe20,"This package, while covering a much smaller range of issues than the original Doha agenda, has given renewed impetus to negotiations on the remaining Doha issues, among them Non-Agricultural Market Access (NAMA), agriculture and services. In addition, Ministers have instructed the TVade Negotiations Committee “to prepare within the next 12 months, a clearly defined work programme on the remaining Doha Agenda issues.” Other decisions, notably on trade facilitation could impact significantly on trade in food and agricultural products. This decision, part of the original proposal put forward by the G33 group of countries, attracted wide support from developed and developing countries. Outcome of the Bali WTO ministerial (cont.) This issue proved to be one of the most intractable with countries across the full spectrum of development struggling to define modalities which would allow the policy space sought by some countries while ensuring that the pre-existing provisions of Annex 2 of the URAA would not be diluted in a way that would render them totally ineffective, or otherwise distort trade or impinge negatively on the food security of other countries.",2,1,8,0.7777777777777778
10.18356/cac71849-en,6ba52251a94068c67827c39c94b8e843,"However, changing land distribution practices, securing property rights and creating incentives that benefit small farm holders often require the formation of political coalitions that might challenge the status quo. In other instances, the scaling up of innovative practices—inter alia, for rice intensification, for farmers’ training and in the case of India, for the watershed initiative mentioned above—was possible through the endorsement by international organizations, national non-governmental organizations and local governments of new practices in support of dissemination of knowledge, greater participation by and capacity development of farmers, building of missing infrastructure and improving access to credit, information and other supportive services. Women in rural areas face major labour constraints as a result of their multiple responsibilities: besides providing traditional family care, rural women are typically responsible for fetching water and firewood, tending animals and farming the house garden and often engage in wage employment.",2,0,3,1.0
10.1787/9789264191761-en,3ebfb7dac79e78781de084541186e86a,"Some producers may store grain to sell at a later date, probably with a better price, but small farmers usually cannot afford their own storage and drying facilities. From the farm, wheat may be delivered to grain elevators for drying, cleaning and storing, or to mills. An increase in flour exports during the 2000s resulted in the milling industry gaining in importance as a buyer of domestic wheat.",2,0,3,1.0
10.1787/9789264179011-7-en,adb35fd181300ca68791c47a35cc5502,Through this investment the production capacity of the industry will increase from 8 million tonnes to 10.4 million tonnes of Urea and from 1.37 million tonnes to 3 million tonnes of NPK. Organic standards were introduced in 2003. The goal for 2010 is the development of the framework for organic certification and accreditation.,2,3,0,1.0
10.18356/f85273a2-en,9912a670d7b09eb39a0aea251c6f3946,"Instead, a much more radical, systemic, and integrated policy approach is needed to promote sustainable food production at both national and international levels. The policy challenge is how to move beyond the recognition of a multiplicity of innovative experiences, toward the design of policies to expand, transfer, adapt and/or disseminate the plethora of existing technological approaches so as to reduce poverty, hunger, and environmental destruction. Moreover, active participation by various actors including governments, nongovernmental organizations, and multilateral organizations can be critical not only to scaling up innovations but also to disseminating knowledge, building capacity among farmers, fostering trust, and reducing the risks associated with new technology and agricultural practices.",2,0,3,1.0
10.1787/5kmd6b5rl5kd-en,ed74aa946b774a65c6d9e0feeaa049a0,"This section simulates the impacts of this cereal price intervention policy on farmers represented in the simulation model. Since the representative farm in the UK produces wheat, barley and oilseed, the simulations set the same level of intervention price for wheat and barley. The price intervention reduces the price risk of cereals and increases their expected returns, and thus has an impact on the farmer’s crop diversification strategy.",2,0,3,1.0
10.1787/5js65xn790nv-en,f824e932b7acb7581c212698ac4e1203,"The balance of such trade-offs, and the options for managing them, are assessed in this paper. Those options include alternative non-trade policies, such as social protection and help with risk management, but arguably the need to defer trade reforms or retain the option to deploy trade policy instruments under specific circumstances. Section 2 examines the links between trade and food availability, while Section 3 considers the links between trade and food access. The two issues are closely linked, because while food may simply be unavailable, a lack of availability is more commonly resolved through higher prices - making the issue one of access for those who cannot afford food.",2,0,4,1.0
10.18356/9206b37d-en,af4f4fa9b3bc584a3d7efa2ab4b40ff9,"These estimates translate into roughly 605 million, 260 million and 688 million children under age 15, respectively. The relationship between food insecurity and poverty, and well-being varies by region, demonstrating that definitions of food insecurity depend on regional context, and encompass more than monetary poverty alone. Finally, correlations of food insecurity and income per capita between 2006 and 2015, show that some regions were harder hit by the shocks in food prices and the Great Recession than others. In addition, further research on how food insecurity differs between children and adults will be important for future efforts to address and reduce child hunger.",2,0,9,1.0
10.1787/9789264187443-7-en,493ea7cbe42544b6111837824fa2711b,"F. (1996), “L'urbanisation du monde”, Anthropos, Coll. Ascher, F. (1995), “Metapolis, ou I'avenir des villes”, Paris. F. Gubert, O. Koriko, M. Kuepie and E. OuEdraogo (2002 -03), “Le secteur informel: performances, insertion, perspectives"", enquSte 1 -2-3, phase 2, Mimeo Available at: www.insee.fr/fr/insee-statistique-publique/connaitre/stateco/stateco99/stec99e.pdf Charmes.",2,8,1,0.7777777777777778
10.18356/127a6106-en,625d17efdf98c1121eaa2757a5461639,"Moreover, agricultural diversification also gives farmers a better chance to cope with the effects of climate change. Further still, dietary diversification is a cost-effective, affordable and sustainable means of strengthening local food systems and reducing hunger and malnutrition. Recognizing the complex range of factors that contribute to hunger and malnutrition, recent reviews highlight the need to focus on multi-sectoral approaches to ensure that agricultural production utilizes the potential of crops with better nutritional qualities for improved and diversified diets.",2,0,9,1.0
10.1787/5jxsr7tt3qf4-en,695273c4ba33d4dc9812127c1673326c,"Biofuel support policies generate additional demand for feedstocks, which translates into higher incomes for crop farmers - both in subsidizing and to a lesser degree in other countries - but higher costs for downstream industries, including livestock farmers, and consumers. Fertiliser policies reduce crop production costs, increase yields and result in expanded production, resulting in higher incomes for crop farmers in subsidizing countries but lowering incomes for crop farmers abroad. In contrast, livestock prices are affected only moderately: generally higher feed costs resulting from biofuel support policies raise livestock prices slightly. Fertiliser subsidies, where they are applied, tend to lower feed costs and hence reduce livestock prices. With the exception of the effects of large fertiliser support in India, changes to livestock prices remain below 1%. By reducing crop production costs in countries that apply fertiliser subsidies, they disadvantage crop farmers in other countries.",2,0,4,1.0
10.1787/agr/outlook-2014-4-en,4def9986ed3fb162ef139892546851b6,"This is largely because i) meat and dairy product demand is more elastic than demand for crop products, leading to greater impacts from income and domestic price variations, and ii) macroeconomic uncertainty has an impact on feed costs, which are directly linked to production. For meat, uncertainty from macroeconomic variables affects traded volumes much more than yield uncertainty, particularly in the case of pork (Figure 1.18). Accordingly, the effect of yield uncertainty on world market prices is very low compared to macroeconomic uncertainty.",2,0,3,1.0
10.1787/9789264179011-7-en,c8dea6fe4320227bccaeededa32f1aa2,"Tariffs on products on the Sensitive list will first reduced to 20% by 2012 followed by subsequent reductions to the 0-5% tariff band by 2018. For Highly Sensitive products, tariffs have to be reduced to no more than 50% by 2015. The Indonesian government has included 400 products on its sensitive and highly sensitive lists. The “highly sensitive list” includes rice, sugar, soybeans and maize, along with motor vehicles, motorcycles, ethyl alcohol and ceramics.",2,0,3,1.0
10.18356/127a6106-en,d98a2017ebe1962e858678e4443f4672,"In the four focus countries under RI-ZHC, the government played a pivotal role in organizing and facilitating the preparation of the country study on NUS at the national level, coordinated by the National Focal Point of the Zero Hunger Challenge, including the nomination of a competent national institution and expertise to undertake and finalize the country study on NUS. Nominated international experts were grouped by discipline to offer technical assistance to support the country on prioritization through interdisciplinary reviews. From an agricultural production and ecological perspective, the FAO Special Ambassador in the International Year of Pulses 2016, ICARDA, International Crops Research Institute for the Semi-Arid Tropics (ICRISAT), Bioversity International (Bl), the University of Western Australia (UWA), and the Chinese Academy of Tropical Agricultural Sciences-Tropical Crops Genetic Resources Institute (CATAS-TCGRI) joined as partners to support the international review on agricultural traits and climate-resilience of NUS. From a socioeconomic perspective, the International Centre for Integrated Mountain Development (ICIMOD), Crops for the Future (CFF), and the International Tropical Fruits Network (TFNet) served as partners to support the international review.",2,0,9,1.0
10.1787/9789264187443-7-en,855a2368c82c0fccdb7bba89fff0a0f8,"This must become a priority for those responsible for regional policies, whose actions are currently informed by partially false or incomplete assessments due to a lack of reliable and homogeneous figures. The following paragraphs set out the modelling proposed for estimating the agricultural population in urban areas and then for the same population in a rural environment. This particular stratum of urban and peri-urban farmers plays a vital role in structural transformations in the agricultural sector, because of the environment in which they live and carry out their activities (e.g., market gardening, horticulture, poultry farming, fishing). Settlement dynamics also require developing new and simple indicators to monitor these changes.",2,0,4,1.0
10.1787/5kgj0d3vzcth-en,9e70ae4e762871a19cd12527caf607e4,"The strategies of exchange rate hedging differ by sector and depend on the marketing profiles and the types of currencies these activities are exposed to (Box 8). Basis risk occurs due to a mismatch between the changes in spot prices and futures prices. They hedge week to week to forward-sold positions, with a minimum of long term contracts.",2,3,0,1.0
10.1787/5jrs8sv4jt6k-en,f8c5ee200647dd1aa73041663e5373eb,"Fertiliser subsidies remain by far the most important programme through which the government provides budgetary support to agriculture. This subsidy is received indirectly by farmers as is channelled through fertiliser companies. These companies are responsible for lowering the price of their final product, which in turn benefits farmers (OECD, 2013b). To ensure the success of the programme, beneficiaries also receive technical guidance from a local agriculture extension officer. The giant is based on a proposal prepared by groups of farmers. The Indonesian government, through the Raskin Programme, buys a given percentage of the total output of rice produced by small-scale farmers.",2,1,8,0.7777777777777778
10.1787/9789264235151-6-en,829503b47ce0fbc9f1208cb6094ded9b,"Market Price Support is net of producer levies and Excess Feed Cost. Market Price Support is net of producer levies and Excess Feed Cost. The composition of support is important because how support is provided determines its impact on the agricultural sector and the distribution of benefits to society as a whole. For example, market price support can have a large effect on production and trade, but it imposes additional and regressive costs on domestic consumers, is not effective in improving farm income and can have negative effects on the environment. On the other hand, income support not based on current commodity production is much more effective at improving farm income with less spill-over effects. Policies that directly target non-commodity criteria such as landscape elements, environmental performance or traditional breeds of animals are also typically more effective at reaching these societal objectives.",2,0,3,1.0
10.1787/agr/pol-2011-7-en,e4384018bf74185c4c999ea48220c9d3,"Next to these market fundamentals there are other factors that may contribute to price volatility. For more information see Chapter 2 Special Feature: What is driving price volatility? While weather shocks, pests or other natural calamities and limited access to technologies play an important role, those factors are exacerbated by often poorly functioning markets that could smooth out local production shortfalls. Poor infrastructure, high transport costs, absence of credit or insurance markets may compound the initial difficulty. For exporting countries heavily dependent on agricultural commodities, exceptionally low prices will have immediate balance of payments impacts, but beyond that, uncertainty may curtail investment and affect capacity utilization.",2,0,3,1.0
10.1787/9789264233874-4-en,5a7a996abd7d59db31ced4b63b740244,"Other similar indicators can be developed focused on a minimum intake of different nutrients (e.g. proteins) rather than energy (see NutVal.net, an initiative from the World Food Programme WFP and the UN Refugee Agency UNHCR). The cost of the dietary energy needs — the food poverty line — is estimated based on the assumption of the energy requirement for a healthy life of a representative individual in a given population (usually 2 100 calories per capita per day) and the cost of a food basket required to meet that energy requirement, taking into account the need for a properly balanced diet and the food habits of a given population. The share of the population whose expenditures (or income) fall under the food poverty line is considered food poor. This indicator captures the access dimension of food insecurity.",2,0,4,1.0
10.18356/78349259-en,0a49e9b11ba5346f14d3731ca0cbbd7c,"They should also form the basis for food security early warning mechanisms, including better weather forecasting and timely notifications of impending disasters. This might include member states, academic and civil society institutions, farmers’ and women’s associations, the mass media, and bilateral and multilateral agencies.",2,1,8,0.7777777777777778
10.18356/d8cfcf9c-en,876c0b4f0ec17fd5c34ac40f38495498,"Food security exists when all people, at all times, have physical and economic access to sufficient, safe and nutritious food to meet their dietary needs and food preferences for an active and healthy life” (World Food Summit, 1996). According to the Food and Agriculture Organization of the United Nations (FAO), this definition covers four dimensions of food security: physical availability of food, economic and physical access to food, meeting nutritional requirements, and stability of these three aspects over time (Stamoulis and Zezza, 2003). These four dimensions are directly or indirectly influenced by the level of agricultural productivity.",2,0,9,1.0
10.18356/63fef40d-en,1374ebc0249b4807f191fb4822b77638,"Frequent removal of slurry from livestock housing has thus been suggested as a way of reducing methane emissions (Sommer et al., Anaerobic digestion of manure has large potential for reducing emissions and substituting fossil fuel with renewable methane, which can be used in heating and power generation and as a vehicle fuel. However, the unknown levels of methane leakage from digesters and gas storage raises doubts about the actual mitigation effect of this technology. All options for the reduction of methane emissions need to take into consideration the entire production system, to avoid leakage from one compartment to the next and increases in nitrous oxide emissions.",2,3,0,1.0
10.1787/5js1j18znzs4-en,8ee014924597576005c7b6c60e74a0af,"Community type” where a group of farmer households pool their rights and undertake unified planning, production, operation and management of the land. Collective leasing type"" where farmers entrust the operation rights to a collective cooperative which then may re-organise the land before issuing it for public lease. Joint operating type"" where farmers transfer shares to a rural land joint-stock company, which is often a larger agricultural enterprise with modern technologies and skills. Farmers retain a share of the profits derived from the land. The first such trust was CITIC Trust Co., Ltd which was established in 2013 in Yongqiao district, Suzhou, Anhui province. As part of this arrangement, in return for their operation rights, farmers receive rent and a share of the net profits of the trust (dependent on the area of land they initially contributed).",2,0,9,1.0
10.1787/9789264247826-5-en,34748f679566912a0f7f85b4f3f55930,"Risks are also faced by consumers, generally in the form of unexpected fluctuations in food availability or volatile food prices and, as real threats, are largely limited to developing countries and poor households. Others, such as the occurrence of trans-boundary livestock diseases or the spreading of pests to other countries, could become more important as international trade in agricultural products increases. On the other hand, a well-functioning international trading system is capable of acting as a buffer against regional shocks, and hence of reducing the exposure of farmers and consumers within the affected region.",2,1,8,0.7777777777777778
10.18356/0e3c4bbb-en,67fdb96bbcca42312ea7a763131f6545,"Obese people earn 18 per cent less than people who are not obese (Organization for Economic Cooperation and Development, 2012a). Therefore, the first concern will be increasing agricultural productivity, in particular in countries where the prevalence of hunger is higher and where large productivity gaps still exist. The main challenge, however, is to increase food production while minimizing the environmental impact and increasing natural resource use efficiency.",2,0,9,1.0
10.1787/9789264191761-en,3b312a52c232cbb45f02397b8c9a1ecc,"Les menages sont presents sur les marches essentiellement pour vendre le surplus de leur consommation personnelle, et ils sont moins influences par les signaux du marche que les producteurs commerciaux. Ce schema cadre avec celui que l’on observe plus generalement dans les economies emergentes. Les plus fortes hausses concernent le financement des services d’inspection (systemes phytosanitaire et veterinaire). Le financement de la recherche-developpement a egalement augmente, en particulier a la fin des annees 2000. Fluctuantes, les depenses d’infrastructures ont culmine entre 2001 et 2003, sous l’effet de grands chantiers d’amelioration des reseaux d’irrigation et de drainage.",2,3,0,1.0
10.18356/0e3c4bbb-en,13b4652d1189820fcc60026bb12b88a9,"In Guatemala, a study showed that children who had received nutritional supplements before reaching the age of 3 earned hourly wages as adults that were 46 per cent higher (Food and Agriculture Organization of the United Nations, 2012b). The international community can provide assistance to developing countries in designing such plans in a cost-effective time-bound manner so as to realize the right to food, as well as stimulate rural development, agricultural production and poverty alleviation. Support should also be offered to help integrate the social protection floor plan within the national agricultural strategies.",2,0,9,1.0
10.18356/7d5576e0-en,86a445684a3dffe84490eeae6418cca3,"Only then will the promise of a regional market provide a sufficiently realistic incentive for originator companies to agree to make their products available at prices affordable in the region. It will also be important for the countries of the region to agree upon the choice of local producer(s) of any given drug. Depending on its patent status in the exporting country, the foreign generic producer may manufacture the drug under a compulsory license and export it under the draft Article 31 bis, TRIPS Agreement system.",3,0,3,1.0
10.1787/9789264270985-7-en,08751d4698e04da8c71710f22cae79c4,"Preventive interventions also cover individuals at specific risk and those who have either no symptoms of the disease or early signs and symptoms, where early case detection will assist in reducing the potential damage by enabling a more successful intervention. Take the examples of breast and prostate cancer, where age and sex affect the risk, certain lifestyle choices increase the risks, as smoking does for lung cancer. When the symptoms correspond to an acute condition, a remission or cure (HC.l) is sought and expected. Many conditions cannot, however, be completely cured and lead to chronic conditions with some degree of functional decline. Treatment then involves recurring contacts for control as well as the patient’s personal involvement in monitoring and controlling symptoms and treatment.11 Curative care is the most frequent reason why people initially contact the health system. However, based on the specific needs of each consumer the services received typically include a basket of components that mixes preventive and rehabilitative as well as curative care.",3,0,7,1.0
10.1787/9789264283367-en,648a2bfeef180dd785472042a94c90ca,"Following the introduction of reference pricing, if a patient chooses a product whose retail price exceeds the reference price, he/she needs to pay the share above the reference price. Due to shortages and long waiting times in some municipalities, primary care providers do not always function as gatekeepers and patients sometime seek specialist and emergency care directly, even if these visits may often be unnecessary. This is partly related to the fact that accountability is assigned separately to providers delivering primary care, specialist care and long-term care, and funding mechanisms with multiple sources do not embed adequate incentives to strengthen care coordination among providers. Finland invested substantially in eHealth.",3,0,9,1.0
10.1787/5jxx71lt1zg6-en,a391096b9897d743e7036f4e660354cb,"Figure 2 shows the trends in health care expenditure growth during three different recessionary phases. In each of the phases, the health expenditure was set equal to one at the point in time just prior to the start of the recession (peak year). Expenditure growth during the recession of mid-70s showed little sign of abating after the start of the recession.",3,0,3,1.0
10.1787/9789264233836-4-en,f913539b0cd1a000c12a0d552f2a9894,"These enable the payer to specify the outcomes it wishes a care provider to deliver, while allowing the care provider flexibility in how services are designed to deliver those outcomes. Australia is already experimenting with advance payments for bundles of care for patients with complex needs in its Diabetes Care Project. The trial’s evaluation should inform future policy. This will oblige both levels of government and their respective policy makers to try to develop a more meaningful assessment of the needs of these communities and tailor their ways of paying them to suit the maintenance of needed services.",3,1,8,0.7777777777777778
10.1787/9789264267787-en,77ab0820dc1715b561606896d5b10369,"Beyond the QOF, the country' collects several patient experience measures with general practice. About 2.4 million patients registered with a GP practice are surveyed twice a year around access, making appointments, quality of care, satisfaction with opening hours and experience with out-of-hours National Health Service (NHS) services. England has other rich data sources on the quality of mental health care, prevention measures, or around the use of hospital care by GPs, all of which are published at the GP practice level (OECD, 2016a). Denmark and Israel also took steps to better measure quality and outcomes in primary care, although recent events in Denmark illustrate that unexpected obstacles can derail progress in this area (see Case Study 1).",3,1,7,0.75
10.1787/5k912j389bf0-en,3f444d747e715ec22e919d18c3c68876,"Increasing Longevity and Medicare Expenditures. Demography 38: 215-226. Mid-long Term Trends for The Pension, Health and Long-term Care Systems. The Future Needfor Care: Results of the LEV Project. Stockholm: Government Offices of Sweden. Population Aeging and the Determinants of Healthcare Expenditures: The Case of Hospital, Medical and Pharmaceutical Care in British Columbia, 1996 to 2006.",3,0,3,1.0
10.1787/9789264283268-en,16b0cecb08a54f0e474f830b2d69f0c9,"Yet recent years witnessed an increase in the activity of non-contracted physicians providing ambulatory care along with their steadily rising numbers. As the fees of non-contracted GPs and specialists are largely unregulated and only partly covered by social health insurance (see Section 4), access to ambulatory care is increasingly based on ability to pay rather than medical need. This may also contribute to disparities between Lander as well as between urban and rural areas.",3,0,4,1.0
10.1787/eco/surveys-fin-2012-5-en,d1367b3c88f29a6bc4359fe0c1bda9e1,"Responsibility for secondary care has been transferred from counties to five regions, with populations ranging from 600 000 to 1.5 million. Some responsibilities concerning health promotion, prevention and rehabilitation are transferred from counties to municipalities, which have to sign co-ordination agreements with regions to specify the division of tasks and information channels. The National Board of Health has provided obligatory guidelines for hospital planning.",3,0,4,1.0
10.1787/5jrqcn5fpv0v-en,9dfb59bf3faf8c5d282bcd99403236a3,"Obesity and smoking clearly impair employment prospects, wages and labour productivity. Cardiovascular diseases and diabetes have negative impacts on employment prospects and wages, and diabetes, cancer and arthritis lower labour productivity. Alcohol use, cancer, high blood pressure and arthritis have mixed effects on employment and wages, and are not always linked with increased sickness absence (e.g. cardiovascular diseases and high blood pressure).",3,1,6,0.7142857142857143
10.6027/9789289329583-8-en,91eea8ecc561bab191211520cded1e1f,"One influential model of disease management is the Chronic Care Model (CCM) developed in the US by Wagner, Austin et al. ( A systematic review evaluated the impact of disease management programmes that contained two or more of those CCM components for diabetes, depression, heart failure and COPD (de Bruin et al., It found that, of the studies that reported changes in healthcare costs, 13 out of 21 showed a decrease in overall costs. The overall costs varied between -USD 16 996 (a system cost saving) and USD 3 305 (an increase in the system cost) per patient per year (in 2007 prices).",3,0,9,1.0
10.18356/7d5576e0-en,b5bcea684b1c2dbfee0395b9f7f7c625,"The preamble admits the existence of prior art, on which the actual invention in the claims body is based in the form of an improvement of the prior art. For patent examiners this represents an easy way of identifying those elements of the claim that are new and inventive. Box 1, and case T128/82, OJ EPO 1984, p. 164, as cited by South Centre Guide, p. 140, see also R. J. Young, “The construction of product-by-process claims”, in The construction of product-by-process claims, 11th European Patent Judges’ Symposium, Copenhagen, Official Journal of the EPO 2003, Special Edition, No.",3,4,0,1.0
10.1787/9789264270985-7-en,dd1097d6adb52db8a83227360160f50d,"However, in the SNA ancillary refers to basic, routine services to support production activities that are required by all enterprises. When they are provided in-house, they are called ancillary activities, e.g. cleaning premises, running the staff payroll or providing the information technology infrastructure for the enterprise, etc. Health care classes involve final consumption and include all cost components, e.g. e-medicine is expected to be included in the resources accounted for. E-medicine is the use, in the health system, of digital data - transmitted, stored and retrieved electronically - in support of health care, both at the local site and at a distance.",3,0,9,1.0
10.1787/9789264208445-6-en,14dd9157765bfc497938d229c3f22586,"Where available, outcome data show that all ATAPS services are producing significant clinical improvement for consumers. Update on the achievements of Tier 1 and Tier 2 ATAPS”, Centre for Health Policy, Programs and Economics, available at iuiuio.ataps-mds.com, accessed 4 September 2013. Evidence from Australia, for example, suggests that 64% of people experience their first episode of mental illness before turning 21, and 25% before the age of 12.",3,1,8,0.7777777777777778
10.1787/9789264283343-en,aa2116744d4f8b94958fc2ac387ae4a2,"These were strengthened as part of the reforms of 2007 through the creation of centrally standardised agreements covering care coordination, prevention and rehabilitation. These agreements are managed continuously by regional consultative committees comprising representation from the regions and municipalities as well as private health care practitioners, and are ratified by the National Health Board. These standards comprise three categories: organisational (quality, risk management, hygiene and human capital), care coordination (patient involvement, referrals and medication safety), and disease-specific standards (guidelines and protocols).",3,0,9,1.0
10.18356/08756197-en,6f914fdf4f0f92fa2afe4bd63ffe2452,"There is a lack of legislation and control of the authorities in several environmental health domains, for example, safe use of chemicals, waste management, industrial emissions, occupational health, and outdoor and indoor air quality. The TAIEX report (2013) also underlines these points. The Law was amended in 2012 by way of harmonization with EU rules.",3,0,3,1.0
10.18356/85946e24-en,9674978380219fadc2728b6ee48c6ec3,"Longitudinal cohort analyses based on the INDEPTH network of demographic and health surveillance sites (www.indepth-network.org) show an association between socio-economic status and under-five mortality (Mwageni and others, 2011), but this association does not hold when other factors are taken into consideration (Debpuur and others, 2011). The country data are from the most recent DHS surveys conducted in 2005-2013 and are weighted by the 2005 population size of each ofthe 50 countries in a multivariate regression. Figure 9 presents the measured effect of household wealth on child mortality (ages 0-4 years or 0-59 months) for the three regions included in the analysis. The net relative risk of dying before reaching the fifth birthday for a child born in Africa from the richest household is 89 per cent that for a child from the poorest household in the region. In contrast, the net relative risk of dying of a child born in Asia from the richest household is only 52 per cent that for a child from the poorest household.",3,0,6,1.0
10.1787/5jrxr7qx6ctb-en,0252558166c27021265f2e45ecbe8502,"The focus of this group was on people suffering from mental health disorders with substance abuse comorbidity (while dementia, intellectual disability and substance abuse alone were excluded from the scope of the analysis). With 90 million euros of funding, the commission was given three years to “initiate and support project development at all levels (medical treatment, service improvement, housing projects, legislative and organisational improvements) and to propose measures needed in order to permanently raise the standard of mental health services.” Special attention was paid to improving the coordination between mental health and social services.",3,0,9,1.0
10.1787/9789264168091-7-en,185c1b18ce0879f46cdf23c516faf650,"For example a number of regions still reimburse providers on the basis of a fee-per-outpatient (polyclinic) visit or pay by bed day in the hospital sector, thereby encouraging over-use of the system and reducing incentives to enhance prevention (Figures 1.8 and 1.9). Private insurers will act as purchasers of health care services for their insurees and competition among providers will be largely based on quality. Money will follow the patient and payment of providers will be fixed nationally, leaving the regional funds the possibility of providing supplements.28 Under the new arrangements, consumers will have free choice of insurer, doctor or care institution (e.g. polyclinic or hospital). Nonetheless, Tompson (2007) and Smith (2008) argue that introducing and sustaining competition in health care markets is a particularly daunting task and existing experiments in OECD countries do not appear conclusive.",3,1,8,0.7777777777777778
10.1787/9789264289062-4-en,f977995f4489b08549941da11589e4f4,"Maternal mortality plunged from around 90 deaths per 100 000 live births in 1990 to around 13 deaths in 2015, while infant mortality declined from 45 deaths per 1 000 live births to 9 deaths over the same period. However, as with other indicators, national level data on infant and maternal mortality belie marked regional disparities. In some regions of the country maternal mortality has actually been increasing over the past ten years, by nearly 40% since 2005 in the Akmola and Karaganda regions, and in Kyzylorda region by more than 30% between 2010 and 20152. However after several waves of reforms most regulatory and financing functions have again been centralised.",3,1,8,0.7777777777777778
10.1787/9789264208469-8-en,b639eb1c6074b0590f8fb3893b6da14a,"For example through the adoption of the ACT model for outreach and outpatient care, and through assisted living facilities. Furthermore, Norway has establishment some “user controlled” inpatient beds, whereby the user can informally admit themselves for a period in a time of crisis until they become stabilised, a move that is seen as a significant step towards user empowerment and reduction in unnecessary inpatient stays. However, more children and young people were receiving care in 2008 than in 1998, with a 4.8% increase in children and young people receiving care, which can be very positively set against the 2% to 5% expected by the Escalation Plan (Pedersen, 2009). Although in recent years Norway has seen an increase in alcohol consumption (OECD, 2013b), Norwegian alcohol consumption remains low compared to most other OECD countries.",3,1,8,0.7777777777777778
10.1787/5jz159228n6j-en,9b0810e3b9a6cdb6d65ae910092e4a0e,"If general taxation does not play a more important role, social insurance contributions will have to be increased, with the attendant large distortionary effects and lower “official” employment rates. The Indonesian health care system is still underdeveloped. As a per cent of GDP public health spending, at 1%, is among the lowest in the world.",3,0,9,1.0
10.1787/9789264289062-4-en,0033a165843817c6af43ae9e802dd189,"In the last decade, and particularly since 2010, the number of discharges per capita has tended to decrease, and is now in line with the OECD average mentioned previously. For example, rural dwellers represent 43% of the population but only 32% of hospital attendances. In the absence of additional information, it not possible to determine whether or not this difference signals disparities in access for rural populations, and if so, whether the drivers are geographic, cultural or infrastructural. No data appear to be collected on access to care from the patient perspective, which would aid in understanding the nature of (and remedies for) barriers to access. Overall, it is not possible to determine with the available data whether patient income or socio-economic characteristics play a role in reaching the hospital gates or being admitted. Uneven access probably also stems from the inability of facilities across regions to provide the same services.",3,0,9,1.0
10.1787/eco/surveys-fin-2012-5-en,044d899ae31a629499a1955e204ae95a,"Studies using occupational class or education level instead of income as socio-economic indicator find qualitatively similar results, though differences in life expectancy are significantly smaller (Palosuo et al., The TEROKA project aims to develop a knowledge base and tools to promote the attainment of the objective of the Health 2015 public health programme for reducing health inequalities. An analysis of the recent hospital reform in Norway”, in: Andresen and Gronlie (eds.), “",3,0,9,1.0
10.1787/9789264225817-4-en,d3471e51c560e0a4b90909c74d2e799c,"There are strong arguments to strengthen the quality information infrastructure around hospitals and to develop new policy orientations to drive improvement in hospital outcome of care. Plan to specialise and more clearly differentiate the function of hospital beds is an essential step to ensure an appropriate use of hospital resources and improve both the outcomes and efficiency of care. Based on some OECD indicators related to five-year survival estimate for cancer, Japan appears to be performing well.",3,0,3,1.0
10.1787/9789264225817-4-en,2eff3018549c308229b43777daf99f07,"These facilities can deliver pharmacological treatments, and some talking therapies such as counselling depending on capacity and can refer people to specialised mental health providers. Family doctors and other physicians performing a primary care “function” in Japan can provide care to patients with mild and moderate mental disorders, and can prescribe a fairly standard range of pharmaceuticals for mental health care. However, in reality, unlike in other OECD countries generalists or primary care physicians (except for those specialised in psychiatry) do not play the central role in the provision of care for mild-to-moderate disorders.",3,0,9,1.0
10.1787/9789264208445-6-en,9da2dc31f4d272293f6a2995e5b8ce12,"As part of the Improving Access to Psychological Therapies (IAPT) and following a small trial and series of cohort studies that assessed the programme efficacy, a computer-based CBT programme, “Beating the Blues” has been progressively rolled-out across primary care practices in the United Kingdom. Prescribed by a GP, the patient then completes eight weeks of Beating the Blues sessions at home, while the GP who enrolled the patient receives progress updates and risk alerts. The programme has been found to bring reliable and clinically significant treatment effects when used in routine care, and benefits are similar to the routine delivery of face-to-face CBT care, and was recommended by NICE (Cavanagh, 2006, NICE, 2008) as a useful low-intensity tool as part of a stepped-care framework.",3,1,8,0.7777777777777778
10.18356/5ad16036-en,5cdad844adf61855954c7c26f4540d97,"In 2011, the number of infant deaths estimated in the region was 2.36 million, which represents about 46 per cent of the total number of infant deaths worldwide. As mortality among older children has declined, neonatal mortality has increased as a proportion of all under-5 deaths. In terms of neonatal mortality, six countries have rates above 25 deaths per 1,000 live births, namely Afghanistan (36.2), Pakistan (35.6), India (32.3), Myanmar (29.9), Nepal (27.0) and Bangladesh (26.4).",3,0,3,1.0
10.18356/1c11fde8-en,2fd9dfb30f010723c7d6b7a77aa67c62,"In order to prevent the abuse of substances not under international control, Turkey placed 246 new psychoactive substances under national control in 2014. In addition, article 19 of the national law on the control of drugs was supplemented with provisions on generic scheduling in January 2015. The Government of Israel has taken legislative measures to curb the growing market for new psychoactive substances and their popularity among the youth in particular. In 2014, new synthetic cannabinoids and their derivatives were listed as narcotic drugs in the national legislation.",3,0,3,1.0
10.1787/9789264281653-6-en,0b993ab7ef65754f98f67f620396d7be,"An earlier survey (Encuesta de Satisfaction al Usuario 2012-2013) found that users ranked hospital and outpatient care as “satisfactory.” Issues of geographical distribution as well as number and speciality of physicians have been persistent challenges in Costa Rica, and despite several work force planning initiatives, ensuring adequate supply of workforce remains challenging. However, the incentive has been insufficient to attract doctors to more distant localities, and is particularly problematic for specialists such as anaesthesiologists and ophthalmologists.",3,1,7,0.75
10.1787/eco/surveys-fin-2012-5-en,1d29cd703c541b3320999c15bbb0753f,"Substitution of occupational care (which is partly financed by employers) or private care (with large co-payments) for public care reduces costs for municipalities. User choice, which has so far been very limited in the public system, is thereby expanded at a limited cost for public finances. However, the system produces incentives for cost-shifting between activities financed through different channels, which lead to sub-optimal decisions regarding the provision of care and large inequalities in access between socio-economic groups with different coverage and financial resources, and regions with varying health care supply.",3,0,9,1.0
10.18356/1c11fde8-en,1bb8efee740630c40233f4b3fe224f0c,"Intended countries of destination for the cocaine seized included Australia, Italy and Spain, while Colombia is mentioned as country of origin. There is evidence that the area of opium poppy cultivation has been increasing and appears to have reached a five-year high in Colombia, which had detected 387 ha of cultivation in 2014. Heroin manufactured in South America is primarily destined for the United States but is also trafficked for consumption within the region. Various countries in South America have reported seizures of amphetamine-type stimulants (ATS) in 2014, including amphetamine, methamphetamine and “ecstasy”-type substances, as well as lysergic acid diethylamide (LSD).",3,0,3,1.0
10.1787/223159ab-en,413bf985dde8402826daad093238f9ed,"More generally, in England the mortality rate from dementia and Alzheimer’s disease has increased steadily since 2006, reflecting several factors such as increased awareness of dementia, historical NHS policies encouraging GPs to diagnose, and changes in death certification practices (PHE, 2018b, PHE 2018c, ONS, 2018d). Coding changes from 2011 also led to increased recording of dementia and Alzheimer’s disease on death certificates, with deaths reallocated from some groups including cerebrovascular disease and pneumonia eg deaths from vascular dementia would once have been coded to circulatory disease but are now coded to dementia (PHE 2018c, Campbell, 2017). This, along with the examples given earlier in relation to influenza/pneumonia, suggests that death certification practices have changed in recent years, with some deaths being classified as dementia that would not have been in the past.",3,0,9,1.0
10.1787/9789264168091-7-en,739187949909ab55fb06242a86284d17,"The ratio of the expected lifetimes at birth to health care spending per capita indicates that the Russian Federation performs poorly when compared with OECD countries (Figure 3.15). Similarly, there is no strong relationship between public health spending and life expectancy at birth at the regional levels: regions with high levels of health care spending do not necessarily perform better than low spending ones (Figure 3.16). Estimations based on federal treasury data and federal MHI fund data.",3,1,8,0.7777777777777778
10.18356/9bf8d10f-en,94d85cb634f801c01bb2d27f7042119a,"The present study found that, in a good number of cases (47 per cent), one tube-well was shared by 76-110 households (see table 2). In one slum, there was only one hand pump tube-well, which was shared by 170 households. In one slum, it was found that people mostly used water from the nearby river for bathing, washing dishes and clothes, and other daily activities, as it was free.",3,3,0,1.0
10.1787/eco/surveys-hun-2012-7-en,4fb684a7c79641739d204701ffe752a8,"An outpatient is not formally admitted to a facility (physician’s private office, hospital outpatient centre or ambulatory care centre) and does not stay overnight. The NHIFA is obliged to contract with providers that are approved through the capacity regulation process of the government. Family doctors are mostly private entrepreneurs and contract with local governments to serve the local population.",3,0,3,1.0
10.18356/ab0103c2-en,e018d1d982b490c876ff0d17892d87f2,"Health-related and other relevant concepts and definitions employed in this Note are discussed below. Inequality implies disparities in status, opportunity or treatment, while inequity incorporates an assessment of fairness. This distinction is particularly important in health, where equality among individuals or groups does not necessarily mean achieving the same state of health. There are natural inequalities in health that may not be considered unfair.",3,0,4,1.0
10.1787/9789264283428-en,a40e6238cd543c99feea7bf608134193,"Public hospital-based physicians are salaried employees. Despite the commitment to the Health System being legally enforced, policy concerns have been raised over regional differences in population health status, and access and quality of health services (OASI, 2016). This calls for an effective performance management of hospitals, clinics and professionals at regional level (OECD 2014).",3,0,3,1.0
10.1787/9789264281653-5-en,9388de62e7a16d29073c4cfc93b1d6eb,"Indeed, the Government of Costa Rica took the decision to deregulate the health insurance market in 2009 to allow private medical insurance companies (Balabanova et al., This was a consequence of signing the Free Trade Agreement with the United States, and it meant that the INS lost the monopoly within the insurance marked that it have had since 1924 (Muiser, 2012). Fearing this would open up for foreign corporations to dominate the insurance market and risking to loose equity in the system, this deregulation w'as allegedly put in place in order to enhance the financial sustainability of the health care system.",3,1,8,0.7777777777777778
10.6027/9789289329583-4-en,1811feaaf20fcac962cf0e066168c369,"He found that moderate drinking decreases the likelihood of emergency visits and hospitalizations (women, not men). Specific health conditions, such as obesity, diabetes, different types of cancers and cardiovascular diseases are usually considered as being (partly) caused by past eating and physical activity habits. Likewise, obesity is caused by inappropriate dietary habits in combination with insufficient physical activity.",3,1,8,0.7777777777777778
10.1787/9789264208445-6-en,a3557b7031fb2c1fb035477b5c88e6de,"Whilst most people with common mental disorders are in employment, the rate of employment for those with a common mental disorder (CMD) is 10 to 15 percentage points lower than the population without a CMD (OECD, 2012). Depression has been found to be highly correlated with poverty (Brown, 2012) (Figure 2.1). A wide number of publications underline the financial losses as a result of reduced output related to mental disorders, including Chapter 1 in this publication (Centre for Mental Health, 2010, OECD, 2012).",3,0,3,1.0
10.18356/6ef2e6fd-en,52d363e658e2e565b4d544d9c0887ce6,"They also help to establish treatment plans, to monitor responses to each treatment and to evaluate the results. They facilitate collaboration between medical staff and patients in different environments or geographically remote locations. Health services (telemedicine and teleconsultations) make it easier for patients to access expert diagnosis and advice for treatment that are not readily available.",3,0,3,1.0
10.1787/9789264208445-6-en,b145dadee702ee5cebd54f1d03f1c8fd,"Practitioner buy-in - through programmes that are user friendly, time flexible, interactive, and respond to practitioner needs - will maximise the impact of CPD programmes. In a number of OECD countries, incentives for CPD are in place. In Austria, core mental health training for primary care practitioners is quite limited, but some primary care physicians have undertaken additional psychotherapeutic medicine training at different intensities. Training results in the accreditation of psy-1, psy-2 and psy-3 diplomas which also allow primary care physicians to deliver certain treatments (in total, some 5 000 general practitioners in Austria hold one of these diplomas).",3,0,3,1.0
10.1787/9789264262782-7-en,fbd4bb84468b8e32fed3972f9d652df2,"Latvia is moving in that direction with a Primary Health Care Development Plan that strives to improve quality and accessibility of health services, and enhances preventive activities to keep people out of more expensive hospital care. Latvia has demonstrated that it can use its workforce innovatively to improve access to primary care, but needs to strengthen the role that GPs and other health care professionals play in health promotion, particularly educating patients about chronic disease self-management. Section 3.1 describes the structure of the Latvian primary health care system, and workforce and other challenges.",3,0,9,1.0
10.1787/5jz159228n6j-en,3a767b040281dbd20e91dd2f267dbfd0,"For instance, the Australian state of Victoria established a health promotion agency funded by tobacco taxes, and several US states (California, Massachusetts, Arizona, and Oregon) have hypothecated part of tobacco excise revenues for tobacco-related education and tobacco-control activities, alcohol revenue are used for alcohol-related education and prevention programs in New Jersey, Ohio, Texas (Sassi et al., Local taxes can be an important source of revenues, especially in decentralised health care systems (e.g. Denmark, Finland, Italy, Sweden).17 Local taxes have the advantage of creating a strong link between payers and health care service beneficiaries, thus potentially increasing accountability. In addition the level of local taxation may be set in line with local preferences about the level and quality of medical services. However, in the absence of a centrally managed risk-adjusted transfer mechanism, decentralisation lowers risk pooling and might result in larger interregional health disparities.",3,0,3,1.0
10.1787/9789264283527-en,7fb4a2a3deede94211fa6a22081cb826,"Two recent government decisions seem to suggest a new intent to achieve these goals: the National Health Council (which was established legally over 25 years ago but never put to work) has been 'activated' and an NHS portal (www.sns.gov.pt) has been launched. It works at arm’s length from the Ministry to promote system transparency and accountability to society. The new NHS Portal provides detailed information about how NHS facilities function, including waiting times for outpatient consultations, emergency services and elective surgery. The new NHS Portal also provides a 'transparency' area, making a wide range of indicators on NHS access, efficiency and quality available in real time. However, life expectancy at birth has increased by over four years since 2000 and is higher than the EU average. Mortality rates for the most common causes of death (cardiovascular diseases and certain cancers) have been decreasing, but some unfavourable trends have emerged, such as the increase in number of deaths caused by diabetes.",3,0,9,1.0
10.1787/9789264188945-9-en,cc0ceb7dfdfc8b30b9c97084255d604b,"This already poses a challenge for those public health centres that wish to use their resources to get full-time physicians on-site or deliver community services on their behalf. Consequently, public health centres are usually only staffed by part-time physicians, younger nurses and social workers which are a poor model for chronic diseases. Since there is widespread variation across municipalities in funding levels for public health centres, this means that relying on them would lead to wide variations in the quality of care.",3,0,4,1.0
10.1787/9789264262782-4-en,d0b4f8921061639990962bc66f0d27b2,"Such a move w'ould allow for a more integrated, national system for ownership and management of hospital estates. The NHS could strengthen monitoring and evaluation of provider activities, selectively contracting with better-performing providers to drive quality improvement. In the same vein, the NHS could look to contract more often with independent providers, on clear cost/quality criteria, with expected outcomes specified in contracts. Selective purchasing could be applied also by the private voluntary health insurance schemes by focusing not only the cost but also the quality aspects of health care. Alongside these efforts, public reporting of provider assessment should also be developed as such information could be used to promote user choice of provider. Such a plan should consider training needs, based on expected retirement rates.",3,1,8,0.7777777777777778
10.1787/9789264248908-6-en,79e2557de938922b337e3716555bdcbb,"According to the results of a national survey about EPS services conducted by the MSPS in 2014, the average of enrolees waiting more than ten days for consultation with a general doctor was 10.1% among EPS in the SR, compared to 13.3% among EPS in the CR. The MSPS estimated that the share of OOP payments in Colombia was 15.2% of the funding of the health system in 2012 (as seen in Chapter 1). While the WHO estimated that the OOP in Colombia was somewhat higher (around 17%) in 2012, it was still among the lowest in Latin America (Figure 2.1) and also lower than the OECD average of around 20%. Cost-sharing is determined both by the scheme that the person belongs to and their assessed socio-economic vulnerability, measured by an index called SISBEN. Enrolees of the SR make no co-payments for services if they belong to SISBEN 1 (most vulnerable individuals) and pay only a 5% co-insurance rate if they belong to SISBEN 2.",3,0,9,1.0
10.1787/baf425ad-en,83e25b8eb69a153a1d57a2d22b705e80,Hospitalisation is among the most common sequelae of harm in primary and ambulator)' care. The previous section identified that the majority of the direct costs stemming from safety lapses such as diagnostic error and ADEs generated by the need for hospitalisation. Consumption of hospital resources carries a direct cost - bed days and activity - and an opportunity cost - other admissions foregone (assuming hospitals are operating at high occupancy). This report defines patient safety in the primary and ambulatory setting as managing risks over extended periods of time.,3,0,8,1.0
10.1787/5jrxr7qx6ctb-en,48ef40f5d2822b4a4f087b23725bf5c0,"Compared to other Nordic countries, health expenditure was the second highest after Denmar k. Of total net expenditure on health and medical care services in Swedish county councils and regions in 2010 (202 billion SEK), specialist psychiatric care accounted for 8%, pharmaceuticals excluded (SALAR, 201 la). In terms of total health expenditure, the share of private insurance is marginal, accounting for merely 0.1% in 2000, which increased only to 0.3% in 2010 (OECD, 2012b). It typically provides supplementary coverage (mainly coverage for elective surgery) to the public health system. In 2010, 382 000 people had supplementary voluntary insurance, compared to approximately 103 000 people in 2000 (Anell et al.,",3,0,6,1.0
10.1787/9789264121164-7-en,159c3dd6bcc4ba5ca0f5c8a903d09e72,"Regardless of the type of summary measure selected, it will be important to harmonise the underlying national data if internationally comparable data are to be produced. A concise picture of health performance requires developing better measures of progress in health care to understand how and why the quality of care varies across patients’ needs for care. The OECD has begun to address these data gaps through the OECD Health Care Quality Indicators Project (OECD, 2010c).",3,1,8,0.7777777777777778
10.1787/5jrxr7qx6ctb-en,f7c194b50db9927ad6d08bb0265bf26e,"Sickness Compensation is awarded to adults 30 years old or more on much the same basis, except they are permanent disability benefits (as opposed to the temporary three-year benefit as under Activity Compensation). According to Sweden’s 2012 National Public Health Report, mental disorders - including such afflictions as depression, schizophrenia, chronic fatigue syndrome, mental disabilities, personality disorders and drug abuse -combined with musculoskeletal disorders account for 76% of all new disability claims amongst women, and 65% of similar claims amongst men in 2006 (National Board of Health and Welfare, 2012). The most commonly diagnosed issues amongst these conditions are depression, adjustment disorders, reactions to stress and anxiety disorders.",3,0,5,1.0
10.18356/1608bb4d-en,5303afa54cffc49b5d3df0afe09a3f15,"They face additional challenges of access to health services. This can be seen from the view of a President of an African country who said, ""How can you have a stone-age creature continuing to exist in the time of computers? If the Bushmen want to survive, they must change, otherwise, like the dodo they will perish"".’”",3,0,3,1.0
10.18356/2dd5352f-en,fc0e7b1c9a5b11339fcd34073c1b967d,"Health is a crucial factor in school attendance and performance. Healthier individuals learn more efficiently and they are more able to productively use education at any point in life. Education is a precondition for training as a nurse or doctor (as mentioned above, while there are indigenous mid-level medical staff, there are few indigenous doctors).",3,1,8,0.7777777777777778
10.1787/5jrqcn5fpv0v-en,f7415688dd996bffdeda946247c5243c,"The prevention of chronic diseases should be viewed as a means of improving broader social welfare. Chronic disease prevention can improve employment prospects, wages and labour productivity, and decrease sick leave, disability benefit claims and early exit from the workforce. They should consider investing further in prevention policies targeting chronic diseases and associated risk factors, in order to make the workforce healthier and more productive, which can lead to potentially substantial gains in economic production.",3,0,3,1.0
10.18356/a72b920d-en,3d1a1f8c5d23b9d7ef061e0aebfaaf76,"He placed high priority on HIV prevention, as well as on treatment, care and support for HIV/AIDS patients. The NASCP was replaced with a broader AIDS control programme, comprising the Presidential Committee on AIDS and the multi-sectoral National Action Committee on AIDS (NACA) to coordinate HIV/AIDS programmes at the federal level. Nigeria was also able to attract funding from the World Bank, the United States Agency for International Development, the UK’s Department for International Development, the Bill & Melinda Gates Foundation and the Ford Foundation.",3,0,9,1.0
10.1787/9789264283329-en,99ee2ddf9739699b2a3eaf556d4dfc30,"This represents a significant increase from estimates a decade earlier. Overweight and obesity problems among children and adolescents greatly increase the risk of being overweight and obese in adulthood. Nearly all aspects of the public system - planning, organisation, administration and regulation - are highly centralised whereas the private sector is fragmented. Under the proposed new national health system (Box 1), there will be one purchaser (the Health Insurance Organisation), an autonomous public provider and several private providers who will have the option to contract with the Health Insurance Organisation. Purchaser-provider relations between the public and private sectors already exist in the current system on a limited basis when the public sector purchases services, mainly on a fee-for-service basis, from private providers.",3,0,9,1.0
10.1787/9789264239487-6-en,6130bac9fa8381c57a5272e3e47c9ce4,"For instance, information contained in patient records was limited, making it not possible to trace all the amendments that may have been made. The audit raised concerns about the increasing use of social unavailability codes. The proportion of people waiting for inpatient treatment who were given a social unavailability code rose from 11% in 2008 to just over 30% at the end of June 2011.",3,1,8,0.7777777777777778
10.1787/9789264208469-8-en,2aaf3079cfcb78ad6a1c15588fd7c39e,"These efforts - strengthening care in the community provided by municipalities, increasing specialist services, increasing resources going into the system and making mental health a policy priority - suggest that Norway is moving towards having a strong and comprehensive mental health system. In terms of collecting indicators of mental health care quality Norway is also making impressive progress in many respects. There are opportunities for Norway to further strengthen data collection and to use data to help drive improvements in outcomes, to ensure that all mental disorders are appropriately treated, to make sure that responsibilities for service delivery amongst health authorities are clearly established and followed through, to promote better co-ordination, and to assure high quality of mental health care across the country.",3,0,7,1.0
10.1787/9789264233775-6-en,6223b6060968081c47aee114bb821569,"The findings of this study highlight the opportunities for partnership to aid implementation success. These centres, which bring together service providers in one place, have the potential to address some of the challenges faced by the education system in terms of dealing with mental ill health. First, despite increased investment in school-based mental health support, available services often lack the capacity to deliver effective and comprehensive responses students’ mental health concerns (see Section 3.5).",3,0,9,1.0
10.1787/9789264283572-en,f0f3e47429771af6042d326a83860cab,"The 290 municipalities fund elderly care, home care and social care, while the regions are responsible for primary, psychiatric and specialist health care. Local and regional taxes are supplemented by the central government and by user charges. Subsidies for prescription drugs are paid for through designated state grants to the regions.",3,0,4,1.0
10.1787/9789264233836-8-en,eeab335c0bb558e34ade78a15b9fef95,"The Rural Clinical Training and Support programme funds a network of rural clinical schools and requires participating medical schools (17 of a total of 19 schools) to deliver shortterm rural placements to all medical students, and long-term (over one year) rural placements to 25% of their medical students. Medical schools must also fill 25% of medical school places with students from a rural background. The increasing number of graduating medical students has put pressure on available internship positions. The Australian Government has an agreement with the states and territories that guarantees intern positions for all Australian domestic medical graduates.",3,0,6,1.0
10.1787/9789264230491-4-en,e6ef149f569a1dcc135aa83be015f79f,"Although there is widespread recognition of the benefits of moving towards more flexible contractual arrangements and payment based on performance, collective agreements have prevented modernisation of the incentive system. Although there is a fair amount of variation in approaches depending on national context, a common feature across these national experiences has been the gradual implementation of the purchaser-provider split in the system, as opposed to a “big-bang” strategy, generally with positive results for the health system. Internally, within each SS institute, the purchaser-side should demand increasing refined information on activities, costs and outcomes from the provider-side.",3,0,9,1.0
10.1787/9789264267787-en,42c7a97dc8ca633822fdaf6ec2df0011,"The Medicines and Healthcare Products Regulatoiy Agency (MHRA) as an executive agency of the Department of Health (DH) to enforce the regulations relating to the safety of medicines and medical devices in the UK. The Governments of the devolved nations then work closely with the MHRA For example, The Northern Ireland Adverse Incident Centre acts as a regional centre for reporting and investigating adverse incidents involving medical devices and nonmedical equipment, while MHRA's alerts to NHS Wales are made through the Welsh Government’s Public Health Alert System. Its powers include conducting reviews and carrying out inspections and investigations, and reporting on arrangements by statutory bodies for the purpose of monitoring and improving the quality of the health and personal social services.",3,0,9,1.0
10.1787/9789264281653-4-en,0a8d2b2e99af3af2a853c5dfcfd22293,"The third sector (religious, charitable and other non-governmental bodies) also plays an important role in providing some aspects of health and social care. The national junta (committee) for social protection dates back to 1845 and uses income from its national lottery' to fund a variety of health promotion programmes, palliative care programmes, drug and alcohol treatment programmes and support for disabled people and the elderly, amongst other things. This is particularly true of die hospital sector.",3,0,8,1.0
10.1787/5jlz3kbf7pzv-en,2a8078d134606ce8051680a172d1a373,"In this paper, this coverage is considered to be a “secondary source of coverage”. Depending on the scope of basic health coverage, on country-specific regulations and on demand for additional coverage, VHI as a secondary source of coverage covers cost-sharing left by basic coverage and/or benefits that are not covered by basic coverage. Hence, the boundary between what is “basic” and what is “additional” is not universal and varies across countries.",3,0,3,1.0
10.1787/09e92b30-en,75ce99da652867ec3c8c68064eaa6b20,"However, this feedback to physicians and information campaigns could be better focused, as practitioners and patients are broadly targeted. Indeed, in the case of the United Kingdom, feedback practices focusing on physicians with the highest prescribing rates for antibiotics were effective in reducing their use, while patient-focused information campaigns had limited effects (OECD, 2017b). Hospitals represent around a quarter of overall pharmaceutical sales in France, and the share of generics use there was only 2.3% in value in 2013 (ANSM, 2014). This low share is partly explained by different patient pathologies and hospitals’ heavier and more innovative treatments (OECD, 2015b), but producers also often sell branded drugs at discounted prices to gain a wider market (Dahan, 2016).",3,0,6,1.0
10.1787/9789264267787-en,7ee76f5eacb464056a82920c9454b419,"Western Australia, for example, has implemented a mandatory review of all deaths that occur in public hospitals and private health facilities that provide services for public patients. Queensland conducts an annual “Bedside Audit"", where clinicians collect information on certain elements of care to gauge whether expected standards have been met. At a national level, the Royal Australasian College of Surgeons makes it a requirement to participate in the Australian and New Zealand Audit of Surgical Mortality as part of the college's Continuing Professional Development programme. The ACSQHC also conducts audits to assess compliance with standards. Most data is focused on volumes of care and resources within the system. Clinical data is also gathered almost exclusively by specific registries (organised by disease, targeting specific group of population, or hospital based).",3,0,3,1.0
10.18356/7d5576e0-en,5e9932b3b563fedcb776f2789658d134,Rules regarding formulation may be included directly into the Patents Act or into subsequent administrative implementation guidelines. The advantage of the latter is that is allows the government to quickly adapt its policy on claims formulation to changing needs and experiences. It is not the objective of this Guide to provide for detailed rules on claims construction.,3,3,0,1.0
10.1787/9789264188945-9-en,23abe69459793609aeb9de7883548482,"In 2010, there were an average of 3.6 beds across the 27 469 small clinics (HIRA/NHIC, 2011), despite the fact that Korea population is concentrated geographically. The tendency towards having the physical infrastructure for complex services readily available suggests that these facilities may be delivering services of a higher clinical intensity than may be medically appropriate. Clinics and general hospitals provide basic surgery and limited inpatient services, and most major hospitals have large outpatient departments. Over time, these hospitals have benefitted from a prestige factor amongst consumers who often turn to the most qualified medical specialist they can access rather than general practitioners who specialise in managing the range of a patient’s needs.",3,1,8,0.7777777777777778
10.1787/9789264204799-6-en,43b67a367ef71dffa1d475142039dbbb,"For instance, patient surveys in both primary care and inpatient specialised care show that doctors sometimes fail to tell patients about the side effects of their medicines and warning-signs about their condition to watch out for. Based both on international comparisons and domestic patient surveys, the report identified inadequate care co-ordination as a weakness in Sweden’s health care system, particularly in relation to specific groups such as psychiatric patients and the sickest elderly. The barriers to co-ordinated care identified are reimbursement systems, vertical organisation of health care that makes it difficult to co-ordinate care processes horizontally, and lack of assistance for patients in negotiating their way through services involving multiple providers, as in care for patients with complex conditions or posthospital rehabilitation care.",3,0,4,1.0
10.1787/baf425ad-en,0ce0bc5bea6d0b31e949a09cf58c2eb1,"Health-related quality of life scores were significantly lower for respondents with ADEs compared with other respondents. Consequently, productivity loss due to long term sickness and disability increased for people who had suffered ADEs compared to other respondents. If the patients are of working age, the worsened health caused by harm may prevent them from participating in the workforce resulting in lost productive life years. Beyond the negative impact on self-esteem and personal economic loss from reduced income, the flow on effects include higher support and care needs, increased welfare dependency and loss of taxation revenue.",3,0,3,1.0
10.1787/9789264168091-6-en,14a13616900f643fbac3da4bada3cf90,"However, the 2010 legislation on the Mandatory Health Insurance system appears to have strengthened the role of the insurance system. This, in turn, may have contributed to the recent falls in mortality and lengthening of average lifetimes. However, given the rather short time since the introduction of these programmes, it is probably too early to judge the final outcome. Surveys (conducted by the Levada Center) show that the share of the population indicating that quality of health care provision had improved during the past year went up from 11 % in 2002 to 20% in 2008 (Table 3.3).",3,0,6,1.0
10.1787/9789264283336-en,f4a2ae3019b578ae6caf1e4478c1e571,"The contributions that the state makes on their behalf are financed through general taxation but amount to only a quarter of all SHI funds. Moreover, variation across income quintiles was much smaller than in most other countries. In 2017, benefits include inpatient and outpatient care, prescription pharmaceuticals, rehabilitation, home nursing care and personal care, basic dental care, medical aids and devices, vaccinations and screenings, maternity care and spa treatment.",3,0,3,1.0
10.1787/9789264208445-6-en,2aaeebfa5a849663251b2587c198bdaf,"Depression has also been shown to increase risky and unhealthy behaviours, including smoking (Naylor et al., Work in Scotland by Barnett et al. ( People with mental disorders, especially with anxiety disorders, have been found to be more likely to divorce, and to be married for a shorter period of time than populations without a mental disorder (Kessler et al., Mild-to-moderate mental illnesses have been shown to have a strong relationship with higher unemployment, higher absenteeism, lower productivity in the workplace, and a rising burden of disability benefits claims (Alonso et al.,",3,0,9,1.0
10.1787/baf425ad-en,054394a1af6c45abbc542f5440528a4d,"Jt Conun J Qual Patient Saf 2014,40:99-101. The global burden of diagnostic errors in primary care. Still, conventional data sources, such as medical record reviews and reported harmful events, produce mounting evidence of the importance and frequency of diagnostic errors across several types of conditions. Studies of multiple consultations in the presentation of cancer provide a powerful predictor of speed of receiving a timely and correct diagnosis. One in five patients presenting ‘red flag symptoms’ and who recently were diagnosed with cancer had three or more consultations with primary care doctors being referred to relevant specialists. Although the majority of those patients had cancers that are considered particularly difficult to diagnose, it does reflect an avoidable delay (Lyratzopoulos et al, 2014).",3,0,4,1.0
11.1002/pub/80a85799-72748942-en,e048f5b10b90b3870ba2d64a063915cc,"The question also asked countries to specify the type of Internet access, such as broadband, narrowband, mobile broadband etc. As only a few countries provided this information, without data to the contrary, it is assumed that the type of access is broadband. The chart shows that the majority of responding countries (79 per cent) have between 75-100 per cent of their public hospitals connected to the Internet.",3,1,7,0.75
10.1787/9789264281653-6-en,a31679d38abfda69d0dd66f8eeb9663a,"Regular reporting of adverse events was institutionalised in 2010, and a Safe Surgery checklist was introduced in the same year. The programme, run by the Ministry of Health and applying to CCSS as well as private facilities, focuses on accrediting health care providers. Accreditation is at a basic level, however, and essentially comprises verification that the facility complies with minimum requirements around staffing levels, equipment and documentation. More ambitious quality monitoring and improvement programmes have been abandoned.",3,0,3,1.0
10.1787/9789264283411-en,7184de9f8274b02752f5481f189643ed,"Given that most hospitals are publicly owned, potential exists for further central-led efforts to achieve efficiency gains in the Hungarian hospital system (Section 5.3). Only a small proportion of doctors are general practitioners (GPs) (about 12% only in 2010, the latest year available), with most doctors being specialists. Furthermore, nearly half of GPs are over 60 years old, while only 10% are younger than 40 years, a factor that is expected to further reduce access to primary care when the older generation of GPs retire.",3,1,8,0.7777777777777778
10.18356/1c11fde8-en,1e0445433433747a0dac0648b58f1cb4,"In the Caribbean, countries have begun playing an increasing role as secondary distribution points for cocaine shipments to Europe.26 Impunity, corruption and weak institutions undermine drug control efforts and the rule of law in the region, despite attempts to reform law enforcement and judicial systems. Drug trafficking activities are often carried out under the protection of local gangs (maras) operating in border areas, especially in El Salvador, Guatemala and Honduras. There are indications that links have been established between drug cartels and criminal organizations operating in the region. Drug trafficking has become a major security threat and is contributing to an increase in drug abuse in the sub-region.",3,0,3,1.0
10.1787/5k9b7bn5qzvd-en,769717551537dd8ef93fa8c684a0cf0d,"Indeed, while an increase in the share of older age groups tends to boost health-care spending because health needs increase with age, longevity gains could translate into “healthy ageing"". For long-term care, however, there may be less of an offset: extra longevity is unlikely to reduce dependency, and long-term care costs are concentrated on the very old age groups, whose numbers will increase the most. The reason why income gains on their own might not generate tremendous pressure is related to the size of the aggregate elasticity of health expenditure per capita to GDP per capita. The hypothesis that health care is a ""superior"" good is generally rejected based on micro-data analysis where health spending is found to be relatively inelastic to individual income (implying that health is a “necessity"", even though estimates might be blurred by the extent of insurance coverage). Moreover, evidence that the aggregate elasticity is significantly greater than unity is not very robust (see Oliveira Martins and de la Maisonneuve, 2006, Annex 2B). As a result, long-term financial simulations generally assume an aggregate income elasticity within the range of 1.0-1.2.",3,0,9,1.0
10.1787/09e92b30-en,553c75be5652feffe5c27e01eb4f5163,"The low level of preventable hospital admissions for asthma and chronic obstructive pulmonary diseases (COPD) also tends to show that proper prevention and primary care interventions are in place (Panel C). However, some preventive practices are lagging: avoidable hospital admissions for diabetes are comparatively high, and vaccination rates for risky populations have declined (OECD/EU, 2016). Age-sex standardised rate of adults aged 45 years and over based on admission data. Defined daily doses are the assumed average doses per day for drugs used for its main indication in adults (e.g. 3 grams for oral aspirin). They are constant across countries.",3,0,3,1.0
10.1787/9789264281653-5-en,96a63db150151a5e112b004b1c9d4852,"Created in 1941, the mission of the CCSS is to provide health care services in an integral form to the individual, the family and the community and to provide economic, social and retirement protection to the Costa Rican population in accordance to the current legislation (CCSS, 2014). Directed by health boards, the CCSS is made up of health establishments organised functionally by three levels of care (primary, secondary and tertiary') and geographically by seven regions within the three service networks in the country (the southern network, the western network and the northeastern network). Interrelated, they are intended to form networks that are articulated both vertically and horizontally and satisfy the health care needs and demands of the Costa Rican population.",3,0,3,1.0
10.1787/9789264208445-6-en,0270237ab216372548f1b9dc5b817224,"This could suggest that the high level of points attributed to GPs for mental health services successfully rendered encourages patient selection and the deliberate exclusion of more difficult cases from the data. Concerns have also been expressed that GPs are directing attention away from activity not rewarded by the QOF, and as such care delivery quality is declining in some areas (Cashin et al., The recommendation by the Primary Care QOF Indicator Advisory Committee on behalf of NICE was that these indicators be withdrawn, and that a consideration process for new indicators was considered. At present these indicators remained in the QOF framework for 2011/12, although the points value of all of the indicators was reduced.",3,0,3,1.0
10.1787/5jz159228n6j-en,33fdf7932ec632fc595f714b2d4ea8d0,"Although India has a national health care system granting free consultations in public hospitals, these have usually long waiting lists, are short of staff and drugs often unable to meet the rising demand for health care. As a result, effective health care coverage is low, covering only 10% of the population with only government or employees of large firms enjoying comprehensive health insurance (Kumar et al., Private health care has partially filled the gap left by the low public sector provision.",3,0,9,1.0
10.1787/9789264191136-4-en,b4a2b7c3fe123dadf33406e9feaccbc7,"The specialisation plan should address the concern amongst surgeons and policy makers in Denmark that there were certain specialist services being delivered in potentially unsafe circumstances. While it is too early to systematically evaluate the impact of these reforms, it will be important for policy makers to use changes in the supply of hospital services to drive improvements in quality of care. To help evaluate the success of the plan and monitor quality on an ongoing basis, the DHMA should seek that hospitals internally monitor data on the performance of individual clinicians, alongside system-wide efforts already being undertaken to evaluate the performance of specialist hospitals.",3,0,3,1.0
10.1787/5k912j389bf0-en,8a3ddc2b0a3ff124c43a7577609220ea,"The microsimulation model currently projects health status and health status transitions at the individual level, and CBO is developing a methodology to project eligibility for Medicare and Medicaid at the individual level. Health status is linked to mortality, and further development will link health status to work, marital status, fertility, and federal health care expenditures (Topoleski and Manchester, 2009). The population changes through births, deaths and immigration.",3,0,9,1.0
10.6027/9789289330633-11-en,928752ec2ce37f8d6a34dcc27fe2492e,"As shown, the Icelandic population has experienced dramatic improvement in several key health indicators, such as the IMR and life-expectancy. Governmental polices shape and determine the context in which we are born, live and die. During the life-course, people are constantly exposed to both positive and negative factors that influence their life.",3,0,3,1.0
10.18356/9bf8d10f-en,2a05032c0b46e298f8bab07376cace4d,"The lack of poor-friendly services at the facilities is another major factor impeding access to services. The health service institutions, particularly the public facilities, are allegedly not poor-friendly for a few reasons. In part, the service providers are not properly educated about patients’ rights, as this vital component is missing from the medical training curricula, doctors are also apathetic about their duties due to low salaries and a lack of incentives. Another reason may be that the facilities are overcrowded (due to the lack of a referral system), which overburdens the providers.",3,1,8,0.7777777777777778
10.18356/83efcfeb-en,630411e987455c92f94024a27c9d6383,"Because they are largely invisible, these forms of child labour are the most difficult to tackle. Domestic workers, most of them girls, are isolated and subject to the whims and arbitrary discipline of their employers, from whom they may suffer abuse. Sexual abuse is frequent but seldom prosecuted. Violence or abuse at home or in the neighbourhood drives many away, as studies have shown in cities as diverse as Dhaka, Bangladesh, and Moscow, Russian Federation.67 Poverty also plays a part.",3,0,3,1.0
10.1787/9789264233775-6-en,00704743fa4f6f0708910f2aa61eaa36,"The programme relied on strategic integration of all relevant agencies involved in delivering mental health services for this group, and identifying children's needs in the school context. In addition to training teachers, this programme also consisted of social and emotional learning programmes. Parents and community' were also involved in the learning and social aspects of the initiative.",3,0,9,1.0
10.1787/9789264265530-9-en,19a32c1fe1baef2e28cfc624206d02ec,"In technical-professional programmes, the number of subject-teachers were 6 959 and 14 263 for the same year, in lower and upper secondary education respectively (reflecting growths of 60.5% and 89.3% since 2006) (see Table 5.A.1 in Annex 5.A). According to the latest Teacher Census, organised in 2007 and which provides the most rigorous information about teachers, there were 36 851 staff involved in direct teaching in public schools maintained by ANEP (45.1% in early childhood, pre-primary and primary education, 39.0% in general programmes of secondary education, and 18.0% on technical-professional programmes of secondary education) (see Table 5.A.2 in Annex 5.A). According to the latest Teacher Census, the proportion of females in 2007 in public schools maintained by ANEP reached 93.2% in early childhood, pre-primary and primary education, 73.5% in general programmes of secondary education and 56.8% in technical-professional programmes of secondary education (see Table 5.1).",4,0,9,1.0
10.1787/9789264225442-32-en,dd36188e48183802dc3cdb5389ad9caa,"Turkey has various priorities to address, including improving equity between regions and urban and rural areas, addressing the needs of disadvantaged students, preparing quality teachers and school leaders, improving access to and completion of upper secondary education, vocational education and training (VET), and tertiary education, strengthening links to the labour market, and adequately funding the education system. The Basic Education Programme (1997) and the Secondary Project (2006-11), both with the World Bank, aimed to improve quality of education at these different levels. The Master Implementation Plan (2001-05) included multiple projects by UNICEF to improve both equity and quality of the education system. Initiatives in VET and tertiary education have been developed with the European Union to improve alignment with European standards.",4,0,3,1.0
10.1787/9789264172616-5-en,50647065e9350be4dc91a19c1b056e35,"It also established the teacher performance evaluation system (also referred to as Docentemas) within the municipal school sector in 2003 following a tripartite agreement between the Ministry of Education, the Chilean Association of Municipalities and the Teachers’ Association (Colegio de Profesores). This system is complemented by a range of reward programmes which involve some type of evaluation: the Programme for the Variable Individual Performance Allowance (municipal sector only) (A VDI), the Programme for the Accreditation of Pedagogical Excellence Allowance (covering the entire subsidised school sector) (AEP), and the National System for Performance Evaluation (SNED), which provides group rewards for teaching bodies of given publicly subsidised schools. In addition to these formal programmes, private schools (both subsidised and non-subsidised) autonomously organise their own performance teacher evaluation systems and any school is free to organise extra internal systems of teacher evaluation.",4,0,3,1.0
10.1787/9789264230750-6-en,826137e87a11ec9916176084dd2b4d32,"Since 2010, policy progress has been made with the introduction of the “Grand Design”, a blueprint for the development of early childhood care and education (ECCE), building on a programme dating back to 2001. The Grand Design sets outcomes, targets and principles for the expansion of early-years education and care from 2011 to 2025 as part of an ambitious and far reaching set of goals to be realised by 2045. Increasingly the period from birth to six years is being seen in a more holistic way, bringing together health, social care, childcare and education.",4,0,4,1.0
10.1787/9789264085374-5-en,af7a32a87427bb56559017a9759c2313,"The table below illustrates how different established pedagogies tend to lead to different kinds of learning experiences. Combining pedagogies which share common practices can help reduce the trade-offs of using too many pedagogies. For example, in a school where students are practiced in inquiry-based learning, teachers might feel more confident in combining his approach with challenges or complex projects, knowing that students are competent at managing their own learning. Studying common combinations of pedagogies can help to identity those practices which are common to several pedagogies, such as presentations of learning, or student self-assessment.",4,0,9,1.0
10.1787/9789264226159-7-en,f6a5bc760749fc0ee10749cbe8cce0f3,"Figure 4.2 presents simulated gains in skills at age 15 as induced by an increase in skills at age 14, by level of skills at age 14 for Korea. It shows that children who start out in different levels of skill deciles gained different amounts of skills in the next period. The effects of increasing social and emotional skills (in this case, children’s sense of responsibility, locus of control and self-esteem) at age 14 on social and emotional skills at age 15 increased with the level of social and emotional skills at age 14 (blue line in Panel B).",4,0,4,1.0
10.14217/9781848591271-5-en,bda0575463ca678037d44dc2b2ab1656,"More than 280,000 disabled South Africans aged between 5 and 18 are still not in school or receiving training. This analysis and other similar literature reviews and policy papers highlight a range of key factors that governments need to address if they are to implement Article 24 and build inclusive education systems in their countries. It is interesting that despite his having adopted a critical stance to the efficacy of inclusive education, Mitchell's findings are largely supportive and his recommendations are of general use. From the international literature surveyed, mainly drawn from Australia, Canada, New Zealand, UK and USA, the conclusions outlined in Box 4.3 emerged. The education of disabled students is a complex process with many interrelated elements, most of which apply to education in general and some of which are specific to disabled students. Inclusive education goes far beyond the physical placement of disabled students in general classrooms, it requires nothing less than the transformation of regular education by promoting positive school/ classroom cultures and structures, together with evidence-based practices.",4,0,3,1.0
10.1787/9789264096660-3-en,effa662baec43dec53f17b42aa6eb787,"Among the 8 OECD countries that have between 15% and 30% of students with an immigrant background, which includes the United States, four show a smaller performance gap for immigrants on PISA while three show a larger performance gap for immigrants than the United States (Figure 11.4.3 in PISA 2009 Results, Volume II). These differences need to be taken into account when interpreting differences in student performance. At the same time, the future economic and social prospects of both individuals and countries depends on the results they actually achieve, not on the performance they might have achieved under different social and economic conditions. That is why the results that are actually achieved by students, schools and countries are the focus of the subsequent analysis in this chapter.",4,1,8,0.7777777777777778
10.1787/059ce467-en,bc0390829e66912e313b12b35108262f,"Due to this variation in past teaching experience, some participants can have their home country certifications validated through the fast track programme while others will have to enrol in a bridging programme (ULV - see below for more details) (Hajer and Economou, 2017(152]). As classroom routines and traditions, including individual versus group work and teacher-student interactions, can differ between countries, it is important to educate future Swedish teachers about student-centred learning (Hajer and Economou, 2017(135]). Between February 2016 and 2018, 1 304 people (62% female, 38% male) have participated or are participating in the programme. Promoted as a supplementary education for people with teaching certifications outside of Sweden, the aim is to retain as many migrant teachers in the teaching profession and allow them to start teaching as soon as possible.",4,0,4,1.0
10.1787/eco/surveys-chl-2013-4-en,532225a277ec596c025820314c15051c,"Individuals with tertiary education are more likely to be employed than those with an upper secondary education who in turn have a greater chance of being employed than those without an upper secondary education (Figure 1.8). The proportion of the population that has attained at least upper secondary education grew from 56% for the generation aged 55-64 in 2011 to 88% for the generation aged 25-34 in the same year. Lower secondary education is now virtually universal and enrolment rates for 15 to 19 year olds grew from 64% in 1995 to 76% in 2011 (OECD, 2011b). Student learning outcomes in Chile, as measured by PISA, while still considerably below the OECD average, have remarkably improved over the past decade.",4,0,9,1.0
10.18356/dec37dc9-en,d312232ce4d4ca7666863c2db58e7de1,"The adult literacy rate measures literacy among persons aged 15 years or older, and the youth literacy rate measures literacy among persons aged 15 to 24 years. Aggregate calculations for adult literacy rates: UIS. Collected from survival rate school registers, school surveys or censuses, national population censuses, and household and labour force surveys. Data obtained: May and June 2013.",4,0,9,1.0
10.1787/9789264281486-7-en,8fb887da552d28cfff540352df06db90,"The impact of additional instruction time has been identified by researchers who have used quasi-experimental methods to examine the causal relationship between school days and student achievement. Naturally occurring and exogenous variation in amount of instructional time - due, for example, to school cancellations resulting from bad weather, or teacher absenteeism - has been shown to have a substantial impact on student achievement (Hayes and Gershenson, 2015). For example, Fitzpatrick et al.",4,0,9,1.0
10.1787/9789264300002-4-en,1d2fedb48198cfc1d22f41ef8dfe97f9,"The lesson its leaders have drawn is that a high income doesn't compensate for shortcomings in education. But that isn't the case. For example, one in four 15-year-olds in the United States does not successfully complete even the most basic tasks in PISA. So even high-income OECD countries would gain significantly if all of their students left school with at least basic knowledge and skills. For this group of countries, the average future GDP would be 3.5% higher than it would be without this improvement.",4,0,4,1.0
10.1787/9789264262430-6-en,d6ab99a29c230c529b7206438c13161b,This is similar to other countries. Data for lower secondary education is included in data for primary education. Pre-primary and primary education include reimbursements from local authorities for previous years. An alternative measure of the degree to which a country prioritises education is the share of GDP spent on education.,4,1,8,0.7777777777777778
10.1787/9789264234178-6-en,db9c309e21c5f827d7769e555a3f2514,"School leaders are asked lo be more open to, and lo co-operate with, local community organisations, such as sport clubs, cultural centres and other associations. For example, schools can co-operate with local sports clubs to teach English or maths through physical exercise. In 2014, the government allocated funding to 15 schools, for the academic year 2015/16, to experiment with outdoor education and demonstrate how it could work. In 2014, the Danish government developed a booklet on the ""grey zone"" of language that can be used by volunteers working in homework cafes, a well-developed system of places, often libraries, where students can go after school to receive help on their homework.",4,0,9,1.0
10.1787/9789264285637-4-en,8d34d7bedfd00631a3b3e3dcc0b0fd46,"In addition, initial teacher education providers should be required to establish internal quality assurance processes to ensure their programmes are continuously improving in light of evaluation exercises and new research relevant for teacher education. First, the operational features of the National Induction System need to be further defined as it is systematically applied across the system. Second, the certification process to determine progression in the career structure, needs to be fully designed and established.",4,1,8,0.7777777777777778
10.1787/9789264130852-5-en,bcef8bcc9520a91edf1f79d3598cb0a5,"How can they ensure that every student thrives, regardless of his or her socio-economic background? The following sections review the challenges and propose policy recommendations for disadvantaged schools and their students’ success. These programmes need to ensure that school leaders are prepared to focus on issues that are more characteristic of disadvantaged schools such as: student behaviour, motivation and engagement, teaching and learning for disadvantaged and/or low performing students, improvement of the physical environment of the school, and cultures of care and achievement (Day et al.,",4,1,8,0.7777777777777778
10.1787/9789264085374-14-en,190884c4132aef9248b6ffbb27d56127,"Learning is social and collaboration must be in place to develop all the skills students need for the 21st century. In Lumiar pedagogy, the voice of the student is essential for designing the learning path. At the deepest levels of learning, students seek out and form partnerships towards the direct development of ideas or solution of problems, take ownership of their learning both inside and outside classroom walls and directly contribute to the learning of others, partner in the design, implementation and measurement of their own and others’ learning, and leverage and create powerful digital technologies that directly deepen every' aspect of the teaching and learning process. Learners have some say over the nature of their final product, if not the method by w'hich they develop these.",4,0,9,1.0
10.6027/9789289338837-12-en,16bf25db53aadd08e9b8ccd67c47b6bf,"When students are educated away from their home, there often is a lack of connection between the school and the home and between the school and the culture of the home community. Across North America, boarding or residential schools contributed to language and culture loss for several generations of Indigenous students. First, parents in communities without a school may choose to move to a different community with a school rather than sending their child away.",4,0,9,1.0
10.1787/9789264262430-7-en,0a38161f2ee5c779ff8d2f5790947f35,"This close interrelationship makes assessment an important tool to signal and clarify the key goals that students are expected to achieve. However, if assessment only covers a small fraction of the valued curriculum goals, then the impact of assessment on teaching and learning can be restrictive (Harlen, 2007). Danish research indicates that the national goals seem to be implemented only to a limited degree at the school level (Normann Andersen and Strpmbaek Pedersen, 2012, Skolens Rejsehold, 2010). Research based on case studies published in 2008 found that a trend could be observed towards a more uniform, low-trust model between the school authorities (central and local) and schools, related to detailed standards for student achievement and a strict testing system.",4,0,9,1.0
11.1002/pub/80f4cf5d-e24f2cd5-en,4afb480aa2b0ff6870ff60fc912461d7,"We see this power at work in countries across the world. In Bangladesh, ICTs have enabled students to access quality online teaching, even when qualified teachers may be scarce. The Jaago Foundation of Bangladesh (UNESCO 2016 Prize Winner for the Use of ICTs in Education) is working towards providing education to underprivileged children in rural areas.",4,0,3,1.0
10.1787/9789264281486-7-en,9635a65e6f1c70ab40387fb35640b263,"These results are accomplished by teachers and school leaders who are accorded wide autonomy, and on the basis of comparatively modest levels of spending. However, there are important challenges facing primary and lower secondary schooling in Lithuania. A declining school-age population makes it difficult for authorities to efficiently manage the nation's school network.",4,0,9,1.0
10.1787/9789264279421-6-en,8f02d1586a3b5dc455e37bd69c6987f2,"The multidimensionality of well-being can be positive in that it is more comprehensive than single measures, but it may be negative if it results in approaches that become fragmented into multiple but unconnected components, rather than the holistic approach intended. It has been conceptualised and informs the OECD Programme for International Student Assessment (PISA) 2015 (Borgonovi and Pal, 2016). Five dimensions of students’ well-being are captured, and these align closely with definitions in other studies and w'ith the coverage in this report. Measuring Well-being, http://dx.doi.ora/10.1787/9789264121164-en.",4,1,8,0.7777777777777778
10.1787/9789264273238-3-en,7cfe9432cdb3ec2926e7fb739f891595,"According to selected evidence, only about 10% of candidates who apply to primary-teacher studies are accepted. Applicants for teacher education must have passed the Finnish matriculation examination (or a foreign equivalent) or completed a three-year vocational education programme. The selection process for primary-teacher education involves two stages: an examination to assess applicants' academic learning skills and a combination of written questions and aptitude tests to assess their skills, motivation and commitment.",4,0,4,1.0
10.1787/9789264262430-8-en,ebec36075e81c37d8470a1625a37fdc8,"In several schools visited during the review, specialised teachers, sometimes called coaches or impact coaches, had less teaching responsibilities and more time devoted to working with individual teachers on their teaching practice. This practice was largely voluntary and teachers experiencing this type of work expressed very positive feelings regarding their experiences. Pedagogues are trained in supporting all stages of human development from birth to old age and can be specialised in early childhood education and care, leisure and youth education (Skolejritidsordning og Fritidshjem, SFO), or other areas of particular interest in the school system. Depending on the context in which they work, they might be compared to recreational instructors, play workers or social workers.",4,1,10,0.8181818181818182
10.1787/9789264089457-en,c0b843f13113de8960eccf253268d956,"In general, there are few attractive projects to fund. Examples include the SME association (SAMENTA), SMI Development Corp. (SMIDEC), Small and Medium Industries Association of Penang that represents the interest of SMEs and disseminate information and provide training. The latter have some collaboration with the Universiti Sains Malaysia (SME award and training) but co-operation in R&D remains limited. These types of mechanisms do not seem to exist in Malaysia.",4,0,3,1.0
10.1787/9789264274051-7-en,b52a3e38c29624c7207e5d1b726303f7,"It was indicated to the OECD Review Team during interviews that the majority of teachers in Romania receive high marks on their appraisals. To be most effective, appraisals should be conducted internally by school staff on a regular basis and focus on providing teachers with constructive feedback about their strengths and weaknesses, and identifying professional development opportunities that will support their continuous improvement (OECD, 2013b). The lack of classroom observations and professional dialogue in the appraisal process means that appraisals are not grounded in evidence of teachers’ interactions with students and nor do they involve discussions to promote improvements to teaching practice.",4,0,9,1.0
10.1787/9789264276253-6-en,496378da6d00fbf9fc8a18a99196a9ae,"It is particularly beneficial when conducted jointly for pre-primary and primary teachers. Its effectiveness is also greater when trainings are specific and coherent, and when staff from the same centre participate together. In 17 countries both pre-primary and primary teachers require a bachelor’s degree, and in 6 countries a master’s degree is required at both levels.",4,1,8,0.7777777777777778
10.1787/9789264273238-5-en,03e00b4c9cfa0796c68f3ad1a77579f1,"The use of such data by the OECD is without prejudice to the status of the Golan Heights, East Jerusalem and Israeli settlements in the West Bank under the terms of international law. This section explores some of the most promising areas of intervention, such as strengthening participation and the quality of provision in early childhood education and care (ECEQ, enhancing performance at the end of compulsory education by supporting students from low socio-economic backgrounds, fostering gender equality, supporting students of immigrant background and tackling dropout in secondary education. Since young children are able to learn much more than previously assumed, education and support provided during the early years may compensate, at least partly, for deficiencies in stimulation at home or barriers such as language. Most OECD countries have therefore made an effort to increase enrolment rates before the age of 5.",4,0,9,1.0
10.1787/9789264201156-5-en,8e1e530d4cea99eabce23e57ea706be9,"But even after accounting for the socioeconomic status and demographic background of students and schools and various other school characteristics, in the Czech Republic, Slovenia and Switzerland schools whose principals reported that teacher shortages hinder learning tend to show lower average performance (Table IV.1.12c). On average across OECD countries, almost half of the performance differences between schools are accounted for jointly by school resources and students' and schools' socioeconomic status and demographic profile (Table IV.1.8a).16 This suggests that much of the impact of socio-economic status on performance is mediated by the resources invested in schools. As shown in Figure 1V.1.11, even after accounting for per capita GDP, 30% of the variation in mathematics performance across OECD countries can be explained by the level of similarities in principals' report on school s' educational resources between socio-economically advantaged and disadvantaged schools.",4,0,9,1.0
10.1787/9789264262430-6-en,a17195c6f7da6daf3361454b50f5a77f,"This effect is likely to be small considering the low share of the overall number of students being moved. In fact, increased inclusion in regular schools has occurred in a period of a general decline in expenditure per student. The overall cost saving is a result of fewer students in the costly special schools. Thus, when analysing the resource situation in schools, teacher resources are of particular importance.",4,0,9,1.0
10.1787/eag-2013-20-en,3682be1b45b94dd6ee6543d23e240161,"See Annex 3 for notes (wtvw.oecd.orgfedu/eag.htm). Education systems in OECD and most G20 countries now provide universal access to basic education, such that both pre-primary and upper secondary education are becoming universal in most countries (see Indicator C2). The expansion of upper secondary education has been driven by both increasing demand and policy changes ranging from a more flexible curriculum, a reshaping of vocational studies, and efforts to expand access to education to the entire population.",4,0,9,1.0
10.1787/9789264277335-4-en,8d2c3e4499497dc944b1650529de242d,"A poor student in Costa Rica has less than a one in ten chance of making it to university- an opportunity gap far greater than in most OECD countries. But key drivers of improvement in the most rapidly improving education systems - a concerted push to expand early years’ education, high professional expectations for teachers, leadership for improvement by schools, and strong information and evaluation systems that can guide reform - have not yet gained the needed impetus in Costa Rica. Its role in levelling the playing field for children from the most disadvantaged families is particularly critical.",4,0,9,1.0
10.1787/9789264087040-6-en,3da5ec2fed4f03c39b2ed3df3a4aa54b,"Despite this, school directors still tend to see themselves as administrators, not as instructional leaders. As one Ministry witness stated: ""It is difficult to delegate management decisions and responsibilities down to the directors. Schools are isolated and we have not built a management system that is efficient for schools.""",4,1,8,0.7777777777777778
10.1787/9789264088986-en,54981483c8a40f5fe732153d5a7ba5ac,"While the Arab colleges - the Academic Arab College for Education in Haifa, Sakhnin Academic College for Teacher Education and the Nazareth-Galilee Academic Institution (NGAI) - serve primarily Arab students, their capacity remains low due to the limitations in their missions and resources. For example the Sakhnin College is confined to teacher education with limited ability to respond to the regional needs and the Nazareth Academic Institution (NAI) is not a budgeted institution. For example the Gordon College has since the 1970s reached out to and established a culture that is supportive of Druze students, especially women (Druze women are not allowed to attend classes with Druze men and they must marry within their own communities).",4,1,8,0.7777777777777778
10.1787/9789264097551-en,c0da3ac79defd4fe65f2c3f53683760e,"Chapter 4 analyses the impact of Australia’s dual sector universities on transition from vocational to higher education. Chapter 5 highlights the college-university links in Scotland and their impact on participation in higher education, focusing on short cycle higher education. Chapter 7 provides an overview of the emerging “non-university higher education” system in Italy which is closely aligned with regional development goals.",4,0,9,1.0
10.1787/eco/surveys-chn-2015-5-en,e13c5b7920db777b74ce4080dbedd506,"Schools are also keen to boost their reputation by sending as many of their graduates as possible to prestigious institutions. This leads to a myriad of techniques to enhance performance and keeps afloat an industry of innovators, producers and suppliers of cheating devices. Tutoring and test preparation courses come extra, and are provided by a thriving private sector.",4,0,9,1.0
10.1787/9789264225442-28-en,1e1d551562d5a554e78590c6d3df1691,"Careers New Zealand provides career support and guidance services for individuals and schools, and schools employ specialist career advisers. Still, a slightly smaller share of 25-34 year-olds in New Zealand (80%) has attained upper secondary education compared to the OECD average of 82% (see Figure 2). The government indicates lower and Pasifika students’ academic performance and completion rates in NCEA level 3. Completing this level can help prepare youth for employment or further learning.",4,0,9,1.0
10.1787/9789264205406-7-en,5e137bdf0048c5b144b4579ebf2c1d89,"A middle school principal has transformed the practices and plans in her school by studying the staffing models and more flexible timetables of a school in South Australia. Seeing” in this part of the CIEL programme is leading to deeper respect and to new possibilities. The call for disruptive innovation of education systems where schools, as we have known them, cease to exist has a certain appeal for those frustrated with the seeming snail’s pace of system change. Others urge systems to focus intensely and consistently on improving the quality of teaching and learning with a few strong and carefully constructed goals.",4,0,5,1.0
10.1787/9789264284425-7-en,720223c760f0120ede22675c4566e66a,"Among OECD countries, the large number of reforms promoted in recent years to help improve the teaching profession shows that countries are increasingly making teachers a priority7 (OECD, 2015a). The challenge shared by education systems within and beyond the OECD area is to find ways to better support teachers in a context that is continuously changing. Teachers have to do more than transmit educational content: they have to cultivate students’ ability to be creative, think critically, solve problems and make decisions, they have to help students work better together, by developing their ability to communicate and collaborate, they have to build students’ capacity to recognise and exploit the potential of new technologies, and they have to nurture the character qualities that help people to live and work together. (",4,1,8,0.7777777777777778
10.18356/daadf51f-en,2d1f8fe164bed8adddb198eefe1ab7b2,"Since 2006, the government has progressively revised the system, requiring local authorities to provide education to migrant children, abolishing public school fees for them and decoupling registered residence from access to education for migrants. In India, the 2009 Right to Education Act legally obliged local authorities to admit migrant children, while national guidelines recommend flexible admission, seasonal hostels, transport support, mobile education volunteers and improved coordination between states and districts. They may be kept in preparatory classes too long, for instance.",4,0,3,1.0
10.1787/9789264298644-en,cedf0da123adf8e10ae2cca539707788,"For instance, some innovations such as “territorial networks”, now co-ordinated by the national employment agency (ANPAL), are seen as positive and should be fully implemented. In the same vein, stakeholders praised the integration between passive and active labour market policies under ANPAL. There is widespread expectation that the presence of ANPAL will favour the coordination of skills policies, and also facilitate policy monitoring and evaluation.",4,3,0,1.0
10.1787/9789264240407-8-en,dc65b9cb7612c77910acff8f2b2ec5f9,"Section 3 investigates strategies to promote quality vocational training including apprenticeships, while Section 4 focuses on the support to at-risk students. For a more detailed description and assessment of the Latvian education system, see OECD (2015e). The national Ministry' of Education and Science (MoES) has a supervisory duty, and, through the subordinated National Centre for Education, sets national educational standards, and determines curricula and examination procedures. It provides the regulatory framework for the provision of vocational education and employs the heads of VET establishments.1 It also maintains the register of occupational standards, and studies the skill demands of the labour market.",4,0,9,1.0
10.1787/9789264089457-en,c795849d7ff5748098bc5399cbe0f9fd,"This relationship should be developed and formalised in order to make it more effective and proactive. At present, there are limited mechanisms with which the state government can express its expectations in relation to higher education institutions. The same is true of the local government in relation to higher education institutions.",4,0,9,1.0
10.1787/9789264190658-11-en,59ef02420a818ce5969444b9f2917661,"When using surveys and/or questionnaires, evaluators forming an ultimate judgement of a school leader’s performance need to bear issues of fairness and objectivity, validity and reliability in mind, especially where appraisal may lead to summative consequences. Different stakeholders may hold different expectations of their school leaders depending on their interests, levels of experience and involvement in the school’s affairs (Ginsberg and Thompson, 1992, Davis and Hensley, 1999). Not all decisions a school leader makes may be viewed equally favourable by all stakeholders (Reeves, 2009).",4,1,8,0.7777777777777778
10.1787/9789264230750-6-en,52c2edef63071462c11401930d8c0b95,Resources are still limited in this sector. Private for-profit and community services (faith-based and secular) are the main direct providers of playgroups and kindergartens. Despite significant growth in this sector there are still a number of challenges to the provision of a more universal and consistent service for pre-school children.,4,0,6,1.0
10.18356/5d5f408e-en,9400a9de6983dfec0e1cf89857c1a0a4,"It also means being willing and able to change our mind when a convincing argument is presented. A variety of resources such as movies, plays, talks, forums and even community activities are used in a process where the teacher assumes the position of facilitator and guide, rather than sticking to the traditional lecture style. Of course, this also transforms the evaluation processes, with conventional tests being complemented with self-evaluation and co-evaluation by students.",4,0,9,1.0
10.1787/9789264274051-7-en,d9dac93f027b4bc3a78e670a58117c1d,"Using an appraisal process for career advancement in to new roles, such as the one outlined above, would be a fairer and more equitable way to give teachers incentives to build competencies in many different areas associated with effective teaching. Teachers in Romania reported to the OECD Review Team that the merit grade salary bonus is currently needed to supplement their low salaries. Policy makers should also consider instituting a general increase in teachers’ salaries, particularly for new teachers, so that top candidates are attracted to the profession. The work to revise and evaluate the assessment process should involve stakeholders, including the teachers’ unions and teachers, and all changes should be clearly communicated to the education sector to increase the likelihood that the process will be accepted as valid and reliable.",4,0,9,1.0
10.1787/9789264088986-en,3fe57afc31a52bd498c9381bc9c2a14f,"In some cases, there is a need to enhance infrastructure-sharing arrangements between different education providers. When developing the network of higher education institutions, care should be taken to ensure that adequate IT infrastructure is in place for high speed, low cost connectivity. Therefore, strong collaborative links need to be developed between the colleges to improve their education, service and research capacity. Additional funding should be allocated to develop collaborative, local solutions to regional provision through partnerships with local stakeholders. Authorities could consider providing support for specific higher education extension learning centres served by several different colleges and possibly universities and the Open University, in villages with low tertiary education participation rates.",4,1,8,0.7777777777777778
10.1787/9789264175655-en,4b3279e19c9b507e254ef788c2440a60,"At the same time, research emphasises that the benefits from early interventions are conditional on the level of “quality” of ECEC children experience. Starting Strong III: A Quality Toolbox for Early Childhood Education and Care has identified five policy levers that can encourage quality in ECEC, brining positive effects on early child development and learning. The OECD Secretariat would like to thank the national co-ordinators, Viera Hadjukova and Marcela Hanusova, for their work in providing information.",4,0,4,1.0
10.1787/9789264225442-22-en,77ed3d3153952ed3ffd2dedaa3cda6ac,"Polytechnics are funded by the government and local authorities and also have external sources of funding. Core funding provided by the government is based on unit costs per student, project funding and performance-based funding. Financial aid includes mainly study grants and housing supplements. Scholarships and/or other grants to households amount to 14.9% of public expenditure for tertiary education, above the OECD average of 11.4%.",4,1,9,0.8
10.1787/9789264088986-en,cce504364bf22c65950da9f86ff085ef,"The College's Centre for Community Responsibility encourages and strengthens these connections, providing resources to support this work. Furthermore the college has developed innovative programme Best to the Industry in collaboration with industry to provide work-based learning opportunities for ICT students, one example is the programme on viticulture which supports the local wine industry. The Tel Hai Academic College stands out among the HEIs in Galilee for its deliberate efforts to integrate regional engagement with its core mission. The programme combines both academic and practical field experience to increase the opportunities for employment. In response to needs of regional employers, the college has proposed to develop a new school of management with departments of management and economics. With support of the Cherie Blair Foundation for Women, the college is sponsoring, beginning in the 2009-10 academic year, 20 Jewish and Arab women from the Western Galilee region to study for an interdisciplinary bachelor's degree in economics and business administration.",4,1,8,0.7777777777777778
10.1787/9789264257498-8-en,4f37f54506370092626016cab4131395,"All states and territories have recently introduced reforms to increase the number of students who participate in VET. Students may demonstrate some of the required competencies through prior work experience or education in a process called “recognition of prior learning (RPL)”. Some students leave school at this point may opt to take up an apprenticeship, or train directly through an RTO. They can choose to pursue a VET qualification through an Australian School-based Apprenticeship (ASbA) but this requires an employment relationship as well as an RTO (see “Apprenticeships” section). Vocational learning is becoming aware of the world of work and includes career education. It is an important precursor to VET, and helps secondary students identify career options and equips them to make effective decisions about subject choice, post-school education and training and career pathways.",4,0,9,1.0
10.1787/9789264276116-5-en,ef174e71ed25796c00eccafb9fd7b75c,"For instance, in some countries, such as Ireland and the United Kingdom, children typically enter primary education at age 5, while in Estonia, Finland, Latvia, Poland and Sweden, they typically enter at age 7. In all the other countries, children typical enter primary education at age 6. In pre-primary education, annual expenditure per child for both public and private settings averages USD 8 070 in OECD countries, while annual expenditure for early childhood educational development averages USD 12 501. In early childhood educational development (ISCED 01), public sources account for an average of 69% of total expenditure, while in pre-primary education (ISCED 02), it amounts to 83%.",4,0,9,1.0
10.1787/059ce467-en,b560815c6a34a1097e5bcf9d06470372,"As the surge in immigrants is not unique to Sweden, other countries offer examples on building teaching capacity, particularly Austria, Germany, the Netherlands and the United States. In 2016, the total staffing needs amounted to 249 000 full time-positions, with 182 000 teachers and 67 000 educational staff, by 2031, the National Agency for Education forecasts 44 000 additional staff will be needed to accommodate Swedish pre-, primary and secondary school students as well as students in municipal adult education. Markedly, the number of applicants to teacher training programmes across Sweden has increased more than 70% since 2011 (Lofven and Knutsson, 2018[io7])- Retention can be a challenge, especially in the first two years in the profession (Statistics Sweden, 2016[i(»]). However, a new study shows that there has not been an increase over time in leaving the profession.",4,0,10,1.0
10.1787/9789264298705-8-en,b8ccaeefe035e5996e7e3f475f31230c,"Second, the very high returns of higher education for government suggest that a large amount of the returns to higher education may be taxed away in Portugal (OECD, 2017|2]). Third, stakeholders cited economic reasons that have dampened interest in pursuing higher education, both during the crisis, due to the costs of participation, but also in the recovery period. Other countries have tuition for adult education programmes, even for basic training, which are waived for people demonstrating financial need, typically those who are eligible for social benefits. Examples of these two approaches are included below.",4,0,3,1.0
10.1787/9789264119581-3-en,c90f0b35cbeb66c774abf50b72097327,"Such information is critical for knowing whether the school system is delivering good performance and for providing feedback for improvement. A comprehensive system of evaluation is a requirement not only for the development of improvement strategies al all levels (teacher, school, administration) but also for measuring the success in achieving the goals of reform and for establishing a regime of accountability. Evaluations and assessments are requirements for an equitable regime of accountability, efficient management, effective decentralisation, and for devolution of autonomy to individual schools (OECD, 2011 a). Without such information, it is difficult to monitor the performance of schools and students and measure the achievement of learning objectives.",4,0,9,1.0
10.1787/9789264089457-en,1e26ce5947aa1e19a6aef9999d9651ee,"The Penang State Government has a reputation for its proactivity and entrepreneurial strength, effective administration, innovative policy-making, strategic liaison and communications with international investors, and development planning. One of its most successful agencies is the semi-autonomous Penang Development Corporation (PDC) established in 1971 as the government’s implementation arm, charged with overseeing economic growth and spearheading industrialisation. In the 1970s and 1980s, PDC monthly meetings included USM-related activities as a regular item on its agenda, giving its research activities a high profile. After significant restructuring in 2004, the Penang State government downsized PDC, creating InvestPenang which is the chief agency currently facilitating investment and fostering industrial development for the state.",4,8,1,0.7777777777777778
10.1787/9789264190658-11-en,23e91e583bd38be6191174921165acb3,"It is intended to inform professional learning, to guide self-reflection, self-improvement and development, and to guide the management of self and others. The development of the standard lasted from early 2010 to mid-2011 and involved research, drafting, critical review, feedback and testing through a series of pilot studies, guided and supported by an external expert steering group. The group included expert representatives from state and territory government employers, the catholic and independent school sectors, national professional associations and education boards, leadership institutes and Commonwealth and national school leadership experts.",4,1,8,0.7777777777777778
10.1787/9789264266490-12-en,764c3a5496014ce5e4f94b4bb4379476,"As such, equity should be one of the key objectives in any strategy to improve an education system. For example, disadvantaged students (those in the bottom quarter on the PISA index of economic, social and cultural status within their countries/economies) score 88 points lower in science than advantaged students (those in the top quarter on the index), on average across OECD countries. In B-S-J-G (China), Belgium, CABA (Argentina), France, Hungary, Luxembourg, Malta and Singapore, the difference ranges between 110 and 125 score points (Table 1.6.3a).",4,1,10,0.8181818181818182
10.1787/5kgkdgdkc8tl-en,6e0d068b76a30dc7ce883c2b6224fe70,"These methods are based on principles such as team-work, devolution of management responsibility and high levels of workforce engagement in continuous product and process improvement. This is argued to require not only mastery of occupationally specific competencies but also an understanding of the theoretical principles and knowledge that underpin routine tasks. This broader understanding is necessary to engage in creative problem solving and experimentation (Keep and Payne 2004: 55). Other skills include literacy and numeracy, facility with computers, verbal communication skills and capacity to engage with external suppliers or customers.",4,1,8,0.7777777777777778
10.1787/9789264292697-5-en,80174ecea0e1f336e8080a5b2278bcc6,"And as much as learning-to-learn skills are important, we always learn by learning something. They do not reflect the actual population of countries or sampled groups. Perhaps surprisingly, data use and research literacy is a relatively weak area of the teacher knowledge base as measured in this assessment. Part of that work consisted of an in-depth study of some 40 learning environments that have taken the innovation journey (OECD, 2013).",4,1,8,0.7777777777777778
10.1787/9789264088979-en,9bd7e950fe3f2b2c9d33882322705eec,"In 2008, the OECD/IMHE launched a second series of OECD reviews of Higher Education in Regional and City Development to address the demand by national, regional and local governments for more responsive and active higher education institutions. As a result, 14 regions in 11 countries have undergone the OECD review process in 2008-10. The reviews have been carried out by the OECD/IMHE in collaboration with international organisations and associations and other OECD programmes and directorates.",4,0,3,1.0
10.1787/9789264225442-12-en,27db06551117325c02cb6fe8609b5fa4,"This chapter presents common factors across OECD education systems that contribute to develop success/ul innovative learning environments, as identified from the research literature and from ILE programmes implemented in recent years. Reviewing past experiences in innovative learning environments can help policy makers seeking to design and implement reforms. It defines and reviews the main purposes and contextual features of ILEs, identifies the key elements of successful policy design and explains, through the analysis of past reform experiences, which practices and factors can contribute to efficient policy implementation.",4,0,9,1.0
10.1787/9789264276253-5-en,abffb258d5470a75681b31b53981e248,"National policy documents (such as national curriculum guidelines for both ECEC and primary school) or the monitoring of transitions as part of inspections, can support the quality of transition practices and ensure quality is more even across different settings or schools. Parental surveys are the most common tool, followed by child monitoring methods (e.g. portfolios, child development reports or development assessments).",4,0,3,1.0
10.1787/9789264262430-8-en,860a3802afc38aaf2c74e1afb54fbb74,"On average, a teacher student is expected to graduate with teaching competencies in three main subjects, but it is possible to graduate with just two main subjects. The 2012 reform of initial teacher education also made special needs education and Danish as a second language obligatory for all teacher students. Entry into teacher education used to be strictly based on marks obtained in upper secondary education, but the dropout rates of students entering this programme used to be very high (as much as 41% in 2005 according to data from the Ministry of Higher Education and Science and Statistics Denmark) and needed to be reduced.",4,0,9,1.0
10.1787/9789264300002-4-en,25ba9721b9930ca745aca111796d4f9c,"So the degree to which a country values education seems to depend at least in part on the country's view of how knowledge and skills fit into the way it fills its national coffers. Placing a high value on education might thus be a prerequisite for building both a top-notch education system and a thriving economy. Again, this is just the direct economic benefit, imagine the social impact on large parts of populations that currently lack basic knowledge and skills.",4,0,9,1.0
10.1787/9789264089006-en,19086bfc9f4eb1501c9c315b7143d926,How to improve the relevance and quality of education? How to strengthen and diversify the existing industries and improve the absorptive capacity of the SME-based economy? There is a need to balance the current strong focus on talent attraction with nurturing talent at home and by improving the access of new immigrants to tertiary education.,4,0,9,1.0
10.1787/9789264277335-7-en,c2b9dc8573f2c3f52f83f865fbdbf806,"Even in big schools, they are assisted by a deputy to deal with administrative matters but cannot assign them instructional leadership roles. Principals can pay surcharges to some teachers to take on different tasks (e.g. reviewing teaching plans, participating in a monthly committee) but none of these entail real responsibility and authority for instructional leadership in the eyes of other teachers. In practice, teachers receive little feedback and support to improve their practice either from school leaders or other peers. An increasing number of OECD countries have created such leadership positions to strengthen teacher professional development at the school level, building on research that shows teacher-to-teacher feedback and support to be one of the most effective means of improving teaching standards (See Box 3.3).",4,0,9,1.0
10.1787/9789264085374-5-en,3122fa6a9f60deff3f77b8387232ded7,"The original contributions can be found in full in an OECD Education Working Paper, Peterson, A. et al. ( Amelia Peterson's first contribution on pedagogy and purpose, and Hanna Dumont’s contribution on adaptive teaching, are wide-ranging in scope and cover a broad range of pedagogical approaches. These are followed by Amelia Peterson's analyses of combinations of pedagogies, where it is discussed the role of networks promoting particular innovative approaches.",4,0,3,1.0
10.1787/9789264088986-en,91431c9a10b343ec0c1e962f24d78420,"These differences stem not only from employment preferences or cultural considerations of each population group, but also from discrimination against Arabs in the labour market (U.S.-Israel Science and Technology commission and Foundation, 2008). They also stem from the lack of tertiary education opportunities relevant to available employment opportunities. Four key issues contribute to the mismatch between higher education supply and demand. A recent news report indicated that there are 8 000 unemployed Arab teachers in Israel, 60% of whom are in the Galilee (Haaretz, 2009).",4,0,4,1.0
10.1787/eag-2015-74-en,108b30f9c4988a3175b54f8b74e994be,"In addition, only 15% of adults (25-64 year-olds) possess good ICT and problem solving-skills - the lowest rare among OECD countries participating in the OECD Survey of Adult Skills. In order to better promote the development of its human capital and reduce skill mismatches in the labour market, Poland should continue its efforts to strengthen adult learning. Between 2010 and 2012 GDP grew faster than educational expenditure, resulting in a slight decrease in the share (0.3 percentage points while the OECD average remained stable over the same period).",4,0,4,1.0
10.1787/eag-2018-6-en,20c9a6237916954705d7690b19e3ec1d,"In most OECD and partner countries, boys are at least 40% more likely than girls to enrol in vocational education (Figure 2.a), and students whose parents did not attain tertiary education are more likely to choose upper secondary vocational programmes than general programmes (Box B3.1). By including formal and non-formal education, this indicator captures participation in any type of programme that aims to improve knowledge, skills and competencies from a personal, civic, social or employment-related perspective (UNESCO, 2016(2]). In most OECD and partner countries, at least 20% of 25-64 year-olds have participated in formal or non-formal education and training in the previous 12 months, with participation among men and women varying greatly across countries.",4,0,9,1.0
10.18356/0ceb7e87-en,73bd20628e09e57fb985cf80fde6eb55,"Also, issues related to the state of human health and safety, the conditions of human life, and cultural sites and built structures, in as much as they are or may be affected by the elements of the environment, are not included explicitly in the scope of environmental information. It is not clear whether providing public access to information entails any kind of security or risk assessment before the information is released. The content of the website is prepared by the Ministry's Media Office.",4,8,1,0.7777777777777778
10.1787/9789264204256-9-en,cb431213dec2ec79570d45d68496c8af,"The information in this document relates to the area under the effective control of the Government of the Republic of Cyprus. Andrade and O.F.A. Bueno (2008), ""Contribution of Education, Occupation and Cognitively Stimulating Activities to the Formation of Cognitive Reserve"", Dementia and Neuropsychologia,Vo\. 2, No. Working Paper ROA-RM-2010/1, Research Centre for Education and the Labour Market (ROA), Maastricht.",4,0,6,1.0
10.1787/9789264088986-en,4958d899be92b80f5e28e9d00448ff2a,"An important channel of knowledge exchange is the internship system employed by several colleges in the Galilee (see Box 2.5.). Such internships provide an entry point into the workforce as some students continue working for the industry partner after the internship. Internships also take place in college business school, for example in the Western Galilee College and Nazareth Academic Institution also aims to combine practical and theoretical education. The students participate in the project work in regional industries (from the end of their second year) for 500-1 000 hours.",4,0,9,1.0
10.1787/5k3tsj67l226-en,2ae783005268bfb368c6b269cb0aeaa5,"At the same time, medical students themselves seemed to be disenchanted and bored with their education because they had to absorb vast amounts of information of which much was perceived to have little relevance to medical practice (Spaulding, 1969, cited in Barrows, 1996). Addressing many of the concerns of traditional instruction, PBL was designed to foster problem solving, critical thinking, collaboration and self-study skills as well as to increase the retention of facts and their recall in clinical situations (Barrows, 1983). The medical schools at the University of Limburg at Maastricht in the Netherlands, the University of Newcastle in Australia, and the University of New Mexico in the United States were among the first that adapted the McMaster model of problem-based learning in the 1970s and 1980s.",4,0,9,1.0
10.1787/9789264088979-en,d4cc6d3d6b7970201492fcf2d9ba9a14,It would also be useful to consider how such programmes could be better geared to serve the needs and priorities of the region. Experimentation with experiential and problem-based learning models in group setting could provide a solution that would bring benefits for a wider group of students. Furthermore there is a need to aggressively increase and improve entrepreneurship education.,4,0,3,1.0
10.1787/9789264276116-5-en,d138c834b7bc5dd9e2ac7c3a30f9c59b,"However, the majority of private expenditure on pre-primary education comes from households via parental fees. However, in Austria, the Czech Republic, Estonia, Germany, Iceland, Israel and Japan, more than 9% of all private funding comes from other private entities (e.g. private businesses and non-profit organisations, religious organisations, charitable organisations, and business and labour associations). In these countries, encouraging private foundations and community engagement to support ECEC centres is increasingly seen as an important policy lever and a potential source of additional resources. This type of funding can act as a “connector” between families and ECEC services, as well as other services for children, a “social network” to support parents in reducing stress and making smart choices, especially for disadvantaged families, and an “environment” to promote social cohesion. However, some foundations may also contribute to the financing of ECEC settings.",4,1,8,0.7777777777777778
10.1787/9789264265530-7-en,351b1eb3dbf7d3eb27b9a44e17ddc402,"For example, as referred to earlier, in recent years, enrolment trends have led some surpluses in CEIP’s budget to be transferred to CETP’s budget. There are no stakeholders voicing major criticisms about the approach followed by education councils to distribute resources across schools. While the distribution criteria are not made public and information on the amount of public resources each school receives is not disclosed, there is the perception that education councils distribute resources so as to ensure some horizontal equity across individual schools (i.e. similar resources are given to schools with similar type of provision).",4,0,6,1.0
10.1787/9789264285637-4-en,a81b4431d27c3fe00f298a617a558452,"This new support system for school improvement seeks to build the capacity of schools and school providers for self-improvement and to make better use of PEI and PME. To this end, it also seeks to establish PME as a tool that is more independent of the SEP and related accountability requirements. Another positive development is that thanks to targeted funding programmes in the form of the SEP and the programme of school integration (PIE), schools have additional resources to hire learning support staff that support teachers in their work and provide support for students within schools.",4,0,9,1.0
10.1787/9789264277335-7-en,2906e03a36962994aef0aa2f8395d25b,"The process could be made more effective if the performance of new teachers was assessed jointly by the school principal and a qualified external authority, such as the school supervisor or regional pedagogical advisor. Once clear terms for the probation appraisal are established, Costa Rica could introduce a requirement that all teachers must complete the probation to a satisfactory standard before being confirmed in a permanent post. In most countries, probation typically takes place alongside a structured induction programme.",4,0,9,1.0
10.18356/75fb9b02-en,3821edfefcbfe01fa1ae26d63bae57e8,"That right begins in early childhood, which is one reason why the Sustainable Development Goals (SDGs) call on governments to ""ensure that all girls and boys have access to quality early childhood development, care and pre-primary education."" Investment in quality early childhood care and education produces a double benefit: It is both fair and efficient. This kind of holistic approach also takes child protection into account and focuses on the quality of care provided to infants and young children. A long-term study in Jamaica found a 42 per cent increase in average adult earnings associated with early childhood stimulation.",4,0,9,1.0
10.1787/9789264225442-29-en,f4c9b289fe82e80d8e56c5ffbf2dcba6,"This national partnership between the Ministry of Education and the main stakeholders and municipalities/counties (2009-14) aims to increase the quality and status of the teaching profession, teacher education and school leadership. A yearly teacher recruitment campaign is an important part of GNIST. Another initiative is the development of National Guidelines for Differentiated Primary and Lower Secondary Teacher Education Programmes for Years 1-7 and Years 5-10 (2010 and 2013) to support implementation of the new teacher education reform. Furthermore, a national four-year programme to improve formative assessment at the school level, Assessment for Learning (2010), is already showing positive results.",4,0,3,1.0
10.1787/9789264214682-7-en,c3695a311770b2ba14a4b9b28c2e564f,"These are mostly full-time students, for example in Austrian vocational colleges, or in Korean junior colleges. In other countries, students are more often in their late 20s or early 30s. In the United States, community college provision is dominated by part-time adult students (Kuczera and Field, 2013). In Austria, Germany and Switzerland, professional examinations led by industry serve adults with some years of relevant work experience (Musset et al.,",4,1,8,0.7777777777777778
10.14217/9781848591318-12-en,3a03646c60f1e66f220ab4080ec5b9f9,"The documents analysed included education policy documents, Ministry of Education reports and statistical bulletins, the CTRP, and studies on teacher demand and supply, teacher migration and recruitment. The interview respondents comprised key officials within the Ethiopian Ministry of Education. However, the various sources of information used in this case study ensured triangulation, and are believed to help improve the understanding of teacher mobility and migration in the Ethiopian context.",4,0,9,1.0
10.1787/5kmbphh7s47h-en,75e6605d380e654ba0bc43721061a646,"Thus in some countries, the content of the initial education can be quite different according to the position the aspiring teacher is expected to have. In Germany, according to the school, subjects, level of schooling that a teacher is preparing to teach, the content of the education he receives can be quite different. They divide the existing models in two important groups, defined by several common features: the “traditional models of teacher initial education” and the more modern ones.",4,0,3,1.0
10.1787/9789264089457-en,68a3cf0993f4c001f38cef0051bde89c,"Furthermore, it is not clear, however, that the region's population has the knowledge and skills necessary to “move up the value chain” as needed to compete in the regional and global economy. The significant urban-rural disparities in socioeconomic conditions and educational attainment between Penang and the other states in the Northern Corridor Economic Region also present challenges. Tertiary education institutions should work together towards better alignment of their education provision with the needs of the region.",4,1,10,0.8181818181818182
10.18356/7f020cf3-en,03e2d4bd4290e59a1cf54c40e0b9733a,"In fact, early childhood education has been found to be one of the strongest determinants of a child's readiness for school, in both high-income and low-income countries. Participation in organized learning one year before the official entry age for primary school has risen steadily over the past years. At the global level, the participation rate in early childhood education was 69 per cent in 2017, up from 63 per cent in 2010. However, considerable disparities were found among countries, with rates ranging from 7 per cent to nearly 100 per cent.",4,0,3,1.0
10.1787/9789264173668-en,c66a384e6530eb99303dc597d3f04899,"The training period also allowed teachers and workers to discuss issues related to workplace training for students and improve training plans and assessment methods. Participants improved their skills and self esteem, and disseminated knowledge to other colleagues. This exercise was evaluated by the Economic Information Office in Finland as one of the best ways of developing teachers’ professionalism.",4,0,9,1.0
10.1787/5830c400-en,46baf16a656703101099ba5f575f4000,"Pour chacun de ces instruments, le document presente les differentes approches nationales, analyse les problematiques communes auxquelles les pays doivent faire face, et formule des recommandations d’action visant a soutenir l’elaboration et la mise en ceuvre des politiques publiques. Developing effective mechanisms for skill recognition becomes increasingly important, as workers need to learn throughout their careers in the light technological progress, new forms of work (e.g. Uber) develop potentially useful occupational skills and migration flows create a pool of workers with skills that often remain unrecognised. It may yield one of the following three benefits, speeding the path to formal qualification: access to an education or training programme, reduced programme duration, qualification without a training programme.",4,0,3,1.0
10.1787/9789264277335-4-en,1b863cacd91dbce6a534c82a2e0e84cd,"Between 2000 and 2015, participation in the first year of preschool (Interactive II, age 4) increased dramatically from 7% to 63%, and that of the second year from 83% to 90%. The new curriculum gives special emphasis to early literacy skills which are critical both to success in learning and for developing a child's self-confidence and social interaction. Just 20% of 4-year-olds from the poorest households have access to preschool provision, compared to 80% of their wealthier peers.",4,0,9,1.0
10.1787/9789264089457-en,d73e21c4157f6a99a19c3c3c892d0e88,"They are accountable to the federal authorities, and, on the whole, more concerned with national development than with regional or local engagement. As in many other countries, higher education institutions in Malaysia do not have an explicit regional mission which is left to the individual institutions’ initiative. For research-intensive universities, the principal driver is scientific excellence.",4,0,10,1.0
10.1787/9789264082106-5-en,0f5aace52649b7f8916a48a268cff690,"The purpose of this chapter is to assess whether the current education system in Greece gives youth a good start in the labour market. Sections 2 to 4 focus on reducing school failure. Section 5 addresses the main challenges faced by tertiary education, and the final two sections review students’ work and young workers’ participation in on-the-job training.",4,0,9,1.0
10.1787/5k3txnpqlsnn-en,727c45cd02ef34773fbb7b513d816559,"It is fair to say that it is a growing market in Norway where different actors offer AfL packages, and from a research point of view, not all of these packages are seen as high quality tools. The policy programme could be seen as a sign of distrust of the teaching profession, as well as of Teacher Education, since it both suggested which material should be read, and offered examples of how to practice AfL in classrooms. This, according to the researchers, suggested that teachers were not able to develop assessment practices for themselves, and therefore needed recipes to know how to do it.",4,0,6,1.0
10.1787/9789264281486-7-en,4d0ea51ce39946e90c79afc036014431,"These differences result in important variation in student performance across the two assessments. The two assessments also differ in item formats - in their balance of multiple-choice vs. open-ended responses. Most importantly, however, the two assessments differ in their framew'ork and content, that is, in what they are seeking to measure. In contrast, the objective of PISA is to measure the skills and competencies students have acquired and can apply to real-world contexts by age 15.",4,1,8,0.7777777777777778
10.14217/9781848591400-4-en,caa9bfc95f12b60bd294003d7bb9f95b,"The Government of Bangladesh is aware that maintaining this commitment to the education sector is imperative for Bangladesh to achieve its Education for All (EFA) goals and the Millennium Development Goals (MDGs) (Bangladesh Ministry of Education, 2012). When implemented, the central government will be responsible for policies, financing, quality standards, and monitoring and evaluation, while administering schools and related services will be the responsibility of sub-national organisations. It was established in 1991 with 15 members, and by 2011 it comprised more than 400 organisations (Campaign for Public Education, 2012). The system caters to approximately 60,000 students annually - 28,000 at the primary level, 22,000 at the secondary level and more than 11,000 at the tertiary level. There are 23 government secondary schools in Barbados, most of which are co-educational.",4,0,10,1.0
10.1787/eag-2015-74-en,4f2ac540ed886f69a37a4f8c63375101,"The level of tertiary attainment in Poland is also high: about 75% of tertiary-educated adults have a master's or equivalent degree as their highest tertiary qualification, whereas the majority of tertiary-educated adults in OECD countries have only a bachelor's degree or equivalent. Following general OECD trends, labour-market opportunities increase with the level of tertiary attainment in Poland: about 93% of those with tertiary education at doctoral level are employed against 82% of those with a bachelor's degree. Only slightly more than half of the students undertake their studies full time.",4,0,9,1.0
10.1787/9789264190672-9-en,999267871a4eda7649fe55a92990c729,"Furthermore, Finnish adults participate in adult learning courses and programmes more than most of their peers in other countries. Strong educational performance, as it is understood in Finland, also includes the level of participation in and access to education, even distribution of learning outcomes throughout different schools and learners, and affordability and overall cost of education. Equal educational opportunity has been the leading value and the guiding principle of Finnish education policies since the 1960s. The virtue of Finnish education is that everyone has easy access to high-quality and publicly funded educational opportunities.",4,0,9,1.0
10.14217/9781848591264-9-en,18c25d690cce845602ce5f9de799de92,"Rather the overall picture indicates a shortage of female teachers, and the need to expand recruitment of female teachers, so as to facilitate the attainment of EFA and MDG goals. It is hoped that increasing the number of female teachers will""create a stimulating, participatory learning environment"" (meeting at Nagarkot, Nepal in August 1997 cited in UNESCO, 2000). Section 1 provides a statistical overview of the situation in India.",4,1,8,0.7777777777777778
10.1787/9789264285637-4-en,c99d52cf2e10e010f5795012ebdb1d35,"This is a positive move to get away from the previous single stage career structure with no promotion opportunities within teaching. The new competency-based career structure presents a range of advantages. First, it accomplishes the important function of recognising experience and advanced teaching skills with a formal position and additional compensation.",4,1,8,0.7777777777777778
10.1787/9789264247567-7-en,2f9612c18338e98d50823e4fea966f78,"As the formula already includes a weighting for teacher qualifications, on the grounds that schools with higher qualified teachers should not be penalised for having higher per teacher costs, so the same argument applies to higher per teacher costs due to experience, unless the data on years of teacher experience are difficult to collect. A further consideration that would militate against this proposal is if the Ministry of Education wishes to give schools a financial incentive to employ younger teachers, especially given the provision that retired teachers can continue in post without foregoing any pension. This would be contingent on regular school attendance and satisfactory progress. An example of such a grant is the United Kingdom’s Education Maintenance Allowance (replaced, in England, in 2011 by a 16-19 bursary scheme) (see NIDirect, 2014), which evaluation studies showed to be effective (Middleton et.",4,0,9,1.0
10.1787/9789264225442-30-en,f2e02bbfd9cb21b40b94baf865013410,"Enrolment in ECEC in Portugal is above the OECD average in 2012: 78% of 3-year-olds and 92% of 4-year-olds are enrolled at pre-primary level (compared to the OECD average of 70% for 3-year-olds and 82% for 4-year-olds), and enrolment is practically universal between ages 5 and 14. Education is compulsory from ages 6 to 18 in Portugal (two years more than the OECD average), with comprehensive schooling (the same curriculum for all students) until age 15. National data shows an increase of 33% in the inclusion in regular schools of students with special education needs (SEN) (2010/11). In PISA 2012, about 34.3% of 15-year-olds in Portugal had repeated at least one grade, compared to the OECD average of 12%.",4,1,10,0.8181818181818182
10.1787/9789264245891-5-en,1557cfac854b9d933379ade1c27831d5,The Executive Office of the President of the Republic of Kazakhstan plays an important role in the definition of education strategies and in the development of key initiatives while the Ministry of Education and Science concentrates on the design of policies to implement education strategies. Regions (oblasts) and districts (rayons) are responsible for the delivery of education services in schools. Primary and secondary education is compulsory in Kazakhstan and students are entitled to attend a public school free of charge.,4,0,4,1.0
10.1787/9789264245891-8-en,bc78e684406b36584d8b8b5cfdb81488,"The frequency and intensity of school-based professional development opportunities in Kazakhstan seems to be significant. School-based teacher professional development enables the improvement of teaching practices in view of meeting the school’s needs. Teachers are aware of the learning goals pursued by their colleagues and potential areas for collaboration (through joint work in methodological associations), and such joint efforts can contribute to establishing professional learning communities in schools. Teachers must develop competencies to work as a group, adding to the social asset of schools.",4,0,9,1.0
10.1787/5k3tsj67l226-en,8d0d2b3426648349e0e523e96596b2d2,"Enhancing the effectiveness of direct forms of higher education teaching is a key challenge for many institutions, especially since problem-based learning is not feasible in all circumstances. A number of teaching attributes such as organisation, expressiveness, enthusiasm and rapport/interaction have been found to have a positive relationship with indicators of student learning and student persistence. In reality there is no dichotomy between problem-based learning and “traditional” teaching and learning approaches -policymakers and practitioners would benefit from a better understanding about which specific practices are effective for fostering different skill sets.",4,0,9,1.0
10.1787/9789264285637-7-en,780747726ff6add20dd981b33d10907c,"According to these data, the teacher shortage index is 2.3 times higher in rural areas, and the index of quality of educational resources is 3.6 times worse in rural areas compared to urban areas (OECD, 2013b). Also, according to PISA 2015 data, the index of science-specific resources (resources for science such as laboratories and materials for science activities) is significantly lower for students in rural areas than students in urban areas (OECD, 2016b). When looking at time of instruction devoted to different subject areas, the main difference is in time spent in regular school lessons in science: 246 minutes in rural areas, in contrast with 298 minutes in urban areas (OECD, 2013b). In order to continue into upper secondary school, the majority of rural students need to change schools.",4,0,9,1.0
10.1787/9789264245891-5-en,363aa1e5b1f134d785d8d7b7fc4b244b,"Today, Kazakhstan continues to embark on profound reforms to improve the quality of the education system and is increasingly looking at international standards and best practices. The SPED further develops previously adopted strategies, such as the State Program for Education Development for 2005-10, the State Program for Technical and Vocational Education Development for 2008-12, the Children of Kazakhstan Program for 2007-11, and the Balapan Pre-primary Education Program for 2010-14. Other relevant challenges identified in other education levels relevant for schooling include the little access to pre-primary education, the mismatch between education supply and employers’ demand for qualified vocational and higher education graduates, the lack of a national qualifications system, and the disconnect between the content of school education and the content of higher education. This overall goal has been operationalised in 10 directions and 23 targets.",4,1,8,0.7777777777777778
10.1787/9789264088986-en,43d936c751755461dd1f07a87551490f,"The Technion, as a globally competitive technical university draws highly qualified students from throughout Israel and other countries, but also has a number of targeted initiatives at the secondary and pre-academic level for students in the Galilee, including Arab students (see Box 2.2.). The Tel Hai Academic College, which describes its role as a ""national college located in the region,"" has developed to a scale and a level of prestige that it now recruits substantially from the centre to the extent that 60% of its undergraduate academic students come from outside the Galilee. However, with the exception of Arab colleges, the enrolments remain largely Jewish.",4,0,3,1.0
10.1787/5jlwm62b3bvh-en,1e2c8f7ac600872bb21252fe6d652721,"This better captures the active involvement of the educator in their own learning (Stoll et al., As Easton (2008, p. 756) argues that “it is clearer today than ever that educators need to learn, and that’s why professional learning has replaced professional development. Educators must be knowledgeable and wise.",4,0,9,1.0
10.1787/9789264088986-en,10b7a334edad2a60966bee4139975272,"Where such support existed, it was fragmented with no real collaboration across higher education institutions in the region. The Higher Education Innovation Fund (HEIF) model in the UK could serve as a source of inspiration (see Chapter 5). A strategy with emphasis on endogenous development of traditional industry that is engaged in R&D would better serve the region.",4,0,4,1.0
10.1787/9789264277335-5-en,b18f08ec409586a3281a0d55cd5b2e6f,"It has been crucial in building one of the most stable democracies, most skills-based labour markets, and establishing the highest levels of well-being in Latin America. Education outcomes have stagnated in the last decade, and together with widening inequality and slow growth, this risks stalling the country’s future inclusive growth. This chapter provides an overview of how the education system in Costa Rica is organised and analyses the major trends in access, quality and equity. The final section examines the current governance and financing arrangements, and how they can be harnessed to steer the system to higher levels of performance.",4,0,9,1.0
10.1787/9789264119581-3-en,c45c91cc00f42b3fe55e0c93b1224aa1,"Schools developed a small resident training structure with focal teachers, who were the first to be trained and became responsible for replicating and disseminating the training in the school. Still, education colleges and university departments kept a role in monitoring and supervising the way the programme was carried out. Its focus on the school and classroom are most likely the key to its success.",4,0,3,1.0
10.1787/9789264116672-8-en,050be88d8cfabcfab1d849432ad0a6b5,"Leadership in particular, a key factor in school effectiveness, does not seem to figure strongly in evaluation frameworks. The Smarter Schools National Partnership “School Leadership Development Strategies” project being undertaken by AITSL aims to develop a national approach to enhance school leadership capacity. Typically a school review is followed by the formulation of recommendations for improvement which the school is supposed to implement following the preparation of an improvement plan. However, the Review Team formed the view that the degree of follow-up by school review authorities was variable, including within an educational jurisdiction, depending on the capacity of regional networks.",4,0,3,1.0
10.1787/9789264226470-8-en,dc832778cec996111fcc42b1de3c52d6,"Indeed, Tunisia’s employers have frequently complained about their very limited capacity to help shaping the content programmes (Chelbi and Ficatier, 2010). While sporadically employers work with the ministries in charge of VET, there are no systematic consultation mechanisms. For example, some sectoral branches are quite active in the skills system (electricity and electronics, tourism, construction, agriculture and fishery) but elsew'here engagement is w'eak (UTICA, 2012).",4,3,0,1.0
10.1787/9789264300002-6-en,e0bca86cfbb5b73b57f28b7c9e6fbebd,"Many of today’s curricula are designed to equip learners for a static world that no longer exists. Those types of curricula could be delivered with an industrial approach in hierarchical bureaucracies, they do not require teachers to have advanced professional insights into instructional design. But that is no longer good enough. Curricula now need to account for fast-moving flows of knowledge creation. Zero percent school autonomy has meant one hundred percent teacher isolation behind closed classroom doors.",4,0,9,1.0
10.1787/9789264084070-en,ddffe24a4a9b8c05cd33f8ebd62ce286,"The OECD review team was impressed by the professional commitment of the teachers in the schools it visited, but stakeholders reported that there were not enough resources to ensure teachers receive the necessary support and training. The context is also fast changing in many schools with growing and changing groups of students with immigrant backgrounds. They are therefore ill-prepared to address the needs of an increasingly diverse population. This saw the recruitment of many student teachers with immigrant backgrounds but either without a formal teachers' qualification or with a foreign teachers' qualification, but they are given opportunities (through a scholarship scheme) to obtain the Norwegian formal qualification.",4,0,4,1.0
10.1787/9789264088986-en,4eeee18e5d8a9518585f952b1f13be98,"Much depends on the higher education policy and regional strategy to mobilise higher education institutions and stakeholders. At the same time the capacity of the local economy needs to be improved so that it can absorb tertiary education graduates and new innovations. For this to happen, supportive policy instruments and incentives need to be put in place.",4,0,9,1.0
10.1787/9789264259119-7-en,0c8774c7dafc35bbb7cd7d13d96dd80b,"This chapter outlines the impact of Thailand's switch from a content-based curriculum to a modern standards-based approach in 2001 and its revision in 2008. This should be better communicated to schools and education staff supported in the implementation of curriculum reform. The content of each discipline or subject is traditionally described in terms of skills, knowledge and attitudes. More recently, other elements such as cross-curriculum themes, key competencies and values have been added to this simple subject-based paradigm.",4,0,9,1.0
10.18356/df7d93a1-en,a6db3f090516a9c7541ff0b3921996dd,"She is a lovely young girl, 15 years old and as any other young teenager, with her whole life in front of her. Kiswendsida is one of the young mothers we meet in this book. Against all odds - and thankfully due to the support from her grandmother - she managed to stay in school during her pregnancy and returned to school already a week after giving birth.",5,1,8,0.7777777777777778
10.1787/5js30tvj21hh-en,978ffc62c7081cf37b273820130ac298,"Annamaria Tuske is a statistician working on the India Desk. Mathilde Didier, Caio Guimaraes, Marie Rabate and Gen Tang are masters students at Paris ENSAE who prepared their thesis on this topic under Ms Sorsa's supervision. This working paper is based on material prepared for the 2014 OECD Economic Survey of India published in November 2014 under the authority of the Economic and Development Review Committee (EDRC).",5,8,1,0.7777777777777778
10.1787/9789264281318-5-en,363510e6fea3e7e8e06fb84439f5584f,"Sustainable Development Goal 5 (SDG5) recognises gender equality as a universal driver of sustainable development and asserts the need to accelerate efforts to end gender inequality. Agenda 2030’s universal scope applies to all countries - including OECD countries - and presents a sober reminder that all countries have a way to go to reach gender equality. Despite this positive trend, significant underinvestment persists in areas key to meeting the gender equality commitments of the Sustainable Development Goals, which include the economic and productive sectors.",5,0,10,1.0
10.1787/9789264259157-4-en,6a07e2321577daad8f72aa20c5715378,"How should this paid leave period be divided between the mother and the father?” Parents’ behaviour around the birth of a new child is important for determining later roles and responsibilities within a family (Baxter, 2008, Schober, 2013, Bames, 2015). Up to parenthood many couples share paid and unpaid work relatively equally. But upon birth of the first child couples often revert to traditional roles and even as children grow older mothers do not always return (fully) to the labour market.",5,0,9,1.0
10.1787/9789264279322-7-en,c1510c0a70e69fb157330502b704e0ff,"The Committee notes with concern that some States Parties, the constitutions of which guarantee equal rights, permit polygamous marriage in accordance with personal or customary law. This violates the constitutional rights of women, and breaches the provisions of article 5 (a) of the Convention.” Husbands who wish to marry another wife need to prove that their financial means are sufficient to maintain several marital homes at once.",5,1,8,0.7777777777777778
10.1787/eco/surveys-che-2013-5-en,e3dee98e1df7d872037c394313aa0123,"While any remaining gap has disappeared in education, Swiss women are overwhelmingly working part-time, in classical female occupations, and are significantly under-represented as managers, board members and entrepreneurs. Controlling for observable differences, the wage gap has fallen steadily albeit slowly as women’s wages have increased faster than men’s in all but one of the last five decades. The net wage gap now sits at about 7% in favour of men, which to some extent may be attributed to gender discrimination.",5,0,9,1.0
10.18356/df3c95f8-en,4ca7ee856680bcb5ff2bc0df6ea1a710,"According to data from 2010,21.3% of care workers had not completed primary school, 48.5% had not completed secondary school, 18.5% had a secondary-level education and only 11.7% had reached the tertiary level. In the rest of the employed population, 19.3% had not completed primary school and 38% had not completed secondary school, but 22.4% had completed their secondary-level education and 20.3% —almost double the figure for care workers— had a tertiary-level education (see figure III. In 2010, 85% of female domestic workers had an incomplete secondary' education or less (26.7% had not finished primary school), while only 26.8% of other care workers were in that position (5.3% had not completed primary school and 21.5% had not completed secondary school) (see figure III.14B).",5,0,3,1.0
10.1787/9789264259157-6-en,a4a86774e5f3fb7678323f6ff6c57613,"The chapter first introduces the issues and sets out the main findings, before examining policies in OECD countries that foster equal partnership in families and discussing how those policies differ in their approach and tools. Section 3 looks at how financial incentive structures embodied in tax/benefit systems may encourage both parents to work. Parental leave is a critical component of policies to reconcile work and family life and the main subject of the next section, which considers how reform in Germany has changed father’s and mother’s leave taking behaviour. Section 5 analyses the implications of a potential family working-time model. Such a scheme could foster gender equality, involve fathers more in child care and housework, and enable mothers to work full-time or longer part-time hours. The next section discusses the provision of early childhood education and care services and out-of-school-hours care.",5,1,8,0.7777777777777778
10.14217/967bd43c-en,8e8d71905946d26a75a928e1bc5523fe,"Formerly, Article 47 of the Law 27 of 2001 relating to the Rights and Protection of the Child against Violence defined ‘forced marriage’ as any marriage of a boy or girl of less than 21 years of age, and without his or her consent while ‘child marriage’ is ‘any conjugal living-together of a boy and a girl where one of the two or both of them are below the age provided for [in the Code Civil].’ Articles 48 and 49 of the law of 2001 relating to the rights and protection of the child were repealed by the law N° 54/2011 of 14/12/2011 on the Rights and Protection ofthe Child, which is in force today. Unfortunately, the new law does not define ‘forced marriage.’",5,1,8,0.7777777777777778
10.18356/0a98da25-en,a30b6361a534e57e6a534a7b71ef3c9a,"With regard to capabilities, SDG 4 advocates for the elimination of gender disparities in education and training and SDG 5 targets an end to violence, discrimination, and harmful practices, such as early and forced marriage as well as reproductive health and rights. Finally, women’s agency is linked to the target of effective participation in decision-making in the economic and political realm in SDG 5. Macrolevel policies coupled with gender job segregation have made it difficult for women in many countries to convert their greater productivity (related to higher educational attainment) into improved livelihoods, absolute and relative to men.",5,0,9,1.0
10.6027/9789289342698-7-en,b80fa7cebaf7e28c2406b13dc99f6a81,"Women's labour market participation is high and, despite a highly gender segregated labour market, women have broken down many walls within ""male"" jobs, though men have not to a similar extent sought employment in ""female"" jobs. Instead, these plans include specific initiatives towards the exact opposite: increasing the recruitment of women to ""male jobs"" (such as jobs within the police force). The proportion of male students on the nursing education is between 0% and 2% for each year group (Gislason 2011: 240-241).",5,0,9,1.0
10.1787/9789264214262-16-en,8ea738fb9d2438da3027bfb45a524920,"See the section on “Data Quality"" in Chapter 1 for a description of the quality criteria. First, however, to give an idea of how the position of both women and men has improved in absolute terms over the past 100 years, statistics on average women and men in the 1900s, 1950s and 2000s are provided in Figure 12.1. These estimates are population-weighted averages covering at least 40% of the world’s population, where missing countries are imputed to alleviate a bias against developing countries for which less statistical material is available. By the 1950s, however, she could expect to live 12 years longer and would marry just before her 20th birthday.",5,0,3,1.0
10.18356/5085bf5a-en,7b227134710251c7bed9f8d1fec1469f,"Eighteen countries in Africa, 12 in Asia, 8 in Latin America and the Caribbean and 8 in Oceania allowed abortion only to save a woman’s life. Both Governments in Northern America and 73 per cent of Governments in Europe allowed abortion on request. Among the countries that reduced the number of grounds, two countries (the Dominican Republic and Nicaragua) that previously allowed abortion to save a woman’s life no longer allowed it on any grounds.",5,0,9,1.0
10.18356/4b4d466d-en,096c10a176e2fd00fc9c9e6d53787dfc,"While many provide for gender equality, some specifically recognize women’s land, housing and property rights. 402).The 2008 Constitution of Ecuador, as amended in 2011, provides that ""the State shall guarantee equal rights and equal opportunity to men and women in access to property and decision-making in the management of their common marital estate"" (art. In Brazil, the 1988 Constitution and Law 8629 of 1993 state that both women and men, regardless of their marital status, can be allocated property rights or concessions under the agrarian reform, either individually or jointly.",5,0,9,1.0
10.1787/9789264281318-9-en,b866e02d19003f4b602c5a7f081452be,"Girls’ faith in their science abilities also seems to vary with the type of task they are asked to perform. Chapter 7 in this report discusses evidence on women’s under-representation in science, technology, engineering and mathematics (STEM) subjects and careers, and emphasises the importance of programmes aimed at challenging gender-stereotypical attitudes and expectations and at building girl’s self-confidence in STEM fields. Governments must also tackle discriminatory norms, attitudes and practices through, for example, gender-awareness training, media programmes, and the endorsement of girls’ education by community leaders.",5,0,10,1.0
10.1787/9789264213944-6-en,383cf9c7a31b9e716a61d0b4d72f9b59,"Gender inequality has been eliminated at some levels of education and in some countries there are now more women than men attending university. Even though women’s participation rate has been rising, far fewer women join the labour force than in other regions - fewer than one in three women - compared to 60% in OECD countries (see Figures 1.1, 1.2 and 1.3).",5,1,9,0.8
10.14217/9781848599451-24-en,3b551c48fa4c0c54577ebd483a7d4ccf,"This online conversation about getting more women into the political sphere enables ordinary citizens to participate in candidate nomination and election through a simple ‘type-and-click’ forum. Most importantly, it has removed a critical barrier to women’s participation in politics - lack of information and access to resources - and challenged a common perception that women’s exclusion from political office is acceptable and culturally appropriate.",5,0,9,1.0
10.18356/a2070b8a-en,8c004310d6a153318f124617a107d16b,"Domestic violence is generally thought to lessen, as women become more educated and empowered, especially as they gain greater rights to land and home ownership. Today, it remains a huge concern for many, many women - half or more of women in some societies. In 25 countries, women became a speaker or presiding officer of parliament for the first time in the last decade.",5,0,3,1.0
10.1787/9789264179073-7-en,1c0a40cb50f586f20aa7eea0056dcf39,"Its aim is to represent the interest of women entrepreneurs before national and international organisations and institutions, to reinforce the presence and representation of women within employer organisations and national chambers, and to promote women’s entrepreneurship and the advancement of women-owned enterprises by providing a supportive framework responsive to the specific needs for assistance, training and information for women entrepreneurs. It also showcases the accomplishments of women entrepreneurs and encourages women to consider entrepreneurship as a career option. An innovative way of promoting women-owned enterprises and their products is the CNFCE branding initiative to encourage women entrepreneurs to use the “Made in Tunisia by Women Entrepreneurs” label. Soon after the formation of the Council, the local chambers of commerce within the UAE, including Dubai and Abu Dhabi were encouraged to establish their own Businesswomen’s Committees.",5,1,8,0.7777777777777778
10.1787/9789264210745-6-en,82309fb0f5941f454ab6fcee97d34925,"The lack of monitoring mechanisms to evaluate the effect of gender equality initiatives was identified as a major barrier by over 30% of responding countries, and lack of gender analysis skills by almost 40% of respondents (see Figure 4.7). As such, building capacity in gender institutions and across the public sector in these areas appears to be critical to address the remaining equality gaps. These staff members are usually located in line ministries and agencies, and are mainly responsible for administering specific laws or regulations related to gender equality (64%), collecting data (64%), developing sectoral plans (64%), training (55%) and developing gender-sensitive personnel policies (50%). The gender unit serves as the focal point for ensuring that questions of gender equality and mainstreaming are brought to the executive table, and for supporting the executive in exercising its leadership on this issue.",5,0,9,1.0
10.18356/22d6eb9f-en,d1cb777cdb3fd30ab84132ee652829ff,"A deeper understanding of the challenges confronting 10 to 14-year-olds is urgently needed, and pregnancy prevention and support for very young adolescent mothers must be advanced to the top of the sexual and reproductive health and reproductive rights agenda of governments, development institutions and civil society. It is with this group that the greatest need lies and that the obstacles have been thus far insurmountable. But interventions at this critical stage of their development, characterized by profound physical, cognitive and social changes that occur in puberty, are needed to ensure girls’ safe and healthy transition through adolescence into adulthood.",5,1,8,0.7777777777777778
10.18356/9b4421ad-en,a29d9f729a7bc3b431df1c9927fefac2,"This is an important aspect of it, necessary for advocating for better rights and working conditions. On the other hand, scholarly research on migration and development has also focused on the agency of migrants, mostly through the glorification of the role of remittances for development. The policy field is populated by simplistic storylines (e.g., 'women remit more’, ‘women are agents of development’) that have very little to do with women's realities, aspirations and struggles in the Global South. While de-contextualizing and de-personalizing their experi-ences,such headlines also silence the global structural inequalities that are foregrounded by human rights-focused literature in the name of‘development’.",5,1,8,0.7777777777777778
10.18356/ab2e0473-en,87df8fcb13a3799313ba63bba534ecc8,"The ‘kafala’ system, whereby migrant workers' visas are sponsored by their employer, leaves female domestic labourers vulnerable to situations of exploitation and contract slavery, since their visa and continued presence in the country is subject to the will of their employer. A certain degree of cooperation between labour-sending and labour-receiving countries is also necessary. One milestone in this area was the adoption of the ILO Domestic Workers Convention No.",5,1,8,0.7777777777777778
10.18356/aeeac50e-en,085a2dd8a967f457ae3c327542155b71,"Each was responsible for producing thematic contributions for use in the synthesis report. An evaluation consultant supported the process by providing research, data collection and analysis, and synthesis of the report, and a part-time consultant assisted in data analysis. These data gathering and analysis strategies are described in more detail in Annex 5.",5,9,0,1.0
10.1787/9789264224636-8-en,7cc5a142d565c7f87a58f36f25460b52,"Gender-blind policies and public sendees are often based on information derived from men’s activities and/or the assumption that everyone affected by the policy (both women and men) has the same needs and interests. Because men and women will have different experiences due to societal structures, such as gender roles, access to resources and opportunities, equal treatment is often insufficient. Achieving gender equality, therefore, necessitates recognising differential impact.",5,0,3,1.0
10.18356/73d010ed-en,0adff779cb9e44e07e1a306772863123,"In addition, wage gaps widened and unemployment fell, indicating that opportunities for entering the workforce and for obtaining employment increased, but only in the case of part-time work. Thus, the results in terms of the feminization of the workforce are positive both for women entering the labour market and for economic growth, but entry and employment conditions may not be favourable for women, and widening gaps and shrinking average wages could impact growth in the short run. Foir a detailed explanation of the justification for using this model, see Martin (2008). Table 1 gives the results for the variables of interest when pooled ordinary least squares and intragroup fixed effect estimator regressions were run. The other variables are given in the detailed model set out in annex A3. The Arellano-Bond test for autocorrelation does not rule out the null hypothesis of the absence of this phenomenon for the second order difference equations, which justifies the use of moment instruments.",5,1,7,0.75
10.1787/soc/aag-2014-5-en,0c93c73446ed73ac0747adf84114f9b9,"Campaigning and raising awareness among young men and women, parents, teachers and employers about gender-stereotypical attitudes towards academic performances and the likely consequences of overall educational choices for employment and entrepreneurship opportunities, career progression and earnings. Encouraging more women who have completed STEM studies to pursue professional careers in these areas, for example by means of career counselling, adult education, internships, apprenticeships and targeted financial support. Designing tax-benefit systems so that both parents have broadly similar financial incentives to work. Securing availability of and access to affordable good-quality early childhood education and care as well as affordable long-term care for other dependants, including for example disabled children or elderly relatives.",5,0,10,1.0
10.18356/f5ce8f94-en,14847452990d13ab324d4a4bbdd830ef,"Additionally, many CT programs target women as the main beneficiary, thus potentially affecting power dynamics within the household. To model these power dynamics, economists use variants of non-unitary household bargaining models in which an increase in a woman’s income (either earned or unearned as with a CT), may decrease violence by improving her bargaining power within the household (Farmer & Tiefenthaler, 1997, Tauchen et al. However, variants of the bargaining model also predict that an increase in women’s resources may put a woman at increased risk of IPV if men feel threatened and use violence to reassert authority in the relationship (Eswaran & Malhotra, 2011).",5,1,8,0.7777777777777778
10.18356/4b4d466d-en,621cd0e365e6df5def4e2ef9ae054cfe,"It also recognizes and solicits the support of religious and cultural leaders to accept and implement measures designed to protect the rights of women and children (see also case study 4 on China and case study 6 on Rwanda). In Kenya, in the Ntutu case (2008), the High Court heard arguments by the sons of the deceased that Masai customary law of succession does not recognize the rights of daughters to inherit the estate oftheirfathers. However, in rendering its decision, the Court applied international human rights law, international covenants and treaties which had been ratified by Kenya, as well as previous case law.",5,1,8,0.7777777777777778
10.18356/b8ba274d-en,e5c8e54b488b08f6b2fa3753e6f61321,"Less complex but strategic interventions may also make a difference. These could include the provision of conditional cash transfers to girls to enable them to remain in school. But many of the measures to date have been primarily about changing the behaviour of the girl, failing to address underlying determinants and drivers, including gender inequality, poverty, sexual violence and coercion, child marriage, social pressures, exclusion from educational and job opportunities and negative attitudes and stereotypes about adolescent girls, as well as neglecting to take into account the role of boys and men.",5,0,9,1.0
10.1787/9789264259157-5-en,aafbc3ed42985d7b7467412dda8d352c,"Section 4 concerns itself with gender differences in unpaid household work and finds that German women still do more than men. Section 5 examines changes in attitudes to work-life balance and the roles of parents. Finally, Section 6 considers how the gendered distribution of paid work may affect growth in coming years. Overall, Germany has made great strides in improving the gendered distribution of paid and unpaid labour. There is still plenty of room for further progress, however. However, as cohabitation becomes more common, more and more children are growing up in households with two cohabiting parents.",5,0,10,1.0
10.18356/8cbd3f0d-en,d51fb851cc7a9a0a32764f15a75b46b8,"Bringing these experts together to discuss their suggested revisions in a group setting can be very beneficial in terms of developing consensus on the surveys content and approach to measurement. Cognitive tests thus provide a measure of the reliability and validity of questions and can help identify potential sources of measurement error. Cognitive testing can also help identify whether other aspects of the survey, such as the time required to complete the interview and safety measures that have been put in place, are feasible and acceptable to respondents. Typically, cognitive testing occurs in a laboratory setting with specially trained cognitive interviewers testing a small pool of participants, the number of participants can, however, be expanded according to available resources (UNODC and UNECE, 2010).",5,8,1,0.7777777777777778
10.18356/ab2e0473-en,db8e2c02d27144d20dc0fd5fecd3ba6c,"As can be seen in Figure 8, young women enter the labour market at lower rates than males. From ages 35 to 54, however, women’s participation undergoes a drop that is not seen in male participation rates. One possible explanation for this trend is that women tend to withdraw from the labour market upon getting married and having children, without re-entering the workforce afterward.",5,0,3,1.0
10.6027/9789289342698-7-en,5ada941ca6b388a1c3328d95d5f1429a,"However, this type of job will undoubtedly appear more attractive to men than to women, and Hovgaard discusses the implications of this in his article. In the Faroe Islands, 56 per cent of the working women work part-time"" (Haagensen 2014: 88). The large pay gap, however, cannot be explained solely by the large number of part time employments. Overall, Knudsen ascribes structural inequalities as a contributory factor to the large pay gap between men and women. She highlights the company Faroe Seafood which, in 2009, consisted of 900 employees, a vast majority of whom were women. However, in 2009, none of the five members of the company's top management were women (Knudsen 2009: 336, 338).",5,0,9,1.0
10.14217/a4d64314-en,8545dd89394c2e49203130873fc09d0d,"Rural women are at risk of gender-based violence because of traditional attitudes regarding the subordinate role of women that persist in many rural communities. Girls from rural communities are at special risk of violence and sexual exploitation when they leave the rural community to seek employment in towns. Compulsory sterilization or abortion adversely affects women’s physical and mental health, and infringes the right of women to decide on the number and spacing of their children.",5,0,9,1.0
10.18356/f3e7d816-en,a4bca8b5d5d47c0ad09e220841cdb960,"Violence against women is an obstacle to the achievement of the objectives of equality, development and peace (United Nations, 1996). Statistics on the prevalence of various types of violence, causes and consequences of violence and access by victims of violence to formal and informal support for can lead to better focused and more efficient preventive and intervention efforts. Gender statistics may be considered a field of statistics (see, for example, UNECE and World Bank Institute, 2010), however, the production of gender statistics should not be misunderstood as being limited to the compilation of sex-disaggregated statistics from various statistical fields and their dissemination in gender-focused publications, reports or databases.",5,0,9,1.0
10.18356/9b4421ad-en,29b29787b558969b4d8c8767ae294f1d,"I had completed 10 years of schooling, so I joined high school, which I have completed successfully. I am positive that with my work experience and qualification I can get a good job and provide a good future to my children.” As noted above, a symbolic capital of honour39 is attached to household ability to control women’s mobility: the higher the status of the household, the less the freedom to leave it and be seen outside alone. In Nepal, things are changing fast and women have always been involved in agriculture at the farmhouse level.",5,1,8,0.7777777777777778
10.18356/cb17bdad-en,a2d1082d61b0563369bf2d1b3c69bd9f,"The Maastricht Principles on Extraterritorial Obligations of States in the area of Economic, Social and Cultural Rights, drawn up by a group of independent human rights experts, might be of assistance to the committees in defining the global responsibilities of States in the area of economic and social rights. Concluding Observations United Kingdom Seventh Periodic Report."" Joint CEDAW-CRC General Recommendation/Comment on Harmful Practices."" As mentioned, the Special Rapporteur on water has noted that'while universality is about ensuring access for all, equality is about ""levelling up"" or working towards improving the quality and levels of service of groups that lag behind’.",5,3,0,1.0
10.1787/9789264265493-6-en,03c74d34b34c8afd7db7ba21e6004993,"Between 2005 and 2016, informality rates for women have fluctuated between a quarterly low of 56.2% and a high of 59.4%, while men’s rates have stayed in the range of 49.2% to 52%. Among informal workers, employers and wage workers tend to be better off, while own-account workers and domestic workers fare worse in terms of wages, job security, and social protection. Mexican women are far more likely to work in the second category than the first. While 48.8% of male workers (aged 15-64) in Mexico report never having paid any social security contributions in their productive lives, the figure is 64.6% among women (OECD estimates of ENIGH, 2014).",5,0,4,1.0
10.18356/9efca30c-en,9b55273411c72859a175d1ef76b309a7,"Finally, child marriage violates the right of girls to express their views regarding decisions that will shape the entire course of their lives. Many of these studies address the problem of child marriage in an international human rights framework, highlighting the grave economic, health, social, and psychological consequences that result when girls are forced to marry too young. The majority of this literature, however, is based on country-level research, mostly in sub-Saharan Africa and South Asia, where rates of child marriage are the highest. Syria: A Regional Crisis.”",5,0,9,1.0
10.1787/9789264210745-6-en,c4f235cae05e33403300f0f62902b172,"In this endeavour, it has also worked towards building healthy families and improving women’s health care. The Council is responsible for providing recommendations to the President on the effects of pending legislation and executive branch policy proposals, for suggesting changes to federal programs or policies to address issues of special importance to women and girls, for reviewing and recommending changes to policies that have a distinct impact on women in the federal workforce, and for assisting in the development of legislative and policy proposals of special importance to women and girls. The functions of the Council are advisory only.",5,1,8,0.7777777777777778
10.18356/e79e9221-en,52edfdce4a6595a13d3499bd8352004f,"It enhances girls’ social status, increases their bargaining power within marriage, increases their use of health services and enhances the health and survival of their children. Evidence also suggests that rights-based and gender-sensitive comprehensive sexuality education programmes can lead to greater gender equality. The Commission on Population and Development, in its resolutions 2009/1 and 2012/1, called on Governments to provide young people with comprehensive education on human sexuality, sexual and reproductive health, and gender equality to enable them to deal positively and responsibly with their sexuality.",5,0,3,1.0
10.18356/2e1a4924-en,f5e37f8df2b944d83bb4f0abd42bcabb,"Similar results arise with the Nopo decomposition, most of the motherhood wage penalty in the informal sector is unexplained, and when we add more characteristics to the match it is greater than the actual gap (A = -14.4% and A0 =-17.5%). Their vulnerability is observed not only in their wages, which are lower than formal-sector women’s, but also in a motherhood wage penalty that rises with the number of children and is greatest when children are young. Institutional labour market rules thus appear to be a crucial determinant of wages for women in Buenos Aires.",5,1,8,0.7777777777777778
10.18356/b620ec70-en,364fc5e898bd72b24cda966e28c570a7,"The Organization also suggests that the preparation of nursing trainers, service staff and other caregivers should be made a priority in community outreach in the area of elder health. Integrating providers of home-based care and other kinds of community-based caregivers who work with older persons into training processes would help to safeguard service quality and avoid risks (PAHO, 2012). As discussed in the chapter on this subject, this is a particularly urgent matter in the case of domestic service. Some countries, such as the Plurinational State of Bolivia, Costa Rica, Pern and Uruguay, have begun to bring the rights of domestic workers either partially or fully into line with those of other woikers and are setting up effective systems for enforcing labour laws and regulations.",5,4,0,1.0
10.18356/f3e7d816-en,34a60596f64e0723734228a27440a9e9,"In terms of policies, the change of focus from women to gender stemmed from a recognition that isolating women’s concerns from mainstream development policies and strategies limits the impact of such policies and strategies whereas paying more attention to the roles and responsibilities of both women and men and their interrelationships can make policies and strategies more effective. Gender statistics are about everybody, women and men. The production of gender statistics has the role of informing the public and the media, raising consciousness, encouraging public debate and promoting change in society. The dissemination of gender statistics to a large audience is crucial in reducing both gender stereotypes and the misrepresentation of the roles of women and men and their contribution to society and in promoting a new gender balance in the distribution of roles within the family, at the workplace and in positions of decision-making.",5,0,3,1.0
10.1787/9789264213944-8-en,e9d001d2bdae75c1dc16fb1264148f35,"They like to diversify their portfolios and SMEs offer a large and diversified base of customers. This helps in the overall risk management of the lending portfolio. In 2010, it signed a memorandum of understanding with the UAE Ministiy of Economy, committing USD 100 million towards SMEs and extended it to a further USD 100 million this year. Another UAE bank, Mashreq Bank, offers a free business account with no minimum balance, business credit and debit cards, access to its internet banking service for businesses and a dedicated relationship manager.",5,3,0,1.0
10.1787/9789264279322-7-en,02a639d6b9385cfec833c9a73f0df4fd,"For example, a divorce may affect her housing. If a couple has children, the mother will in principle be able to live with them in the home for the time of the custody. Under Tunisia’s personal status code, the father grants the residence of the custodial mother.68 If the woman has no children or is not the custodian, however, she may have to return to her parents’ home if she does not have sufficient financial means to pay for her own housing.",5,1,8,0.7777777777777778
10.1787/9789264179370-6-en,2ee8f390b5228c85d0947a5639430eb6,"Klein and Wayman (2008) and Bauer (2011) found that training programmes improve both the economic and non-economic lives of women who own small and micro businesses. International networks, such as the World Association of Women Entrepreneurs (FCEM), have the potential for transferring knowledge and experience between North and South, and East and West. Finally, many top performing women entrepreneurs in growth-oriented firms have senior management experience in corporations, where they gained experience in leadership and acquired access to valuable networks.",5,0,9,1.0
10.18356/74479ade-en,af5e30354e6da98e4f534d30301354dd,"All efforts should be made to include key gender issues in the report itself, as well as in its summary. Moreover, considering that the report is likely to serve as the basis for follow-up actions, this gender-specific analysis is instrumental in supporting efforts and tailored initiatives aimed at promoting victims' access to justice and effective remedies. This would include the establishment of special protection units and gender desks in police stations, etc., See Guidance Noleof ttaSecTeiaryGeneral' Reparations (or Conflict-related Sexual Violence, June 2014.",5,0,9,1.0
10.18356/194768b3-en,4ee26b0e38beca667df7558683697a9d,"Care should also be taken to expand partnerships with gender-aware and women’s rights organizations at the global, regional and country levels. Pathways to achieving gender results are complex and depend on a variety of institutional and contextual factors. The evaluation learned that demonstrating a direct correlation between UNDP institutional reforms and development results was challenging for a number of reasons. Data constraints posed a key problem, but the far more important factor was the complexity of gender programming.",5,0,5,1.0
10.18356/32ea1505-en,65e402d6bb052147abec7ccb400187ab,"In Ethiopia, Malawi, Uganda and United Republic of Tanzania, for example, female farmers deploy fewer male household labourers than do male-managed farms (World Bank and ONE, 2014). They are less likely to own cell phones than men, and are at a particular disadvantage in accessing ICTs where they are available, they may be prevented by cultural attitudes from using rural access points frequented by men, and their ability to upgrade their skills is impaired by more limited literacy and educational attainment, as well as time and mobility constraints. These gender differences may reduce female farmers' access to more lucrative markets, by limiting their access to market information or their ability to transport inputs and farm produce.",5,1,8,0.7777777777777778
10.18356/8b5b7646-en,cbe1a97993e14a9b55f1e46e256a67d4,"She comes from a long line of strong, well educated women, who have always played a prominent role in making decisions on the family farm. So when she decided to investigate using ICTs to streamline the management of her own organic farm, she had no hesitation in taking a step that might be viewed with misgivings by some of her neighbours. Gender and ICT: a good mix. Officials at the company that sold her the farm management software programme were themselves surprised to be approached by a woman, especially one so adamant about the kind of ICTs she wanted to use, and the benefits she expected to see.",5,1,8,0.7777777777777778
10.18356/9efca30c-en,bea36ce3501b95ce6993ac1113aeb19d,"As such, there is a need for a thorough qualitative, comprehensive, informant-based analysis with long-term policy implications that covers the Arab countries from a regional perspective. This study attempts to fill this gap, both by shedding light on the structural and contextual conditions that allow for the occurrence of child marriage in the region in times of ‘peace’ as well as in the context of humanitarian crises, and by exploring the consequences of child marriage for girls in both conflict and post-conflict settings. The study attempts to distinguish between, on the one hand, structural determinants of child marriage that have long been present in many Arab countries, such as embedded gender imbalances and institutionalized inequalities, and, on the other hand, contextual determinants of child marriage that result from situations of displacement, conflict, and instability compounded by extreme poverty. The overall aim is to strengthen the capacities of Arab policymakers and advocacy groups to prevent, protect from, and respond to child marriage as a form of Gender Based Violence (GBV)19 and as a human rights violation.",5,0,5,1.0
10.18356/3615596e-en,6be8e9033e4c1e2dbe0055171e3fa6ac,"It can be seen that there are none for reserved seats, but that there are for the number of female candidates. Columbia has gone furthest, establishing that at least 30% of posts at the highest decision-making level and at other decision-making levels in the public administration must be held by women (Law 581 of 2000). Why should there be a particular interest in studying and understanding female enterprise, though?",5,1,8,0.7777777777777778
10.14217/9781848591677-5-en,702773ede3b42d52fe127c3441d83798,"In 2012, 32 per cent of Members of Parliament were female, compared with 13 per cent in 1984. In the early twenty-first century women have held each of the country7s key constitutional positions: prime minister, governor-general, speaker of the House of Representatives, attorney-general and chief justice. It will further examine the contribution, status and role of women after a period of extensive social and political change in New Zealand, and how this has translated into women's voting and representation, women's role in conflict and co-operation, participation and protest, equal access to power, institutional culture and feminism.",5,0,9,1.0
10.18356/0c0a8ef8-en,e641fb9996bc2cda9ca07232e019c81a,"According to data from the Economic Commission for Latin America and the Caribbean (ECLAC) based on time-use surveys, women perform between 71% and 86% of all unpaid work needed by households (ECLAC, 2016b, p. 62). Moreover, between 12% and 66% of women between the ages of 20 and 59 years in Uruguay and El Salvador, respectively, are out of the labour market for family reasons (ECLAC, 2016b, p. 60). First, those who require care should receive it through quality services, access to care in the market should not intensify poverty in the home, and care work should not create barriers to education and employment under equal conditions between men and women.",5,0,9,1.0
10.18356/6f7c638a-en,c8772b0d66ab1665146d818b66389972,"This knowledge should guide policies and regulations relating to employment in domestic services, one of the main sectors providing paid employment to women in the region, and to employment in public and private service sectors that currently address only a small percentage of the total demand for care in the society. With a view to overcoming inequalities and ensuring decent, protected and inclusive work, there is a need for comprehensive and coordinated policies on shared responsibility and employment (ILO/UNDP 2009, Cecchini and Rico, 2015). Moreover, the overburden of unpaid work on women affects their economic autonomy by limiting their participation in the labour market. This reduces their ability to generate their own income and restricts their access to social security, which is strongly linked to formal employment in the region.",5,1,8,0.7777777777777778
10.14217/967bd43c-en,53e5136677c1b6368ebc46b91c4fe1a3,"Further ‘no person shall subject a child to female circumcision, early marriage or other cultural rites, customs or traditional practices that are likely to negatively affect the child’s life, health, social welfare, dignity or physical or psychological development.’ Trafficking in persons is committed when a person aims to exploit by coercion, fraud, deception, abuse of power, or bribery. In Rwanda, the laws on CEFM comprehensively protects the rights of the child. Rwanda has ratified almost all international conventions relating to the promotion and protection of child rights including the UN Convention on the Rights of the Child (CRC) and its additional protocols, the Convention on the protection of children and cooperation in respect of inter country adoption, as well as the African Charter of the Rights and Welfare of the Child (ACRWC).",5,0,3,1.0
10.1787/9789264179370-6-en,4a70659a5ed8d67f1be26647016abaf8,"An alternative reason is that African women entrepreneurs generally rely on smaller business networks and might have greater difficulty in dealing with bank officials. One indication of the networking disadvantage women face as entrepreneurs is the fact that only 2.5% of African female-owned firms have suppliers who offer them credit or customers who pay advances (versus 5.2% of men-owned firms). Data on micro-enterprises (less than 15 employees) in Brazil, Mexico and South Africa show that the great majority of business owners did not use loans to start up, but relied entirely on their own funds and on support from family and friends (Figure 27.3, Panel A).",5,0,9,1.0
10.18356/edf15661-en,f6a6afdc1148dc1f6dc55d61fdb43c1f,"In the opinion of the court, the defendant—the university administrative body—had set the minimum average for acceptance by the Department of Medicine at 2,080 for Kuwaiti males and 3,020 for Kuwaiti females, although the two groups were in the same legal position of having passed the foundation year at the Center of Medical Sciences. Considering this to be in violation of the principle of equality stipulated in Article 29 of the Constitution, the court voided the acceptance policy based on gender discrimination. Except for tertiary education, educational attainment among women has been expanding since 1970.",5,0,9,1.0
10.1787/soc/aag-2014-5-en,83b9fb387c663c11c1185d0d29a06190,"In 2012 the number of women in ministerial positions and in parliament was higher in the OECD on average than in Asia/Pacific economies. Across the board, New Zealand consistently performs better than its OECD peers. In recent history, Indira Ghandi (prime minister of India from 1966 to 1977 and again in 1984) is arguably the most famous female Asian leader.",5,0,9,1.0
10.18356/8cbd3f0d-en,d9c11f3269dcd882693d515b25ca5835,"Introductory questions should be easy and pleasant to answer, spark the respondents interest in participating and begin to open communication between the interviewer and the respondent. These principles are particularly important for surveys on violence against women, since they contain topics that can cause embarrassment, shame and fear and which respondents would often prefer to keep private. The sequence of questions is therefore critical in terms of preparing respondents for the questions to come and ensuring that respondents are oriented towards thinking about and disclosing their experiences.",5,1,8,0.7777777777777778
10.1787/9789264179370-4-en,5ee11667bec55b9f0ee7f56e476b2999,"Yet girls are still far less likely than boys to choose scientific and technological fields of study. This section looks at gender gaps in school enrolment rates, educational attainment and policies to address these gaps, including the role of aid in improving gender equality in education in developing countries. It examines gender differences in performance and attitudes in reading and maths, and the reasons why despite good performance women find it harder in many developing countries to find a job on leaving school.",5,0,9,1.0
10.1787/9789264213944-7-en,3733efa9c05385caa8f244a4d8f8bd85,"The diagnostic also provided the baseline for the eventual evaluation of the impact of the EntreElles interventions. By the end of 2013, three cycles of the programme had been delivered to a total of 160 women entrepreneurs. However, after the women entrepreneurs were trained, they often reported difficulty in accessing financing. One of the barriers was their lack of know-how in developing bankable proposals and presenting these to banks. In partnership with GIZ and AFEM, they also produced small films of women’s success stories to provide role-models to others and produced a Toolkit for Women’s Entrepreneurship (“Entrepreneurial feminin au Maroc: Boite a outils de la femme entrepreneur”, GTZ and ANPME). By 2012, women accounted for 9.4% of Moussanada clients, 7% of clients in the Infitah programme targeting the acceleration of digital technology use among SMEs with revenues of less than MAD 3 million, 8.8% of Imtiaz clients (supporting businesses with high growth potential that do not need consultancy assistance but require equity to enable further growth), and 4.6% of Inmaa clients, an extensive programme to assist SMEs in their transformation into “lean” production systems and more efficient work organisations.",5,0,9,1.0
10.1787/9789264279322-7-en,80e2570fc467041584b7f4740a41d75b,"Both spouses are responsible for managing the family and bringing up the children, and a wife with financial resources must contribute towards providing for the needs of the family. Any agreement to the contrary' is deemed null and void. Article 23 of the 1956 Tunisian Personal Status Law as amended in 1993. Article 4 of the 2004 Moroccan Family Law. Article 51 of the 2004 Moroccan Family Law.",5,0,9,1.0
10.1787/9789264265493-9-en,a0447da630931842ddef6558a1e40118,"The combined talents and perspectives of both men and women yield a better, more comprehensive understanding of society' at large, which in turn improves the quality of policies and delivery of public services. Accordingly, there is mounting awareness in Mexico of the benefits that accrue from the equal participation of women and men in public decision making - in Congress, the political executive, the judiciary and across federal and state public administration. They have introduced almost 85% of all the proposals that have come before the Gender Equality' Committee in the Chamber of Deputies1 since the LXIII Legislature of the Mexican Congress opened in September 2016.",5,0,9,1.0
10.1787/9789264281318-25-en,e9a2a908a170492409e71d11be7abba6,"Women also make up the bulk of the workforce in the formal health care sector (Box 22.1). People caring for their children, step-children, nieces or nephews are excluded. Public spending on long-term care is used as a proxy for social protection: >1% of GDP = “low social protection”, 1-2% GDP = “medium”, >2% GDP = “high”.",5,0,9,1.0
10.18356/70095f8a-en,e0ecc9c2b3e1c967e9ccf2f4e9b351f5,"The objective is to understand and explain why this occurs and then react to it. Thus, the concept of missing women relates to the female population that could be expected if men and women received similar care in health, medicine and nutrition. In short, this concept represents the deficit of women and girls who have died prematurely compared to a benchmark population distribution.",5,0,3,1.0
10.1787/9789264281318-9-en,a38194dfcfe85e6f8015281febd22fd7,"By 2014, gender parity in access to primary, lower secondary and upper-secondary school had been achieved, on average, across the globe (UNESCO, 2016). In North Africa, for example, just 95 girls are enrolled in primary school for every 100 boys and, in sub-Saharan Africa, the ratio is 93/100. As for secondary schools, gender disparities are more widespread.",5,0,9,1.0
10.1787/9789264213944-8-en,b36f1ed507530342760a58bf54cda9eb,"It represents a safety cushion for the company’s creditors, as w'ell as a skilled resource for the company itself. Each new' partner can add key strategic contributions. Its profits increase its equity whereas its losses decrease it. If losses become too large, the equity of the enterprise can turn negative. Such a situation is dangerous for the business because its stable jobs are no longer backed by stable resources. Selling the assets at their balance sheet value will not be enough to repay the debt.",5,6,0,1.0
10.1787/9789264027862-12-en,d09f2b1be4cc948a7be29f815c3a7ef5,"Is in-depth training on specific gender issues - such as interviewing victims of sexual violence or recruiting women from minority groups - being provided to necessary personnel? • Do they include female stakeholders such as women's organisations? • If not, how could they be engaged to support gender initiatives? •",5,0,9,1.0
10.1787/9789264259157-7-en,1d1c91ed35ef8df025070af3e0503d22,"With national data from 18 OECD countries between 1980 and 2007, Thevenon (2013,2015) analyses how aggregate levels of female labour force participation respond to policies that support the work-life balance. The analysis takes in variables on paid leave (public spending and duration), child care serv ices for children under the age of 3 (public spending and enrolment rates), public expenditure on other family benefits, and financial incentives to work (such as tax incentives that encourage both partners in couple families to go out to work). The results reveal, in particular, that expansions in child care service provisions significantly boost women’s labour market participation and exert a greater positive influence on female employment than variations in the weeks of paid leave. Child care provision for the under 3s doubled, on average, betw’eenthe mid-1990s and the late 2000s, producing an estimated 2.5 percentage point increase in the employment rates of 25-to-54 year-old women - a quarter of the total increase between 1995 and 2008.",5,1,8,0.7777777777777778
10.18356/73d010ed-en,19fad5490453d329ac254f20122175f8,"See Berger and Szretter (2002). The women in this segment of the workforce are also employed under more flexible conditions, although not generally under the modality of ""on call"" workers (as is the case with men), and their employment also exhibits a greater degree of elasticity. Since unpaid domestic work generates a ""savings"" for the economy, the feminization of the workforce can have a negative effect if that savings is reduced (by paying for domestic work via private services or public services funded out of the government budget, since part of the value that domestic and care work transfers to the economy at no cost will no longer be channeled into the economic circuit but will instead increase the total wage bill).",5,0,9,1.0
10.18356/dd8bb873-en,3b40e8d265f83efc4eacbe8c12797473,"Instead, it is an inquiry into the extent to which the strategy played a role in guiding the institutional and development contributions that UNDP made to gender equality and women’s empowerment during implementation of the Strategic Plan, 2008-2013. What is the value added by UNDP in promoting gender equality and women’s empowerment results? How effective has UNDP been in building in-house gender equality capacity and accountability frameworks? To what extent is gender equality a priority in the culture and leadership of the organization? What are the key factors contributing to successful gender equality and women’s empowerment results?",5,0,9,1.0
10.18356/5be883c5-en,044a7b51797ada796064f1c411469fca,"All other data is from CEPALSTAT database unless otherwise indicated. Women have high labour force participation rates and their work is concentrated in the agricultural sector - even more so than men's. Almost all of this work is informal, with women participating in production most often as smallholders, causal wage workers or contributing family workers (UNRISD 201 o).",5,0,4,1.0
10.1787/9789264259157-9-en,dff4829e3e5570e4a0cffe6d01f2fdb3,"Section 3 then goes on to consider the discrepancy between mothers ’ desire for children and their childlessness, which is much higher in Germany than in France. Again policy is a critical determinant, though Germany’s more traditional perceptions of gender roles also have a part to play. Section 4 stresses how couples ’ levels of educational attainment, earnings and length of working hours affect fertility.",5,0,9,1.0
10.1787/9789264214262-16-en,fe9143a188f1b78eedbba8eccb1ad87e,"Taking the logarithm of GDP per capita can often capture this relationship well. The ratio of female to male members of parliament is the one exception and is characterised by a linear relationship with GDP per capita. Although we still live in a world where women are, on average, disadvantaged relative to men, the situation seems to have improved in the second half of the 20th century, especially from the 1980s onwards.",5,0,9,1.0
10.18356/6f7c638a-en,ae3d99dad941bde5e3b0473fe5645ee0,"Studies have been carried out in the region that show deficiencies in pension and retirement benefit coverage that have a larger impact on women, who receive roughly 20% less than men, on average (Marco, 2016, CEPAL, 2016a). In recent years, time has become the subject of study as a measure of well-being: the problem of poverty has been analysed from various unconventional perspectives and a vicious circle involving poverty and time spent on unpaid work has been revealed (Vaca-Trigo, 2015, CEPAL, 2016a). Hence, in order to achieve sustainable development, it is important to consider this dimension when designing public policies. As shown in figure IV.11, poor women receiving transfers in both countries spend more hours per week on unpaid domestic and care work.",5,0,4,1.0
10.18356/ae512255-en,91af182e6dac51dbcd3f9977cede9f5f,"Data for the period 1980-2004 for nine OECD countries showed weak evidence of employment impacts in changes in short-term interest rates in the countries studied, with no gender-differentiated employment impacts (Takhtamanova and Sierminska, 2009). A study of 51 “inflation reducing episodes” between 1970 and 2003 in 17 low- and middle-income countries found that there were contractions in total employment growth rates in 71 per cent of cases and that women’s employment was adversely affected relative to men’s employment in the majority of those contractionary episodes (ibid.). Where inflation-reducing episodes were accompanied by an expansion in employment, there was no gender-specific impact. Inflation reduction was most likely to lead to a contraction in employment, with adverse effects on women, when central banks responded to inflationary pressure by raising real interest rates above their long term trend. Maintaining a competitive exchange rate also helped to counter the negative impact on women’s employment during periods of contraction (ibid.). Women smallholder farmers and small- and medium-scale entrepreneurs in rural areas are among those who have been deprived of access to credit.",5,1,8,0.7777777777777778
10.18356/8b5b7646-en,728391cd42705de72f9c9a41d503d3e9,"Women did not only learn how to use a computer, but also how to maintain one and process data. The association also developed a website that enabled women members to improve their marketing and sales skills. The website has proved important in enabling women to reach out with their products beyond the local market.",5,0,9,1.0
10.1787/9789264224636-8-en,581331fa531e231af8d7d1638da2ca75,"Other countries may be carrying out gender mainstreaming activities without a specific strategy. Although many countries employ some form of gender mainstreaming, according to the OECD Survey on National Gender Frameworks, Public Policies and Leadership, only a few MENA countries (e.g. the Palestinian Authority) take active steps to systematically integrate gender equality considerations in the design, implementation and monitoring of policies, programmes and laws. Since then, Sweden has consolidated its gender mainstreaming strategy, which aims at achieving equal opportunities, rights and responsibilities for women and men, progressively into all policy areas.",5,0,9,1.0
10.18356/d37abdcf-en,2c84a907afff6c77ad37fb5f99e6d4a2,"In learning about their rights and active citizenship, girls can bring fresh perspectives to family and school issues, and even to the development of their communities (UNICEF, 2011). School speaking or debate clubs, community forums with space reserved for girls to voice their ideas, and youth parliaments that include younger age cohorts are among the options. Processes to foster participation need to be carefully managed, however, since many end up dominated by adults, and even among young adolescents, girls are already likely to be more reticent than boys. One essential protection from these risks is as simple as a birth certificate.",5,0,8,1.0
10.18356/5be883c5-en,eb2cbff11e4bd2ff8b86979586b87618,"Her intent was to emphasize women's increasing responsibility for maintaining their families’ well-being, and women's lack of choice in doing so, an apt reflection of the increasing share of reproductive and economic responsibilities borne by women in the low road case. Parallel to the high road regime, the contributing factors of the low road regime are associated with the type of gender system that leads to a feminization of responsibility and obligation: low wages for women as reflected in a large gender wage gap, little support from men or the state in carrying out social reproduction, and limited markets for care commodities that, when they do exist, are characterized by low pay and poor quality output. Table 2-2 summarizes the main features of the low and high road supply regimes. In this discussion we focus on caring for children, but many of our points can be extended to caring for the elderly, sick and disabled.",5,0,3,1.0
10.18356/3ed7e08c-en,c3c593e94ebae157023b974e60a4406b,"They rarely enforce their posturing on women’s inclusion when it comes to negotiations in reality. For instance, in her discussion of the Taef Agreement (1989) in Lebanon, Kari Karame (Chapter 12) notes that even though the negotiation of the agreement was supported by the United Nations and the United States, only men were invited to the negotiation table. As Vanessa Farr shows in Chapter 11, more than 20 years later, “Contrary to the clear directives given in SCR 1325 to include women in all aspects of decision-making in a conflict zone, Palestinian women are routinely excluded from all high-level negotiations on the Israel-Palestine question - by Palestinian males, the state of Israel and the international community.”",5,0,9,1.0
10.18356/1d2cdffa-en,9905501280e881489e0785c684968f77,"A basic descriptive analysis of data involves the calculation of simple measures of composition and the distribution of variables by sex, and for each sex, that facilitate straightforward gender-focused comparisons between different groups of population. Depending upon the type of data, these measures may be proportions, rates, ratios or averages, for example. Furthermore, when necessary, such as in the case of sample surveys, measures of association between variables can be used to decide whether the differences observed for women and men are statistically significant or not. Percentages, ratios, rates or averages are the basis for the calculation of gender indicators.",5,0,9,1.0
10.18356/bfebcb08-en,b241863c27cc09b30f2a0563438a74e7,"If we close the gaps, we fulfil a moral obligation to uphold human rights, and we will all reap the benefits of a more equal world. It will be more just, stable, prosperous and sustainable—one that we will want to leave to future generations. Among these are measures to realize reproductive rights and gender equality, with a particular and urgent emphasis on reaching people ranked among the poorest 40 per cent—the furthest behind. The 2030 Agenda for Sustainable Development offers a foundation to guide progress, as do other core international commitments, such as the Programme of Action of the International Conference on Population and Development, which guides the work of UNFPA.",5,0,3,1.0
10.18356/051b4d3b-en,7e1219035cdaa3c27950310d6170fed9,"About three quarters of women workers with graduate and above qualifications are in regular wage employment. Better education is thus a crucial factor for getting regular jobs. In 2011-2012, about two thirds of male SC workers were wage workers and among them about three quarters were casual workers (Table 7-5). Even among women workers, the largest percentage of wage workers was among SCs.",5,1,8,0.7777777777777778
10.18356/2c8682bc-en,a997c63beeddcc950d45a5f93f30bb16,"Here again, the debate is open. Mention may be made here of at least three implications. From the earliest proposal to institute a family wage to the extreme of calling for the implementation of a “housewife’s wage”, the debate is wide-ranging, controversial and ongoing. Recently, as a consequence of the momentum the subject has been building up in the public policy debate, some countries have incorporated components into social security reforms that seek, not necessarily to remunerate unpaid care work, but to compensate women for the income they forfeit over the life cycle by taking on these responsibilities.",5,0,3,1.0
10.18356/27e660be-en,87b6fbb05abc8796e508600096a1c078,"Educational gaps overlap with the leadership gap in part because the pool of women in science and technical fields is limited and not growing. There can be no doubt that SECURICO has developed into a world-class security services organization recognized for its ISO certifications and industry awards, more than 20 in over a decade. In 2013, Divine was voted African Woman of the Year and also won the 1st Runner-Up UNCTAD Empretec Women in Business Award.",5,0,9,1.0
10.1787/5jm0xdx0b06g-en,b346295c299ff901f66eb42b46e603fb,"Another bill, Proyecto de ley sobre partidos politicos, introduces quotas for women. It provides that for internal party elections candidates must respect gender balance where no sex should be represented in more than 60%. It also proposes mandatory participation of women in party relevant directives in order to achieve gender parity.",5,1,8,0.7777777777777778
10.18356/4a593aa3-en,97ed82f6e589507c1c21fc58835479e0,"It calls upon States parties to take all necessary action, including legislation, to specify a minimum age of marriage (article 16(2)). The Committee recommends that States parties take effective legal measures, including penal sanctions, civil remedies and compensatory provisions, to protect women against all kinds of violence. It specifically recommends that legislation remove the defence of honour in regard to the assault or murder of a female family member.",5,0,9,1.0
10.18356/8146c4ff-en,a65e780431b723ace52f76dcb4b76bc0,"Yeah, so he got the money from them [Centre Link]. I didn't get paid when I was in there [in Ethiopia].” But she recalls that it has been very difficult, particularly when her second son was born,as she was at University taking a degree in film-making and had to balance childcare with study. Her mother was back in Ethiopia and both her sisters were also studying, so she needed to send the children to childcare five days a week.",5,1,8,0.7777777777777778
10.6027/9789289329316-6-en,fd4f340895667701680f215d4ffac1d5,"A Norwegian study has investigated the mobility pattern of doctoral students. According to this study, there are few gender differences in the international mobility of this group or among male and female students with caregiving duties (see SIU 2011). Today all of the Nordic countries are expected to adopt gender mainstreaming as an overall gender equality strategy.",5,1,8,0.7777777777777778
10.18356/0a98da25-en,1cc003ae843e77cd4ece2d35794996fb,"Second, well-targeted investment can be anti-inflationary if it addresses supply bottlenecks that drive up prices. To discuss the potential to address gender inequality, it is useful to divide public investment into two subcategories: physical infrastructure investment and social infrastructure investment. 2010).Targeted investments can reduce women's unpaid labour burden, freeing up time to spend in remunerative labour activities, with benefits for gender equality and intrahousehold bargaining power (Chiappori and Meghir 2014, Johnston et al. Children’s well-being and economy-wide long-run productivity growth also benefit. In economies at all levels of development, transportation improvements reduce the time women spend in marketing goods and in provisioning for households. They also enhance women’s ability to access services and labour markets.",5,1,8,0.7777777777777778
10.1787/9789264224636-7-en,53292b691154a5eaeec700e07bb19dfb,"The participating departments include Canada Mortgage and Housing Corporation, Citizenship and Immigration Canada, Department of Justice Canada. Department of Canadian Heritage, Public Health Agency of Canada, Royal Canadian Mounted Police, Statistics Canada and Status of Women Canada. Violence prevention is also integrated into the activities of Aboriginal Affairs and Northern Development Canada, Correctional Service Canada, Department of National Defence, Health Canada, Employment and Skills Development Canada, Public Safety Canada and Service Canada.",5,8,1,0.7777777777777778
10.18356/49f729e3-en,46ecbe1f5847417f3c45d35e49e2075d,"The 2006 evaluation found that “much of the information about UNDP resource allocation to gender is missing, incomplete or inconsistent. There is no accurate way to estimate exact expenditures on programmes which pay attention to gender mainstreaming”. In 2011, the midterm review also concluded that “UNDP should demonstrate its commitment through allocation of adequate resources from its core budget and better track resources for gender mainstreaming.”",5,1,8,0.7777777777777778
10.1787/hemp-22-5kmd4hr1z1r3,90bf66893804ddd9d51c3dba9ad767a3,"A neutral option was consciously avoided. The instrument was piloted on samples in the United Kingdom and Germany similar to the target sample for the main study, using people in a variety of academic positions from fixed-term staff to deans and heads of departments. The types of institutions chosen were full universities in Germany and pre-1992 universities in the United Kingdom.",5,6,0,1.0
10.1787/9789264224636-11-en,21e01d23a77cf0f55ac046c4ab3b57a2,"It would be important to recognise various forms of human trafficking as a separate offense in the penal codes of MENA countries. However, some countries have taken appropriate measures to overcome gender-based violence. Other MENA countries have abolished legal provisions offering a pardon to the abductor who marries his victim (Egypt).",5,1,8,0.7777777777777778
10.18356/2faee448-en,1c810e23b685558db80adce225204fa8,"Partnerships among the governments, civil society and private sector should be enhanced to promote gender equality. The NGO-IRENE/Asia-Pacific, as a network having effectively operated for five years, should be encouraged to strengthen its role as a platform to coordinate and assist both regional and national NGOs to move further toward gender equality and help the implementation of Goal 3 as well as other MDGs. The stereotypical attitudes and behavior toward women and girls should be changed, and men should be encouraged to bear equal responsibilities with women in areas such as domestic and caring work,",5,0,9,1.0
10.14217/9781848599451-9-en,2f0a4d94f586b7cb8d31481a0c2acf59,"This is demonstrated in the science, technology, education and mathematics (STEM) industries, where women make up only 13 per cent of engineering and 18 per cent of technology placements at universities, yet hold 89 per cent of nursing and 85 per cent of education positions (WBC 2013a). The WBC has also created tools and resources to counteract some of these discriminatory practices. For example, the WBC website provides different interventions that have been used in order to support young girls in broadening their career goals and challenging gender biases that keep them from STEM activities.",5,0,9,1.0
10.18356/fa8ae033-en,74389403df5a0b107b8ef11f0792c8e1,"Through the 17 Sustainable Development Goals (SDGs) and its 169 targets, the 2030 Agenda seeks to realize the human rights of all and to achieve gender equality and the empowerment of all women and girls (Preamble, paras. Moreover, under this Agenda, world leaders committed to promote cohesive families (para. If families have changed over time, what is a ‘family’ today? How do critical human rights principles such as equality and non-discrimination, the best interests of the child and the right to live a life free of violence shape the understanding of family?",5,0,3,1.0
10.1787/9789264224636-11-en,60e5adfb463d61a4f9b65a650e7cc85e,"Article 12 of the Nationality Law (modified by Amendments No. However, “Before reaching the age of 17, the applicant shall become Tunisian upon joint declaration by his mother and father”. In some countries, women enjoy equal legal access to justice, yet other institutional and legal impediments, limited awareness and understanding, and persistent societal restrictions continue to hinder de facto their access to such justice.",5,1,8,0.7777777777777778
10.1787/9789264210745-6-en,7c0a99228abad836955b74467d00b31c,"The central co-ordination body is responsible for developing the strategy and the government-wide policies, for monitoring progress, promoting the benefits, and providing guidance and support to line ministries and agencies for policy implementation. Indeed, about 30% of countries responding to the OECD Survey on National Gender Institutions, Public Policies and Leadership identified lack of funding among the top barriers for advancing gender equality reforms. The OECD countries’ experience shows that mandates derived from constitutions or enshrined in law afford national mechanisms a greater sense of political legitimacy and stability, accompanied by a sufficient resource base, than mandates originating from a governmental decree. Having both the statutory authority to propose policy and the proximity to the executive or central administrative structures increases the influence of national gender institutions. Finland’s national gender institution is an instructive example.",5,0,5,1.0
10.1787/9789264279322-4-en,2ae4c9494e6ff3d42e340e56411aae2d,"Their new or amended constitutions since 2011 include provisions in support of gender equality or non-discrimination that strengthen the status of women and set the basis for their more balanced involvement in the economy. In light of this progress, governments could engage in further efforts to strengthen alignment with international instruments and ensure equal access to economic opportunities for women and men. While women in the six countries have access to courts in principle, they face various barriers in practice, from lack of knowledge among judges of current standards to slack enforcement by courts of law and a deficit of women judges. Women themselves are often not aware of their rights, and social norms and financial constraints may discourage them from going to court.",5,0,3,1.0
10.1787/9789264259157-7-en,b1418e6db8e1221b2a45e050b71d3dbd,"As for Sweden, Norway and Denmark, they boast the narrowest gaps in working hours within couples (below ten hours per week). Eastern European countries also tend to have below average within-couple gaps. Nor do mothers necessarily step up their paid work to offset reductions in their partners’ hours: if the father does not work, the mother still works only some 19 hours per week on average - which may, in part, be related to assortative mating that brings together partners with the same socioeconomic background (as in university and college students). Data refer to total hours worked in all jobs, except for Chile where only hours worked in the main job are considered.",5,1,8,0.7777777777777778
10.1787/9789264224636-13-en,7295273e4e1ad7b14ffa01906a2ac4a1,"If the perpetrator is a descendant or the spouse of the victim, the penalty is two years in prison and a 2 000 dinars fine. Article 53 of the UAE's penal code allows the imposition of “chastisement by a husband to his wife and the chastisement of minor children” so long as the assault does not exceed the limits prescribed by sharia. In such cases, the court may request compensation for the woman, at the discretion of the judge.",5,0,6,1.0
10.18356/ca9f4916-en,9efbf0c0f4e54cd6c55b541be8899c57,"To amplify this message of solidarity and strength, Hollywood stars with many millions of social media followers around the world are partnering in their #TimesUp movement with women and girls from rural areas, students, civil society activists and others whose voices have been long ignored. In Africa, activists and survivors are speaking out against female genital mutilation (FGM) and child marriage. They are led by such women as Jaha Dukureh, the UN-Women Regional Goodwill Ambassador for Africa on FGM and Ending Child Marriage. In Latin America, women have taken to the streets to protest the murder of human rights activist Marielle Franco and to stand up against femicide through the “Ni una menos”, “not one less”, campaign. In Sweden, an open letter from hundreds of actors sharing their testimonies and demanding zero tolerance of harassment led to thousands of women across all industries' echoing those appeals. First and foremost, it has shown the strength of solidarity and sisterhood.",5,0,3,1.0
10.1787/9789264224636-11-en,a0e3dfaaedc1a0ba82815304f8debcb0,"Domestic violence is a major contributor to women’s mental health problems including depression. Marital rape may lead to unwanted pregnancy and abortion. Others have a provision in the law that spouses should not cause physical or mental harm to each other, but evidence of injury is usually required to prove assault, which can be very difficult for wives to demonstrate.",5,0,3,1.0
10.18356/edf15661-en,7298863586fb3549e9e78a77eb76d757,"It was launched in February 2009 at a global meeting in Kuala Lumpur, Malaysia, and initiated by the Malaysian Muslim feminist group Sisters in Islam. The movement was a transnational response to the equally transnational problem of the use of Islam to resist women's demands for equality. Musawah comprises NGOs, activists, scholars, legal practitioners and policymakers across the globe and approaches gender equality in the Muslim family along three axes: knowledge-building, capacity-building and international advocacy. Musawah starts from the premise that equality is a founding principle of Islam, and gender equality is therefore in line with Islam, rather than opposed to it.",5,0,5,1.0
10.18356/cb17bdad-en,003a771b49ec35167101c5842611cd35,"Thus,for example, the stigma attached to welfare recipients or the poor increases their disadvantage. Similarly, dignity and recognition wrongs can cause disadvantage.54 Undervaluing women’s work is a recognition wrong that directly causes socio-economic disadvantage, hence the right to equal pay for work of equal value is an important synthesis of the first two dimensions of the right to equality: redressing disadvantage and addressing stigma and stereotyping. This step has been taken by both the CESCR and the CEDAW Committee. Reporting Guidelines”, para 29, CESCR, Ecuador, op.",5,0,5,1.0
10.18356/e2f8b0a3-en,9f7dcb2a5282704f61a2ef5e93f5a5fe,"At the national level, macroprudential policies can prevent the financial system from becoming dangerously fragile. Ideally, a gender analysis of national budgets should also examine fiscal policy at the aggregate level: total spending, total revenues and deficit financing. The Ministry of Finance has developed a budget tracking system to measure the gender responsiveness of public spending and donor aid along five indicators.",5,1,8,0.7777777777777778
10.1787/9789264281318-13-en,abda32fa0e7d007a8ad7a4c3485a3649,"In 19 out of 30 countries and economies, more men than women were able to correctly answer at least five questions (as indicated by the blue bars). Gender differences in financial knowledge recorded in the 2011 survey (as indicated by the grey diamonds) were generally also in favour of men. Among the ten countries for which comparable data over time is available, Albania and Poland reported a statistically significant reduction in gender differences in financial knowledge, while in the other countries gender differences have not changed significantly (Table 10.A1.1 in Online Annex 10.A1). When asked how they would rate their own knowledge about financial matters compared to other adults in their country, men are more likely than women to report above average knowledge in 13 countries/economies out of 30, even after comparing men and women with similar levels of (test-based) financial knowledge.",5,0,9,1.0
10.1787/empl/outlook-2016-8-en,f16a5c5ea5271ab96a33ecead4cf8030,"If job-search is costly for workers, unprejudiced employers (who hire women) may take advantage of the fact that female workers find it harder to be employed in a market with (even only few) prejudiced employers, and offer them lower wages (Black, 1995). Gender gaps may also persist in the absence of strong negative priors if male employers are better at judging the talents of male employees than of female ones (Aigner and Cain, 1977). Education is a costly investment and employers’ underestimation of women’s talents reduces its value for women.",5,0,8,1.0
10.18356/cb17bdad-en,1a828ae3700bec883b98ce5eb5ec7293,"Concluding Observations Republic of Korea Fifteenth and Sixteenth Combined Periodic Report.” 2011.""Concluding Observations Maldives Fifth thru Twelfth Periodic Report."" He notes that inheritance laws discriminate against women in many countries, but that discriminatory social and cultural norms prevail even where these are removed. He gives the following example:'Where a sister could inherit land on an equal basis with her brothers,she may accept a lump-sum payment in lieu of her portion of the land in order to maintain good relations with her brothers’. The Special Rapporteur on the right to housing has also identified the lack of equality in inheritance laws, customs and traditions that lead to harsh impacts on women’s housing rights (HRC 2011a, para. Inequality in relation to marital property has the same effect (ibid, paras.",5,0,9,1.0
10.18356/1c6c11de-en,3956e34f9bb99a0d84172f16058727e5,"Effective implementation of such approaches requires better sex-disaggregated data and analysis on the impacts of policy on women and men. Crucially, it also requires strengthening women's agency, voice and participation in macroeconomic decision-making to increase the responsiveness and accountability of national and global institutions in charge of economic policy design and implementation. But the macroeconomic framework within which other policies are implemented either enlarges or constrains their scope to advance substantive equality for women. This chapter begins by highlighting ways in which current approaches to macroeconomic policy reduce the possibilities for realizing women's economic and social rights. It discusses how lack of attention to social goals, failure to integrate unpaid care and domestic work and an insufficient focus on employment creation and resource mobilization severely limit the potential of these approaches to advance substantive equality.",5,0,9,1.0
10.18356/caeceb38-en,2fa94e7cda459f68ace58c03790771e2,"To ensure rigour, transparency and replicability, the systematic process suggested in recent guidelines for this type of review was followed (Hagen-Zanker & Mallett, 2013). The scale and diversity of these countries could not be covered within the scope of this review. Absence of high-intensity conflict.",5,9,0,1.0
10.18356/81ce0b8a-en,411e2a35563b1d2e4811c177b5055e09,"It requires that women are empowered to take an active part in the development of laws, economic systems and policies that will govern themselves and society as a whole, in accordance with Article 21 of the Universal Declaration of Human Rights. Within this context, this chapter explores institutional mechanisms and tools that are designed to support women's advancement and to ensure that a gender perspective is systematically taken into account. It also discusses women’s participation in political decision-making as both an intrinsic objective and a lever for the adoption of gender-sensitive policies. A key element of the Platform’s strategy is the establishment of ‘institutional mechanisms for the advancement of women’ as a means of ensuring systematic attention to gender issues. Some Arab Governments had already set up rudimentary women’s divisions under various ministries, typically those for social and family affairs, in the late 1960s and 1970s.34 With the adoption of the Beijing Platform, those institutions became more formalized. They took a leading role in advocating for women’s issues and moving gender discourse into the halls of government.",5,0,3,1.0
10.1787/5js30tvj21hh-en,bb2275daa9f82eb92cc8928628b2a823,"Indeed, the choice of pursuing graduate studies can be linked to the willingness to work for many women. There is also a huge gap between the East and the North regarding graduates: women with a graduate degree are 37pp more likely to work in the East than in the North. Thus education matters in mitigating socio economic attitudes.",5,0,9,1.0
10.18356/e617261d-en,e033eec7b2e4164bebcc25ce8c6b8558,"Among migrants from Tajikistan and Uzbekistan, more women than men earn 15,000 roubles or less per month (figure 10). The mean monthly salary of males is 32,780 roubles whereas for females the amount is 28,875 (figure 11). The mean hourly rate for males is 134 roubles whereas for females it is 114 roubles.",5,0,3,1.0
10.14217/2d08a027-en,848db7f950eaae37b58ba7681e811313,"Then came a golden opportunity that provided me with a springboard to join politics: that was in 1998/99, when the parliament of Tanzania passed a law that required 30 per cent women's participation in legislatures. It is on record that before I joined parliament, I was the founder the Federation of Women Lawyers (FIDA), and was a key player in fighting for women’s rights in Uganda. We as parliamentarians have also benefited immensely from the partnership and training from CSOs in areas of gender-responsive budgeting and human rights, among others.",5,0,3,1.0
10.18356/d37abdcf-en,337cb37972dd56e5d066837b353f4a0d,"Many of these define her subordinate position at home and elsewhere (Population Reference Bureau, 2016). Harmful norms result in parents thinking that school is not for girls, in educators steering girls into low-paying “feminine” jobs, in health-care providers refusing to provide reproductive health information and services, in police choosing to believe a parent who claims not to be abusing a girl over the testimony of the girl herself. Failing to recognize the power of norms to shape behaviour can undercut the effectiveness of all interventions otherwise aimed at greater well-being for the 10-year-old girl.",5,0,3,1.0
10.1787/9789264265493-10-en,e3930f63bac5086aaf6fb108c8549d77,"The guide also has sections devoted to considerations of gender-impact assessments in public spending and the implications of the lack of gender-disaggregated data. Clearly explaining such concepts and stating a valid case for their application is important for raising public awareness and provides public servants with instructions and a reference document in response to their frequently asked questions. While gender-responsive budgeting is compulsory by law, the tools needed to smartly implement it and broader gender mainstreaming are not. Yet, unless there is a legal mandate to conduct gender impact assessments in GRB and policy formulation and to collect gender-disaggregated data - these tools are typically under-utilised or overlooked.",5,0,5,1.0
10.1787/9789264259157-6-en,5843942d1200f67cd621bbeaf6113f14,"Although tax-benefit rules are not, in general, explicitly gender-specific, certain aspects of tax-benefit systems may be more relevant to either men or women, so exacerbating the unequal distribution of paid work and earnings. In many couple families, for example, the man is the main earner with his female partner frequently earning considerably less (Chapter 2 and OECD, 2015c, for the latest data on earnings broken down by gender). Figure 3.3 compares, on one hand, the net transfers to government of a dual-earner couple with two children where both partners earn 67% of the average wage with, on the other hand, the net transfers of a single-earner couple with two children and the same household earnings.",5,0,9,1.0
10.14217/9781848599451-9-en,2071d5803f3345a6f74d642e516185fe,"Reporting and progress reports were made to the Minister for Women and Equalities, and the overall report and recommendations of the WBC were delivered to the government and disseminated across UK ministries. The WBC approach is built on the idea that improving gender diversity will lead to greater creativity, problem solving and flexibility, all much-needed skillsets for the UK to adapt to the changing economic environment. Aiming to both increase resources and change organisational culture, WBC took a long-term view, ensuring that longevity and continuity be applied to all suggested strategies.",5,1,8,0.7777777777777778
10.1787/9789264224636-13-en,bc6ca15649420d868afcb88bfc232f4c,"The committee will also support accommodation in places and facilities which are certified to that effect. The same year, in order to implement tire agreements and protocols, tire Lebanese Ministry of Justice launched a project including various procedures to prevent human trafficking in Lebanon and to fight this phenomenon, with technical support provided by the United Nations Office on Drags and Crime (UNODP). The project mainly aims to develop mechanisms to support the penal code in the area of human trafficking.",5,8,1,0.7777777777777778
10.18356/e617261d-en,202dd0b9ee9ee13176f00db04c521392,Tajik women in labour migration: forced tactics of survival or choice of emancipated women?]. Globalizing 'postsocialism': mobile mothers and neoliberalism on the margins of Europe. Gender inequalities in labour markets in Central Asia. Available from www.eurasia.undp.org/content/dam/ rbec / docs / Gender%20inequalities%20in%201abour%20markets% 20in%20Central%20Asia.pdf?,5,0,3,1.0
10.1787/9789264179370-6-en,0bd43d3668323d13a2452df68d4d2023,"The result shows that the lower productivity of female-owned enterprises is due, in large part, to the fact that they are smaller, less capital intensive, and in sectors characterised by lower average productivity. Enterprises owned by women tend to make lower profits (around 4% less), even controlling for their size, capital intensity, age, and sector of activity (column 3). The women-owned companies included in ORBIS were slightly less likely (1.2% less) to experience an increase in the number of their employees between 2005 and 2009 (column 4).",5,0,5,1.0
10.18356/ab2e0473-en,e23042f77463426f556a79585a8d5121,"Employment in the agricultural sector represents a particularly large share of women’s jobs in Morocco (59 per cent) and Iraq (51 per cent).198 Women in the agricultural sector typically work on a daily or seasonal basis for a very low pay. In GCC countries, public sector employment accounts for 80 per cent of overall employment of national citizens, and female employees comprise between 40 and 50 per cent of public employees in Qatar, Kuwait, and the United Arab Emirates, 26 per cent in Egypt (2010), 35 per cent in Jordan (2009) and 22 per cent in Palestine (2010).202 Women who work in the public sector are most commonly employed as administrative staff, teachers and nurses. One possible explanation for the extensive presence of women in this field is the emphasis on job stability, relatively good salary, and suitable working hours which allow them to balance their paid work with their family responsibilities. These features make jobs in the public administration particularly attractive to the increasing cadre of educated women in the Arab region, though several countries have initiated reforms to downsize or limit the growth of the public sector.",5,0,9,1.0
10.1787/5js3926d54d7-en,63dc7dd577053131b58242ccdaf9edeb,"However, it assumes that this date has no effect on female (male) migration. Then, the exogeneity of female (male) migration flows per capita is rejected by the Wu-Hausman test at the 5% level.13 Finally, the validity (i.e. Cov(CEDAW, Eq) = 0) and the relevance (i.e. Cov(CEDAW, SIGI) * 0) of this instrument are tested. This instrument is significantly correlated with the endogenous variable, as indicated by the first step of the IV estimations (Table 2). Moreover, simple estimation of the SIGI including additional controls and instruments result in a relatively high partial R. Finally, the paper checks that instrumental regressions are not null with F-statistic higher than 0.10, suggested by the rule of thumb (Stock and Yogo, 2002).",5,1,8,0.7777777777777778
10.18356/df3c95f8-en,13a323e4108432977a121d694cba15ad,"In addition, different ways of regulating production and organizing labour must be found in order to provide equitable working conditions for women and men and make productive activities compatible with their rights and duties as caregivers (ECLAC, 2007, pp. The drive to create effective conditions of equal opportunities for women did not initially focus enough on the sexual division of labour within the home. The failure to recognize the social responsibility of care resulted in unequal gender relationships in terms of the social identity of caregivers, which is why use of the term dates back to the conceptualization of the status of women (Daly and Lewis, 2000). The point is to ensure not just that care is more readily available —which in itself is essential— but also that the responsibility, the duty, the task and the necessary resources for the purpose are universal, and that people are recognized as holders of this right, which must be satisfied, among other options, with support from the social security systems of each State and from employers (Pautassi, 2007).",5,1,8,0.7777777777777778
10.14217/9781848599451-8-en,feb68f1ec8233d4b2d490cd1dd2e5a60,"As the first country where women won the right to vote, it has since championed the participation of women across all levels of society and has been rated one of the best places to work as a woman.1 In spite of key advances in the workforce, women continue to be under-represented in management and leadership roles. As of 2012, women held 14.75 per cent of private sector directorships. A recent study commissioned by New Zealand’s Ministry of Women’s Affairs has substantiated these claims, demonstrating that at the current rate of change, it will take 21 years to reach the 30 per cent representation mark (McAteer 2013).",5,0,9,1.0
10.18356/4b4d466d-en,ac6347b0281a99dbde53301c1aa1562c,"By law, every ten villages (called a cell) have a mediation committee made up of ten members, at least 30 per cent of whom are women. They tend to be respected members ofthe community, so their decisions have weight. The abunzi are therefore much more accessible to the community than a traditional court (see also case study 6 on Rwanda).",5,1,8,0.7777777777777778
10.18356/6945b514-en,59ddb29e70c52e677941d58e024308df,"Awareness and understanding of the achievements and challenges in implementation of the Platform for Action are important if gender equality is to be achieved. Gender equality is, in turn, important because it is fundamental to all persons — women, men, girls and boys — fully and freely exercising their fundamental human rights and freedoms, to their living lives with dignity, agency and voice, and for the “development” and preservation of inclusive, equitable, democratic and peaceful societies. While noting exceptions, a general trend is evident with a positive correlation between “human development” and gender equality.",5,0,12,1.0
10.18356/eb92d13b-en,b9726967e35892ba3d49befe0b922feb,"As in the water supply sector, there are acute organizational problems in sewerage systems in rural areas, which make for a coverage rate of only 0.2 per cent. Of the 62 cities and district centres, only 29 have sewerage systems, and in villages there are virtually no sewerage systems. There are issues with the huge amount of surface water entering the sewerage system. However, the necessary financial resources for rehabilitation, expansion and construction of new systems in order to achieve the water and sanitation objectives and goals provided in the sectoral programmes are estimated to increase to more than US$2 billion.",6,0,9,1.0
10.1787/1826beee-en,617b2857ec1ed687585da5bc953fbb67,"Facilitating factors leading to the adoption of the reform Water pollution had been slowly mounting as a concern for the general public in the European Union. In 1988 the Council of Ministers of Environment requested the European Commission to work on a directive to tackle the issue in a holistic way. This began with the Nitrates and Waste Water Treatment Directives. In 1995, Council of Ministers of Environment and the European Parliament’s environmental committee requested the EU Commission to proceed with a more global approach to water policy.",6,0,4,1.0
10.18356/48927deb-en,896acaf061c66d1bcbb6c02e6a686965,"The assessment of the individual transboundary surface waters and groundwaters in this subregion can be found in Chapters 1, 5 and 8 of Section IV (drainage basins of the White Sea, Barents Sea and Kara Sea, Black Sea, and Baltic Sea). Eastern and Northern Europe holds a number of other important transboundary wetland areas, including numerous freshwater lakes and extensive mires connected by rivers and streams, which stretch all along the Russian, Norwegian and Finnish borders and further to the south along the Russian, Estonian, Latvian and Belarusian borders. Extensive river flood-plains, temporary flooded forests, grasslands and fens are also typical for the region, as well as coastal bays, lagoons and river deltas in the Barents, Baltic and Black Seas. The northernmost part of the region is characterized by permafrost.",6,1,8,0.7777777777777778
10.1787/9789264083578-6-en,c61142644750ffa694542e85c3dbc9d3,"This is because of the need to address leakages and losses from water delivery systems on and off-farm, and also that in most cases no contingency has been made for capital investment for system renewal given that typically publicly owned irrigation systems have only charged farmers for O&M costs and not capital renewal costs. In addition, there are the financial costs for controlling nonpoint pollution from agriculture, and flood control costs, such as on-farm drainage. The transfer of financial control and investment management requires water user groups to seek private-public partnerships to raise capital and develop skills in long term asset management for renewal of irrigation infrastructure.",6,0,9,1.0
10.1787/9789264102637-10-en,a428441dd965b3a99a4bda2c1fe88f20,"More than 60% of the total surface area of the country' is covered by agricultural land, most of which is managed intensively and intersected by a dense netw ork of ditches (around 300 000 kilometres), streams and lakes (Oenemaetal., Recent figures from Statistics Netherlands (Centraal Bureau voor de Statistiek, CBS) indicate that the Netherlands is the world’s second largest exporter of agricultural products, following the United States. In 2012, the total value of Dutch agricultural exports was EUR 75.4 billion. The Dutch agri-food industry contributes EUR 52.5 billion of added value to Dutch GDP, accounting for some 20% of the country’s total export value (CBS et al.,",6,3,0,1.0
10.1787/9789264186378-8-en,b14170c6f4d67b6354c294714ea618ac,"About 22% of rivers in the South (8% in the North) are classified as poor or bad quality (Figure 4.3). Groundwater quality shows significant regional differences. For example, in the regions/provinces of Trento, Bolzano, Liguria, Lazio and Marche, between 75% and 93% are classes 1 to 3, in Abruzzo and Umbria, 43% and 32% respectively are class 4 (poor).",6,0,9,1.0
10.1787/9789264179820-8-en,d3e376191c652454528aff5bf288a272,"Of the EUR 47 million to be transferred to federal ministries, only EUR 34 million were effectively applied to the water resources management system. States and municipalities received EUR 422 million, but the application of those financial resources (representing over 85% of the total financial compensation) is not committed to the water sector. Overall, only a small part of the revenues is invested in the implementation of the WRM system, as most of the revenues are invested according to the respective governments’ general priorities. The revenue generated by the water use charges must be invested in the river basin where it was collected, according to the respective water resources plan.",6,0,7,1.0
10.18356/c9f34fd4-en,508c546755b66f9178f655d9ea7f05f7,"Increased uptake and use of data to inform decision-making and ensure accountability will be crucial for achieving SDG 6. Achieving universal access to safe and affordable drinking water requires extending access to the 844 million people who still lack even a basic water service. It also requires progressively improving the quality of sen/ices for the 2.1 billion people who lack water that is accessible on premises, available when needed and free from contamination. Universal access also implies providing access in services in schools, health-care facilities and other institutional settings.",6,0,6,1.0
10.18356/3ad10876-en,0b44b52cb9fbab3fd6b176f235807565,"Use of satellite remote sensing is to some degree a means of compensating for reduced in situ monitoring, but still requires ground truth observations for validation. The challenge is how to sustain the monitoring beyond the life of the projects. For instance, there is regular joint water quality monitoring between the Russian Federation and China and the Russian Federation and Kazakhstan.",6,0,3,1.0
10.1787/9789264100817-9-en,aa342305d94d8e31e06af7f42dfcdcb3,"Source: City of Louisville (2004). Reliability of supply may vary on a daily or weekly basis, as well as on a seasonal basis. Increased reliability avoids first of all the need for households to store water for shortage situations and induces therewith cost savings, as space and material is economized. Furthermore, people might benefit from a feeling of confidence in water supply and from increased comfort.",6,0,3,1.0
10.1787/env/outlook-2012-8-en,8864ae2d8363140579997e6de4433da9,"For example, the number of lakes at risk of harmful algal blooms will increase by 20% in the first half of this century. The Millennium Development Goal for improved water supply is unlikely to be met in Sub-Saharan Africa. Globally, more city dwellers did not have access to an improved water source in 2008 than in 1990, as urbanisation is currently outpacing connections to water infrastructure.",6,1,9,0.8
10.1787/9789264268982-5-en,fc3db3ad83f843078216632bd814d1b6,"This mode is also prominent in Lori. This shows that whereas the majority of the population receives both water and sewerage services from the WSCs, the majority of territorial units (and about 20% of the population) fall under “Mode 5”, w'hich means that households get water services from their local government and have on-site sanitation facilities. Private sector participation contracts will end in 2015 and it is planned that new contracts will be signed to start in early 2016. Local governments have not formed separate units (i.e. legal entities) to manage sanitation services and they frequently do not charge for the sanitation services that they provide. They do not have sufficient resources to provide guidance and oversee the activities of entrepreneurs servicing individual households, including septic tank builders and emptiers. Finally, they have great difficulties to attract external funding for investment, from both public and private sources.",6,0,3,1.0
10.1787/9789264202405-9-en,4d1c0112546436aab450daf4fba3db02,"Their work maps the distribution of the world’s population with respect to relative water demand that is measured as the ratio of water withdrawals from industry, domestic use, and irrigated agriculture (DIA) to the mean annual surface and subsurface (shallow aquifer) runoff (Q) on an annual basis. Their results indicate that in many areas, water stress is a serious concern. Their study also highlights the fact that water stress is not limited to poor counties or those nations with severely limited water resources, but is also a serious concern in a number of OECD countries such as Australia, Spain and the United States. These studies consistently predict that some regions of the world will face water crises: India, northern China, north and sub-Saharan Africa, the Middle East, and parts of Eastern Europe.",6,0,4,1.0
10.1787/9789264083578-8-en,2528ae167acfec392716fadf709069bf,"They describe several challenges that might limit the ability of some countries to implement virtual water strategies, such as the potential risk of losing food sovereignty, the lack of markets for non-food crops, and inadequate infrastructure in rural areas. The authors suggest that improvements in water management practices might be more helpful than implementing virtual water trading strategies in some countries. One goal of such improvement in the discourse might be considered as determining how to utilize the attractiveness and compelling nature of the virtual water and water footprint metaphors as starting points for enhancing public interest in water resource issues, while not relying on virtual water discussions alone to guide public policy decisions. Since the mid-1990s, these metaphors have generated notable public attention and interest in one of the world’s most important, yet limited, resources.",6,0,3,1.0
10.1787/9789264102637-10-en,67f008e349e8b77de8829c1a9d0e92aa,"Box 5.2 provides an example on how this has been done in Western Australia to inform allocation planning for a groundwater system (see the section on “Managing the risk of shortage” for further discussion on using economic instruments and a risk-based approach to allocation). In terms of monitoring the compliance of objectives, the central government is responsible for the national waters and the provinces are responsible for the regional waters. For example, for some aquifers, a high risk to groundwater-dependent ecosystems can be reduced to a medium level if the risk is managed through appropriate buffer zones.",6,0,3,1.0
10.18356/750717ff-en,5bfb7e14a25f3ec9fc5e012f689814ba,"Faculty of Sciences of the University of Novi Sad, 2013. Ministry of Energy, Development and Environmental Protection and Ministry of Health. A certain number of river reservoir and retention ponds contribute to flood protection, but still a large part of the territory remains potentially threatened by floods.",6,0,3,1.0
10.1787/9789264179820-5-en,c788101bea0a342e38296d37b662b2ec,"Examples abound in the agriculture and energy sectors: typically farmers in several OECD and non member countries do not pay the full price of electricity used to pump groundwater. Reforming those harmful subsidies should also be part of the water financing agenda: for instance, it could free public financial resources (which could then be used for water policies), generate more revenues to invest in water-related services and infrastructures, make water pollution more costly and create markets for water-efficient technologies and practices. A set of principles can usefully guide policy decisions. For example, the Polluter Pays principle (PPP) is a basic element of all European environmental policies.",6,0,4,1.0
10.1787/9789264083578-16-en,c843c30038ca91d9dc07ae7b4f0b01f2,"Irrigation often is needed for 100% of crop water requirements in these arid, southwestern states. Assuming an average irrigation delivery of 10,000 m3 of water per hectare, these costs would be equivalent to USD 19 per 1,000 m3 in California and USD23 per 1,000 m3 in Arizona. The national average cost of pumping groundwater, as reported in the 2003 FRIS, was almost USD100 per hectare (Gollehon and Quinby, 2006).",6,0,4,1.0
10.1787/eco/surveys-esp-2010-7-en,2ccc0942337d77d972d3e9165713ed98,"In view of the relatively high costs of desalination, the provision of desalinated water to agriculture risks generating inefficiencies and costs to public finances. Unit costs are a multiple of current prices typically paid for the supply of fresh surface water even in these areas (MMA, 2007 a), even though technological progress has allowed the production cost to be reduced by about 50% over the past ten years according to government estimates. Desalinated water is supplied at subsidised rates. The high energy intensity of the production process may continue to constrain its development as a large scale water resource base and the environmental consequences of the residues of desalination are not yet fully understood.",6,0,4,1.0
10.1787/9789264202405-5-en,1e2b06ad25a1298d77326431f6a3bdd3,"In conducting these benefit-cost assessments, the focus should be on final environmental “outcomes” (e.g. expected or actual improvements of water risks) and on the impacts of these outcomes (e.g. in terms of changes in health conditions) - rather than on intermediate “outputs” (e.g. the sharing of water volumes among stakeholders). The idea is to quantify how much the public-at-large value changes in water security. This quantification can facilitate analysis and policy-making in situations where some water impacts pull in opposite directions (e.g. risk-risk trade-offs), it can also make it possible to compare the (private) costs and (public) benefits of a given target for water risk.",6,0,3,1.0
10.18356/eb92d13b-en,e2b2bd1d7538c5a639bf647cd3384c78,"Tajikistan demograpliic and health survey, 2012. Access to improved drinking water is also uneven in the regions, and varies from 59 per cent in Gorno-Badakhshan Autonomous Oblast and 63 per cent in Khatlon Oblast to 99 per cent in Dushanbe. This leaves about 15 per cent of the population without appropriate water treatment.",6,0,3,1.0
10.1787/9789264100817-7-en,5d07c9f309e784de6928f21ae81ee988,"It is only if the entire community adopts sanitation simultaneously (as opposed to individual households adopting) that full health benefits can materialise and that the spread of epidemics (such as cholera) can be stopped. As a result, it is often assumed that significant reductions in the prevalence of diarrhoea can only be achieved when an entire community gains access to sanitation rather than isolated individuals. This observation underlies community-led approaches to sanitation, such as the Community-Led Total Sanitation (CLTS) campaigns, which rely on eliminating open-defecation in a particular area.17 Barreto et al. The study was developed in the context of a city-wide programme (Bahia Azul) to increase sanitation coverage. When the programme started in 1995, only 26% of the population of Salvador (2.5 million inhabitants) was connected to the sewerage system. When the program officially ended in 2004, coverage had increased to 70% and it has since risen to almost 90% in the city itself.",6,0,4,1.0
10.18356/2c323ce7-en,e3c83d389e70e4a092d4f6801d80c612,"With a total length of 120 km. It discharges into the Orontes River at the confluence with the Afrin River north of Antakya (see Overview Map). The annual flow volume of the Karasu is approximately 40 MCM/yr.” Precipitation in the basin ranges from around 300 mm/yr (the mean annual rainfall at Aleppo, Syria, is 332 mm) to around 800 mm/yr,'2 with highs in December and January and lows in June and July (Figure 3).",6,0,3,1.0
10.1787/9789264209138-3-en,d46481124077d33030ec91cb6ba9621e,"Beyond this general tendency, climate change is likely to have impacts of a different nature on the water cycle in different regions of the world. Notably, available climate projections indicate likely increases in mean precipitations at high latitudes as well as at mid-latitude wet areas, and decreases in summer precipitation in mid-latitude and sub-tropical dry areas (IPCC, 2013). In regions with rain-dominated catchments, enhanced flow' seasonality was concluded by various studies, implying higher peak flows and decreased low flow's and extended dry periods (IPCC, 2007a, EEA, 2012).",6,1,7,0.75
10.1787/9789264202405-10-en,05187cd6d459428e474a6baf3c80836e,"The costs associated with the continued loss of biodiversity are likely to be very significant, but their impacts (in terms of lost welfare) are not reflected in market prices. Note that the number of people lacking access to safe water is higher than the number lacking access to basic water supply. Other, more episodic, pollution cases involve aluminium (causing neurodegenerative diseases) and lead (endemic diseases of the nervous system).",6,0,3,1.0
10.1787/9789264190320-16-en,020da29a6bbc1124b7f9ea5b0a680625,"A tailored approach may be required as basins are faced with specific challenges and are endowed with distinctive capacities. Building on institutions such as CONAGO, IMTA and ANEAS, there is ample room to collect, review and benchmark success stories, innovative mechanisms or institutional organisations in support of effective decision making, and better water policies at all levels. This is concrete implementation of the commitments related to human rights, anticorruption and democratic governance mentioned in the Pact.",6,0,3,1.0
10.1787/eco/surveys-esp-2010-7-en,a6ceb789bc4c8371173ce14f35a98e50,"Moreover, as in the case of other environmental resources, such as greenhouse gas emission permits, auctions generate revenues without recourse to distortive taxation. For example, such revenues could be used to fund the purchases of water rights for environmental objectives which are currently paid for from tax revenues. Auctions could also be applied to non-consumptive uses, such as electricity generation. Hydroelectric generation benefits from rents from the free utilisation of water which could be appropriated by government.26 Moreover, in periods of drought, local governments have purchased water rights from power generators using tax revenue. A number of water concessions for electricity generation are falling due in the near future.",6,0,3,1.0
10.18356/fb332d66-en,a65e59f18cca9a85d848475fbbc2961f,"This problem is somehow circumvented, since most existing water-supply systems have difficulties in meeting these standards, and the new ongoing constructions mentioned in previous sections are in line with currently less stringent international accepted standards (e.g. WHO or EU). It also identifies a list of 341 chemical substances for which sanitary maximum allowable concentrations are established, including ammonia, fluorine, sulphates, (heavy) metals and organic micropollutants. In accordance with the 2000 Law on Water Supply and Wastewater, drinking water sources should be protected through pollution prevention measures in order to meet the requirements of sanitary and environmental legislation.",6,1,8,0.7777777777777778
10.18356/7dcbd514-en,ca0d403a24145c1dfa99973742162396,"A comprehensive IWRM plan for the Araks/Aras Basin is under preparation, according to the Islamic Republic of Iran. A wastewater treatment plant is required from new industrial facilities, and the existing small-medium industrial facilities are required to complete their wastewater treatment plants. Any direct discharges into groundwater bodies are not allowed.",6,0,3,1.0
10.1787/9789264238121-6-en,1473a2a7fa256f6d861c21c7e58b9cd8,"This process, however, has not developed and deepened enough. The state plan is outdated, the state agency lost qualified staff and struggles to promote water reforms, the legislation for collecting water charges was approved but has not been implemented yet due to the drought and administrative burdens, river basin committees have lost connections with the State Water Resources Council, some segments of civil society are mobilised but water users are not fully active. Past attempts to implement the State Water Resources Management System failed, leaving behind harsh recriminations.",6,0,3,1.0
10.1787/9789264118430-5-en,4a96de2c4ad10450029a502c3633cfe5,"Decentralisation processes, undertaken for a series of activities formerly provided by the central government, led to major modifications in how the water sector was managed and operated. The only exceptions to this trend were Azerbaijan, Belarus and Turkmenistan, where water sector management has remained strongly centralised. In Azerbaijan, for example, the national company AZERSU JSC supplies water to 65% of the population, with 10% provided by small private operators and 25% by households themselves.",6,0,9,1.0
10.1787/9789264238701-5-en,ac23efc81bf84958e1dd993d2499268b,"The presented economic solutions provide a good basis on which to gauge the advantage and drawbacks of policy instruments, which will be the object of the following two sections (demand-side and supply-side approaches). Moreover, even in one location, the choice of instrument will also depend on the desired level of reduction in water use: policy rankings are not necessarily invariant to changes in total water use or desired hydrologic conditions (Palazzo and Brozovic, 2014). While presented individually for clarity purposes, it should be noted that several of these are applied in combination. One core approach is to allocate allowable groundwater pumping to each well.",6,1,8,0.7777777777777778
10.18356/09f3c767-en,b5589a8c8f8b756ba0def2fae7d268aa,"Women are slightly more likely to be food insecure than men in every region of the world (Figure 22) (FAO/IFAD/UNICEF/WFP/ WHO, 2017). At the same time, obesity has nearly tripled worldwide since 1975. In 2016, more than 1.9 billion adults (older than 18 years) were overweight and more than one-third of these (over 650 million) were obese (WHO, 2018).",6,3,0,1.0
10.18356/5ac486ad-en,342cbb2745f2b7750b33c4ff2575826b,"The major problems are caused by the filtration beds of sugar factories, wineries and electronic enterprises. There are plans to create water basin management offices for two watersheds (the Dniester and Prut Rivers) (map 7.1). The slowing down of economic activity and a focus on transboundary rivers has resulted in the stabilization of the level of pollution of the big rivers (Dniester and Prut).",6,0,3,1.0
10.1787/9789264186378-8-en,4e90b0b00661ea4ff29ac1d0b02364c9,"In practice, however, it is common for several water utilities to serve the municipalities of a single ATO. For example, eight ATOs in Emilia-Romagna are served by 16 utilities. As of 2009, 58 utilities were still publicly owned and 31 involved mixed ownership companies with selected partners, while in seven cases concessions had been given to the private sector, including four private concessions awarded in Sicily.",6,0,3,1.0
10.1787/9789264238701-5-en,243ca7dbf30b3dfa2b2b29b686e15544,"In Kansas, analytical methods have been used to determine whether additional groundwater is available for appropriation. For the Lower Republican River Basin and Belleville Formation in Kansas, the Jenkins method (a graphical approach based on the Glover-Balmer equations, Jenkins, 1968) has been used to estimate the cumulative volume of stream depletion that occurs in one year after the day pumping begins for an application to appropriate groundwater to see whether the new appropriation is acceptable (Kansas Department of Agriculture, 2010). The Glover and Balmer method has been employed in Colorado to evaluate the current and projected stream depletion impacts of water pumped and discharged during coalbed methane production (Papadopulos and Associates and Colorado Geological Survey, 2007).",6,0,3,1.0
10.18356/bb3a7bc3-en,b29dc1c014aef2f9368e119a0509a969,"The country has also made significant progress in expanding the coverage of its rural population with drinking water supply from improved sources. As of 1 January 2015, 80.7 per cent of its rural population 1) had access to centralized and local water supply systems. In rural areasl), 37.9 per cent of the population had access to centralized and local sewerage systems as of 1 January 2015.",6,0,3,1.0
10.1787/9789264208292-6-en,c912c493d7f321a3cbc4ba1e71159958,"The Constitutional Court plays a key role in monitoring the constitutionality of laws and international treaties. However, infrastructure development and housing issues dominated the agenda of the new ministry. This had the effect of stifling environmental action at central level, decreasing the sector’s political profile and lowering the ministry’s credibility with other stakeholder groups as the leading actor of SINA (ODI, 2010). It is primarily responsible for environmental policy making in a wide range of areas (Figure 2.2).",6,4,0,1.0
10.1787/9789264281707-8-en,7f3be35850ce3094f3527a81e105cc34,"The challenge is operating within the 5-year AMP cycles, which result in five-year cyclical spending patterns. Instead of innovation, utilities have been driven to large framework agreements with a small group of outsourcing specialists, driving down margins through economies of scale.8 Ofwat regards efficiencies as being deliverable within each AMP period after which each utility’s cost base is re-set, cancelling out the efficiencies attained during the period. Smart metering has too long a payback time for this model. Ofwat has commissioned UK WIR (the w'ater utility joint research body) to prepare an evaluation of the costs and benefits of smart metering before the price setting for AMP6 in 2014-15.",6,0,3,1.0
10.18356/864d004f-en,de29946b269b531ffb75b3467eded21f,"The first phase of the INDH, 2006-2010, had total budget support of some US$1.7 billion, which was raised to US$2.1 billion for the second phase, 2011-2015. Among the activities of the INDH is improving the conditions of access to basic infrastructure services such as education, health, roads, water supply and sanitation, and environmental protection. Pilot projects were developed by the private water companies in Casablanca, Tangier and Tdtouan as well as the public utility in Meknfcs, using output-based assistance. This project was also supported by subsidies from the Global Partnership for Output-based Aid, a World Bank programme.",6,0,4,1.0
10.18356/d8517580-en,8eeec895a757d74abfdaef2bfc0cc0b4,"Field measurements in the Sa'dah area showed significant differences in transmissivity (Table 1), which reflect the variations in the hydraulic permeability and thickness.2S Also the wide range of values for storativity reflects the variability of the confining pressure due to differences in lithology and thickness of both the aquifer and the overlying formations, particularly toward the south-eastern edge of the system. However, direct and indirect recharge has been reported in the southern Sa'dah-Najran area where average rainfall is 250-300 mm/yr. In Yemen, it is estimated that a total recharge (natural sources plus irrigation return) of 17.7 MCM/yr30 occurs in this escarpment zone, which is equivalent to 7.9 mm/yr.3' although lower (4.4 mm/yr,32 3.2 mm/yr33) values have been suggested.",6,1,8,0.7777777777777778
10.1787/9789264120525-6-en,62417cf324f8251d5a5cfbc33b5be437,"As a result, many water utilities are in dire financial situations, with under-capitalised balance sheets that impede their capacity to raise debts. In the absence of any repayment capacity or history of past lending, most commercial banks are unlikely to lend to the sector which they do not perceive as being “creditworthy”. There is often a discrepancy between long-term investments needed in the water sector to match the life of the assets and the shortterm lending capabilities on local markets.",6,0,3,1.0
10.18356/8e319423-en,59fff62f4254135726be0c2ebfea4732,"Reported costs of desalinated water per cubic metre are usually given in a summary form. However, summary costs do not specify what is included in the cost and may or may not contain such cost factors as land acquisition and regulatory costs or contingency factors that can significantly influence the cost of desalination. A large review of published desalination costs shows a range of $0.27/m3 to $6.56/m3 for seawater desalination and SO.",6,1,8,0.7777777777777778
10.18356/f47faf05-en,d3168a1b45d74d6f01b8675738758996,"However, in recent decades, the rise of monocultures has also led to widespread environmental sustainability concerns, including soil nutrient loss, widespread pest invasions and biodiversity loss. Organic production is growing in importance, benefiting both the environment and human health, but it still constitutes a small proportion of crops worldwide. The application of biotechnology in the agriculture sector has led to the increased use of genetically modified organisms (GMOs) and products derived from them. Measuring their use is an important aspect of environment statistics because of their relevance in maintaining genetic variability, possible eifect on non-target organisms and implication in the evolution of pest resistance and loss of biodiversity.",6,3,0,1.0
10.1787/9789264246744-5-en,5dd0c2405f576e1cecfac1168a79906f,"Overuse and misallocation of water resources due to incomplete or over-allocated water rights, under-pricing of water and deficiencies in long-term resource planning contribute to this imbalance, which in turn mechanically translates into higher water shortage risks. In water basins where there is structural water stress, water shortages are more likely to arise from even mild precipitation deficit. In short, water stress generates water shortage risks, and thus vulnerability to droughts.",6,0,9,1.0
10.1787/9789264168985-7-en,d1659f7e69481fdde01f18caa0581bad,"Fruits and vegetables in particular, have clear advantages for Chihuahua. They are crops where labour can be effectively substituted for capital, and they are crops where high efficiency drip irrigation systems can be applied successfully. Thus employment is expanded and a major environmental problem is reduced.",6,0,3,1.0
10.1787/9789264186378-8-en,342a69bd45337d64bb62344e2d027987,"Regulatory risks increase when the legal system changes too frequently. For example, many banks providing loans to the sector after the 2008 laws called for the immediate terminasuspendedtion of all “in house” companies, as the duration of contracts was the sole guarantee on which financing plans had been based. During the last ten years, the ongoing legal changes have made long-term planning close to impossible.",6,3,0,1.0
10.1787/9789264229631-8-en,d0e312dffe6d3a26d3384bf278579965,"Rights that are junior to an ""administration date” set by the State Engineer can be curtailed. Uses that are not prioritised can apply for a “replacement plan”, for a maximum duration of two years. Water users are also allowed to submit joint ""replacement plans” or to find voluntary shortage sharing agreements, through negotiations (Romero-Wirth and Kelly, 2012). Associations managing communal irrigation canals.",6,0,4,1.0
10.1787/9789264117563-8-en,496a33cba64c9f140b648b7214be42b9,"The MoEP is currently promoting mapping and the preparation of detailed plans for rivers, in accordance with their specific ecological systems’ requirements. Expenditure is expected to increase to some USD 1 billion/year between 2011 and 2020, in order to finance the upgrade of all wastewater treatment facilities to at least tertiary level as well as the construction of new and expanded wastewater treatment facilities. These reported costs are approximations.",6,0,10,1.0
10.18356/663aa107-en,6653ddbcf48a02d13882136845fe75fd,"Its construction led to the creation of Lake Assad, the country's largest water reservoir30 with a projected capacity to irrigate 640.000 ha of land.3' The third-largest dam on the Euphrates in Syria, the Baath Dam. In addition, two development projects in the Balikh/Jallab sub-basins use water imported from Lake Assad, while water from the Sajur River is also used for irrigation. This volume should be added to the 3,586 MCM used in operational irrigation projects.31 Official data states that 206,987 ha were irrigated by the Euphrates River in 2010 (Figure 8) in addition to 59,550 ha from the Khabour and Jagh Jagh Rivers, amounting to almost 270,000 ha.37 Applying a commonly accepted rate for irrigation requirements,38 this suggests an irrigation water use of about 2,700 MCM from the Euphrates, Khabour and Jagh Jagh Rivers.",6,0,3,1.0
10.1787/1826beee-en,5d03e2fe7e154f6bbc0157e14ff3311c,"This aims to prevent direct entry of livestock waste into streams, thereby reducing environmental pollution. Agricultural enterprises started disposing of manure jointly at four large-scale plants equipped with specialized technologies and facilities in 2007 with the intention to build stable infrastructure for manure processing and to efficiently manage livestock waste in areas with high-density livestock farms, including pigs. These facilities started to produce solid or liquefied fertilisers, partly motivated by the Korean government’s decision to ban the ocean-dumping of livestock excretion in 2012.",6,0,3,1.0
10.1787/9789264102637-10-en,e115254ad03db2cb770c33033f7c116f,"Formally, provincial authorities were responsible for groundwater, surface water has always been the responsibility of regional water authorities. Since 2009, all groundwater administrative arrangements have been transferred to the regional water authorities, except for industrial extractions, public drinking water supply, etc. ( It may be possible, however, to do this under Section 6.13 “by virtue of water board by-laws” and under section 6.14. By provincial order, subsection 1 may be declared not applicable to extractions where the amount to be extracted does not exceed 10 m3 per hour.",6,0,3,1.0
10.1787/eco/surveys-esp-2010-7-en,2d938086b19a3faab6033c2d7ea3a1bb,"In order to ensure a proper co-operation between the different levels of government in the management of water resources, the constitution of the Committees of Competent Authorities should be accelerated. This enhanced participation should take place through the appropriate institutions, including in the river basin authorities. The law should allow the inclusion of environmental and scarcity costs in water prices.",6,0,12,1.0
10.1787/9789264102637-11-en,15140e09a5d9ad20986ec8a90e1b88b0,"Drinking water companies charge a user fee for the services provided, which partly depend on the amount of water used. Within these regions, there is no explicit cross-subsidisation between urban and rural areas, because payments are mainly based on the use of water services. Although, since part of the levies (of regional water authorities) are related to property values, urban areas (with typically higher property values) and higher income groups might contribute relatively more.",6,0,3,1.0
10.18356/cf6cb95e-en,318058cd07404147ea767f0504770129,"Men and boys are much more likely to collect water when they can use mechanized transport like bikes, scooters and trucks. A survey of water collection in Mongolia showed that in Ulaanbaatar men made up the majority of water collectors across all forms of water collection, but were particularly prominent in water collection by vehicle and by animal (Hawkins and Seager 2010). In 70% of urban households that collected water by vehicle men were the sole collectors, and in urban households that used horses to collect water only men performed this task.",6,0,3,1.0
10.1787/9789264200524-4-en,0261e4bfbdd7f0039b3a2d2de406fe00,"Activities under the Convention are supported by the UNECE Secretariat. In particular, the parties shall take all appropriate measures to ensure that transboundary waters are used in a reasonable and equitable way, to prevent, control and reduce pollution, to ensure that transboundary waters are used with the aim of ecologically sound and rational water management, and to ensure conservation and, where necessary, restoration of ecosystems. Helsinki Convention 1992 (cont.)",6,1,7,0.75
10.1787/9789264168060-5-en,6e73badc6da3f00952a7279d2a1f2e45,"Most rivers exhibit a high degree of degradation, particularly within the Murray-Darling catchment, Australia’s main agricultural producing region. Drinking water quality is impaired in many locations, and coastal regions downstream of large agricultural areas suffer from sediment and nutrient loadings. In terms of the environmental health of the Great Barrier Reef (GBR), recent research indicates that quantities of sediment, phosphorus and nitrogen entering the GBR have been increasing, with agriculture a key contributor to water quality issues in the GBR (Rolfe and Windle, 2011). But given the lack of a national monitoring system it is difficult to assess national trends in water quality related to agriculture (OECD, 2008a). There are expensive restoration clean-ups going on in some iconic lakes and there are questions over the state of groundwater. At a national level, diffuse discharges now greatly exceed point source pollution.",6,0,3,1.0
10.1787/9789264269064-5-en,b156a5f1116cf3844309f406d5b147a2,"According to the IUCN, invasive alien species constitute the second most severe threat to freshwater fish species (William et al., Changes in the natural morphology of water bodies (e.g. channelized rivers, dams, canals) can also affect the ability of ecosystems to process and retain pollutants (Wagenschein and Rode, 2008). High nitrate levels in drinking water can lead to infant methaemoglobinaemia (blue-baby syndrome), gastric cancer goiter, metabolic disorder, birth malformations, hypertension and livestock poisoning (Khandare, 2013).",6,1,8,0.7777777777777778
10.1787/9789264119284-4-en,e7744b59ef65d93805b247a043726a2d,"Beyond the determination of who does what, the challenge lies in the problems of overlapping responsibilities generated by interpretation and implementation of water policy on the ground. In addition, both ministries are required to co-operate on some areas, given the interdependence of issues such as climate change, spatial planning, roles of water districts, agencies, organisations and the need to address issues of quantity and quality collectively. On average, domestic water services usually involve the highest number of ministries, public agencies and departments, because of the externalities of water supply on other policy areas (e.g. education, health, etc.)",6,0,3,1.0
10.1787/9789264168060-4-en,d581d5698a4361b8bca6981f4de8dd60,"Moreover, a UK survey revealed that 50% of farmers did not recall any guidance on how to comply with the Nitrates Directive (National Audit Office, 2010), although this could be associated with the fact that only 55% of the agricultural land area is designated to comply with the Directive (Chapter 5.1). But there is evidence that farmers are willing to accept further education and advice on nutrient and pesticide management on their farms in the interests of protecting the environment and that overall awareness is increasing and leading to improved management practices to control pollution (European Commission, 2010, Perez, 2010). Building social capital in a water catchment so that that farmers and other stakeholders are better informed of the processes impacting on water quality can be beneficial (Morton and Weng, 2009). The impacts of diffuse source pollution can depend: on the quantities of pollutants released, how easily the pollutants are transported into water systems, and how sensitive the water environment is to pollution (Environment Agency, 2007).",6,1,8,0.7777777777777778
10.18356/6af97a78-en,5b02c4b0d60ac4662623211a8999832f,"This mode continues to be advocated by major donors, but it is becoming much more modulated and open to newly recognized stakeholders concerned with ecological impacts, dislocation of local people, often minorities in the respective countries, and other undesirable localized social, cultural and economic outcomes that, in changing who benefits and who loses, challenge the use of social cost-benefit analysis to defend large-scale projects. The MRC region, in particular, has been able to become open to many more voices in research and at international forums discussing policies and project outcomes. This has led to proposals for “integrated water resource management” (IWRM), which is now supported by many international donor/lender institutions, including the Asian Development Bank (GWP 2003, Abdul-layev et al.",6,0,3,1.0
10.1787/9789264202405-10-en,52caa9c53ecc397a63444bb741ed60cd,"The economic and environmental costs associated with groundwater overdraft include foregone revenues from extractive uses and the loss of in situ values (Table C.7). Most large-scale assessments of the cost of groundwater overdraft are restricted to direct extractive uses. Indeed, the complex relation between aquifers, surface water and wetlands makes any attempt to assess the in-situ values difficult.",6,0,7,1.0
10.1787/9789264187894-3-en,3d50d1b78ae2be166aae8f5b88c341be,"In this context, Mexico’s challenge is to use the growing water reform momentum to create inclusive, integrated and coherent water policy. Moving forward under a business-as-usual scenario is not an option. Addressing this means, in part, improving the quality of rivers, lakes and aquifers in Mexico. This task has been a major challenge throughout the country because surface and groundwater quality is threatened by pollution loads from point and diffuse sources, and insufficient attention to wastewater discharges. Currently, 91.3% of the population has access to drinking water services, and 89.9% has sanitation coverage. In 2010 alone, hurricanes affected 118 municipalities in Coahuila, Nuevo Leon, and Tamaulipas, 138 municipalities in the states of Campeche, Puebla, Veracruz, and 56 in the states of Chiapas and Oaxaca.",6,0,9,1.0
10.18356/66896486-en,8490038f8f5555bf3d843d516087e8f8,"The Water Resources Management Agency is the State-authorized body for water resources management charged mainly with assessing water availability and ensuring water use efficiency, the management of competing water uses and for ensuring that environmental needs are met. The Basin Management Organizations are involved in developing water management plans in the five primary basin management areas. The State Hydrometeorological and Monitoring Service is responsible for monitoring surface water quantity and the Environmental Impact Monitoring Centre for monitoring surface water quality. The Regional Geological Fund assesses groundwater availability for water use permit applications.",6,1,8,0.7777777777777778
10.1787/9789264077287-en,f472ff3b870017630305642b601fcecb,"The Kyoto Fund (EUR 6 million in 2008) is financed primarily by an excise duty on road fuels (the “Kyoto cent”) and by a portion of the annual road tax. Only Ireland and Korea had higher growth rates over the period 1990-2007. Opinion on fiscal aggregates for the period subsequent to 2009 from the viewpoint of sustainable development criteria, opinion on opportunities and challenges relating to the growing use of biomass. For example, for a vehicle emitting 145 g of C02/km the tax is: diesel engine, 145*0.9*1.1 = EUR 143, petrol engine, 145*0.6*1.1 = EUR 95.",6,9,0,1.0
10.1787/9789264289628-10-en,b1f410ef48a469e9bee10a7ad18e358e,"Tajikistan joined the agreement on 17 June 1998. In 2015, Kyrgyzstan utility Electric Power Plants (EPP) considered bids to replace electrical components, auxiliaries and instrumentation as part of refurbishing the 1 200 MW Toktogul hydroelectric project on Naryn River in Kyrgyzstan (HydroWorld, 2016). It has four turbines each generating 7 MW.",6,3,0,1.0
10.1787/9789264231092-4-en,e7c2e98038147a53cbdcd8af5245d34f,"There is a large literature that reviews the different regulatory models in use globally. While a detailed description of these models is outside the scope of this report, this chapter focuses on describing the main regulatory models for water services. It identifies the establishment of dedicated regulatory bodies as a growing trend among countries and sheds some light on the motivations behind this trend. One recent trend, the development of dedicated regulatory bodies for drinking water and wastewater services (WWS), stands out as a consistent response to some of the challenges to regulating water services (including the fragmentation of roles and responsibilities in the sector and the difficult political economy of tariff setting).",6,0,3,1.0
10.1787/9789264202405-9-en,fed3ddf044c5dd5b2937cd7a7040a8ed,"However, because not all of this water is accessible for human use, the term water supply is typically used to refer to “the amount of water that is accessible to a demand centre and can be delivered reliably and sustainably with respect to the environment or the finite resource base” (2030 WRG, 2009), and it is water supply that is of primary interest when addressing the risks of water shortage, at least in the short and medium term. For non-OECD countries, this typically involves increasing access to water for basic consumption and sanitation, something that is provided through investment in water supply and delivery. By contrast, in many OECD countries, the vast majority of the population already has access to a reliable water supply, and considerable water infrastructure already exists. Investment in water supply, for instance, is needed to replace ageing infrastructure, meet increasingly stringent water quality controls, and manage extreme weather events (OECD, 2009).",6,0,4,1.0
10.1787/dcr-2012-14-en,2f34614e9a98e6ce1e157c923235773c,"Clearly, meeting this goal will entail stepping up the pace of short-term efforts to achieve the Millennium Development Goals as they are defined today. This is a necessary prerequisite to full implementation of a green and sustainable economic model, in terms both of social inclusion and of economic development. Consequently, it would not be USD 1.6 billion in grants that would have to be harnessed for Africa, but at least some 6 billion. Throughout the world, the amount currently wasted in the water sector through lack of efficiency was evaluated in a 2010 report by the World Bank and the French Development Agency at around USD 2.7 billion.",6,1,8,0.7777777777777778
10.18356/06ed025a-en,a51f6e15c6ce5fdb3557114cab94753c,"These challenges have been further elaborated in the context of disadvantaged groups in urban and rural settings (Chapters 6-7), for refugees and forcibly displaced populations (Chapter 8), and across different regions (Chapter 9). The first relates to water supply, which corresponds to the volumes of water that can be withdrawn sustainably from surface and sub-surface sources, as well as from unconventional sources. This includes desalination of sea water, water reuse and recycling, and rainwater and fog harvesting.",6,1,8,0.7777777777777778
10.1787/9789264083578-6-en,5fc25595c4a89d15e3f63ea8d4383a07,"In recent years water charges have risen, as a result of the transfer of irrigated areas operated by the DSI to water user associations. A study of cotton and grape production in the Gediz Basin, for example, showed that where these transfers have occurred and water charges increased, irrigation water productivity showed significant gains. Many of these projects are financed by international development agencies and donors (e.g. the World Bank), as national funding is limited. The South-Eastern Anatolian Project (GAP) (1983-2001), which was financed mostly by national resources, is the largest regional development project in Turkey covering 10% of the total land at an estimated cost of TKY 50 (USD 32) billion. For the World Bank- funded Anatolian Watershed Rehabilitation Project (DOKAP), with funding of TKY 65 (USD 45) million over 2004 to 2012, the aim is to restore degraded soils to increase farm and forestry production. Even so, the GAP project is increasing the supply of domestically produced hydroelectricity and has brought socio-economic welfare gains to villagers.",6,1,8,0.7777777777777778
10.18356/48927deb-en,89cd256d29e78af89adeac46184adc50,"In particular, the obligation to publish by December 2009 River Basin Management Plans has been a strong driver for water management in EU member States. Eastern neighbours are also interested in the application of the provisions of the WFD. Belarus has schemes for the complex use and protection of waters, and is interested in seeing how these compare with EU River Basin Management Plans. Due to lack of resources and capacity in the eastern neighbours, the preparation of River Basin Management Plans has been mostly supported by external donors, but the implementation of the developed plans in some cases advances very slowly.",6,0,3,1.0
10.1787/9789264119284-4-en,5b474e13a4f1a678e452220c94a1a196,"A second example in this category is New Zealand. On the one hand, service delivery and related infrastructure (municipal water supply and wastewater disposal) is generally undertaken by territorial authorities such as district and city councils, with the exception of large municipal areas where the regional councils may assist with bulk service delivery (e.g. Wellington). Alternatively, several territorial authorities may contract with the same Council-Controlled Organisation (e.g. Watercare in Auckland).",6,0,3,1.0
10.18356/c2dea192-en,9044eef90339ccf6f11bd603d85476a6,"Energy Efficiency Watch 2012). The Efficient Vehicle Incentives Programme, launched in 2012, facilitates the replacement of older, fuel-intensive vehicles with high efficiency models with lower consumptions and GHG emissions. A direct government aid of EUR 1,500 per vehicle is given for efficient vehicles whose before-VAT cost is EUR 25,000 or for electric, plug-in hybrids whose before-VAT cost is EUR 30,000.",7,1,8,0.7777777777777778
10.1787/9789264096356-en,6ab27056733a748289a81bdae89f9e1b,"It can be expected that once increasing supply risks are appropriately communicated and major supply vulnerabilities are manifest, actors in importing countries will enact public and private measures to respond. An early attempt to use Stirling’s SWI to assess security of supply by an international organisation was made by the IEA in Towards a Sustainable Energy Future (IEA, 2001). The SWI remains a useful tool, but as has been pointed out above it must be complemented by qualitative information about different supply options. Well-diversified, liquid markets may provide a hedge against the exercise of market power. Competition authorities tend to focus on the related but opposite characterisation of markets: the extent of market concentration. The most common indicator used to measure market concentration is the HHI developed above.",7,0,9,1.0
10.1787/5kmh3nj5rzs4-en,df652667908d20f2a7989c9ee9b827ec,"This act has given private investors access to all power sector operations. As a consequence, state governments encourage the private sector to invest in rural electrification projects. To do so, many state governments have established administrative mechanisms to facilitate the process of approval and clearance for the setting-up of small and medium-sized industries. Those specifically targeted are industries that seek to use local resources for decentralised generation projects and stand-alone systems.",7,1,8,0.7777777777777778
10.1787/5kmh3nj5rzs4-en,8f242ee4078a08f0e479b9cfc49501c1,"Eletrobras is a federally-owned holding Page | 22 comPanV f°r electricity assets, controlling a large part of electric power generation and transmission systems mainly through six subsidiary companies, as well as some distribution capacity in the Amazon area. The Empresa de Pesquisa Energetica (EPE, or Energy Research Company) is responsible for the development of integrated long-term planning of Brazil's power sector, thus supporting MME's national energy policy and long-term planning. By 2007, 55.35 million out of a total 56.34 million permanent residences were connected to electric energy.",7,1,8,0.7777777777777778
10.18356/7e8a00c8-en,f58050166edc93520e772ddad32da75b,"Gas and electricity cannot be seen but they can be metered and supply can be turned off, which makes it possible to trade them like other commodities. Furthermore, there are physical markets that require delivery and off-take of gas and electricity, and financial markets that exchange derivatives linked to the physical market.48 Trading energy derivatives brings in additional funds from investors for operations and long-term investment in the energy sector. More recently, carbon emission has been commoditized so it is becoming a policy instrument for lowering greenhouse gas emissions, and when large investors participate in carbon emission trade, there will be new capital for implementing zero-carbon energy capacity. Once liquefied, trucks or ships with cryogenic or insulated tanks can transport it to places not connected by pipelines.",7,0,9,1.0
10.18356/9a9b4252-en,43bc850670ce706a76d76e9bc731c186,"After all, more than 50 per cent of new businesses in the United States fail in the first four years of their existence (Shane, 2008). Successful venture capitalists are right only part of the time,14 while the gains of the winners compensate for the failures of the losers. However, particular investment failures do not mean that the strategy itself is a failure. It is important to change perceptions of the meaning of government failure. A country fund structure, as discussed above, could be helpful in doing so, since it incorporates individual decisions into a larger framework.",7,9,0,1.0
10.18356/5c3fe50f-en,8b6625531465a4e06ecbd3eb79ff3833,"This information will be useful in providing technical advice based on realistic analyses”. Request international and regional organizations, specialized agencies and institutions, as well as development partners, to support, in a coordinated manner, the implementation of the present Declaration. I, Resolutions Adopted by the Conference (United Nations publication. E.93.I.8 and corrigendum), resolution 1, annex I. b Ibid., I, resolution 2, annex. The present plan of action is guided by General Assembly resolution 67/215 on promotion of new and renewable sources of energy, in which the Assembly declared 2014-2024 as the United Nations Decade of Sustainable Energy for All, and the principles contained in the Ministerial Declaration.",7,0,4,1.0
10.18356/1edabeca-en,00793f64e9c2a144baee10ec94c862e3,"Only 14 LDCs have even limited oil-refining capacity, the output of which is overwhelmed by that of the other manufacturing sectors. Similarly, available national accounts and employment data typically group together energy-related utilities — electricity and gas — and water supply, with no further breakdown. In households where both women and men are engaged in wood collection, the gender distribution of time savings may also differ significantly from that of time allocation: even if women spend more time than men collecting wood, a greater share of the time savings may accrue to men. This should be achieved through both centralized and decentralized energy technologies and systems, combining the three general models of grid extension, mini-grid access and off-grid access (AGECC, 2010).",7,1,8,0.7777777777777778
10.1787/5k9312v21l6f-en,60a148ee953bd6d9349f85d897641289,"These initiatives need to be encouraged, carefully monitored, and expanded where successful. Fiona Stewart is a principal administrator in the Financial Affairs Division of the OECD’s Directorate for Financial and Enterprise Affairs. The views expressed are the sole responsibility of the authors and do not reflect those of their organisations or the governments of OECD Member countries. The authors are solely responsible for any errors.",7,8,1,0.7777777777777778
10.1787/9789264284319-9-en,97c9e370bae463d430b9f9a6cdb4751f,"Electricity production in 2015 generally declined compared to the early 2000s (by about 25%), particularly in Chisinau. This is closely related to the increase in gas prices. Energocom is a state-owned company and acts as a single buyer at nonregulated prices for imported electricity from Ukraine as well as from Transnistria. Energocom sells to RED Nord and RED Nord-Vest, or directly to eligible customers (Ener2i, 2014).",7,0,4,1.0
10.18356/c2dea192-en,86cd29ca593bbd832c8f3b19b6a137af,"Between 2007 and 2013 a 55% tax deduction offered in the Energy Efficiency Tax Rebate Programme scaled-up investment in new appliances and equipment by EUR23Bn in 1.8 million applications. The cost of the scheme was EUR 13 billion. ( Org/W/ bookshop/463-Energy_Efficiency_Market_Report_2014 South Africa. The Income Tax was amended in 2013 to include regulation 12L, which sets out tax incentives for any energy efficiency project that reduces energy use in any way, and is claimable until 2020.",7,0,6,1.0
10.1787/9789264212664-en,21d87fe3b5fbe5b564711d1a72394b85,"In Brazil for example, private investors are asked to collectively elaborate a planning proposal for the grid connection before they bid on upcoming renewable generation projects. Incentives for clean energy production vary from one state or province to another. For example, in the Chicago Tri-State metro-region, which straddles three US states (Illinois, Indiana and Wisconsin), different targets for the share of renewable sources of energy in the state energy mix, together with different criteria for deciding which projects qualify as renewable-energy-based electricity generation, undermine efforts to attract clean energy investments to the metro-region (OECD, 2012e).37 In other cases, national laws may undermine local-level investments in clean energy. For example until 2010, Polish national policy prevented municipalities from taking ownership of waste generated by their inhabitants and businesses.",7,0,4,1.0
10.1787/9789264097896-9-en,27190fb513729e8589df38b3d5915cb4,"A sharp fall in TPES and TFC in 2006 was also linked to decreased use of energy products as feedstock, especially in the petrochemical industry. In 2007, Portugal consumed 0.17 toe per USD 1 000 of GDP (2005 prices), against an OECD Europe average of 0.12 toe. The difference is less when GDP is corrected for purchasing power parities.",7,1,8,0.7777777777777778
10.18356/feb1987a-en,0c58617a89503a86c56fb83c9fae39df,"The work of the task force focussed on the use of natural gas in transportation to facilitate and accelerate the commercialization of natural gas, including renewable methane, as a fuel for the road and marine sectors. Asociacion Iberica del Gas Natural para la Movilidad (GASNAM') provided preliminary inputs regarding maritime use of natural gas. This present report has built on those initial inputs with significant contributions by DNV GL’. The report summarizes findings to date on the main barriers to the use of natural gas in maritime transport to inform the Group of Experts on Gas on appropriate approaches to their removal.",7,0,3,1.0
10.1787/9789264202276-9-en,bf0ddcb01c66afa7e579c8af41bbe71c,"Aware of these challenges, the government of Jordan has formulated a Water Strategy covering the period 2008 to 2022. The Strategy aims to reduce the country’s reliance on groundwater abstraction and diversify its water resources through wastewater treatment and alternative technologies such as desalination and the use of brackish water and rainwater harvesting. It defines a target of decreasing groundwater sources from 32% of the water supply in 2008 to 13% by 2022.",7,4,0,1.0
10.14217/9781848599574-13-en,15cd1905e2d5f5b75b861fb6a232bf93,"Vanuatu has capitalised on its renewable energy to some extent, with a wind farm and solar PV system connected to the Port Vila grid, and a hydro power station that serves Luganville, as well as use of coconut oil for generators. The key energy sector policy document is the Updated National Energy Road Map (NERM) 2016-2030, which has five energy sector priorities and associated targets: increasing access to electricity, reducing reliance on petroleum products, affordable energy services, a secure energy supply, and mitigating against climate change through renewable energy and energy efficiency (Radio NZ 2016). Vanuatu’s NDC outlines a target of increasing the electricity generated by renewable energy from about 25 to 100 per cent by 2030. The government’s updated NERM also has a target of increasing the proportion of the population with access to electricity to 100 per cent by 2030.",7,0,9,1.0
10.18356/aac9b96c-en,49fd0f25b460b24428b9b4c94f36a1a0,"As of late 2015, 314 SHPPs exist in Tajikistan, with a total installed capacity of over 26,000 kW, but about one third of them (103 units, with a total capacity of about 5,700 kWh) are currently not working. Many SHPPs in remote rural areas have been built in a makeshift manner without adequate expertise. Many are poorly designed, freeze in the winter, lack technical maintenance and become non-operational after a relatively short period. This can be due to the absence of well-established or functioning supply chains for SHPPs, which would ensure the broad availability of such systems and better service support for end users.",7,0,9,1.0
10.18356/e9fa9dd4-en,acf2069740a79e68953b7fa96ed857c2,"Addressing them thus requires an understanding of the specific features of the rural domain. Although significant gaps persist, rural women have been able to achieve higher education levels and engage more actively in production processes, including through the ownership or use of land. Rural youth is also better educated and has new expectations and aspirations, but young people often cannot find opportunities and life projects to match their new conditions and circumstances.",7,3,0,1.0
10.6027/2387665a-en,554c758773e5688035919ad353e3853c,"Rather, true prices free of distorting effects from regulation and taxes would - in almost all the Arctic regions - provide sufficient economic incentives to drive the transition into the 2DS or CNS. It is immediately evident that there is very little difference between the three scenarios in 2035. The major transition from fossil fuels to renewable energy happens independently of the C02 targets imposed in the 2DS and CNS scenarios.",7,0,9,1.0
10.1787/9789264303119-en,2dce476347efef847b6ffcf8e256170f,"Governments also have a role to play with regard to the provision of adequate levels of transport, distribution and conversion capacity. Partly, such capacity can be provided by markets themselves, but in other cases it requires regulation and supervision. First and foremost, such regulation must provide sufficiently attractive financial conditions for investment in transport and conversion infrastructure.",7,8,1,0.7777777777777778
10.1787/9789264202276-9-en,c3fb37b1de8f093502bfbdc495795537,"For instance, the growth rate was 62%, in Saudi Arabia 73% in Egypt and 96% in Iran (GE, 2010). This trend is projected to continue, ostensibly presenting a challenge but in reality also offering an opportunity for Jordan and its neighbours. According to the Electricity Regulatory Commission, renewable energy amounts to 108 MW of installed electricity capacity, which is equivalent to 3.5% of the total electricity generated in Jordan (ERC, 2010).",7,1,8,0.7777777777777778
10.1787/9789264096356-en,e7aa16e721aa2397acb84d18cce4f4ad,"The maximum flexibility required is equal to the coincidence of a maximum decrease of wind output with a maximum increase of demand. This flexibility measure has to be compared to the maximum flexibility available, which is determined by the maximum ramp rate of controllable technologies times their availability and capacity. The flexibility margin indicator compares the maximum flexibility available with the maximum flexibility required, in proportion to the maximum flexibility required (ECOFYS, et al., This measure does not account for alternative sources of system flexibility like interconnection capacity, demand response and storage. The indicator warrants the use of assumptions for maximum ramp rates of controllable technologies. The difficulty is to take into account differences in plant availability, i.e. whether the plant is already (partially) used in the system or not, and therefore whether the plant has to ramp from a cold or warm state with corresponding ramping times.",7,1,8,0.7777777777777778
11.1002/pub/807e55db-ec047466-en,ac5c6a7d1f6861a41cfbf411bb6cef6d,"Hence, we propose introducing the energy-proportional concept—the idea that the power consumption of a system should be proportional to its workload—to the server cluster by matching the number of active servers to the load. We also present the design and implementation of a prototype of the server cluster and evaluate it by examining power usage and response times to some kinds of traffic patterns. As a result, our scheme reduces power consumption effectively under low load, succeeding in saving over 50% energy compared to the conventional management policy where all servers are kept in service whatever the workload, without affecting the response time.",7,1,8,0.7777777777777778
10.1787/9789264188617-en,7d6ab57f15ed591c7058b8b8d63e3071,"Under certain circumstances, the xenon effect on core reactivity is so substantial that the reactor cannot be restarted for a certain time after shutdown. Also, if control rods are used for power variations, they can deform the axial power distribution and thus create an axial imbalance in 135Xe distribution. Management of these axial power imbalances and oscillations is an additional challenge for operations in load following mode, especially in the case of large power variations.",7,0,3,1.0
10.1787/9789264298576-17-en,a1446f7375a106481713e68e4d722094,"Serbia is due to adopt a new energy strategy though the associated action plan for the sector is lagging somewhat behind. This indicates that they are still developing policy, legal and institutional frameworks and that relevant legislation is not adopted and/or fully aligned with the relevant Energy Community acquis. In the Former Yugoslav Republic of Macedonia, at the time of the assessment, the energy law was not yet Third Energy Package-compliant and a clear strategy for the whole sector, including measurable objectives, is not in place.",7,1,8,0.7777777777777778
10.6027/9789289347204-5-en,25c0b7caa2586f5aa1a050ff771886e3,"However, reported methane emissions are often based on production volumes and standard emission factors (in large part derived from US EPA work) (IEA, 2013). The 100-year global warming potential cited here is most commonly used, but in scenarios where climate change impacts become severe already in the near term, one could argue that a higher value / shorter time scale should be used. According to the industry itself, this is not primarily the result of a specific focus on reducing methane leakages, but rather due to strict safety regulations and high-quality equipment (Statoil, 2013). All oil and gas production in Norway also takes place offshore, which requires greater attention to pipe sealing and equipment durability than onshore production. We do estimate what the impact of this would be, but do not use it as the main scaled abatement potential for this solution. By 2010, this had gone down to 2.8kgCH4/TJ, an average reduction of 2.3% peryear.",7,1,8,0.7777777777777778
10.18356/42b33a50-en,14ec9adb08ef5dc0f190db2b895d6a34,"It envisages the ambitious target of reduction of energy intensity by 50 per cent by 2030. The Comprehensive State Energy Conservation Programme until 2010provides for the enhancement of energy efficiency and competitiveness of national economy, the optimization of state energy balance through decrease of imported fossil fuels (natural gas) and their replacement with alternative sources of energy and secondary energy sources. It is responsible for development and implementation of the national policy in the area of energy efficiency, energy conservation, and development of alternative energy sources.",7,0,9,1.0
10.18356/1e8b62ff-en,66f54ee4452196775ff69e34b60715f4,"For potential mini-grid operators, the prospect of future competition with on-grid electricity providers with different cost structures might be a significant deterrent to investments that entail substantial sunk costs. This highlights the importance of transparency and integrated planning of grid extension and mini-grid deployment, and of appropriate regulatory frameworks, so as to avoid discouraging private investors and ensure the viability of an incremental approach. While the experiences of China, India and Nepal suggest that this option is technically viable (Deshmukh et al.,",7,0,9,1.0
10.1787/5kg51nfc1321-en,fe7a300173bd4fa5d57c1a6a417b00ef,"The reduction of costs at a national level for countries that import fossil fuels is also of value, especially in light of recent price increases and global unrest. There is considerable controversy over whether currently available biofuels (typically derived from grain or oil seed crops) are produced sustainably at this time, whether they provide much net C02 reductions, and whether they may have adverse impacts on food security and agricultural markets. The answers depend on each situation, but current biofuels do not now provide significant net benefits. There are exceptions such as sugar cane ethanol in Brazil, where at least the costs are low and C02 emissions reductions appear to be substantial.",7,0,4,1.0
10.1787/9789264284319-4-en,3659fd0e7a16866b8cef01decf630879,"The region can also further tap its wind and solar potential. Source: IEA Energy Balances Statistics (n.d,). However, energy-efficiency improvements require significant investment - and these to a large extent depend on energy policies in the EaP countries. In particular, energy price regulations (consumer subsidies) are a hurdle for investors in the electricity and heat sector.",7,0,4,1.0
10.6027/9789289350167-9-en,1cc9d6c6a27b27a7b89ab773a5b9326b,"Estimated environmental benefits yield up to 11 million tonnes of saved C02 during the 20-year lifespan ofthe plants (GET FiT, 2017). The program has already delivered 30 MWs of commissioned capacity, with 86 MW in construction, which created 1,500 jobs in 2016. The scale ofthe impact is amplified, because through USD 104 million in Premiums GET FiT has leveraged an estimated USD 428 million of investments (GET FiT, 2017). Strategically, NDF's focus is on being catalytic, supporting innovation and private sector development, project development and piloting of high-risk interventions.",7,0,3,1.0
10.18356/1e8b62ff-en,4cd3736b9a0d6f97cd9eb41193b6e0df,"Surveys in several LDCs suggest that solar lighting leads to significant reductions in lighting spending, lower C02 emissions, health benefits (especially for women and children, who typically spend more time indoors) and educational improvements (by allowing longer or more flexible study time)16 (Grimm et al., They can also make some contribution to productive use, for example by allowing smallholder farmers to use ICTs, thereby improving access to market information, agricultural extension and basic financial services (UNCTAD, 2015b, Bhatia and Angelou, 2015). Prior to electrification, renewable energy can be harnessed directly to diversify income sources and enhance labour productivity in non-farming activities and food processing through non-electrical technologies, such as solar tunnels for drying and evaporative refrigerators. ( While the take-up of similar devices would likely be constrained by the availability of funds for end-use investments, LDCs' producers, including small and medium-sized enterprises (SMEs), might benefit significantly from harnessing the scope for technological adaptation and “frugal innovations” in the field of end-use productive technologies, including those compatible with off-grid systems (Prahalad, 2006).",7,1,8,0.7777777777777778
10.6027/9789289330718-10-en,105693e149d1f47d70002d7c0b29a2e1,"Estimations show that this could comprise a total potential of 13,000 GWh. The most attractive industrial hydropower potentials are located along the western edge of Greenland’s ice cap, between 62 and 68 degrees north. In this region the vast interior contains a potential for each reservoir of somewhere between 600-2,500 GWh per year.",7,0,4,1.0
10.18356/feb1987a-en,d74f4a770d60c3af413b60c3be4b584c,"The report identifies drivers, key enablers, gaps and barriers to the use of LNG as fuel in maritime transport. Reducing the use of heavy hydrocarbons and increasing the use of LNG in maritime transport could help reduce carbon dioxide emissions and other pollution arising from international trade. This is a step in the right direction as we confront the challenges associated with climate change and air quality.",7,1,8,0.7777777777777778
10.18356/7e830810-en,3520a9f0d2d6f308267ade7fce37a5a9,"Energy data are available mainly in developed countries, and even in these countries they are not as detailed as needed for proper industrial energy-efficiency analysis and policy design. Benchmarking is required as much at the technology and process levels as at the policy level. The long distance to best practice is a major incentive for governments and firms to do better.",7,0,9,1.0
10.18356/a2206e44-en,6acfca8912da33463763cce68bb8b129,"The benefits of electrification are direct and indirect. Direct benefits include improvements in living conditions, such as illumination (and hence also the opportunity to study longer hours in the evening or to work longer hours in family businesses) and improved cooking methods (and hence the reduction of health hazards associated with biomass burning). Moreover, access to electricity can also reduce energy costs, especially for lighting and small uses, resulting in savings for poor households.",7,1,8,0.7777777777777778
10.18356/5b6c49ea-en,fe64097299abe806d08aec27f68dbbcf,"The same review also shows that under these and even less ambitious renewable energy scenarios, it is expected that a global share of more than 5 per cent of intermittent modern renewable power will be reached by 2020. This will require some sort of smart grid to deal with load balancing, which in turn means that these scenario plans assume the rebuilding of the existing power grids in most large economies within the next 10 years, an extraordinarily ambitious undertaking (comparable undertakings in previous energy transitions took more than 50 years). In this scenario, demand for all types of energy increases in non-OECD countries, while in OECD, demand for coal and oil declines.",7,0,9,1.0
10.1787/9789264183704-6-en,ff7d6d4d7e1f5f0f17592fac67e3972f,"An important innovation to ensure effective TGC support of technologies in the early stages of market deployment was the introduction of banding10 which has been introduced in Italy and the UK. For instance, in the UK one renewable obligation certificate (ROC) is granted per MWh of electricity generated. This market-led approach aims to encourage competition between technologies to minimise cost (Wood and Dow, 2011).",7,0,5,1.0
10.18356/95417570-en,3ddfa6746d997041b223114af975e27e,"Taken together, fossil energy sources provide some 80 per cent of global energy needs, while fuelwood, hydropower and nuclear energy provide the rest. Access to energy services is distributed almost as unequally as income, with a fairly strong correlation between the two. Up to a point, energy consumption is strongly correlated with human development (see figure II.5). There is, not surprisingly, a strong correlation between economic convergence and energy convergence.",7,0,4,1.0
10.1787/5kgglrw4n7s0-en,65aef2fe78c0c7724c6201915db8d04f,"Overall, the gas infrastructure in both scenarios requires investment of around USD 209 billion. The capital needs for coal supply amount to USD 303 billion in the Baseline Scenario. In the BLUE Map Scenario by contrast, the use of imported coal is more attractive than the mining of domestic Indian coal, since the coal import price is lower than in the Baseline Scenario as a result of the lower global coal demand. The investments for the coal supply infrastructure of USD 115 billion in the BLUE Map Scenario are mainly related to expansion of the harbour infrastructure.",7,0,9,1.0
10.1787/9789264303119-en,927afb8391d6cdd77cbd217c2c50e55f,"However, each additional customer in the area reduces the average cost for all involved since the cost for connecting the additional customer is small. The physical link through the grid not only links customers to a producer but also links all producers with one another. This is why in the electricity system changes in the level of production of one company immediately have impacts on the production and profitability of another company.",7,1,8,0.7777777777777778
10.1787/5k49dv6c5xmv-en,db5580a9392b7b99cafe8b2bd375b6aa,"In the rest of the metro-region, the relative concentrations of the racial/ethnic groups within different industries are about the same, but the actual concentrations are lower, reflecting the overall smaller percentage of minorities outside the city. The concentration of racial/ethnic groups within certain industries is linked to differences in educational attainment by race (Figure 1.9), and is highly spatially segregated. Whites in the City of Chicago are far more likely to have a bachelor's degree or higher than whites residing outside the city, blacks living in the suburbs register a higher level of educational attainment than those living in the city. For Hispanics, the differences between the city and the surrounding region are not as great.",7,4,0,1.0
10.1787/5k9bls0jr4wl-en,edd05bdd312825314872384e54a4db76,"The scheme will be in place until 2014. As each of the utility recommendation elements is optional, the IEA has calculated this pie chart based on the element that achieves the highest level of policy implementation in each country. For example, Canada's Council of Energy Ministers supports collaborative actions to promote and support energy efficiency.",7,1,8,0.7777777777777778
10.1787/5k3wb8fmsz6h-en,3dd3af54f18980d626946ede9a1eed65,"Failure to build new capacity on time may lead to situations where electricity security cannot be ensured on a national basis. If this is the case, interconnections can contribute to ensure security of electricity supply. Potential investors in new generating capacity must expect to cover their variable operating and fuel costs, their operation and maintenance costs and their capital costs from sale of energy over the lifetime of the power plant.",7,1,8,0.7777777777777778
10.1787/9789264174573-7-en,6f936ff69b754551bc14469a9c5c4358,"In the sample used for econometric analysis, storage patents represent on average only 0.2% of total patents. Nevertheless, in order to avoid any concern over possible endogeneity, regressions are estimated on the difference between the patent total and the dependent variable. Renewable Electricity in the Grid, Earthscan, London. Renewable Electricity in the Grid, Earthscan, London.",7,0,9,1.0
10.1787/5kgglrw4n7s0-en,16a3e091e8cfa2c8becd5cc0af7b6309,"India plans to auction acreages for shale gas exploration in 2011. Transmission pipelines exist mainly in the northeast. The first major long-distance gas transportation pipeline is the Hazira-Vijaipur-Jagdishpur (HVJ) line built by GAIL, which is state-owned and the largest Indian gas transmission company.",7,1,8,0.7777777777777778
10.1787/9789264174573-7-en,ec167a601ffbbade5fa103a3010e6e86,"For instance, greater diversity in the mix of wind, solar and ocean-tide energy reduces innovation rates in storage and grid management. In addition, greater trade will have the same effect. Interestingly, when disaggregated one can see that this is only true of storage (Model 5) and not grid management (Model 6). This is likely because many aspects of grid management are complementary with improved capacity to exploit trade in electricity services.",7,0,9,1.0
10.18356/1e8b62ff-en,04654dcb3b2ced5a2318363cc211ed21,"Box figure 3.1 presents a schematic assessment of the main technologies for utility-scale electricity generation. The contrast with developed countries is still sharper. There, only 60 per cent of generation and capacity are combustible fuel-based, as much faster deployment of nuclear and non-hydro renewables has led to a more diversified generation mix.",7,0,9,1.0
10.18356/aac9b96c-en,4d2d2251a0397416914b98e256291105,"One striking example of the impact of fuelwood use on vegetation is the use of teresken (Ceratoides papposa) shmbs in eastern Tajikistan, which has led to the virtual disappearance of this vegetation type in many areas. According to the Ministry of Energy and Water Resources, by 2012, CO2 emissions in the energy sector amounted to slightly more than 2 million tons, in terms of carbon equivalents, this amounts to 12-15 per cent of the 1990 level. The contribution of the fuel extraction and energy generation sector to overall CO2 emissions is insignificant.",7,0,9,1.0
10.1787/9789264298576-17-en,2184b1e409865519ddefc0cb93021832,"The smooth implementation of market liberalisation in order to increased infrastructure investment in the region requires adequate and effective mechanisms to protect consumers. Countries that are self-sufficient in energy production may have concerns about preparing for energy emergencies and their ability to react to growing demand. Countries which import energy may be vulnerable if they rely predominantly on imports of a single fuel or from a single countty. In the long term it is principally about investment in energy infrastructure, so that energy supply keeps pace with economic development. Clear policies and measures to increase energy security improve the competitiveness of the sector and send positive signals for investors across the energy system and economies more generally. However economies across the region have ambitions to create gas markets and are developing enabling legislative and regulatory frameworks in preparation.",7,0,9,1.0
10.1787/5kmh3nj5rzs4-en,0668ce461d5f5a0d796a522862e97970,"In some cases, PV modules have been Page | 54 vvelded to the basic structure so as to create additional hindrances for potential thieves. By comparison, privately owned local systems are under better control, especially solar home systems, small-scale wind turbines and pico-hydropower stations, and are therefore less subject to theft and vandalism. As a consequence, the gap in service supply between urban and rural areas has been growing.",7,0,9,1.0
10.1787/9789264096356-en,de8a3c55d08cf9593999dd43eab106b2,"Storage finally is absent for wind or solar power since the latter manifest themselves naturally as variable fluxes. However, this does not mean that renewables are never storable. Hydropower, either in natural reservoirs or through pump storage is an excellent medium for storing energy and, implicitly, electricity that can be readily produced by releasing the water to drive a turbine.",7,1,8,0.7777777777777778
10.1787/9789264224582-8-en,8fcd609bd5a91cbf7dcdf5b98068fd4b,"In the case of sustainable energy, energy efficiency loans or solar leases could be pooled, securitised and issued as an asset-backed security. The process of pooling or warehousing these loans or receivables is discussed further in the report. To provide a credit enhancement, a specialised insurance provider guarantees or “wraps” the asset-backed security to insure against losses. The insurance wrap typically increases the credit rating of the issuance.",7,1,8,0.7777777777777778
10.1787/9789264188617-en,9f1b7257ab977d345a60971940db5ec1,"Due to the infeed of low marginal cost electricity, the supply curve shifts to the right, with a significant decrease of the number of hours in which peak-and medium-load technologies are marginal. This results in lower spot and average electricity prices and in a reduction of infra-marginal rent for base- and medium-load technologies. The former effect affects mainly peak-load type of generators, while the latter is more relevant for base- and medium-load generators.",7,1,8,0.7777777777777778
10.1787/saeo-2017-8-en,e160ab114acf2cf2b2bbd94147ebce25,"China and India are already major drivers for the development of renewable energy on a global scale. After increasing the installed capacity of solar power with 15.2 GW in 2015 alone, China has surpassed Germany and become the top country for total solar photovoltaic (PV) capacity, with approximately 19% of the global capacity (REN21,2016). India is also taking leadership in renewable energy development, ranking fifth globally for additions of both solar power and wind power in 2015. The massive deployment of renewable energy in these two countries has had powerful impacts on driving down costs for renewables, reducing greenhouse gas (GHG) emissions and creating green jobs.",7,0,4,1.0
10.1787/5kggc12rmkzq-en,80c5db2b46a369c231e5b8c03018c16c,"Clifford and Clancy (2011), using a detailed model of the all-island Single Electricity Market, show that the wind generation expected in 2011 will reduce Ireland's wholesale market cost of electricity by around EUR 74 million. This is approximately equivalent to the sum of the Public Service Obligation (financing the feed-in tariff for wind) cost, estimated as EUR 50 million, and the increased ""constraint"" (or balancing) costs incurred due to wind in 2011. The reduction of Ireland's dependence on fossil fuels and the C02 emission cuts cost nothing in this case, despite the persistence of the support scheme which ensures recovery of the long-term costs of electricity generation from the wind even when the market prices are low.",7,0,3,1.0
10.18356/95417570-en,8d963a2840415bb868c8541b1f9da8a6,"In addition, this would be equitable and have a highly positive effect in respect of creating new economic activities and development. This is a huge sum for the poorest of the developing countries but it is a humble one in comparison with other financial flows. It pales beside the hundreds of billions pledged by many Governments of the countries members of the Organization for Economic Cooperation and Development to rescue the financial sector, automotive industry and many other sectors of the economy. In comparison, the cost of bringing 2 billion into the modern energy service system would appear to be a real bargain.",7,1,8,0.7777777777777778
10.18356/55b2b04b-en,2cf123d0cbefd1c0a2b9ae35c7b36531,"And Cyberjaya is using district cooling to reduce and shift electricity demand by using highly efficient chillers with ice and cold water storage. District energy is the only way to utilize low-exergy, low-grade waste heat or free cooling sources for these end-uses in buildings. Port Louis will pump water from 1,000 metres below sea level to provide cold water for a new district cooling system to replace decentralized air conditioning powered by fossil fuel-based electricity.",7,0,3,1.0
10.1787/9789264096356-en,e448f63550b783182f8b7d5393be45dc,"It matters whether a capacity margin is constituted by nuclear generation capacity, gas- or oil-fired capacity that can be brought on-stream at will or intermittent renewables. Renewable energy that constitutes a growing share of generating capacity in OECD countries might instead not be available when needed. The intermittency of renewable energies (especially wind and solar) which are governed by the weather and not by the needs of electricity consumers creates serious stress for power generation infrastructures and has lead to the distinction between gross capacity margins and “reliably available capacity”. A power system must provide stable amounts of baseload power and cover peak demand at all time.",7,0,9,1.0
10.1787/5kmh3nj5rzs4-en,7670b34737e30b05e7632aa617004fb4,"In 2007, the General Office of the State Council issued ""Views on the Implementation of Deepening the Reform on Power System during the Eleventh Five-Year Plan Period"" (The General Office of the State Council Doc. No.19 2007), which standardised the restructuring of power enterprises at the county level, and encouraged the involvement of independent power companies. Since 2007, the State encourages all types of investors to invest in rural power grids.",7,1,8,0.7777777777777778
10.1787/9789264188617-en,41402ed5a4fc04c9fe232c71ae639faf,"On the other hand, solar technologies may have almost zero capacity credit if the peak demand occurs in the evenings during winter, as in several north European countries, especially those relying heavily on electric heating such as France. Dispatchable plants for instance are weakly correlated and their capacity credit can thus be higher than their respective load and availability factors: their planned outages are scheduled during periods of weak electricity demand, while they are supposed to be available during high demand periods. On the contrary, variable renewables relying on the same natural resource are closely correlated (one wind turbine is likely to stop turning the very moment that other turbines stop turning). Thus, the capacity credit of variable renewable power plants decreases with the penetration level, reflecting the increased correlation with the rest of the generating system.",7,0,3,1.0
10.1787/5kmh3nj5rzs4-en,657817b1924bdab9caaef1338e627438,"A remote village or remote hamlet will be considered Page | 70 electrified if at least 10% of the households are provided with lighting facility. Under the RVE programme, the electrification process entails choosing the most adequate energy technologies through the identification of locally available energy resources. However, in the case where these solutions are proven unfeasible, and if the only means for electrification is through use of isolated lighting systems (such as solar PV), these should be taken up.",7,0,9,1.0
10.18356/95417570-en,a084da967a4edd56c921c95eb50bcf6b,"The curve ranks technologies and industrial processes according to the net costs of avoiding a ton of C02 emissions, taking into account both the capital costs and the operating costs of low-emissions technologies. Figure II.2 suggests opportunities for negative cost (or win-win) emissions reductions where the upfront capital costs are more than offset by future energy savings. Most of these savings are achieved through improved energy efficiency.",7,1,8,0.7777777777777778
10.1787/5kmh3nj5rzs4-en,b515d085bbfdc460c0adebb3de64a271,"These standards are now widely used not only in South Africa but also throughout the Southern African region. The INEP provides incentives for a range of new technologies, including planning tools, to meet a variety of site-specific conditions during the rollout of the programme. If solar water heating had been used by the richer households and in the cities, then the technology could have been extended to the poorer communities.",7,0,9,1.0
10.1787/9789264188617-en,ee6ab27955617177113cf214da736b35,"It is interesting to note here that, if frequency control and daily load following both reduce load factor, those reductions have a different economical impact for the electricity producer. Frequency control implies an electrical output reduction during the whole day, at peak hours when the electricity is valuable and at night-time, when the demand for electricity is low. On the other hand daily and weekly load following reduces the electrical output only at low-demand periods, when electricity value is low.",7,0,9,1.0
10.1787/9789264303119-en,2bda0c9c2f2f7dcbe4b7fb43b61975d0,"However, the intellectually coherent manner to proceed towards this internalisation would have been to tax the externality itself, i.e. to impose taxes on GHG emissions and the use of imported fuels, rather than to impose certain technologies on the market. Guaranteeing long-term revenues to VREs only, whether through feed-in tariffs or other instruments, is thus at the origin of the technical and pecuniary externalities that are created by the variability of wind and solar PV. This reduces the profitability of alternative means of electricity production, which nevertheless remain indispensable to ensure the security of supply and thus will require additional revenues through capacity mechanisms.",7,0,8,1.0
10.1787/9789264303119-en,319b0cf4e71bcf48e7fe1471dc5c8c14,"These concerns were already raised at the early stages of nuclear energy development and have contributed to the creation of special liability regimes and international conventions applicable in the case of a nuclear accident. The analysis is limited to a subset of damage, i.e. fatalities, morbidity, evacuation costs and economic consequences of oil spills. Conventions: the International Convention on Civil Liability for Oil Pollution Damage, 1992 (1992 Civil Liability Convention) and the International Convention on the Establishment of an International Fund for Compensation for Oil Pollution Damage, 1992 (1992 Fund Convention), together with the Protocol of 2003 to the 1992 Fund Convention (Supplementary Fund Protocol).",7,0,5,1.0
10.1787/9789264284319-4-en,d37a73e5b3ea4c3859095a289d4ac796,"These two inner components - direct budgetary' transfers and government revenue that has been foregone as a result - are also the subject of quantification of OECD’s renowned Inventory of Support Measures for Fossil Fuels (OECD, 2015a). In this case, there is no direct transfer from government budgets, and the cost of subsidies is pushed on to energy-supplying companies (though the latter can also be compensated by the government for the losses they incur this way'). This is by far the laigest category in the IEA estimates of consumer subsidies granted as a result of selling energy at below-market rates. However, this category can also include cross-subsidies, whereby one category of consumers (for instance, industry) pays a premium on the price of energy, which pays off the losses that suppliers incur by selling energy at below cost-recovery rates to a different category of consumers (for example, households). International organisations such as the IEA and the IMF have come up with certain regional and global benchmarks, in particular for fossil-fuel consumer taxes. The OECD has also discussed these issues in its flagship publication Taxing Energy Use (OECD, 2015b).",7,1,8,0.7777777777777778
10.1787/9789264298576-17-en,9587811c3819f1f77e61cb97d2b1ed89,"The winning projects received funding and expert support. Not long after, buildings with extremely high energy and environmental performance started appearing across the region. Six Exemplary Buildings calls have resulted in more than 350 000 m2 of new passive buildings, and 621 000 m2 of newly constructed and renovated surfaces.",7,0,3,1.0
10.1787/5kggc12rmkzq-en,f50e482a82bfb0e6c0d0525a69e6e6a9,"In doing so, they relatively reduce the C02 price, thereby diminishing the advantage given by the instauration of the ETS to the lower carbon-emitting technologies among electricity production technologies from fossil fuels. This benefits the more emission-intensive technologies. There is at present nothing to ""force"" the fossil fuel producers to increase their output and keep total emissions constant. They might do so for economic reasons, but they might as well save allowances and sell them to other entities whose emissions are covered by the ETS - for example in other industrial sectors.",7,1,8,0.7777777777777778
10.1787/5k49dv6c5xmv-en,2458eced9b3db6f52e809bf388ec853a,"This is partly due to weak regional job creation, but it is also connected to a lack of information from the private sector to orient young professionals toward existing needs and opportunities in the region. Public authorities could strengthen existing institutional mechanisms to intensify a more comprehensive region-wide dialogue between training service providers and the private sector. The resulting information-sharing could allow a more efficient allocation of scarce resources to the large number of training services and providers within the currently highly fragmented workforce development infrastructure.",7,8,1,0.7777777777777778
10.1787/5kgglrw4n7s0-en,b5e97672c166d0be30612379b80db101,"One strategy India can continue to pursue is to exploit its vast thorium resources, along with developing the required fast breeder and heavy water reactor technologies. This would facilitate self-sufficiency over the entire nuclear chain. Relying on imported uranium to fuel light water reactors (LWR) can be an alternative strategy for India's nuclear future, which does not require the development of the more complex nuclear technology chain as needed for thorium. The use of uranium would initially require imported reactors, later to be replaced by Indian designed reactors. Given the size of the Indian market, it is worthwhile to develop an Indian equipment industry for solar-PV and CSP, and for T&D equipment.",7,0,9,1.0
10.1787/9789264303119-en,cd5e67b4bd74d804c7b9a11f37c26fe5,"However, while numerical results can differ, the main trends and effects observed are common to all system and penetration levels. In the short term, the electricity system is locked in with the existing generation mix and infrastructure and cannot adapt quickly to the introduction of the new technology. On the contrary, in the long term, both the infrastructure and generation capacity can evolve and adapt to the new market conditions resulting from the introduction of the new generation capacity. Thus, system costs are different if assessed in a short-term perspective with numerous dynamic processes or in a long-term equilibrium perspective.",7,1,8,0.7777777777777778
10.18356/665c59ff-en,1c97754fcab1bd08243fe8df70f8aacb,"They specify the requirements of the lead firm (at the buying end of the chain) for supplier firms to ensure systemic chain competitiveness. They are industry specific or relevant across a range of sectors, such as IS09000 on quality and IS014000 on environmental management. They include food safety and energy efficiency, and those set by international bodies include the EU ""farm-to-fork"" food standards and vehicle emission standards. They include labour standards, organic standards and Fairtrade certification.",7,0,5,1.0
10.18356/6e8bb756-en,21e33f33063db5c9fd4406bb83b06c05,"People also modified their habits, turning off lights when not needed, discarding freezers that were barely used and reducing their use of air conditioning. This market shrinkage had long-lasting effects, postponing the need for investment in new supply facilities. It was the largest experiment of its kind in the world and it showed conclusively that conservation measures can be very effective in meeting society’s energy needs.",7,0,9,1.0
10.18356/d79c87b2-en,0f268dc0ae7773c6607c53f18cf5bef5,"Germany's government, for example, developed policies that promote grid integration and market access for solar energy. In addition to the technical capacity to enable trade across the network, policies need to provides incentives for homeowners to invest in the infrastructure - by giving them the opportunity, for example, to offset their initial investment by selling the excess electricity they produce. In addition to grid integration policies and technologies, governments must offer financial and tax incentives to develop the solar energy infrastructure and help counter the initial cost of these systems.",7,0,3,1.0
11.1002/pub/81216b38-en,d5bc0b6bb7b4644f0997a03dc82b74e2,"In rural and remote areas that can only be served by solutions not connected to the main power grid network of the country, ICT can help to make a viable business case for energy providers. Two types of loss occur. Technical losses refer to power dissipation in components along electricity distribution infrastructure. Non-technical losses refer to electricity theft (e.g. the 'hook line'), customers failing to pay their bills, and accounting errors (World Bank, 2009).",7,1,8,0.7777777777777778
10.6027/9789289329309-4-en,acaa9699c2c44d388ba02f4e3833fadc,"The upshot is that the energy security perspective should probably be downplayed and the climate part takes a more prominent place as upward pressure on the prices of fossil fuels will be reduced as more supply surfaces in coming decades. Reducing energy related C02 emissions requires low carbon solutions to energy production in the form of energy savings, deployment of (close to) zero carbon technologies such as Carbon Capture and Storage (CCS), atomic power and renewable energy such as wind power, biomass etc. From a broader perspective, it requires a more general shift towards the use of primary energy sources, produced ""at home"", or at the very least, in stable and friendly regions. When energy technologies are ranked in this way, most renewable energy technologies come out top while coal is better than gas and gas is better than oil. The relation between objectives, implications, and technologies is illustrated in Figure 6.",7,1,8,0.7777777777777778
10.1787/9789264180444-17-en,cd30946ec342b06d1c342aeaa43913cc,"The implementation of the 2009 EU Renewable Energy Directive will provide an opportunity for regioas to become involved in a national RE strategy. It will be important to address both the social concerns around wind, bioenergy plants and transmission lines by engaging fully with local and regional actors. It lies between 68 and 70° north, approximately 350km above the Arctic Circle.",7,0,9,1.0
10.18356/d1d16df5-en,b55c40103803b15479d01183010bc2e0,"Based on I RENA’s estimate, the life-cycle cost over a 12-year cooking period would be $124, $225, $303 and $129 for ICS, LPG stoves, electric stoves and biogas digesters, respectively. From the socio-environmental perspective, IRENA ranks biogas digesters highest, followed by LPG stoves, electric stoves and ICS. Figure 23 presents a matrix of socio-economic and environmental benefits from promoting different clean cooking fuel technologies.",7,1,8,0.7777777777777778
10.18356/6e8bb756-en,2e4280488c6e79eb25dcc645ef99da50,"The oil price increases of the 1970s, the high capital costs of increasing electricity supply and the need to cope with a serious power supply crisis in 2001 led the Brazilian Government to adopt several programmes and legislation which were designed to promote end-use efficiency. Managed by Brazil’s Economic and Social Development Bank (BNDES), it was discontinued when international oil prices fell. Under the programme 22 types of appliances are currently labelled.",7,0,6,1.0
11.1002/pub/81216b38-en,e61dc5be3c3cf57290b7ecab6b3ffee5,"In most developed countries, even rural areas have reliable access to electricity. Here, ICT solutions can help consumers save money on their energy bills as sensors and actuators enable them to micro-manage their demand or to become prosumers who produce their own power. Furthermore, ICT can be used by energy providers to monitor and manage grids resulting in efficiency improvement and cost savings. In developing countries, urban grids partly can profit from the same impact of ICT.",7,0,10,1.0
10.1787/9789264097896-9-en,36a92bcb25f36e964079a8d0ea01e298,"Excise taxes are favourable to diesel, which continues to encourage diesel vehicle sales. Economic theory suggests that fuel taxes are the best instrument to address CO2 emissions from road transport (OECD, 2009a). However, the already relatively high fuel taxation and the price tax differential with Spain limit the scope for further tax rate increases, especially on diesel (OECD, 2010b).",7,1,8,0.7777777777777778
10.1787/5k3wb8fmsz6h-en,97f8cce45c949a3f9071cf317b1a2e75,"On the contrary, while electricity consumption has been slowing down, governments have accelerated renewable investments since 2008. The implication for Europe is that the residual demand to conventional generators in 2011 was equal to the level of 2002. In addition, the average price levels decrease, negative or zero prices can happen, and peaking units are running fewer hours.",7,0,9,1.0
10.1787/9789264097896-9-en,b7d893621bfbb17b59d0a1952f3806e2,"Renewable energy sources averaged about 21% of primary energy supply and 38% of electricity generation in 2009 (Figure 5.1), far above the OECD Europe average (10.5% and 23%, respectively). Hydropower has long been the major domestic source of electricity. However, hydropower generation is subject to large annual variations linked to rainfall levels, which have caused major fluctuations in overall energy supply and carbon dioxide (CO2) emissions.",7,0,9,1.0
11.1002/pub/807e55db-ec047466-en,74bcb557d7eff4692610eab6fbde983b,"The difference is almost double in the case of the idle state. As expected, the cluster manager successfully issued commands to wake up additional servers when the request rate increased and put them to sleep when the request rate dropped. The transition of the server states is smooth, no responses exceed 550 ms, unlike the results of the previous experiment shown in Figure 9. Comparison between energy-proportional control and conventional operation.",7,1,8,0.7777777777777778
10.1787/9789264303119-en,230fd1512a05bdcd6301a7c77ba7b1ea,"In particular, they do not link to the extensive field of the Energy Technology Innovation System (ETIS), and do not fully touch upon how innovation is financed, adopted and diffused. Technology push and market pull policies need to be properly modelled because it is the proper combination at both ends of the innovation chain which offers the best prospect of accelerating the pace of innovation. This is equivalent to a technology supply-push and contrasts with the accumulating evidence around market-based technology learning.",7,0,4,1.0
10.1787/5kmh3nj5rzs4-en,0c21f11e4324f89e89732b720f43c5e5,"Capacity Building for the Rapid Commercialization of Renewable Energy in China, Renewable Energy Based Chinese Un-Electrified Region Electrification. Beijing: United Nations Development Programme China. An overview of urbanization, internal migration, population distribution and development in the world. New York: United Nations Population Page | 114 Division. Presentation: Universal Service Obligation in Rural Electrification -Rajiv Gandhi Grameen Vidyutikaran Yojana (RGGVY).",7,1,8,0.7777777777777778
10.1787/9789264188617-en,a2731efacf2350a3cb8b34dc1cef1dcd,"The latter are particularly important. While nuclear power has some system costs of its own, it remains the only major dispatchable low-carbon source of electricity other than hydropower which is in limited supply. Carbon prices will thus be an increasingly important tool to differentiate between low-carbon and high-carbon dispatchable technologies. The present study provides a contribution to the debate, which is still ongoing. Further research is necessary and will undoubtedly refine both methodologies and empirical results.",7,1,8,0.7777777777777778
10.18356/6e8bb756-en,afbfcf9c421d0391d3e126e1926a4299,"A similar approach is used to compare overall emissions along different paths representative of different technologies. For instance, ethanol production in Brazil currently uses one unit of fossil energy to produce nine units of renewable energy. Ethanol therefore currently has a 10 per cent fossil fuel energy “content”, most of which corresponds to the diesel used to transport the sugar cane from the fields to the mill. If ethanol was used as a transportation fuel, that fossil content would be virtually eliminated.",7,0,6,1.0
10.1787/9789264298576-17-en,3431bf478b7720913b9210b7e48ee90a,"See the methodology chapter for information on the Competitiveness Outlook assessment and scoring process. As Contracting Parties to the Energy Community, all the SEE economies are required to adopt and implement electricity and gas legislation which complies with the EU Third Energy Package requirements. This is a substantial undertaking, particularly given the relatively small size of the economies (and governments) and widespread concerns over institutional capacity. Overall the gas supply infrastructure is poor over large areas of SEE and the provision of gas to consumers is patchy at best. Although Albania, Kosovo and Montenegro have no gas sectors at present, they have ambitions to create them.",7,0,4,1.0
10.1787/5kg7068011hb-en,3b4d62b6c4a5ef53c55042cc8b6c24e7,"In at least some respects risks may differ from those associated with ‘substitute’ projects (i.e. fossil fuel plants), and we discuss instances in which this is the case. Investment is partially or totally irreversible when some or all of its costs are sunk. What makes investment expenditure in a power plant a sunk cost?",7,0,5,1.0
10.1787/9789264250505-7-en,309c3c5a88efa06670115421e5b2031a,"On average across the countries for which data are available, 5.5% of workers earned at or below the minimum wage in 2010, the latest year for which comparable data are available. At 14.2%, Latvia’s share was more than twice as high, and also higher than in any other of the European countries shown in Figure 3.8. As a result, changes in minimum-wage provisions can be expected to have a strong impact on the labour market.",8,0,3,1.0
10.1787/5js4vmp5n5r8-en,43933bf2a3276d398d880caaa5512530,"Attention to the inter-linkages between tourism and other related policy sectors such as land use planning, infrastructure and services, environmental management, public health, education and transport has not typically been a high priority. However, there are significant long-term benefits to be gained from taking a broader inter-linked policy perspective where a range of public agencies can participate in policy discussions so that the needs of the tourism industry are incorporated into each stage in the PPRR approach. The organisation seeks to provide leadership and counsel on an individual and collective basis to over 80 government tourism agencies, 50 international airlines and a large variety of travel and tourism industry, media organisations and education and training stakeholders (PATA, 2013).",8,0,5,1.0
10.6027/9789289349437-7-en,6004168107f18f2ffa75da4ad1165e71,"Most of the companies that have joined the network are small family enterprises with a limited capacity to invest in international marketing on their own. Networking also enables co-operation on the practical level with regard to the capacity of the service providers. For instance, by developing the same type of product packages peaks in the visitor flow can be managed more smoothly. Training and capacity-building is also more easily carried out utilizing the existing network of entrepreneurs.",8,0,9,1.0
10.1787/9789264273153-6-en,db6d5c1c909385def68114a351a5ad21,"By 2030, when most major countries will have middle aged or elderly workforces, India’s will still be young. Around 36% of the Indian population in 2011-12 was 17 years or younger and around 13% was between 18 and 24 years (Table 3.3). The informal economy also accounted for nearly half of the employment for those between 18 and 24.",8,1,8,0.7777777777777778
10.1787/9789264226470-7-en,5f33bf0fd634b9480ede5cda13710555,"An even higher default rate is expected for 2011 and beyond because of the revolution. The Fonds National de Promotion de lArtisanat et des Petits Metiers [National Fund for the Promotion of Crafts and Small Enterprises! The Banqne de Financement des Petites et Moyennes Entreprises (BFPME) [Small and Medium Enterprise Financing Bank] provides loans for larger ventures (between TND 100 000 and TND 5 million). Indeed, according to a OECD and IDRC (2012) study on New Entrepreneurs and High Growth Enterprises in the Middle East and North Africa, low enterprise activity rates in the region are in part due to the low levels of participation of women in the formal economic sphere, as both employees and business leaders.",8,0,9,1.0
10.18356/3fe10a08-en,616422f35a840e9acc0d26174ccbf5fd,"Finally, better connectivity, across the subregion and beyond, can help leverage the subregion’s strategic location at the crossroads of Asia and the Pacific to re-emerge as the hub of East-V\fest trade that it once was. Growth was driven by buoyant domestic demand backed by supportive policies. Fourth quarter growth was particularly strong in several economies in the subregion. Strong economic growth over the past two decades has resulted in a growing middle class.",8,0,5,1.0
10.1787/9789264287747-en,a3106f0053e9f850f48c532fba46379f,"This chapter assesses the contribution of immigrant workers to GDP in Thailand, based on labour market and other information. Assuming that the economic contribution of immigrant workers is broadly related to the number of workers, it is possible to make a quantitative assessment of the direct output generated by immigrants in Thailand. As the sectoral distribution of workers is a major determinant of the contribution to GDP, this chapter starts with a brief review of sectoral development of the Thai economy and the position of foreign-bom workers in this regard.",8,0,3,1.0
10.1787/5k3xn24zbqr4-en,4b918e7ce6602abe85ac564ccb46528b,"It offers two main products, subsidised loans and guarantees, the latter being its predominant form of SME support. As with other federal institutions, NAFINSA works through an auction process in which the delivery of the policy is granted to those intermediary organisations that make the best offer in terms of credit conditions for the SME clients. For example, in the visited state of Queretaro, NAFINSA had developed special credit programmes for tier-2 and tier-3 suppliers of the strong local automotive sector and was equally in the process of bolstering the incipient aeronautics sector. In Mexico City a specific scheme was conceived for taxi drivers, while in the state of Leon were the footwear and leather industries to be targeted. Most of the loans supported by NAFINSA seem therefore rather thought for working capital requirements or, at most, small-scale investments.",8,0,4,1.0
10.1787/5js4rv0g7szr-en,9994dcdbc1b1af8926748893b8132065,"The share of women in the tourism workforce is also higher (55.9% compared to 43.2%). Earnings in hotels and restaurants, meanwhile, are around 37% lower than average earnings in the economy as a whole, and up to 60% lower in some countries (Table 1). Accommodation and Food Service Activities (ISIC Rev.4). For more information, please refer to the Statistical Annex.",8,1,7,0.75
10.1787/5k4c0vtwpttj-en,d6cbbff5c29ed3733e1449a233ab57fa,"The basic allowance is available to those who are over 20 years old. To qualify for an income-related benefit, the unemployed person must have been a member of a Ul fund for at least 12 months. For both types of Ul benefit, the maximum entitlement period is 300 days and 450 days for parents with children.",8,0,3,1.0
10.1787/9789264189935-7-en,46c8157bab55b9d05c6ca5ada3d1188b,"Since January 2013, the county LDCs are mandatory pre-trial bodies, except, until July 2017, in cases of termination of employment contract, suspension from work, non-pecuniary damages, as well as collective labour disputes, which were the unique prerogative of courts. The new labour code expands the role of the LDCs by making them the mandatory pre-trial body in all cases of labour dispute. Up to now, LDCs have managed to solve all the cases, with no case being brought forward to court.13 This may nevertheless change with the extension of the scope of LDCs notably to termination of employment contract and collective labour dispute. Cases are rare and mostly relate to contract termination, representing less than one per 1 000 of the total number of terminations. Since July 2017, the SLI is also in charge of collecting new data such as the number of employees’ representatives, the number of temporary labour contracts, and the number of termination of labour contracts as well as grounds for it. The county divisions of the SLI will also have to assess reasons for firing or changing work conditions in a less favourable way for an employees’ representative.",8,0,5,1.0
10.1787/aeo-2012-8-en,712f1615dfa4dbd382cf2f25b2f34e97,"Rural youth often face similar problems. In addition, they are put at a special disadvantage by government programmes that target only urban youth and jobs. Adapting schooling and skills trainings in rural areas to rural needs would be an important step in supporting rural youth. Today the region counts almost 300 million people, 122 cities exceeding 100 000 inhabitants and an urbanisation rate of 40%.",8,0,10,1.0
10.1787/9789264302037-en,47891bc3e4d1253d54589244b17a41fa,"The challenge was to redraw a new line dividing German Togoland into two separate territories. In 1919, the ‘Milner-Simon agreement’ between the English and the French attributed 60% of German Togoland to France and 40% to Britain. The provisional line mainly followed natural features. According to Raunet (2016), when the Milner-Simon line cut communities in two, villages could decide whether they wanted to be under British or French rule and had six months to relocate on either side of the line.",8,0,3,1.0
10.1787/9789264096127-9-en,36eea0a1a70066e233b7c67043771668,"The probability is higher for a young person with a tertiary education (respectively 17% and 25%). Although many young people (in Europe, two-thirds of them) would have preferred a permanent job but could not find one, temporary work has the potential to provide a key entry point to the labour market. For many young people, temporary contracts are more often a stepping stone to a permanent contract than a dead end.",8,0,6,1.0
10.1787/9789264287747-en,a5403cfe49a0b81e1c6c7dd998f84bb4,"This study also revealed that the majority of respondents did not think that immigrant workers in a regular or documented situation and national workers should be treated equally. Undocumented immigrants may also face high wage penalties, one study found that undocumented immigrant workers from CLM were paid at least 50% less than the minimum wage (Paitoonpong et al., Such perceptions are more prevalent in urban areas, despite the fact that immigrants are more likely to be employed in 3D jobs which are shunned by most Thais (Sunpuwan and Niyomsilpa, 2012).",8,0,3,1.0
10.1787/empl/outlook-2010-2-en,42184f54a22f1dba1de55eb950f059b5,"While this outcome represents a major challenge for employment policy, particularly in the context of increasing pressures for fiscal consolidation, it is better than might have been expected given how sharply output fell (see Section 2). Comparing unemployment rate trajectories during this and previous recessions0. For certain countries, these may differ from the harmonised unemployment data used in Figure 1.2.",8,0,4,1.0
10.18356/a75977db-en,bfd94afa9b6bfdc68ce3569f1781f2bd,"Our reward practices recognize compensating our employees fairly and equitably for the skill set they possess and value contribution as a business imperative. In addition, sponsorship of Country Presidents and HR has been crucial in raising awareness and for each country to take action regarding investment required to address gaps. A key indicator of this sponsorship was the inclusion of our pay equity vision in Schneider Electric’s 2015-2017 Planet and Society barometer, clearly laying out our initial three-year ambition.",8,0,3,1.0
10.1787/empl/outlook-2015-9-en,0f8d2ae74058ed6ba8e8a073ac874615,"In particular, a large literature documents the existence of a deep divide, within the formal sector, between jobs offering permanent contracts and those offering fixed-term contracts. The distinction is especially relevant from a job quality perspective since fixed-term jobs tend to be, on average, second best jobs characterised by lower earnings quality, higher labour market risk (due to both higher risk of joblessness and to lower unemployment benefit coverage) and lower quality of the working environment (OECD, 2014, Chapter 3). Furthermore, these forms of fixed-term employment are quite widespread in emerging economies, notably in Latin American countries and China.",8,0,3,1.0
10.1787/5js4rv0g7szr-en,1fddb994c4007125f554820eda3cb948,"It can also vary by skills level and is more likely to be lower for managerial levels than for line employees. In France, for example, an estimated 50 000 positions are unfilled in the sector at any one time, even though the number of tourism graduates is at a sufficient level to meet the vacancy rates. In Australia, the turnover rate is 64% and is more pronounced in regions where tourism is competing with other, higher paying sectors, notably the resources sector, while the job vacancy rate in tourism is 9%, almost five times the rate for the overall economy (2%).",8,0,4,1.0
10.18356/d378c0c7-en,e22242390493bd1fa9e6ef77890f11c9,"The dimension of Security of employment and social protection assesses the threats to employment security as well as the measures and safety nets that can offset possible risks that come with short or long spells of unemployment or being outside the labour force, health problems and retirement. The sub-dimension Security of employment essentially refers to how likely a person is to lose his or her job(s). It involves information on the degree of permanence and tenure of the work, the status in employment and the formal or informal nature of employment.",8,0,4,1.0
10.18356/7ba4f48c-en,af4d4bd21e013d96acaf826f3cef6220,"Improving labour market prospects and outcomes for women is an essential aspect of moving towards gender equality, providing the basis for increasing women's full and effective participation in economic life as well as in decision-making in domestic, political and public life. While improvements in labour force outcomes and the protections afforded to women therein will support the overall objectives of Goal 5, it is important to highlight the benefits to working women from concurrent gains in specific targets for Goal 5. Here, the adoption of stronger safeguards against exploitation will better protect young women and encourage increased labour market participation.",8,0,3,1.0
10.1787/empl/outlook-2015-7-en,81b55fd59ee746ace420d42a734c8daa,"Some countries recognise the validity of other types of job-search actions, which eases this problem. The United Kingdom has taken a different approach. While not necessarily specifying the number of job-search actions, the individual action plan resembles an employment contract and details work preparation and job-search activities covering the same amount of time as agreed hours for prospective work (OECD, 2014a).",8,0,4,1.0
10.18356/2d530d27-en,b43f8f2d056f19efbbd92a68ecd624bb,"Includes estimates based on partial dal “Preliminary figures. Figure VI .3 shows the average percentage changes in the urban participation and employment rates in the first three quarters of the year compared to the same period of 2017. Higher growth in the employment than in the participation rate (points above the diagonal line) implies a drop in the unemployment rate, while a larger increase in the participation rate (below the diagonal) implies the opposite.",8,0,4,1.0
10.18356/6546680a-en,67ab829bff0a5cb87613b851e99b3372,"These are: the investment necessary to build domestic capital stock (physical capital, human capital, and so forth), which economists refer to as capital accumulation, structural change (or structural transformation), and building the capabilities of the domestic enterprise sector. The policy framework proposed here is intended to contribute to thinking about how this might be done, given the specific conditions of a typical LDC. The main novelty in the framework is that it explicitly links employment creation with the three processes through which productive capacities develop.",8,0,3,1.0
10.1787/9789264269637-6-en,323a47212fa1643d8368a029c8ed9f58,"They also must be available for and willing to accept suitable work, including part-time and casual employment, and attend all scheduled interview's with Centrelink, the benefit administration agency, and w'ith their employment service provider. While Centrelink is a publicly managed agency, employment services to jobseekers are provided exclusively by a mix of for-profit and not-for-profit private providers contracted by the Commonwealth Government through a system called jobactive (Box 3.2). As discussed in Chapter 1, labour demand and labour supply factors drive regional labour market outcomes in Australia.",8,1,8,0.7777777777777778
10.18356/0ac071e9-en,02c4376582af888c7e2728351cc0a328,"It represents around 80 per cent of total employment in LDCs and is therefore very important for these countries (International Labour Office, 2011). Table 14 provides a detailed summary of vulnerable employment and working-poor dynamics in the LDCs for the period 2000-2018. Each of these indicators has improved since 2000, but from a relatively weak base, especially in African and Asian LDCs.",8,0,9,1.0
10.1787/5k3xn24zbqr4-en,1aff7c615f36a532b9ffca0e2c45b655,"Some states such as Jalisco were already undertaking similar activity but now all of these local initiatives are grouped under the umbrella of this programme. The Ministry of Education will need to work with the Ministry of Economy on this as the school curriculum is decided at national level. Ernst and Young (2011) reported that a failure to integrate women fully into the workforce is costly in terms of GDP, arguing that it is clear that women can add incrementally into a developing nation’s economy. This is also being recognised in the UK, for example the University of East London in 2011 established the Centre of Excellence for Women’s Entrepreneurship. Although Mexico has no exclusive programmes for women in the national system of employment, it is beginning to happen, for example in Queretaro. In 2008, the incubator of the Autonomous University of Queretaro (UAQ) worked with a group of women identifying demand with the department of sustainable development for the local municipality.",8,3,0,1.0
10.1787/9789264269637-6-en,4d975ea0d6e20822d610bffe17a2e67e,"The risk analyses and prevention and action plans are conducted in collaboration with prevention advisors and employee representatives. Employers have to appoint a prevention advisor to assist them in implementing the risk prevention policy. For companies with up to 50 employees, the prevention advisor must be from an external provider to avoid conflicts of interest.",8,0,3,1.0
10.1787/5js6363503f6-en,d0f9c7bc6f76bc082e56165b7c8317f9,"The effect is larger still in Italy, where at a participation rate of only 42%, an unemployment ratio of 10% translates into an unemployment rate of 24%. When comparing joblessness across countries or over time, it should be considered that higher unemployment rates may reflect both a higher incidence of joblessness but also a lower participation rate at given levels of joblessness. Trajectories are constructed from the raw data as ‘chains’ of activity states over the observation period, with each sequence consisting of 48 monthly activity states. Four types of activities are distinguished: in work, in education, NEET unemployed, and NEET inactive.",8,0,5,1.0
10.18356/3fe10a08-en,4db090df8bb1e2941ced2487739e08ef,"In Bangladesh, India and Pakistan more than 60% of the workforce occupy jobs in the informal sector. This not only results in a vicious circle of poverty, but also represents the loss of a potential tax base that could be used to finance social protection and other pro-poverty measures. Indeed, measures to enhance the productivity of workers and formalize the labour market are essential for ensuring that these countries capitalize on their demographic dividend.",8,0,3,1.0
10.18356/3a7787dd-en,f44228c3ea255c6d49dc4cc8d4aba5fb,"A more important explanatory' variable is the availability of good alternatives for outsourcing own-use production work of services. The chapter explores further the relationship between own-use production work of services and household income. It presents a case study from the United States using measures of own-use production work of services to estimate income in-kind, and then derive several measures of inequality.",8,0,7,1.0
10.18356/584f8730-en,28f91ca9d15c5b19267b8aa5e7254c52,"For example, the Republic of Korea suspended production in the Kaesung Industrial Zone in February 2016 to protest nuclear testing by the Democratic People’s Republic of Korea. On the outlook for the future, the economy is likely to experience a slowdown in 2016, mainly due to China’s lower demand for minerals. Growth performance was, nonetheless, weaker than expected amid the economic slowdown in China which constrained business investment and exports.",8,0,9,1.0
10.1787/c73325d9-en,26ffaa5d50c614fa211900227013308b,"In the end, the infrastructure needed to support significant and sustainable tourism growth is sizeable and will take years to be in place. Private investment has an important role to play. The focus of the government on four ""new Balis"" (Box 2) is a positive step, even though sustainability remains an issue (see below).",8,0,3,1.0
10.18356/a25027f3-en,eb2de115caef939dc800e45cd7f48aeb,"In contrast with conventional claims, this is only partly the result of inadequate schooling. It is also due to the leakages created by emigration and the withdrawal of large numbers of graduates from the workforce every year as they are not tempted by lacklustre jobs in the public sector and the excess supply of qualified workers in sectors in low demand. In contrast, there is a significant excess demand for workers skilled in science and technology.",8,0,9,1.0
10.18356/aa8d2b4c-en,0bc72f744b1cdaeefd661667636ac2a0,"Furthermore, large income disparities can hold back economic growth by weakening aggregate demand (United Nations, 2013). The widening of income gaps between employees with differing education levels in the 1980s and 1990s was something of a surprise, considering the expected labour supply and demand trends. On the one hand, the expansion of education systems increased the supply of better qualified personnel. On the other, it was expected that liberalizing economic reforms would benefit the sectors that mainly used more plentiful factors of production, especially low- and medium-skilled labour. The outcome of these processes would have been to boost the wages of the low- and medium-skilled workers. Of the multiple factors that could have contributed to this trend, it was not possible to identify any single key cause, it being considered that a series of interactions are likely to be responsible (Fishlow and Parker, 1999).",8,0,4,1.0
10.18356/808599e4-en,de5e0a35b75f7c450f1128931951b18d,"Various targets emphasize the need for renewed efforts to protect the rights of workers, including migrants (8.8), the economic security of young migrants is indirectly addressed in targets 10.7 (planned and well-man-aged migration policies) and lO.c (migrant remittance costs). Equality in access to economic resources is highlighted in targets 1.4,5.4,5.S, S.a, 10.2,10.3 and 10.4. These targets are intended to guide policy efforts and programmatic interventions that will help Governments and the international community meet this Goal. Importantly, the Goal 8 targets overlap with targets for other Goals in the 2030 Agenda, most notably those relating to poverty (Goal 1), education (Goal 4), gender equality (Goal 5), infrastructure, industrialization and innovation (Goal 9), and reducing inequality (Goal 10).",8,0,6,1.0
10.1787/empl/outlook-2010-2-en,9eb97dcace1602defed1ae5bc6426791,"The increase in the Korean unemployment rate between December 2007 and March 2010 was also less than 1%, but unemployment in January 2010 was 1.7 percentage points above the pre-crisis level. The upsurge in unemployment during the first two months of 2010 was probably due to the temporary expiration of a crisis-related public works programme. Reductions in employment may result from either increased job losses or reduced hiring.",8,1,8,0.7777777777777778
10.1787/empl/outlook-2010-2-en,93d8df4dbfa29f1982444ba732fb0dc0,"For example, an evaluation of the Canadian Work Sharing Programme shows that about half of the jobs that were initially maintained by the programme were lost soon after its termination (HRDC, 2004). The next sub-section attempts to do so for the operation of STW schemes during the 2008-09 recession. The analysis makes use of quarterly data for the period 2003 Q1 to 2009 Q3 for 19 countries and four industries (manufacturing, construction, distribution and business services). The agricultural and non-market sectors are excluded from the analysis.56 Of the 19 countries included in the analysis, 11 countries operated a short-time work scheme during the entire period, five countries introduced a new scheme during the crisis period and three countries never had a short-time work scheme.",8,0,3,1.0
10.1787/5js4rv0g7szr-en,36d2e08d71eb7dddca259a32a02a6798,"Governments are looking to sectors like tourism which can support job-rich growth. However, there are concerns about the quality of jobs being created (OECD, 2013a). Even before the crisis, employment growth in a number of advanced countries was associated with growing atypical forms of employment, with job losses concentrated on workers holding these jobs, often youth, low-skilled and migrants (OECD, 2013b).",8,0,3,1.0
10.18356/7ba4f48c-en,44f82f64446c29487b143ddbf494c716,"As the demand for skilled labour rises owing to globalization, technological advancements and the changing organization of work, quality education and appropriate training will be key to addressing employment challenges. The education-employment nexus is pivotal to the achievement of the 2030 Agenda. Work is the foundation on which economic stability and prosperity are built.",8,1,8,0.7777777777777778
10.18356/84d2d81c-en,96d4e624d3159d048c7ad9cbfa881c3e,"Malawi and Mozambique both adopted land redistribution policies favouring the landless and de facto occupants, while Niger’s 1986 rural code provides for mechanisms to resolve land tenure conflicts. Decentralization was achieved through land boards in Uganda, rural councils in Senegal, land commissions in Niger and land committees in Lesotho (UNECA, 2005: 129-166). Wider access to land through land reform and/or more secure rights (whether individual or collective, proprietary or not) creates better incentives for agricultural investment and is therefore likely to result in increased employment in agriculture. The mix of measures to be enacted naturally needs to be adapted to local conditions, the local institutional setting and local traditions. Nevertheless, since the mid-2000s several LDCs have been entering into lease or sale agreements involving large patches of land for commercial agriculture development by foreign investors (so-called “land grab” operations), without fully privatizing land markets.",8,0,9,1.0
10.18356/3fe10a08-en,e56a55987f772b795e153580169adb24,"Growth of workers’ remittances slowed in 2012, partly due to a high base effect, but remained a major source of income generation, accounting for more than 10% of GDP. There was some improvement in oil production and that helped in raising GDP growth to 2.2% in 2012. Agricultural, construction and services sectors also contributed to improved growth. Nevertheless, this pace of growth is still much slower than its long-term trend. Sluggish growth in the major destinations for oil exports, namely the euro zone and China, also kept growth of the economy below its potential.",8,0,9,1.0
11.1002/pub/8111ea61-c3a8a09b-en,bb8ba057fee74757841943b4d772b725,"The introduction of the Emerging Market Entry-Level Terminal Industry Alliance promotes the new pattern of cooperation between entry-level terminal makers and operators, in which Huawei acts as the introducer of the alliance. Operators can offer many 3G or 4G terminals provided by those phone makers below USD 50 or even USD 20, which dramatically boosts the mobile broadband penetration ratio of the digital economy. This has now been successfully promoted in the South Pacific, South-east Asia, Northern Africa, Southern Africa and Latin America, among others.",9,0,6,1.0
10.1787/aid/glance-2017-14-en,d159127ded1b1b4ec17806c1849dd630,"The average annual 9.5% increase in aid-for-trade commitments has contributed to reversing the trend-which started in early 1980-of a declining share of ODA devoted to promoting economic growth. In 2015, the share of aid for trade in-sector allocable aid stood at 33.3%. Most of the increase was centred in the area of transport and storage, which rose by USD 3.0 billion, compared to 2014, and has almost tripled in volume since the 2002-05 average baseline.",9,1,9,0.8
10.30875/c7f78275-en,f5f3288ad7cc7721c11157297676f5e7,"The digital divide between developed and developing countries remains wide in terms of access to broadband services and e-commerce platforms, quality of infrastructure and legal framework. On average, services firms are more intensive users of digital technology than manufacturing firms, while high-tech firms are more intensive users of industrial robots than services or low-tech firms. Despite these challenges, it is possible to illustrate the current state of the digital economy using available statistical and anecdotal evidence and to make inferences about its likely future direction. The US International Trade Commission (USITC) offers a similar estimate of US$ 27.7 trillion for global e-commerce in 2016, up 44 per cent from 2012.",9,0,9,1.0
10.1787/9789264204362-8-en,c308e877605ac5abbce7d3bff8cbaa4e,"Given the scale of resources and the number of projects involved, BICRO has so far nurtured a small sector, essentially hedging its bets on a few contenders, each of which has an uncertain probability of successful employment creation and long-term sustainability. This approach can be useful for capturing serendipitous and radical ideas and has a non-negligible probability of a reasonably strong economic impact if pursued vigorously over a sufficiently long period. However it cannot be the main basis of support for business-sector innovation as a whole.",9,1,8,0.7777777777777778
10.1787/785f021c-en,31005b24be666e567acf1ce727d7a1b6,"Moreover, the production of high quality and competitively priced goods could increase sales in foreign markets, thus improving the country's trade balance. Against this backdrop, the Arab Industrial Development and Mining Organization (AIDMO), supported by the United Nations Industrial Development Organization (UNIDO), helped establish the Arab Accreditation Cooperation (ARAC) as a platform upon which Arab countries can build and develop their accreditation infrastructure. Based on the international recognition of the ARAC MLA, the testing, certification and inspection reports issued under an ARAC MLA signatory are recognised globally as well by all signatories to the ILAC and IAF agreements.",9,0,5,1.0
11.1002/pub/8111ea61-c3a8a09b-en,197b5d244ee46111397c0dc570cfaa26,"Huge projects are implemented by OGERO Telecom based on its strategic planning. In order to enhance the telecom sector, the company decided to start with enhancing the core (transport network), therefore connecting the different central offices and migration from time-divi-sion multiplexing to IP multimedia subsystems. It also upgraded submarine cables to enhance international connectivity. In parallel, OGERO is implementing fibre access to the users (fibre-to-the-curb, fibre-to-the-home, fibre-to-the-office and fibre-to-the-wireless for wireless local loop areas, and fibre-to-the-wireless Wi-Fi hotspots). It is also establishing its data centre and cloud. A new billing and customer relationships management system has been implemented to enhance customers' satisfaction.",9,0,9,1.0
10.18356/2575b318-en,549dba8ca8cae5d7e9978bd4bb30f93e,"In particular, it also includes the fadlities, equipment and personnel required for public service delivery to improve economic growth as well as ensure sustainable development. For example, with a robust institutional framework, policymakers can ensure an enabling business environment to speed up implementation for improved project contracting and a better protection of property rights. Strengthening institutional architectures at the national level thereby contributes to an expansion of fiscal space and can also enhance the prospects of acquiring additional finandng resources for infrastructure spending, especially in CSN economies. Stability and predictability in policymaking are key elements in ensuring that institutions thrive and engage effectively in decision-making processes across ministries and stakeholders.",9,1,8,0.7777777777777778
10.1787/9789264278875-4-en,f884e2863cea7c50e55821176846c881,"The Private Finance batches follow the ‘‘Design, Build, Finance and Operate” deliveiy model with an operational period that generally lasts 25 years. The criteria should explicitly avoid introducing preferences resulting from accounting rules for financing assets off-budget or off-balance-sheet. Currently, in Chile, decisions regarding whether to propose the concessions model for a particular infrastructure service are taken by the same unit that is responsible for the delivering the project, the CCOP. The decision to proceed with a concession, PPP or a traditional procurement process should, ideally, be taken by a body that is independent from the delivery units.",9,0,3,1.0
10.1787/9789264204638-3-en,8cd21bf86617b0a15097311cc0934817,"It identifies strengths and weaknesses of the innovation system and key tasks of innovation policy, and develops specific policy recommendations for improving framework conditions for innovation, strengthening the intellectual property system, intensifying diversification, fostering business innovation, strengthening the role of the Internet and ICTs, strengthening human resources, fostering critical mass and excellence in public research, increasing and diversifying the sources of knowledge for enterprises, and improving the governance of innovation and the knowledge base in support of policy. Following the recession at the turn of the millennium, the country’s economy expanded between 2003 and 2011 at rates that were, with a brief interruption in 2008-09, much higher than those of the previous two decades. Per capita income also rose much faster.",9,0,5,1.0
10.14217/6005bdbf-en,ae11836a4a265f0427b41826034471f6,"This is characterised by early adopters, majority early adopters, majority late adopters and laggards or late adopters. On the supply side, the diffusion of the public service innovation under service integration in the CSCs implies that government agencies and departments receive communication or some form of signalling from the centre’ so as to adopt the option of providing their services within one-stop shops. The resulting distribution is thus expected to be a right-skewed distribution curve, with more public agencies and departments bringing their services in the early adoption phase. The last few laggard supply-side adopters would therefore represent those departments and agencies offering complex services, whose integration requires more time, technological adjustments and significant capital outlay.",9,0,9,1.0
11.1002/pub/80fdfdfb-a715a89d-en,784051e8776b76bc8d630764b55b0eb2,"This is extremely beneficial for international development and humanitarian action, while the capacity to collect and analyze larger and more complex kinds of data is increasing. The State of Mobile Data for Social Good” report shows the value of harnessing mobile data for humanitarian and development action. Mobile network operators hold data for nearly five billion unique mobile subscribers and eight billion connections. Using that data to improve the well-being of communities requires a concerted effort to meet the unique needs of all stakeholders and ensure privacy rights are respected, so the benefits to society outweigh the risks associated with data use.",9,1,8,0.7777777777777778
11.1002/pub/8114a552-02ac2f7b-en,d5ebdecc01d37a7816231109258e96da,"Based on 168 economies for which data on fixed-broadband prices in PPP$ were available for the years 2016 and 2017. Similarly, the plans selected in 2017 for Ireland, the Republic of Korea, the United Kingdom and the United States included unlimited domestic voice minutes and SMS. As a result, the cheapest option for the monthly consumption defined in the ITU mobile-cellular basket (51 minutes and 100 SMS) includes in several countries some extra data allowance.",9,1,8,0.7777777777777778
10.1787/a09a3a5d-en,fedf2190e06b5ea195197072d3c2fafa,"For example, the Nadonal Council for Science and Technology Communication (NCSTC) in India implements a range of initiatives to disseminate scientific knowledge, making use of folk, mass and social media. One popular initiative is the Science Express, a mobile science exhibition mounted on a train travelling across India since 2007. For four years, it showcased ground-breaking discoveries and the latest innovations in the field of modem science by using exhibits, models and audiovisual displays. Since 2015, it has aimed at raising awareness among all groups of society as to how climate change can be combated through mitigation and adaptation (Department of Science and Technology, 2016).",9,0,13,1.0
10.1787/a09a3a5d-en,fbeeaac342b68428b4e5f4a01c30146a,"These economic structures reinforce social inequalities and may even threat social stability, because those in the less productive sectors of the economy do not benefit from the advanced sectors. This involves increasing awareness of the existence of such technologies, as well as providing the necessary capacity building or financial support to help firms benefit from them. For example, the Encouraging R&D in Traditional Industries programme in Israel provides support to traditional industries undertaking R&D projects, to help bridge the gap between less and more innovative industry sectors.",9,1,8,0.7777777777777778
10.1787/9789264209527-6-en,25f0c080b9093af89141f0d170116670,"Although these policies can have a profound effect on urban development, there is currently no explicit national urban policy framework in the Netherlands with a holistic and strategic focus aimed at enhancing the growth potential of FUAs. It then focuses on the impact on and the role of regions in the newly created Top Sector policy. The analysis also considers innovation in broader terms, examining additional domestic and European policies. The presence of several policies with a potential impact at the regional level requires an understanding of the possible complementarities that should be taken into account when designing the policy. Regional development elsewhere is seen as the responsibility of provinces and municipalities.",9,0,9,1.0
10.18356/2c363e4e-en,57c61dc66c5565b0974a3520bb9eba7c,"They also give rise to concerns, increasingly present in the gbbal public debate, about their consequences for equality, empbyment and the industrializatbn prospects of developing countries. For these reasons, this report focuses on the opportunities and challenges of harnessing frontier technologies for sustainable devebpment. This report therefore outlines strategies and actions to increase the effectiveness of frontier and established technologies as means of implementation of the 2030 Agenda nationally and gbbally, combining existing experiences in STI policy for development with more innovative approaches. The first outcome of this conference to be implemented was the establishment of the United Nations Inter-agency Task Team on STI for the Sustainable Development Goals and the launching of the Technology Facilitation Mechanism.",9,0,9,1.0
10.1787/3726edff-en,fcda39496561b5ca282c27e434408c1b,"However, this categorisation of R&D is not meant to be interpreted as linear as it is possible that findings from experimental development can adapt or change basic knowledge. The key criteria determining the type of R&D is the expected use of the results, in particular how far in the future and in what field the knowledge can lead to any application. While the objectives of an R&D activity can differ, the fundamental principle of R&D is that the aim of the activity should always be to generate new knowledge.",9,0,9,1.0
10.30875/c7f78275-en,ed527a832712ebb3691451af519a3abf,"The regulation of intellectual property rights, data flows, and privacy are likely to be of particular importance, as well as the quality of digital infrastructure, since reliable and fast network access is becoming a necessity for conducting business. However, the overall impact on GVC trade is hard to predict. In the longer run, however, 3D printing may to some extent substitute for traditional manufacturing methods, reducing the need for outsourced production and assembly, the number of production steps, and the need for inventory, warehousing, distribution, retail centres and packaging. Developing countries are likely to gain an increasing share of global trade, but the quantitative effects will depend on their ability to catch up on the adoption of digital technologies.",9,0,9,1.0
11.1002/pub/8114a552-e2853b97-en,6b72773d605305deff2177374cf4c6a6,"For instance, within the telecommunication industry itself, data analytics is applied to reduce churn, retain and gain new customers, and plan and optimize network capacity. Investments in software solutions are expected to grow rapidly - reaching USD 70 billion in 2020 globally-as businesses increase their spending on reporting and analysis tools, data warehouse management tools and cognitive software platforms. The term ""digital twins"" refers to virtual replicas of physical objects or systems: a physical object's status is mirrored in a digital ""twin"", which in return provides the capability of digital surveillance and manipulation of the counterpart in the physical world (Deloitte, 2017).",9,0,6,1.0
11.1002/pub/811c4596-d5e90969-en,f227a8f795c3f53bad1ffc7ef3a27e62,"The project consists of three phases, with the aim of extension of the government ICT network to the lowest tier of administration and root-level citizens. Under phases I and II of this project, a high-speed Internet backbone network with high-capacity bandwidth using Dense Wavelength Division Multiplexing technology has been established in all ministries, government directorates/departments, all 64 districts and 488 Upazilas (subdistricts) and 18 130 government offices, and 25 000 tabs have been distributed to government officials for enhancing use of ICT in public sector. The central secretariat is under Wi-Fi connection, 600 police offices are under VNP connectivity, and 800 videoconferencing systems and one disaster recovery centre have also been established. Phase III is aimed at expanding the existing backbone network through 20 000 km of optical fibre cable to 2 600 rural administrative units (Union) and 1 600 police offices by June 2018.",9,0,9,1.0
10.30875/423532ad-en,6db787d85289fb61586bf710a787bd08,"Large car and airplane producers have been extensively using 3D printing to manufacture replacement materials rapidly, while experimenting with 3D printing the entire product. Decreased reliance on specific subcomponents and decreased relevance of labour costs make it easier for firms to decentralize production and thus get closer to consumers. For instance, sports shoes are 3D-printed in new automated factories in Germany and the United States. These so-called ""speedfactories"" are supposed to shorten the time between completion of the shoe design and its delivery to shops to less than one week (The Economist, 2017a).",9,1,6,0.7142857142857143
11.1002/pub/80fc3264-ad6b8f4b-en,74d657bda76171acc06f5152554dddd3,"These kinds of trade-offs lead to lose-win outcomes over time, making them equally “unsustainable policies”. This might arise, for example, where current carbon emissions are restricted too much to improve future environmental outcomes. These gains can be drawn upon to make active investments in the future and compensate for future losses.",9,0,4,1.0
10.18356/6c990279-en,c7be7e42fd3ade117d6edbaef32d33c9,"This chapter focuses on measures to promote knowledge generation in CSID 2022 and the Law on Science and the Basics of State Scientific and Technical Policy (hereafter, “Law on Science”)-24 Institutional mechanisms concerning the regulation of intellectual property are also summarized. The follow-up State Programme for Intellectual Property 2017-2021 (SPIP 2017-2021) was developed in 2016 and at the time of this Review was under Government consideration for approval, with Kyrgyzpatent the responsible implementation agency. Since 2011, scientific research institutes in the agrarian sector are funded by Kyrgyz State Agrarian University.",9,1,9,0.8
11.1002/pub/807b38cb-39ff5763-en,f254501da77ecd0670d6856b35ea80fa,"In particular, Paul Krugman, another Nobel laurate, stated in the early 1990s that ""either the technology isn't all it's cracked up to be, or we haven't yet seen the impact of the new technology on the economy""9, while Robert Gordon concluded that computers made only a small contribution to productivity because ""there is something wrong with computers""10. This led to the development of a new theory based on growth accounting economics that could not only pinpoint the economic impact of information technology, but also identify differential effects by region of the world11. For example, a study relating labour productivity growth on ICT investments on an industry level concluded that the faster productivity growth in the US compared to EU countries can be attributed to a larger employment share in the ICT producing sectors and a faster growth in industries that intensively use ICT12. No one doubts today that computing in particular and ICT in general have significantly contributed to economic growth in the industrialized world during the 1990s and 2000s. As detailed above, the study of the economic effects of broadband presents several methodological challenges. Research has confronted these challenges by proceeding along three avenues.",9,1,8,0.7777777777777778
10.18356/20a23d10-en,3fe6d2a92589c2148d9538420be442ee,"Developing-country enterprises using ICT had better performance compared with enterprises that did not use ICT, with notable improvements in enterprise growth, profitability, investment and productivity (table 11.1). The extent to which an enterprise gains from enhanced access to different ICTs depends on its needs for information, storage and communication, which in turn are affected by its size, industrial sector, location and workforce skills. Based on data from Investment Climate Surveys 2000-2003. It is furthermore influenced by the business skills of managers, the availability of personnel trained to use and maintain the equipment, and the availability of additional information sources that enable improved decision-making in procurement and other business processes.",9,0,10,1.0
10.1787/9789264083479-7-en,4dfff0e2e9b613353c464d23a4ec2cab,"Public research policies must therefore take a long-term perspective to ensure that the system is able to contribute to future economic growth, technological progress and sustainable development. In particular, the public research sector has an important role to play in terms of understanding and developing solutions to global challenges including those involving the environment, health and energy. Moreover, because these public research institutions play multiple roles in knowledge economies, their governance cannot focus on one-dimensional or short-term needs (see Chapter 7). At its most fundamental, research infrastructure comprises roads and communications, particularly around physical clusters or technology hubs. It needs to be complemented by sustained public funding for more specific infrastructure - basic scientific capacity for public purposes, such as forecasting, response to health outbreaks, policy support, libraries and databases.",9,0,7,1.0
10.30875/64b86eed-en,4568574082b9d1cbfaf95740de333e84,"Research for the 2017 Global Review suggests that both developing countries and donors view ICT connectivity as an area where demand for financing will grow in future. This paper represents the personal opinions of individual staff members and/or external contributors and is not meant to represent the positions of opinions of the WTO or its Members, not the official position of any staff members. Any errors are the fault of the authors. A key message emerging from the 2017 Global Review of Aid for Trade (AfT) is that digital networks are now an integral component of global trade.",9,1,8,0.7777777777777778
10.1787/9789264309470-en,aa675ec5e5d7dc683880802293ea0afd,Austria's main areas of specialisation are in traditional sectors. More technologically and research-intensive sectors such as information and communication technology (ICT) and pharmaceuticals are less represented. There is concern that current specialisation patterns could limit growth opportunities.,9,1,8,0.7777777777777778
10.18356/22b34fe3-en,deb1cc19c2fb2968b9f8a799eb71d0d5,"A good example of this approach is the Republic of Korea’s eGovFrame (chapter III). Such standards are particularly important in situations when modularity is given priority. A further step is to apply open standards and open document formats. As highlighted in chapter IV, there are strong arguments for relying on FOSS when developing public software systems. If e-government architectures are highly modular, it is more likely that FOSS applications can be found or developed for each small component.",9,0,9,1.0
11.1002/pub/810be2fb-e9f9b60a-en,8b59f90f097d63f8979adfb7eb16e630,Information from Markets Near and Far: Mobile Phones and Agricultural Markets in Niger.'' American Economic Journal: Applied Economics 2 (3): 46-59. New cloud-based digital health models are emerging in a number of countries and providing better services at lower cost. Most LDCs face great challenges in making broadband Internet access available and affordable for all.,9,0,5,1.0
10.1787/0ec26947-en,a399adba08c9bcaf13d279f7110519bc,"Incorrect data will still stay incorrect after putting it on the blockchain (“garbage in, garbage out”). The use of blockchain does not change the correctness of data. Data quality and validity checks that are written on the blockchain are key factors for consideration, as information that has been introduced to the blockchain cannot be reversed, but only corrected by adding a new block (Bauerle, 2018). Many blockchains are currently not projected to handle high throughput, fast processing speeds, or the large number of participants that may be required for a given application.",9,0,4,1.0
10.1787/5k9fd0fg78bs-en,51b9e90ff9680eec1e9e7105e6c62c1d,"Disputes between the chambers of commerce and industry (CCIs) and the business associations relate primarily to the chambers’ monopoly in representing economic interests. The employers’ unions such as Medef or the CGPME tend to be fragmented by branch, and the regional organisation carries little weight in comparison to the sector organisations. While some put the emphasis on the territory’s competitiveness, others fear that globalisation will bring with it social inequalities and regional disparities, placing the objectives of cohesion at the centre of their concerns. In this context, to move forward in evaluating the region’s potentials, defining, financing and implementing a green growth strategy will require prior consensus on a shared vision of the future of the capital region.",9,1,8,0.7777777777777778
10.1787/0492621a-en,7e2c357bb29a8a0afaa96f5881e5f97d,"Implementation of transport projects in Tajikistan and Kyrgyzstan is especially complicated because most of the roads are mountainous, which means tunnels will be required and construction and maintenance will take place in adverse conditions. In terms of railway transport, the planned implementation of 13 development and electrification projects includes the Angren-Pap, Maroqand-Qarshi, Qarshi-Termez and Maroqand-Bukhara rail lines. The plan envisages measures to build and rehabilitate roads and railways, logistic centres and communications. The country also plans to develop a 920-km route going from Uzbekistan through Kyrgyzstan to China (Andijan-Osh-lrkeshtam-Kashgar).",9,0,9,1.0
10.18356/ae0cc9f4-en,9b484cf07ec716ce59b75d116cbd9df5,"In the Netherlands, MX3D, a 3D-printing robotics company, is currently working on building a fully functional, intricate pedestrian steel bridge across the Amsterdam canal using a 6-axis robot equipped with 3D printing tools.526 With intelligent software and further innovations in engineering, materials and technology, 3D printers will be able to build larger scale structures, such as roads, bridges and tunnels, at twice the speed of conventional methods and reaching the world's most remote locations. Its adoption in developing countries will depend not only on its availability and affordability, but also on the absorptive capacities of SMEs that go hand-in-hand with their access to skilled workers. Public sector retrenchment in infrastructure has opened the door to private sector participation in infrastructure financing and management. They can provide a way for governments to access sophisticated technology and innovation held by the private sector and to improve transport networks and services.",9,0,9,1.0
11.1002/pub/807b38cb-39ff5763-en,3c378d6cc1c5556b3e4c65d1c06c18cd,"Chinese companies have invested USD 7.44 billion in broadband since 20094, while Malaysian operators invested USD 1.6 billion since 20095. In fact, social scientists and policy makers had been researching the economic contribution of information and communication technologies for quite a while. The first analyses of the impact of fixed telephone density on economic growth were conducted in the mid-1970s by World Bank researchers6.",9,0,12,1.0
10.1787/aid/glance-2017-14-en,ac4e1ada247f7945914f9fcd8105ab88,"The digital revolution is intensifying interactions among businesses, consumers and governments. It is also cutting transaction costs, which are among the most binding constraints for firms in developing economies. The digital era, therefore, offers developing country firms an opportunity to expand their access to international markets. Infrastructure development is critical for sustainable economic growth and poverty reduction.",9,0,9,1.0
10.1787/aid/glance-2017-14-en,b461846476ce440fda0eacfb9f7e02bd,"Over the same time period, middle income countries (MICs) have benefitted more than twice as much as low income countries (LICs) from aid-for-trade funding. To date, more than three-quarters of total aid-for-trade disbursements have financed projects in four sectors (Figure 11.5): transport and storage (28.6%), energy generation and supply (21.6%), agriculture (18.3%), and banking and financial services (11.1%). Most of this non-concessional funding has been for projects in economic infrastructure (47.5%) and for building productive capacities (51.6%), it has been invested almost exclusively in MICs (91.6%). Asia, the main beneficiary of trade-related OOF, has received USD 103.3 billion or 41.6% of this total.",9,0,10,1.0
10.1787/9789264309470-en,dbf8a965b6cd5150457ab6a2d724fc40,"The new government programme confirms the need to make better use of innovation in the context of grand societal and ecological challenges, and to improve subsequent framework conditions for investing in relevant research. An important instrument in this regard is the Austrian Climate and Energy Fund (KLIEN). The KLIEN was - among other things - designed to increase R&D in sustainable energy technologies.",9,1,8,0.7777777777777778
11.1002/pub/8114a552-e2853b97-en,63b3fa3d556d549410f12ff1156185b5,"Telecommunication revenues in 2016 represented on average 3 per cent of GDP in Africa and the Arab States, compared to 2 per cent in Asia and the Pacific and the Americas (excluding the United States and Canada), and less than 2 per cent in the CIS and Europe. Global retail telecommunication revenues declined by 5 per cent during the period, as mobile-cellular penetration crossed the 100 per cent mark in 2016. In parallel, the number of fulltime equivalent employees working for telecommunication operators declined by 6 per cent globally between 2014 and 2016. Fixed-mobile convergence, multi-play services and the race to deliver on the promise of smart societies, are gaining in importance in mature markets, where subscriptions and revenue growth are stalling.",9,1,8,0.7777777777777778
10.18356/7f55e015-en,97e167c2d9a431c67f4b8515117df480,"Additionally, Afghanistan has problems involving corruption, security, technical skills, labour and infrastructure. Cultural barriers, which limit free movement of women in their daily lives, also affect their professional activities. I made it a priority to hire women, but many others would not work with a woman or company mostly made up of women.",9,8,1,0.7777777777777778
10.1787/9789264276369-9-en,d1c70797aed45cde4bb140ddeee42731,"As with the earlier industrialisation process, other circumstances w ere also supportive of growth in the mobile telephone business. The fragmented historical structure of Finnish telecommunications meant there was local strength in network interconnection issues, which are fundamental to mobile systems which initially functioned as access networks to the existing wired infrastructure. The state was part of the Nordic consortium that developed the second-generation Nordic Mobile Telephone standard, upon whose system architecture the third-generation GSM system was built. Nokia was therefore well placed to ride the wave of expansion as the technological shift to the third generation transformed the mobile phone into a mass-market product.",9,0,9,1.0
10.1787/9789264128392-3-en,c9a0a4a9cfb8be0f4bc9a550173f3056,"International co-operation should be actively sought for the development of such programmes. These infrastructures have to be strengthened in Peru, in the former with the possible participation of the private sector, and in the latter by giving more means to institutions and ensuring better access to SMEs. Such an approach has important consequences for the efficiency of governance arrangements. Institutional and regulatory frameworks should be revisited in the light of innovation policies.",9,0,7,1.0
10.1787/785f021c-en,6ef4e799310c3d1c4670fb538c9d014b,"Among others, supporting the establishment of industrial zones is one of the key features of UNIDO's new Programme for Country Partnership (PCP). This integrated service package generally supports host countries in various ways to accelerate inclusive and sustainable industrial development (Box 3.3). Currently, the priority areas of the PCP implemented in Senegal, Peru, Cambodia and Morocco include the development of such zones to promote sustainable industrial diversification.",9,0,4,1.0
10.1787/aid/glance-2017-12-en,f6721dc317fc491dec2d0f8a7258e1d8,"Some developed countries have already done so, examples include the Digital Agenda for Spain, and Australia's Gender Equality and Women's Empowerment Strategy. Yet the gender dimension in ICT-related strategies is less evident in the LDCs, where the gap is more profound. Besides facing steep prices for Internet access (Chapter 5), the cost of purchasing an IT enabled device represents another major cost for the consumer.",9,1,8,0.7777777777777778
10.18356/3d4ceb23-en,f5cef0e8f0ce749efec0a85383b052d7,Such analysis identifies which skills are needed in each sector and how the social partners can jointly assess and provide them. This ensures skills and quality apprenticeship programmes align best with the labour market and serve the needs of SMEs. These attest that products and services meet defined requirements imposed by authorities or requested by buyers.,9,1,8,0.7777777777777778
10.1787/sti/outlook-2014-5-en,617e0a65f438dd50ef05fead9f0e2f1f,"Report and full dataset accessible on line http://iri.jrc.ec.europa.eu/scoreboardl3.html, Panel 2 - OECD (2013), OECD Science, Technology and Industry Scoreboard 2013: Innovation for Growth, OECD Publishing, Paris, http://dx.doi.org/10.1787/ sti_scoreboard-2013-en, Based on the EPO, Worldwide Patent Statistical Database, April 2013. New fields of research emerge from S&T disciplines that follow a mix of approaches to research and use a variety of analytical instruments and evaluation methods. Technology platforms connect data, models and actors to integrate knowledge, identify gaps and support co-ordination of global research.",9,1,8,0.7777777777777778
10.1787/9789264255340-8-en,de35241072d67e4c23f80da09581d6bf,"The few foreign companies to locate their manufacturing activities in Malaysia, such as Matsushita Electric in 1965, which previously only had a small-scale trading company, did so to supply the Malaysian domestic market. They started with only minor, labour-intensive assembly operations in Malaysia. In particular, the size of the domestic market was not sufficiently attractive for multinational enterprises (MNEs) to set up subsidiaries in Malaysia and no policy was in place to support capability building of human resources.",9,1,22,0.9130434782608696
10.1787/aid/glance-2017-14-en,607c40c5c0ce6b32e15dd787abc357b3,"Modest progress has been made in creating the enabling regulatory frameworks, in Kenya, Mauritius, South Africa, Tanzania, and Uganda, the entire telecommunications, broadcasting and information technology sectors have been regulated {OECD-WTO aid-for-trade monitoring exercise 2017, Public sector case story 16). For instance, the government of Pakistan has embraced the digital economy and now offers a wide range of services online, including social welfare payments, citizen liaison services and automated border control. Some of these services are exported to other developing countries. The Universal Service Fund aims to provide national broadband coverage in every region in Pakistan by 2018. Its main objective is to increase the level of telecom penetration in rural areas by encouraging telecom operators to focus on rural and unserved populations, improve broadband penetration in the country, and significantly boost e-services in both rural and urban parts of the country. As of 2016, the results include: almost half a million contracts signed, more than 700 000 broadband subscribers, and the establishment of 1 328 educational broadband centres as well as 369 community broadband centres {OECD-WTO aid-for-trade monitoring exercise2017, Public sector case story 87).",9,0,3,1.0
10.18356/74f4872a-en,bc01cdfea19778d6d0f2363204f1278e,"Infrastructure lending by the World Bank, which was its original rationale, dropped precipitously beginning in the 1970s, as its focus shifted to other forms of lending that concentrated on economic adjustment measures, good governance and social safety nets, rather than building infrastructure. However, this trend has been reversed in recent years (see figure 4.1). It is also a recognition of the central role that large infrastructure projects have played in the remarkable growth and poverty-reduction story- that has unfolded in China.",9,1,8,0.7777777777777778
10.18356/dcd2f275-en,ba0c106e12ab35f2c58e7772b73f8b2a,"It is imperative that discussions concerning universal, affordable access to the Internet and to connecting devices remain front and centre, even as attention is focused on new technologies such as artificial intelligence (AI), the Internet of things, robotics and blockchain. Spaces to foster and ideate innovations need to be matched with equal policy vigour, particularly in enforcement.",9,1,9,0.8
10.1787/5k9fd0fg78bs-en,8aba6ce2e573fea593e99f07c0a9d2c8,"The biomass industry (based essentially on wood energy, or dendroenergy, in IDF) would benefit from better structuring, including the construction of a supplier network and the creation of multimodal platforms. As for waste-to-energy, the region could take industrial ecology initiatives further in such a way that waste from some firms constitutes resources for others, an approach demonstrated in cities such as Kalundborg (Denmark), Guigang (China) and Paju (Korea). As the leading agricultural region in France, which is in turn the leading agricultural producer in the European Union, Paris-IDF already possesses assets in organic farming, not to mention a strong growth potential. Development of this type of farming, which is generally more environmentally friendly than traditional agriculture methods, would serve to strengthen short delivery circuits, biodiversity, product quality, and hence the region’s attractiveness.",9,1,8,0.7777777777777778
10.1787/5k92p0c6j6r0-en,244338bee295c9f1939e164c604b9d4d,"Cities are essential actors in stimulating green infrastructure, and urban finance is one of the promising ways in which this can be achieved. Cities are key investors in infrastructure with green potential, such as buildings, transport, water and waste. Their main revenue sources, such as property taxes, transport fees and other charges, are based on these same sectors, cities thus have great potential to “green” their financial instruments.",9,1,8,0.7777777777777778
10.1787/785f021c-en,e79002be2f3094bee4223e8c3225d15e,"Autor and Salomons' estimates show that the electrical and optical equipment industry and the chemicals and chemical products industries have registered substantial negative employment effects within their industries. Indirect effects (input-output linkages and final demand) are actually one of the biggest contributors to job creation in the whole economy. However, a study by Hallward-Driemeier and Nayyar (2018:139) finds evidence that, ""manufacturing will likely continue to deliver on productivity, scale, trade, and innovation, but just not with the same number of jobs”.",9,1,8,0.7777777777777778
10.1787/785f021c-en,e522b3e0fa94a010fb089cabe480de0e,"In other words, the ARAC MLA operates as an international passport to trade. The inflow of FDI often brings capital, skills and managerial know-how to developing countries and provides opportunities to local firms to supply products and services to FDI firms. This encourages greater integration of host countries into global value chains and provides them increased access to foreign markets (UNCTAD, 2013). During the early stages of industrialisation, developing countries usually have a comparative advantage in labour-intensive industries, because production costs in high-income countries are much higher meaning such industries are less profitable.",9,0,9,1.0
10.1787/aid/glance-2017-12-en,90fa83ee7ccf5c21c12b1ff1c869726c,"This is not the case for Rwanda and Zambia. While Bangladesh, Cambodia, Lesotho, Malawi, Mozambique, Nepal and Tanzania do not set nationality requirements for employees, in Madagascar, Mali, Rwanda, Senegal, Uganda and Zambia, these types of requirements are in place. Similarly, since the adoption of 2010 legislation regulating telecommunications in Guinea Bissau, there are no restrictions on market access or national treatment for foreign suppliers (WTO, 2012).",9,0,5,1.0
10.1787/3726edff-en,d738427b20bc3e05686b5bcbbc6c56bb,"Similarly, large digital divides persist within countries. Women, the elderly and people with lower education or living in rural areas have disproportionately less access to ICTs. If countries are to have the opportunity to leapfrog development stages, then it is not only important for ODA to continue to assist countries to overcome basic development challenges, but also to support countries to improve productivity through better use of new technologies and to help build capacity and incentives for further innovation. The paper seeks to complement analyses made by the United Nations Inter-agency Task Team on Science, Technology and Innovation in mapping existing STI initiatives, mechanisms and programmes by for the first time analysing development finance data at activity level using the DAC Creditor Reporting System (CRS). It is intended to highlight the possibilities and challenges in using the CRS as a source for tracking international government support to STI in an international development assistance context. The analysis on technology is somewhat biased towards international support for ICT development, however, efforts have been made to also include technology transfers in other sectors, in particular relating to green technologies and renewable energy.",9,0,9,1.0
10.1787/a09a3a5d-en,5395ca49514e9448afcc9e14b691736d,"As a result, regions holding the greatest concentrations of innovative sectors tend to outperform other regions in terms of employment and overall economic growth. Connectivity constraints and (more frequently) the weak absorptive capacities of individuals and firms located in these regions hamper adoption of new technologies and innovations produced elsewhere. For instance, firms located in northern regions of Sweden have been found to have more limited access to finance compared to those in the south of the country (Inlandsinnovation AB, 2014). At the European level, for instance, innovation capacities are particularly high in Denmark, Finland, Germany and Sweden, and relatively low in eastern and southern European countries - and that gap does not seem to be narrowing (Veugelers, 2016).",9,1,8,0.7777777777777778
10.18356/2575b318-en,fa8d5975a4c01f1b341ca53ff8eb9d5a,"New sources of financing also require clear strategies for policymakers to improve their financial market infrastructure in areas such as rules and regulations in order to enhance their risk-sharing frameworks. For example, the first priority (""Priority A"") explicitly promotes infrastructure and energy, the fifth priority (""Priority E"") underscores the importance of water and sanitation, the sixth priority (""Priority F"") highlights climate change and environmental sustainability as well as disaster risk reduction. In relation to infrastructure, the discussion in IPoA refers to transport, ICT and energy infrastructure, while water and institutions as well as good governance are each noted separately. It states that key infrastructure areas are related to transport, energy and ICT, and notes that infrastructure is a prerequisite for the transfer of scientific knowledge between countries through international institutions, by referring to the need to build schools and research centres as well as the improvement of ICT infrastructure through, for example, telephones and access to the Internet.",9,0,4,1.0
10.14217/6005bdbf-en,cb49afd187338c89cd44ba1da9661293,"This makes it possible to avail oneself of all services with the utmost convenience without the need to move from one point to another. By placing many interconnected services under one roof, the Huduma Kenya programme has succeeded in improving overall compliance. As a result, citizens often lose faith in the governments ability to provide services of acceptable standards.",9,1,8,0.7777777777777778
10.18356/01a171e9-en,2f7cfd5827729bb18fbb1230e480b424,"R&D gaps limit the ability of developing countries to assess not only the technological but also the economic, social and environmental opportunities, challenges and risks that may emerge from frontier technologies, and put in place the relevant policy frameworks. Synthetic biology for example is a key frontier technology with significant potential impact on food security, health and the environment. As discussed in chapter I, digitalization and automaton will give rise to profound changes across many sectors, including manufacturing, which has historically driven structural transformation and provided better jobs for workers displaced from lower productivity sectors. A labour force with skills that are complementary to technological advances is essential if technological change is to be compatible with social inclusion. Rapid technological progress requires the labour force to devebp a broader range of skills, focusing on humans’ comparative advantage, to increase empbyability.",9,1,8,0.7777777777777778
10.1787/0ec26947-en,206613c09eab32b500adfcf27ca6885d,"By maintaining the complex insurance and re-insurance contracts on shared ledgers, an inclusive data foundation and transaction engine can be created to support disaster recovery efforts. This might not only increase the efficiency by cutting out administrative overhead, but also provide immediate help in situations of need. Such shared ledgers, with open interfaces to related data providers, would allow for a more efficient calculation of underlying volatility, thus leading to potentially reduced insurance premiums.",9,0,3,1.0
10.18356/ae0cc9f4-en,22d9b4ecf9ab9686242f91b27f92fc86,"For instance, a drone delivery service provided by the United States-based company Zipline in partnership with the Rwandan health ministry, has slashed the delivery time of life-saving medicine to remote regions of Rwanda from four hours to an average half an hour225 (see case study on Rwanda in Chapter 2). Unassisted robots for some time have been planting seeds and picking weeds, and agricultural aircraft are spraying crops with precision to reduce chemical infiltration of groundwater in some parts of the world. Nevertheless, adoption of aerial survey vehicles is not yet within the reach of most farmers with low purchasing power.",9,0,9,1.0
10.1787/aid/glance-2017-14-en,eacbb82b64c282f9a49b71c556466c19,"Addressing market failures in banking and financial services, and in other business services, received USD 54 billion and USD 9 billion respectively. Pro-active industry-specific policies in the area of manufacturing, agriculture and mining received USD 40.1 billion, USD 10.8 billion and USD 10.6 billion respectively. The main recipients of these flows were MICs in Asia (37.6% of total), Latin America and the Caribbean (21.8%), and Europe (22.5%).",9,1,8,0.7777777777777778
10.1787/5jlwqvhg3l31-en,1409573e5563db7925f61e213b602718,"They thereby also affect the ability of economies to reallocate scarce resources needed for digital innovation (such as ICT-related skills) to more successful firms, and are thus an important determinant for business dynamics. Differences in framework conditions may explain the relative sluggishness of some countries to capitalise on the digital revolution. Many national digital economy strategies put a strong emphasis on the promotion of ICT-related knowledge diffusion, including between large firms and SMEs or towards disfavoured social groups.",9,0,8,1.0
10.1787/3726edff-en,ea3f4967cb58168c6124a1aaba2689d7,"Concessional support to agricultural research and development has increased by 22 % since 2010, with significant funding provided by the United States and other DAC members to the CGIAR network. There are also increasing support to research and innovation in the environment sector, especially relating to environmental policy, and towards SMEs and other actors in the business and financial sector. However, the largest increases are observed in activities classified as multisector, which is mainly support to research and scientific institutions.",9,0,6,1.0
11.1002/pub/80f4cf5d-a6903d66-en,8bcc0c36768c63de6b515c79d33002c4,"Systems like these are in use in some form within most developed nations for daily operations and especially during crisis situations. Besides building sustainable and resilient infrastructure through better planning and design based on the understanding derived from computational and ML models, the implementation of systems like these within developing nations can help prevent natural events from turning into disasters. It is normal for most developed countries to require contractors to provide a complete set of BIM data for any infrastructure built using public funds.",9,1,8,0.7777777777777778
10.6027/9789289344227-7-en,78fe496e5b7da5e3ea9ab5285517e93a,"Innovators"" and ""early adoptors"" primarily use research and innovation projects. Includes both advanced counselling on technology development, access to state-of-the art technology and independent advice on how to increase digitalisation. This mean is used by all three target groups -but matchmaking and access to technology is most relevant for ""early adopters"" and ""Innovators"".",9,0,9,1.0
10.1787/9789264279643-9-en,5f92d75089a5524b23932959713f5748,"It suggests a three-level institutional structure which comprises: i) a programming entity, ii) an implementation unit and iii) a technical support unit. The chapter also suggests a possible division of responsibilities across these three entities, and describes the minimum operating regulations required to adequately manage the programme. Simple expenditure programmes (e.g. financing research or education, purchasing simple equipment or standard services) may be managed directly by assigning additional responsibilities to existing government institutions at different levels, using their regular staff and routine budget processes.",9,1,8,0.7777777777777778
10.1787/9789264309470-en,5a87e2f26e0f4050068a3b59c0df381f,"The low share of non-R&D innovation expenditure results in an average level of innovation intensity, compared to the EU28, despite the high level of R&D expenditure in the Austrian business sector. In 2014-16, 22.7% of all firms reported new-to-market product innovations. This share has increased only slightly in the past ten years and at a much lower rate than the share of firms engaged in process, organisational or marketing innovations. In 2016, 12.6% of total sales originated from product innovation.",9,0,9,1.0
10.18356/74f4872a-en,1ae17443169310ddd48d392d62785826,"But in general, the variability in the data used and its relevance to the central question of infrastructure’s impact on growth, the model specification, the econometric methodology and the treatment of non-stationarity and causation, are all causes for inconclusive results. These data difficulties also make it hard to arrive at methodologies to compare and contrast the experiences of countries in promoting growth through increases in stock in infrastructure. Straub (2008: 22) reviewed 64 empirical studies linking infrastructure to growth to find that veiy few of them actually addressed the question directly and systematically. Values are averages for each decade, based on banks' annual commitments from both concessional and nonconcessional windows. World Bank: includes International Bank for Reconstruction and Development and International Development Association only. Inter-American Development Bank: the 1960s are the average over 1967-1969.",9,0,5,1.0
10.1787/9789264128392-3-en,62a134082f5f9f6f6cb6a607a6f8fbe7,It could be complemented by means such as guarantees which can leverage contributions from financial institutions. Subsidy rates should take due account of possible crowding out and windfall profits. In the rules governing the financing of programmes or projects the possibility of a premium (priority or higher rate of subsidy) for collaborative ventures should be systematically considered.,9,0,3,1.0
10.18356/22b34fe3-en,d214ed4075849c014a631136c4a7215b,"Thus, mapping the skills, competencies and expertise available domestically is important. In many instances, government agencies responsible for public procurement are today unaware of the size and structure of the domestic IT sector (UNCTAD and BMZ, forthcoming). This may call for dedicated training of enterprises - by the government or the industry association - on tender procedures and how to complete tender documents.",9,0,4,1.0
10.18356/d08a72ab-en,66aeb2e118cdc2ca7102557a6adc1b60,"Where necessary, TIPOs can provide training to national companies to raise quality to the level needed for promotion via their own platforms. Such an environment is crucial to promoting trust in new technologies and signalling to SMEs the technologies in which they should invest. This is happening at an unprecedented pace and is not about to be reversed.",9,0,9,1.0
10.1787/9789264119536-11-en,08d51b911aea741f15b55cb8ea2f9607,"It thus permits identifying “gainers” and “losers” of policy reforms. The advantage of the simulation is that it can hold “everything else” constant (unemployment levels, market-income inequality, household composition, etc.), For instance, it can show whether families at the bottom, middle and top of the income distribution are now better or worse off than they would have been with unchanged policies. This leads to “automatic” changes in redistribution mechanisms, if no policy action is taken (OECD, 2008b).",10,1,8,0.7777777777777778
10.18356/5febd6f2-en,3339a091416f9df8153abc9a426ff7d7,"By contrast, several countries with rich natural-resource endowments, both the more and less advanced ones, have seen an improvement in their terms of trade over the past decade. Under certain circumstances, this improve-ment has facilitated the adoption of policies designed to reduce income inequality. It starts with a brief account of the trade-inequality debate of the early 1990s, which emphasized the rise in wage inequality between skilled and unskilled labour in developed countries.",10,1,8,0.7777777777777778
10.1787/5k44xwtc0txp-en,15733d7d9e65e5858d7d4abcb71e964e,"This working paper should not be reported as representing the official views of the OECD or of its member countries. The opinions expressed and arguments employed are those of the author(s). In particular, the contents of this publication can in no way be taken to reflect the views of the European Union. This paper examines the effects of benefit and tax reforms on the distribution of incomes of non-elderly individuals in Europe and in the United States both before and after the GR. We aim to place recent policy responses in context of both the broader trends in redistribution patterns observed since the 1980s, and the immediate crisis-related challenges, including a much greater need for government support, and large and rapidly growing government debt. Analysis of historical household income data confirms the common finding that redistribution reduces income inequalities by much less in the US than in much of Europe.",10,1,8,0.7777777777777778
10.18356/f5abb3a9-en,55ef80672924e0b056dbd674adfc88a2,"It also provides practical advice and legal assistance to help persons obtain identity and nationality documentation, which eliminates many risks of statelessness. In the Balkans, for example, some 50,000 members of the Roma, Ashkali and Egyptian minorities lack personal documentation. Many are refugees or have been internally displaced and socially excluded. On a large scale, UNHCR engages in citizenship campaigns, supporting Governments which have taken steps to resolve a stateless situation.",10,0,3,1.0
10.1787/5kg5dlkhjq0x-en,8f7b75c759804b0854aef2ded10e2de9,"In a number of countries, government spending on cash transfers to working-age individuals and families has remained more or less constant over the entire period (Austria, Czech Republic, France, Germany, Greece, Japan, Korea, Portugal, Spain), despite sometimes sizable trend increases in total spending-to-GDP ratios. As discussed above, public spending on income support for the non-elderly has, relative to GDP, dropped significantly in a few countries. A similar comparison can be made on the revenue side. However, while OECD Revenue Statistics indentify the revenue components that are most relevant in the context of studying income redistribution (personal income taxes and social contributions), it is not possible to approximate the share of these taxes that are paid by “non-elderly” households only.",10,1,8,0.7777777777777778
10.1787/eco/surveys-grc-2013-5-en,9579058ef754e2dc61e975e2b35b44e9,"The Drivers of Labour Earnings Inequality - An Analysis Based on Conditional and Unconditional Quantile Regressions”, OECD Economics Department Working Papers, No. Draw lessons from the planned pilot phase for the design of the minimum income scheme. Increase the accountability of local governments for the allocation of social spending through a more rigorous auditing system and by enhancing transparency with regard to the use of the grants.",10,1,7,0.75
10.1787/5k9h2975rhhf-en,ce1fd364c337feaa9056c7e58f1fb749,"While in the short run, these effects on inequality are likely to be dominated by the direct inequality-reducing effect that stems from the income support for the unemployed (see Joumard et al., However, cutting back on benefits may help to reduce the income gap between immigrants and natives as the former appeal- to suffer more from adverse employment effects (Causa and Jean, 2007). At the same time, the impact of product market liberalisation on labour income inequality is uncertain: while higher employment should reduce inequality, ceteris paribus, this may potentially be offset by a wider earnings dispersion.",10,0,9,1.0
10.1787/eco/studies-2015-5jrqhbb1t5jb,75773406f74f6301c95fd2ecdaf7772f,"Such effects hold across the distribution of household income, with stronger estimated gains for the poor - implying reduced inequality. The decomposition of total household income effects suggests that indirect GDP per capita-driven gains are compounded by additional and reinforcing direct gains accruing to the lower-middle class and, even more so, the poor. The income-equalising effects of export intensity are broadly consistent with previous empirical literature (e.g. Jaumotte et al.,",10,0,9,1.0
10.1787/empl/outlook-2011-3-en,03d33f3b8d48fb509ae6cf9662111973,"Due to benefit ceilings, net replacement rates are lower for individuals with above-average earnings. See OECD (2007a) for full details. Across the OECD, there is significant variation in the level of support provided under the lower tier of income assistance. Due to benefit ceilings, net replacement rates are lower for individuals with above-average eamings. See OECD (2007a) for full details. In some countries, social assistance benefits are meant to prevent extreme hardship, while it is intended to minimise social exclusions elsewhere (Adema, 2006).",10,0,9,1.0
10.18356/a84cce24-en,ebc6ae1e9ca9e15ca60f1aad5b5d4490,"Because of differences in living standards, and therefore in capacity to pay, some countries will be expected to shoulder larger shares of the total costs of providing global public goods, which may reduce their incentive to cooperate in providing them. Hence, with respect to establishing multilateral agreements, the pattern of burden sharing will be as important as the extent of the benefits to be conferred by the public goods. I am grateful to my staff at the Development Policy and Analysis Division for their research and work going into those studies. They are not responsible for any remaining errors and the views expressed in this paper do not necessarily coincide with theirs neither with those of the United Nations. The trends are starkly unambiguous when China is not included (Bourguignon and Morrison, 2002, Milanovic, 2005 and World Bank, 2006). The number of megacities increased from 10 in 1992 to 21 in 2010.",10,1,8,0.7777777777777778
10.1787/9789264088368-5-en,faf6a492f06a968347cf9aa0d7407d05,"In particular, Rodrik (1999) pointed out that since 1975 the countries with the most unequal income distribution have been suffering the lowest economic growth. In this regard, it is likely that either inequality prior to the reform was underestimated in China or the post-reform inequality trend has been overestimated. As a transition economy with fast economic growth, both reform and development complicate the issue of inequality.",10,0,7,1.0
10.1787/eco/surveys-grc-2013-5-en,a6a645fb7c30cd4f67c6c46b04def6fa,"Shifting the tax mix towards less-distorting taxes - in particular, from labour to consumption - would improve incentives to work and save, promoting growth. Such reform, however, could raise inequality as consumption taxes tend to be regressive in the short run (given that lower income households bear most of the burden), and are at best neutral in a lifetime perspective. Targeted transfers to low-income households can reduce this likely trade-off (OECD, 2012).",10,1,8,0.7777777777777778
10.14217/9781848591646-15-en,00866ed06339fbe351d2fb3157ce5042,"Drawing on the sub-set of AfT data within the CRS, the OECD data show that - for all donors and for all developing countries - flows classified under TRA (the final and barely visible column on the right) are negligible compared with the other three categories, particularly those destined for ‘building productive capacity’ or ‘economic infrastructure’. As shown in Table 13.1, the negligible share of measured TRA in relation to total AfT flows is present across all major country classifications, irrespective of the year chosen in the CRS database. For 2009, TRA flows do not equal more than 0.38 per cent of the value of total AfT flows when countries are disaggregated by geographic area, income group or status as an SVE.",10,1,8,0.7777777777777778
10.1787/5kg5dlkhjq0x-en,103e00819262694b6f17b3fd30af2c41,"Since the recent economic downturn may reduce top incomes, it need not result in an unambiguous further increase in overall inequality. Yet, groups who were already disadvantaged before the economic crisis are typically more likely to see their incomes deteriorate further (OECD, 2011c, Immervoll and Peichl, 2011). In addition, expenditure cuts implemented in countries that seek to reduce spending levels can significantly erode the redistributive capacity of government budgets. This paper asks if, and to what extent, government redistribution policies have slowed or accelerated the trend towards greater income disparities between people living in “non-elderly” households.",10,0,3,1.0
10.1787/5kg5dlkhjq0x-en,553c58f913595d1390113e56e401e546,"For instance, if market incomes became more unequal and social preferences towards inequality remained unchanged, a given extent of redistribution would appear less costly in terms of overall social welfare and additional redistribution would be desirable. Conversely, reducing inequalities would be seen as less pressing if preferences became less egalitarian (say because of more widespread concern over adverse incentive effects of redistribution), while market-income inequalities remained unchanged. Over longer periods of time, one would expect to observe changes in both social preferences and the distribution of market incomes. The dispersion of market incomes has in fact changed considerably.",10,0,8,1.0
10.18356/1412c90c-en,a4c6a290c604e5a56ea41390bd67bdf8,"Income Inequality has declined in many of the countries that experienced sustained economic growth, while increasing in countries with negative growth. In most countries whose per capita income/consumption grew during this period, growth was faster for the bottom 40 per cent of the population. Others have a more :omplex decision-making mechanism in place.",10,0,9,1.0
10.18356/5ff49553-en,d0566fef03672130ba0fe966beb87e27,"The development of new technological options that promote low carbon intensity, as well as the economic costs of mitigation processes, will certainly be significant in areas such as energy, transportation and forest conservation, which will modify the current patterns of economic development (Galindo, 2009). Although these actions can have marginal mitigation effects at the global scale, they are important for ensuring environmentally sustainable development in the region. Building a culture of risk prevention and developing a large-scale climate change adaptation strategy are essential steps. Of its 550 million people, 77% live in cities of more than 2,000 inhabitants, a rate that approaches 90% in the Southern Cone and is forecast to rise across the region to 85% by 2030. Cities with more than 20,000 inhabitants alone are home to two thirds of the region's population, the highest rate in the world (ECLAC, 2012d). The system of cities in Latin America is highly varied in terms of size and conformation, but in general, the countries tend to have several megalopolises alongside strong urbanization and growing importance for medium-sized cities.",10,9,0,1.0
10.1787/9789264119536-3-en,b6445b692d6de7d9131594df5f19ad1c,"To what degree were changes in labour and product market policies and regulations responsible? Do changes in household structure matter? Finally, what can governments do to address rising inequality? These and other questions are addressed in detail in the present report which identifies key drivers and possible policy measures for tackling inequality trends among the working-age population. From a political point of view, protectionist sentiments have been fuelled by the observation that the benefits of productivity gains in the past two decades accrued mainly - in some cases, exclusively - to highly skilled, highly educated workers in OECD countries, leaving people with lower skills straggling.",10,0,9,1.0
10.1787/9789264218512-3-en,0540d1357a94ebd91940c5b2125efa14,"Economic growth - rising per capita output of material goods and services - has the potential to make all citizens better off materially, and to generate resources that can be used to achieve social goals and ensure that growth is maintained over the long term. Policy makers seek to improve the performance and long-term growth potential of economies, taking into account country-specific needs and circumstances, including their level of development and institutional capacities. Because progress is measured essentially at the level of an “average” individual, emphasis is placed on supply-side instruments, or policy actions that lead to increases in per capita output of goods and services over the longer term. Employment prospects, job satisfaction, health outcomes and educational opportunities matter for people’s well-being and are heavily conditioned by their socioeconomic status. The most disadvantaged often live shorter lives and find it difficult to break away from a vicious circle of educational underachievement, low skills and poor employment prospects.",10,0,9,1.0
10.1787/5kg5dlkhjq0x-en,3a051a20bbfcf4a017de839a6902caeb,"Second, restricting the analysis to the non-elderly avoids some of the problems that are inherent in comparing incomes between people who are at very different stages of their lives. For instance, an essential function of old-age pensions is to redistribute inter temporally over the life cycle, a focus on the non-elderly helps in understanding the most important elements of interpersonal redistribution. Finally, with growing pressure on public budgets due to ageing populations, an important question is whether welfare-state provisions benefiting the working-age population are being restrained in order to finance support for the elderly. A question of considerable policy relevance is to what extent changes can be attributed to direct policy action or to other factors that are less easily influenced by policy makers. For any given household, the taxes paid, and the benefits received, have a straightforward direct impact on the resources available for consumption. At the population level, however, the assessment of trends in the redistributive properties of tax and benefit policies is complicated by the fact that market incomes and populations change at the same time as tax and benefit policy parameters.",10,0,9,1.0
10.1787/empl/outlook-2013-6-en,dedbef828ed382f216641987b8256de9,"The focus on these costs in the construction of the indicators reflects the dominant approach taken in the empirical and theoretical literature examining the labour market impact of employment protection discussed in the previous section. It does not reflect the overall strictness of regulation of collective dismissals, which is the sum of costs for individual dismissals and any additional cost of collective dismissals. It concerns the types of work for which these contracts are allowed and their renewal and cumulative duration. This measure also includes some of the regulations governing the establishment and operation of temporary work agencies and requirements for agency workers to receive the same pay and/or working conditions as equivalent workers in the user firm, which can increase the cost of using temporary agency workers relative to hiring workers on other types of contracts.",10,1,8,0.7777777777777778
10.18356/5febd6f2-en,aa6d91d14f8b2268fb33e7d76ad61dab,"But the structural transition of their economies from low-productivity to high-productivity activities has also led to rising income gaps and spatial inequalities. It is likely that these countries can maintain high average incomes while gradually closing their income gaps over time through the fuller absorption into high-productivity activities of the w orkers who now remain employed in disadvantaged areas and activities. A less benign distributional outcome will probably result if a shift from export-oriented production, emphasizing manufacturing, to production oriented more towards domestic markets leads increasingly to employment and wage opportunities in service activities, which tend to be less well remunerated than jobs in manufacturing.",10,1,8,0.7777777777777778
10.18356/a6a4730a-en,9bb959b6820cbfdd4e98e215d0c507ac,"It also analyses the factors responsible for the widespread rise in inequality during the neo-liberal reforms of 1980-2000 in the fields of trade, foreign direct investment (FDI) and capital flows, and the rise in migration. Finally, it compares the decline in inequality observed in most of Latin America over 2000-2008 with the steady increase of inequality in many European transition economies during this period despite their return to robust growth. The paper argues that such divergence is explained by differences in policies. Prior to that he was the Director of UNU-WIDER. The views and opinions expressed herein are those of the author and do not necessarily reflect those of the United Nations Secretariat. The designations and terminology employed may not conform to United Nations practice and do not imply the expression of any opinion whatsoever on the part of the Organization.",10,0,9,1.0
10.1787/5k44xwtc0txp-en,76567fe3716bd0234692d651cf0619e1,"One advantage of the simulation is that it can hold “everything else” constant (unemployment levels, market-income inequality, household composition, etc.), For instance, it can show whether a given family at the bottom, middle and top of the income distribution is now better or worse off than they it have been with unchanged policies. By comparing the mechanical income effects of redistribution systems between different periods, it is possible to identify family and earnings situations that are better or worse off as a result of policy reforms. For simplicity, we refer to these families, respectively, as “gainers” and “losers”. Results are shown for the same 8 OECD countries that were included in the above summary of policy changes. For each family, changes in tax burdens and benefit entitlements do not only result from policy action, they can also occur if policies are not adjusted.",10,0,9,1.0
10.18356/a6a4730a-en,aadfc8bc0db44806b2cf07e10dc75aee,"Other benefits, such as unemployment benefit, sick pay and child allowances, all of which are much better targeted than pensions, have remained underfunded. Progress in the field of social assistance was less marked than in Latin America, as social protection had an entirely different meaning and modus operandi under central planning. As a result, these countries initially lacked the administrative infrastructure to manage social assistance programmes prevalent in market economies. For instance, in the early years of transition, many EEFSU countries introduced universal child allowances, but later on transformed them into means-tested programmes.",10,0,9,1.0
10.1787/eco/surveys-gbr-2013-4-en,6594b0eb77b707717e767b479ccf2934,"The planned phased introduction of Universal Credit is helpful in mitigating these risks, and should be combined with sound contingency plans and transparent information for users (Finn and Tarr, 2012). Recent research examining a large number of ALMP programmes in a large sample of OECD and non-OECD countries suggests that job search assistance combined with sanctions for non-compliance with programme requirements and subsidised employment in the private sector can be effective in increasing participants’ employment prospects. Public sector employment programmes are generally less effective, although the United Kingdom’s Future Jobs Fund, a largely public and voluntary sector employment programme, shows a positive impact on unsubsidised employment (DWP, 2012).",10,0,6,1.0
10.1787/empl/outlook-2011-4-en,954a5f704fd1ef18d0d169c020429ac6,"Other short-term effects are those of the transfer on the actual beneficiary in the case of transfers to the elderly and subsequent impact on retirement age (see Piggott et al., A study by Mitra (2009) on the generous South African Disability Grant (DG) finds negative effects on broad labour force participation (includes discouraged workers who would be willing to work if an offer was made to them but would remain unemployed otherwise as they do not actively engage in job search) of older men (55-64). The study finds no significant impact on the labour force participation based on the narrow definition (which only includes the unemployed who actively search for a job) implying that less stringent screening techniques pushed out the discouraged workers from the labour force while not impacting the existing labour force.",10,1,8,0.7777777777777778
10.1787/5jz2bxc80xq6-en,bcf81048659c8f313828f2345171bd9f,"In recent decades, the rapidly rising share of the very top end of the distribution of market income has reflected a new normal - unbalanced growth. Unequal income growth rates imply changes in savings flows which accumulate to changed stocks of indebtedness, financial fragility- and periodic macro-economic crises. Ever increasing income gaps also imply increasing top end spending on political influence and child human capital and ever increasing incentives to advertise the luxury consumption goods that fuel envy.",10,0,3,1.0
10.14217/9781848599239-8-en,194eeb43b0b402617ce7b8b14f218e36,"From that low level, remittances gradually increased again in the calendar year 2011. By contrast, although Samoan remittances peaked at 367 million Samoan tala in 2008-09, in the next two years the totals were 345 million and 369 million. In other words, Tongan remittances fell after the crisis but Samoan remittances were more or less stable. That is probably a function, firstly, of Samoan remittances being more likely to come from New Zealand rather than the United States (and particularly the west coast) so that the rebound was also slower (see Figure 6.2).",10,0,9,1.0
10.1787/5js4xfgl4ks0-en,d041b01672cae3b5b32ba3f7a11bbf07,"The returns to skill or education can differ at different parts of the skill distribution. Indeed, a widely shared explanation for the observed increase in earning inequality is that technological change has been skill-biased, causing a larger increase in the returns to education in the upper part of the skill distribution. At the same time, the link between skills (or productivity) and earnings is mediated by a wide number of labour market institutions, the most prominent in this context being minimum wages, the degree of unionisation, and the rules governing wage bargaining (Blau and Khan, 1996). On the other hand, recent research by Greenwood et al. (",10,0,6,1.0
10.1787/5kg5dlkhjq0x-en,e4cb7f8f54e58b96b0fe86a1b7e8e387,"For instance, because of difficulties in meeting relevant employment or contribution conditions, the number of young people without a job can influence coverage rates. Interestingly, however, the middle and lower panels of Figure 11 suggest that coverage has generally moved in the same direction for those with and without prior work experience. Other relevant factors include the dynamics into and out of unemployment. For instance, high inflow rates into unemployment at the beginning of a recession can increase the share of benefit recipients among the stock of unemployed as recent job losers are more likely to qualify for benefits.",10,0,9,1.0
10.14217/9781848590724-3-en,b06a67cbe0c2ec2938224925db8cf296,"This means taking action to reduce inequalities and restore equity so that these various divisions remain manageable and do not grow so as to threaten the stability of society. No society is fully cohesive. Social cohesion is an ideal to be striven for rather than a goal capable of being fully achieved. It constantly needs to be nurtured, improved and adapted.",10,0,5,1.0
10.18356/2351c526-en,917d43137338d5b7db4a669d6e07a02f,"If the errors are the same in 2011, a 1-percentage-point difference would fall within the sampling error. Perceptions worsened between 1997 and 2002, in 2002, 87% of the population felt that distribution was unfair or very unfair. This is 7 percentage points more than in 1997. Perceptions improved between 2002 and 2007, when the countries recorded strong economic growth, in 2007, the percentage of the population thinking that distribution was unfair or veiy unfair was 9 percentage points lower than in 2002.",10,0,4,1.0
10.1787/eco/studies-2012-5k95xd6l65lt,751d17971beac491d05eede8a0a85e8c,"Standard tax reliefs - including those linked to marital and family status and income - are accounted for in the data on progressivity of personal income taxes and employee social security contributions from Taxing Wages. Thus, EITC type tax reliefs are included. Non-standard tax reliefs, i.e. reliefs determined by actual expenses incurred (such as the amount of interest paid on loans), are not included. Matsaganis and Flevotomou (2007) used the tax-benefit model EUROMOD to quantify the distributional impact of mortgage interest tax relief in the Netherlands, Sweden, Finland, Italy and Greece.",10,0,4,1.0
11.1002/pub/8041d0a0-bee6d3c8-en,50fba7a0524dd10d2f35aa547e903119,"The resulting increased flood risk poses challenges to society, physical infrastructure and water quality. It is likely that up to 20 per cent of the world population will live in areas where river flood potential could increase by the 2080s. Increased temperatures will further affect the physical, chemical and biological properties of freshwater lakes and rivers, with predominantly adverse impacts on many individual freshwater species, community composition and water quality.",10,13,0,1.0
10.1787/5kmms0t7p1ms-en,de3cf9a3fa36223b9d5cdb39c23d5fc3,This chapter provides the background for the rest of the report by reviewing the existing empirical work on South African inequality and poverty since the advent of the post-Apartheid era in 1994. This review highlights points of agreement and dispute within this empirical literature. South Africa has an infamous history of high inequality with an overbearing racial stamp.,10,0,9,1.0
10.14217/9781848599239-8-en,dd2dc762a52380510cfdb20e7da701fb,"Governments may be fearful of being seen to support migrants too strongly, perhaps because most projects - in Mexico anyway - are in communities which already have superior resources. But it holds out hope and promise - and a need for replication. In Senegal, again like several other West African countries where structural adjustment programmes were implemented in the 1980s and 1990s, the state has withdrawn from all social sectors while privatising public enterprises, at a time when many medicines doubled in price.",10,0,5,1.0
10.18356/5ff49553-en,f149d805a4573ef9f4279110309a07f4,"Setting aside the limitations of standardized tests, measures of academic outcomes in the region's countries (particularly the 2012 PISA tests) suggest that a high percentage of the student population performs very poorly in basic competencies such as mathematics. In addition, the gap between the PISA results of the Latin American countries and the average for the OECD member countries is very wide. Most of the students in the first and second socioeconomic and cultural quartiles in the region's countries score below level 2, which means that they have not developed the basic competencies needed to perform in the area (see figure 1.20). Not only do they raise red flags about the sustainability of the progress made in reducing inequality and building capacity for the transition to more productive societies, but also they lead to gaps in autonomy, understood here as different margins of liberty for individuals to embark on life projects that hold genuine value for them.",10,1,9,0.8
10.1787/eco/studies-2015-5jrqhbb1t5jb,18275a5209e2fb16e9068b80a0618d08,"The impact of structural policies on GDP per capita and household incomes across the distribution: econometric approach (cont.) The policy analysis is performed for average income and a selected range of bottom-sensitive income standards. In practice and with reference to the definition of income standards in Box 2, the analysis is produced for parameter values a = 1, a = 0, a = -3, and a = -8. The sample is in some cases reduced due to data availability.",10,0,3,1.0
10.18356/508a648f-en,32bc48e488e5fbe2e3eac1b2a10b0b66,"Generally, these measures may not reduce inequality directly, but they could contribute to strengthening a dynamic process of structural change through which fiscal instruments, and incomes policies (as discussed in chapter VI of this Report), would become more effective. However, the provision of public services should also include the middle classes in order to raise overall skill levels, which will ultimately also contribute to a more equal income distribution and to an enlarged tax base in the future. There is evidence of a positive relationship between direct government transfers and growth. Public employment schemes, such as those launched in a number of developing countries in recent years (TDR 2010, chap.",10,1,8,0.7777777777777778
10.1787/eco/studies-2015-5jrqhbb1t5jb,faf6ad250d3ebbf2bea48a9057ed8709,"Overall, these findings signal synergies across policy objectives, i.e. that reforms aimed at encouraging exports among domestic firms could boost efficiency and equity. This finding could reflect FDI-induced demand for unskilled labour and associated employment creation, and it would suggest that policy reforms aimed at easing barriers to entry for foreign firms could serve both the efficiency and equity objectives. By contrast, there is some evidence of negative effects on household incomes of the lower-middle class and the poor.",10,0,9,1.0
10.1787/9789264119536-11-en,244fc107907a97b6baf5c414d0215d7a,"Redistribution is the absolute difference between the Gini coefficients before and after taxes and transfers. The data points refer to all observations available for all countries included in Table 7.3. The data in Table 7.3 illustrate episodes in a number of countries where reductions in the redistributive capacity of taxes and benefits have sometimes occurred in parallel with increasing market-income inequality (Australia 1985-89, the Czech Republic 1992-96, Finland 1995-2004, Israel 1997-2005, United Kingdom 1986-95, and United States 1979-86 and 1994-97). In these cases, policy reforms have accelerated the trend towards greater income inequality.",10,1,6,0.7142857142857143
10.18356/efd3bf00-en,967c92e7fb91699ff0207e2a16d5061b,"When it comes to health care, undocumented migrants had legal access to emergency, primary and secondary health care, and specialist and in-patient treatment in six European countries in 2011. Many other European countries, however, granted them access to emergency health care only (see chapter VI). The evidence available indicates that women lag systematically behind in terms of access to social protection across all groups. The disadvantages they face, including in the labour market, curtail their entitlements and hinder their effective coverage.",10,0,3,1.0
10.18356/787cb9be-en,08bc188c42be08331fef49719a5ffbde,"Countries that have most extensively implemented prescriptions to slash wealth, top personal and corporate income tax rates also experienced the most significant rise in top income shares since the early 1980s, without registering the promised higher economic growth (figure 4). Survey-based income inequality measures, such as Gini estimates in figure 3, often rely on data samples that truncate the top of the income distribution, because top incomes are under-represented in surveys or due to top-coding method shortcomings (Alvaredo 2010). Top income shares in figure 4 are estimated using non-truncated fiscal data, but under-reporting of income to tax authorities is common and tax evasion has grown rapidly over the last decade (Palan et al.",10,1,8,0.7777777777777778
10.18356/eb47180e-en,812e34996127a7f50011cf3e7b5657e6,"Specifically, the Convention includes the right to live independently and in the community (article 19), and the right to an adequate standard of living and social protection (article 28). These are linked to target 11.3 that calls for enhanced inclusion and sustainable urbanization for sustainable human settlement planning and management in all countries. Inclusion is also reflected in various SDGs.",11,0,9,1.0
10.1787/9789264286191-8-en,dd85ccb1f63f48665a1c3c91fec4e2d2,"Sustainable urbanisation” and corresponding activities in the VGGS and VGGAP could also be fine-tuned to reflect the increasing role of cities. Policy solutions and activities within the VGGS and VGGAP relevant to urban green growth (cont.) Human resource training #38: Support development of human resources for green jobs and development Source: VGGS and VGGAP. All the PGGAPs examined for this report have a focus on urban areas and include concrete projects that encompass issues from urban planning to capacity building or urban infrastructure investment (wastewater treatment, public transport, renewable energy such as rooftop solar panels, etc.).",11,0,3,1.0
10.1787/9789264286191-8-en,280fb06255882842723dbe1abc6554d9,"Green growth has been recognised as a key policy, as it can address economic growth, social inclusion and environmental sustainability at the same time. Especially, fostering green growth in cities is critical because cities play disproportionately large roles in the economic and environmental performance of countries (OECD, 2013) (Box 3.1). To do this it must catalyse investment and innovation which will underpin sustained growth and give rise to new economic opportunities” (OECD, 2011). The Global Green Growth Institute (GGGI) defines green growth as “a development approach that seeks to deliver economic growth that is both environmentally sustainable and socially inclusive” (GGGI, 2017).",11,0,9,1.0
10.1787/aeo-2016-14-en,01ae2350ef2becd09ce26a38d5a072bf,The slower gross domestic product (GDP) growth was due to lower than expected exports and a decrease in public expenditure and foreign direct investment. A reduced influx of hard currency assisted the devaluation of the metical (MZN) against the US dollar and pressured the balance of payments. This was halted only by a USD 282.9 million standby credit facility agreement with the International Monetary Fund in December 2015. The budget deficit was reduced from 6.6% in 2014 to 5.4% in 2015.,11,3,0,1.0
10.1787/ad4de8a1-en,8be24bfc267dee6d309831351bf46ed9,"These measures were applied in 2016 and there has been no increase in traffic congestion. The team thus identified the biggest barriers to better mobility in the city: motor vehicles and lack of space for pedestrians (including pavement obstructions in many places). It helps them to diagnose road safety problems, prioritise interventions and evaluate projects.",11,0,9,1.0
10.1787/9789264272637-7-en,584ed3b539c928e59903c7553696f57a,"However, there are concerns that people who have long been accustomed to driving might stick to their old habits. In particular, pull factors alone are often not enough because the door-to-door convenience that only private vehicles can offer may be too attractive unless the disadvantages of driving are felt more acutely. Another factor of complexity stems from the fact that Suwon is part of the functional urban area of Seoul (according to the OECD methodology), which requires collaboration across administrative boundaries.",11,0,10,1.0
10.1787/9789264268852-5-en,a43bde45ee950e74946d1dcf13dead60,"Put more simply, this implies that the largest city is twice as large as the second-largest city, three times as large as the third and so on along the uiban hierarchy. While the relationship tends to break down at small scales, it holds remarkably well for many countries across a very wide range of city sizes (Gabaix and Ioannides, 2004). There is also the question of whether Zipfs Law implies some constraints in the pattern of uiban growth, i.e. that the growth trajectories of individual cities could not change the overall city-size distribution (Duranton, 2007).",11,0,3,1.0
10.18356/97f03e0a-en,474e2db62b2fa8811cf2a6d3cd45c3f5,"In addressing systemic risk, the national strategy also includes a variety of programmes and plans to combat poverty and enhance societal resilience to reduce the risk of disasters and cascading impacts. Communities at particular and persistent risk of disasters include communities located near rivers, in close proximity to flood-prone dams, in low-lying areas prone to flooding during heavy rains, along seismically active zones and in areas affected by conflict. It has taken these as the foci for its national strategy and risk reduction measures, addressing IWRM and the security context, as well as the environmental, climatic, social, cultural and political context.",11,1,8,0.7777777777777778
10.1787/9789264277991-7-en,8f9da55b793c4e342c6719e4ed661279,"The MCDCB has been successful in developing and expressing a strong and coherent regional vision, synthesised in the JICA Mega Cebu Roadmap study, and as such has set the stage as a strong advocate to the national government in terms of capital funding, policy implementation, and LGU capacity building. While it is still ‘early days’ in terms of buy-in and trust, the MCDCB continues to actively demonstrate success in collaborative dialogue and advancing plans and projects in a way that co-ordinates, but does not prejudice the autonomy of affected LGUs. The MCDCB model is also unique in its explicit engagement with, and leadership from, the private sector and civil society.",11,0,3,1.0
10.1787/871f6812-en,5fa3a7daff144ab419fa316d2725357f,"The International Association of Public Transport Authorities (UITP) has detailed the challenges of developing AV use and has offered several insights regarding their introduction. The UlTP's SPACE project places public transit at the centre of the AV revolution, aiming to give members the tools and knowledge that will enable them to provide higher quality and more efficient services. The project's objective is also to assess the impacts of automated road transport systems, develop operational concepts and new business models, and advocate for a harmonised framework that would foster the safe operation of AVs as a mode that is integrated with other mobility modes.",11,0,4,1.0
10.18356/8716e19c-en,72f4e24407cbca07e6cf0fac2c20cad6,"These steps, however, might be significantly different in different regions. Without a successful green technology transition, GHG emissions may increase substantially in the next decades. An obvious way to decrease the transport carbon footprint is to increase the price of energy through taxation, thereby encouraging road users to adopt more energy-efficient driving behaviour and/or to consider other transport modes. However, high fuel taxation can have important implications on mobility, if not complemented by measures promoting viable alternative transport options such as adequate public transport.",11,0,6,1.0
10.1787/9789264286191-8-en,d270fe60b9602f5fb0eb1b8c9ef95312,"However, these documents lack a green growth perspective. The first two documents focus on the process rather than the outcomes of urban development, such as the procedures for developing urban masterplans and for obtaining development permits. Green growth is not clearly mentioned in the objectives, and the only links to green growth are policy targets on green spaces, number of trees and environmental impact assessments.",11,0,3,1.0
10.1787/5jlwvz85537c-en,f55f5d5b700dccaa1f2bceb5453bfcf8,"The device also requires breath samples to be provided at random intervals to ensure that the driver has not consumed alcohol. Such devices have proven to be highly effective (Terer K., and R.Brown, 2014). Points can also be allocated in conjunction with a court disqualification where the court chooses to disqualify a person for less than six months. Demerit points remain active on a licence record for a period of two years from the date of the offence. If 100 or more demerit points are accumulated within any two year period, a licence will be suspended for a period of three months. The suspension period begins as soon as the demerit suspension notice is served on the driver by the Transport Agency or the Police.",11,0,5,1.0
10.6027/eb40a355-en,9303f7264041762bb14bb1ee8d7db00a,"Citizen science should be promoted and used to raise awareness. It is important to stress though that the quality of the data from those low cost sensors is in general far from sufficient to be used for drawing conclusion on the actual air quality situation and form basis for control measures. This links to the need for harmonization of practices for local measures, such as retrofit approaches and low emission zones. It is recommended to the parties to review and share their success story in the cities. It is not only a problem of scale but also of balance between sectors and other policies. Therefore local actions need to be city specific.",11,0,3,1.0
10.1787/9789264274648-6-en,32c80b9ddc7626dccfa3f01f7614c3b7,"However, in Amsterdam, the share of the property tax to total revenue is, in fact, substantially lower than the national average, the per capita property tax in 2015 was EUR 193, while the average for the Netherlands was EUR 216 per capita. Part of the explanation for this is that Amsterdam gains revenues from its ground lease system. In the financial statements from Amsterdam over 2015, the total net revenues from ground leases were EUR 236 million (Amsterdam, 2015). This is also explained by the city’s relatively low property tax rates.",11,1,8,0.7777777777777778
10.1787/9789264245174-7-en,195bc23a3c2735c5fb4cc1a8e40b0111,"No common rules of operation, studies for corridor planning or evaluation procedures for BRT exist for the ZMVM as a whole. Knowledge sharing w'ould have let the experience of Metrobus guide Mexibus (which was implemented after Metrobus had several corridors in operation). For Metrobus, conditions negotiated with incumbent operators were progressively modified to avoid barriers for tariff integration and fleet optimisation across Metrobus lines (Flores-Dewey and Zegras, 2012).",11,0,9,1.0
10.1787/9789264290747-en,4ee191d2acd04c7bbe3f63274fe927f6,"The 2015 United Nations Climate Change Conference (COP21) also adopted the Paris Agreement, through which United Nations Member States committed to limiting global warming, which implies a critical role for national governments in climate-change adaptation and mitigation in urban settlements, which are most responsible for and most vulnerable to climate change. Lastly, in October 2016, the Third United Nations Conference on Housing and Sustainable Urban Development (Habitat III) adopted the New Urban Agenda (NUA), advocating for proactive policies to leverage the dynamics of urbanisation as instruments of sustainable development. Well-designed national policy frameworks can help countries and cities achieve economic growth, environmental sustainability and social inclusion.",11,0,3,1.0
10.1787/9789264268852-6-en,c0bb5fa79d9f2dde468488b04b36792f,"A mixture of legal and illegal housing appeared on these new city territories within a few years (1998-2005). In 2012, the city limits were expanded even further. The total area of new municipal territories was equal to 11.900 hectares. In 2014, the city limits were again expanded by 23 200 hectares, which included 27 settlements and a population of more than 92 000 people (President of Kazakhstan, 2014). These include such goals as to improve urban and industrial infrastructure, expand entry routes to the city', and develop mountain recreation and sport facilities for the Asian Olympic Games in the National Ile-Alatau Natural Park. The local environmental NGOs raised awareness about the construction of the new sport complex in the territory of the national park (NGO Green Salvation, 2014).",11,0,9,1.0
10.1787/9789264268791-5-en,7057f107f24c23498453b59dde51ba30,"In smaller communes where the local government has few resources and limited capabilities the prefet can have a direct role in land use decisions, because they have the resources of the national state to support their decision while local officials have limited analytical capacity. In rural areas this asymmetry in capacity can lead to asymmetries in power. Today these decisions have been devolved to local councils at the commune level.",11,0,3,1.0
10.1787/9789264268852-5-en,e9362d9c98598a66778a5756bc539f60,"However, even though the methodology and structure allows CDPs to reflect each monotown’s specific priorities, the same target indicators were imposed from the national monotown programme. According to BISAM Central Asia (2012), they often do not reflect the specifics of each monotown, and are sometimes overly optimistic and unachievable (especially as regards SME indicators). Employment and population forecasts in CDPs tend to be optimistic as compared to actual figures. For instance, Stepnogorsk CDP’s forecast (made in 2014) overestimated employment in 2015 by almost 2000 (or 5%).47 Over-optimistic forecasts may signal that monotow'ns’ akimats do not adequately reflect population decline or stagnation in urban and economic planning.",11,1,7,0.75
10.1787/9789264268852-5-en,a3ebb77b435fa9671e910585352a4980,"The estimated health impact of air pollution in Kazakhstan is sizeable: premature mortality attributed to air pollution was estimated at 16 117 deaths for the 2008-2010 period, with the highest mortality estimate due to air pollution in Almaty City (Kenessariyev et al., This last study also concludes that the impact of air pollution on premature mortality in Kazakhstan is notably higher than in Russia and Ukraine. However, environmental monitoring systems are not sufficiently funded, and environmental statistics do not always reflect the current pollution load on the environment (World Bank, 2016a).",11,0,9,1.0
10.1787/ad4de8a1-en,0902cb30991a43b9c6bb0646912f0019,"An MTA that covers the entire commuting area can co-ordinate among jurisdictions at all territorial levels and reduce negative consequences of urban sprawl. Fatal crashes between road users remain a common occurrence on city streets, whilst they have almost been eliminated in rail or air transport. A growing number of local governments are embracing Vision Zero: a vision of no one being killed or seriously injured in urban traffic to rectify this. In support of such ambitious targets, this report investigates key road safety questions in the context of selected cities in Europe and beyond.",11,0,4,1.0
10.18356/bc5ec3da-en,e43a225c4851d80a366cea35c9c83b38,"On the participatory side, municipalities were given the right to establish councils of stakeholders or municipal boards. Municipalities can also establish other institutional means of participation through the passing of local constitutions or ""organic laws."" One of the most widely reported local approaches to this challenge in Brazil is the participatory budget. The essential element of this institution is the democratic discussion and allocation of the investment budget of the city.",11,0,3,1.0
10.1787/9789264255517-6-en,50d69746cbc651eade8f57a5a28c808e,"Earmarked resources, wherever possible, can assist the transparency of road safety investment and its value. Revenue sources for road funds typically come from fuel taxes, vehicle registration and licensing fees, and road user charges for heavy vehicles. For example, in the New Zealand Road Safety to 2010 strategy, the road fund finances the national road safety enforcement programme, national road safety education, national publicity and awareness campaigns, national strategy management and coordination processes, national and local low-cost safety engineering measures, and general road network investments that contribute to improved road safety outcomes. User fees are usually collected on a cost-recovery basis and may represent a substantial proportion of a country’s total road safety investment.",11,0,3,1.0
10.1787/9789264277991-7-en,3fb4fc680e8c1232eed00604748167a1,"A harmonised definition of urban areas as “functional economic units” would be useful in designing and implementing green growth strategies according to functionally integrated areas, rather than administrative entities. It w'ould also increase comparability of metropolitan areas, and therefore Metro Cebu can learn draw' positive lessons from best practices in other FUAs, thereby encouraging more effective coordination. Smart city solutions may also help to create more channels for governance linkages between LGUs.",11,0,3,1.0
10.18356/97f03e0a-en,c5c1b3880f299f4aba3078e58c23fc86,"Target E, to be met by 2020, is a small indication of what is required to accomplish the goal and outcome of the Sendai Framework. It is a stepping stone towards achieving this by 2030. Again, there are good examples of countries implementing this at national level, but so far, there has been insufficient time and information to determine whether these measures are affecting the outcomes of development planning, in particular to prevent the creation of new risk. The evidence gained from country practices is that it has not been undertaken by many countries so far (Chapter 13).",11,0,3,1.0
10.18356/bf400991-en,7c7130d5d21da28dbe3f57dd5ed4b0e4,"Cities and countries reporting on this indicator are encouraged to promote better design and use of streets as public spaces. The fact that the indicator measures the share of the built-up area allocated to open space makes it sensitive to the definition of what constitutes a city and its built-up area. The indicator does not include measurement on safety, and it partially covers the notion of inclusivity by reference to access should be available ""for all? Definitions on what constitutes public space, public use and the notion of open were agreed upon by experts through consultative meetings.35 Disaggregation of information by sex, age and persons with disabilities remains a key challenge which requires conducting comprehensive surveys in cities on public spaces.",11,0,4,1.0
10.1787/5jm3p5gl4djd-en,719337c2a7f187480d724b753ac6c3dd,"Private sector tenants receive support through housing allowances in all four countries - albeit very little in Chile - but private sector tenants account for about 30% of housing allowances recipients in the Czech Republic and 45% in Norway (see Figure 15, no information is available for New Zealand). Norway also provides public guarantees for private sector tenants and New Zealand directs part of the reported developer subsidies to the private rental sector but data on the amount of spending relative to these policies is not available. Overall, the spending mix in these countries is not tenure neutral.",11,0,3,1.0
10.1787/9789264286191-7-en,4bb6287040ec55e38e41f61a977b1837,"During the trial, in 2006, traffic volumes within the controlled area fell by approximately 20%, while public transit ridership increased by some 6 to 9% (Pike, 2010). The initial public view of the system had been negative, with a disapproval rate of 55%, but following the trial period this had changed to 53% taking a positive view. This shift took place in a context where the area involved was extensive - some 34 square kilometres - and where a modest charge could nevertheless add up significantly: vehicles entering at one of 17 charging pints would pay up to 20 Swedish Krona SEK, roughly USD 3, with a daily maximum of 60 SEK and daily passes available.",11,0,3,1.0
10.18356/bc5ec3da-en,3ceb29914cf835e6653b7bc1fa7062a5,"Therefore, the policies that emerge must be implementable, universal, sensitive and relevant to the local context. They must be participatory and collaborative. They must be inclusive and recognize the rights of minorities and vulnerable groups. Above all, the policies must be sustainable. This trend is not new, but relentless and has been marked by a remarkable increase in the absolute numbers of urban dwellers—from a yearly average of 57 million between 1990-2000 to 77million between 2010-2015. In 1990,43 per cent (2.3 billion) of the world’s population lived in urban areas, by 2015, this had grown to 54 per cent (4 billion).",11,0,3,1.0
10.18356/1889166b-en,d343c4f5050508c3753f9f7532e11f1b,"Spatial integration of youth constitutes a major challenge in Africa, where poor and low-income youth are marginalized or excluded from employment opportunities and are often “trapped” within their neighbourhoods by virtue of ethnic, class, religious and other types of segregation. For example, the colloquial Swahili adopted by Tanzanian youth, especially in Dar es Salaam, should be drawn into the culture of the city rather than disparaged. Despite their critical role in African urban food security, informal urban agriculturalists are mostly tolerated rather than supported. In this respect, the protection of valuable urban agricultural lands from encroachment is a linked challenge, one which requires a response to the broader challenges of unplanned informal settlement growth.",11,0,4,1.0
10.1787/9789264264113-5-en,cb23ffa5616b45f8e8e985f0799b7f3a,"The rapid urban expansion has increased the city’s exposure to flooding, as people are settling and building in flood-prone areas (Tarigan et al., The northern half of Bandung, encompassing territory in four of the BMA's five local government units (LGUs), has been the focus of intense and uncoordinated development pressure (ibid). The impact of these new population centres in undesirable geographical locations in the north may increase the risk of flooding in southern parts of the city.",11,0,4,1.0
10.1787/9789264274648-6-en,3acdec2714296bd666b7d50f8d743c1e,"It requires that a monitoring system be established on the state or quality of the physical environment for each “value”. This scheme of monitoring environmental values is derived from EU quality standards.31 The “rules of instruction” refer to any rule relating to the execution of a duty or power by an administrative body. The role of the government within this context is to link the initiatives of various actors who are developing projects that impact the physical environment, and to monitor their outcomes. Where there are undesirable outcomes, the relevant administrative bodies will need to establish a programme to remedy this.",11,0,3,1.0
10.1787/9789264266360-6-en,3f66fb861fab4867aec6860ba383ea79,"Many urban governments still depend to a very large extent on fiscal transfers. In Indonesia, the General Allocation Fund and the Special Allocation Fund accounted for 51% and 5%, respectively, of regencies’ and cities’ revenues in 2015. In this regard, central governments could earmark special funds for green growth-related activities.",11,1,8,0.7777777777777778
10.6027/eb40a355-en,b4924e69659ea45a953bad1d4dbed92d,"Guidelines to develop and evaluate such models are discussed in the FAIRMODE initiative (http://fairmode.jrc.ec.europa.eu/) led by the JRC to support use of modelling in the implementation of the EU directives. What can be done in a city depends as said on the sources, but also resources of the city. Possibilities also depend on whether there is willingness at the political level to not only reduce emission via technological improvements but also by decreasing activity rates or implementing structural and societal changes.",11,0,3,1.0
10.1787/ad4de8a1-en,a1e7f18786849b1f8132259457414de7,"Consolidated 2017 figures in Bogota suggest that that while 19 private car occupants were killed in traffic crashes, 133 (seven times more) VRUs were killed in crashes involving a private car. On the other hand, in a year when 59 cyclists were killed, only three pedestrians were killed in collisions with pedal cycles. This illustrates the significant impact of one road user group on others, relatively modest in the case of pedal cycles, yet overwhelming in the case of private cars. Taxis are clearly separated in the collision statistics, which is something other governments could learn from.",11,0,9,1.0
10.18356/64011ade-en,c292cbd679e10b65738d352b8668ccdf,"In other (Ljubljana with one option and Riga with four options), the capital city with more options achieves higher public transport demand. Therefore, for a city where bus service is the only available option and the policy goal would be to increase the demand for public transport, the introduction of a second mode may be worth a relevant consideration, especially if peer cities offering more options do reach higher demand for public transport. For the length, it is interesting to note that the capitals with the density between 900 to 1,600 inhabitants per square kilometer reach similar results for both measurements (figure 2.17.).",11,0,3,1.0
10.1787/5jlwvz85537c-en,59817bab27fa71125af7ca040e5805bb,"This implies no responsibility by community or government and gives the impression that road trauma is inevitable. The implication in the use of the word 'accident' is that road trauma is an 'act of God' and outside our control. New Zealand Police prefer the term crash or collision to ensure that these events are not regarded as inevitable, as most road incidents are preventable.",11,1,10,0.8181818181818182
10.1787/859159ab-en,06d03c664c03ce87d3cef8a748fd2cbf,"In March 2019, the Committee and the Digital Economy Promotion Agency convened to launch an event, “Smart City Thailand Takeoff”, which marked the country’s first open call for smart city proposals - with the definition of the application process and qualifying criteria - as well as the announcement of a new city data platform for smart city implementation with an expected launch date by the end of the year (Smart City Thailand Office, 2019). The event also established the committee’s new targets for the upcoming years: the development of 24 total smart city plans in 2019, extending to 76 by 2022. Moreover, it was announced that the Digital Economy Promotion Agency, under the supervision of the National Smart City Committee, has initiated the establishment of a national Smart City Thailand Office in Bangkok (Digital Economy Promotion Agency, 2019). With this budget, high-speed internet services with at least 1 000 Wi-Fi hotspots are planned in 100 areas in Phuket.",11,0,9,1.0
10.1787/7a1f7b89-en,e96742d3f4c56cdd64b45908573c6eab,"Uber fares were capped at the cost of the train ride (EUR 16.80), approximately 30% lower than the un-capped average Uber fare on the same route. Using in-app geofencing and a promotion code, riders requested UberX service from within 20 metres of designated Night Rider stops to any location within one of three geographic zones. Qualifying rides received a AUD 10 discount covered half by the ACT Government and half by Uber.",11,1,9,0.8
10.1787/5jlwvz85537c-en,db7e5d7aefecfc3514acfcce278f8aba,"Examples are long acceleration lanes on motorways and large stopping sight distances at intersections, increased letter-height and retro-reflectivity of street name signs, etc. For intersections with traffic lights, errors in giving way and any resulting crashes can be prevented by a regulation that does not allow traffic that can collide to have green light simultaneously. Roundabouts have the required qualities for older drivers: e.g., left turns are eliminated, fewer decisions have to be made because of one-way traffic and yield-at-enter, lower speeds allow for more time to decide and act (Staplin et al., They reduce crash numbers and, as a result of lower speeds, crash severity.",11,1,8,0.7777777777777778
10.1787/ad4de8a1-en,803bcc389d30ed24ab7ad03973e8c425,"Thus important challenges remain to be tackled so that Riga and Latvia can reach their national targets of reducing fatalities by 50% by 2020 (European Commission, 2015). The following sections delve into governance structures of road safety and further explore specific policies and mechanisms that were introduced to improve road safety performance in the city of Riga. It sets out the main principles and governance bodies for the organisation of road traffic and the responsibilities of different administrative levels. It organises and co-ordinates the development and implementation of national policies and monitors compliance with laws and regulations concerning road traffic safety.",11,1,8,0.7777777777777778
10.1787/aeo-2016-10-en,dca9a63265f9f55cb4b43d118a55d1ed,"Access to public goods remains highly unequal even within urban areas, often putting the social fabric at risk. African cities are facing an unprecedented combination of developmental challenges together with rising environmental risks such as unsafe sanitation, climate change and air pollution. Are urbanisation trends sustainable in your country?",11,0,3,1.0
10.18356/dd2e120a-en,f918d0e99c7cade8eed64cd11dba1cbf,"Public transportation in most of Africa’s major cities is dominated by informal minibuses and motorbikes, and accounts for relatively large proportions of household budgets, especially among the poorest (Lall and others, 2017). Data on the proportion of the population with access to public transportation in African cities are not easily available. Therefore, household expenditure on transportation is often used as a proxy indicator of accessibility and affordability of it in African cities.",11,1,8,0.7777777777777778
10.1787/9789264245174-7-en,497b1027424899fa6871f5aacb10cfd6,"All the information can then be used on a metropolitan-wide platform. Data collection should take advantage of future fare integration initiatives to collect information on whole origin-destination travel, rather than trip segments only. Solid models based on long-term population and employment trends should be developed and used to decide on the projects that should be included in the mobility plans.",11,0,3,1.0
10.18356/44e08493-en,cfd1aba38f3b133ed44e4ba500c6fd88,"The gap between the richest and poorest urban quintile is at least 18 percentage points in half of the countries assessed, and in one-quarter of the countries it is 35 points or higher. This may be due in part to the fact that access to water and sanitation facilities helps determine a household's value on the wealth index that we use, see the Annex for further discussion of this matter. In half of the countries analysed, children in the poorest quintile are at least twice as likely to die before their fifth birthday as their richest urban peers. The relative disparity is even more pronounced for stunting, where prevalence in the poorest urban quintile is at least twice as high as for peers in the richest quintile in approximately 8 out of 10 of the countries analysed, and at least four times higher in 2 out of 10 countries. For both stunting and under-five mortality, relative inequality is higher in urban areas than in rural areas - a pattern opposite to that of the other indicators.",11,0,3,1.0
10.1787/9789264268791-5-en,faa9bb93b447c9219c7edf0f46bfed5e,"The planning advice certificate (icertiflcat d’urbanisme) is issued by the mairie or by the prefet and provides general planning information on a particular site. It may be best described as an “in principle” planning consent, it does not give planning permission for a particular project, for which specific approval must be sought but it does suggest that the proposed use is allowable within the current law. Planning certificates are useful documents in that they offer a strong assurance for routine developments, but they do not provide the same level of guarantee as planning permissions and they contain far less detail. In cases w'here there is a first division of land for one or more new dwellings, a special kind of consent called a declaration prealable or a permis d'amenager (where more than one dwelling) is required.",11,1,7,0.75
10.1787/871f6812-en,380c6c1ec85338f150179da9295e3d69,"An objective of future surveys could therefore be to put greater emphasis on seeking input regarding issues that are not raised in the survey, e.g. by inviting respondents to identify unaddressed issues, suggest research topics and propose solutions. Finally, we note that the survey can be an important source of insight regarding the potential gap that may exist between expert beliefs regarding the most effective measures and the existing evidence regarding these measures. Identifying any such gaps could shed light on the need to generate more evidence in certain areas, or alternatively, to better disseminate existing evidence.",11,3,0,1.0
10.1787/9789264227293-6-en,b36c5a690586d2cc993ace1a24d426df,"While the federal government began to incorporate housing quality and liveability concerns in its policies and programmes prior to 2013 - notably in terms of improved construction materials, the elaboration of a Certified Development initiative (Desarrollos Certificados, formerly Desarrolios Urbanos Integrates Sustentables [DUIS]), and incentives for green building - housing policy objectives meanwhile remained quantitative and focused on furnishing individual houses with basic equipment (e.g. piped water, drainage). As will be seen, programmes like DUIS (and now Desarrollos Certificados) in many cases paid insufficient attention to housing location and access to urban services and infrastructure (see Box 2.6). In a review of housing policies in Latin America focusing on the experiences of Argentina, Chile, Colombia and Mexico, Rojas (2014) finds that housing policies throughout the region have lacked a place-based approach and have been poorly co-ordinated with other policy domains affecting urban development (e.g. economic development, transport, etc.).",11,1,8,0.7777777777777778
10.1787/9789264274648-6-en,38a53244f7ee854b35e57255340afc17,"The transfer by the municipality fund is allocated to individual municipalities on the basis of a very complex distribution formula using a variety of objective indicators (Bos, 2010). This not only takes account of the number of inhabitants, but also corrects for differences in tax-eaming capacity (real estate value of dwellings and business property) and external circumstances, like a regional function or the social and physical structure. This includes indicators for the number of households receiving social benefits, the number of people from ethnic minority groups, the number of young or elderly, the density of addresses and the surface area of the historical centre. However, differences in other revenues, like interest, dividend or from the sale of land, are not taken into account.",11,0,3,1.0
10.1787/50e33932-en,6b53d9285a6dee23c8bd84a88014cc04,"Although these type of projects have not disappeared, they have significantly decreased. Instead, the projects are progressively devoted to general and qualitative goals, such as the welfare of citizens, the quality of employment, efficiency of firms and sustainable development (OECD 2007). For instance, the State-Region Contracts 2015-2020 have five priorities for which 30 billion EUR will be made available: transport, higher education, digitalisation, innovation and ecological and energy transition (Charbit and Romano, 2017(n]).",11,1,8,0.7777777777777778
10.1787/9789264277991-5-en,1d1443954ec86559b48a0da86cb6d9f4,"At the same time, clean transport such as rail systems, ferries, E-jeepneys and shared-bike schemes need to be encouraged with the supporting infrastructure. Current consumption pattern still follows a linear trend with the end fixated on disposal as opposed to a circular consumption pattern where resources are continuously reused. The “no separation, no collection” policy encouraging waste segregation is a laudable strategy but suffers from a number of implementation challenges which urgently needs to be addressed.",11,0,3,1.0
10.18356/99fd12bb-en,8a07909fe11f5fde354e6c1f4d90c355,"Indeed, urban populations are expected to soon exceed rural populations (figure 4.1). Ninety per cent of the world's urban expansion is in developing countries. As of 2017,23 of the world's 37 megacities are in Asia, of which eight of the top 10 megacities are in Asia, including the top three. However, nearly half of urban dwellers live in emerging cities with populations of less than half a million.",11,0,4,1.0
10.18356/bf400991-en,97fb5b00521a7ff034f0987998e321c1,"Based on the results of the metadata survey and the Pilot survey undertook in 2017 UIS is designing a detailed global data collection tool that matches the needs of the indicator. The 180 cities from 72 countries that currently make up this network work together towards a common objective: placing creativity and cultural industries at the heart of their development plans at the local level and cooperating actively internationally. The report looks at the contribution of culture to urban sustainability, and the promotion of a culture-based approach to urban planning.",11,1,8,0.7777777777777778
10.1787/9789264286191-5-en,d3a9683f345482c77ddb94a17c89fe97,"All 11 162 municipalities in Viet Nam are classified as either “urban” municipalities (wards and townships) or “rural” municipalities (communes). By the end of 2015, 2 184 municipalities (1 581 w'ards and 603 townships) were classified as urban, which accounts for 20% of all municipalities. The current definition examines each municipality and gives urban or rural status individually, instead of looking at functional boundaries and connections among these municipalities. As a result, 63 FUAs are identified in Viet Nam which cover 7% of the national territory and host 41% (37.1 million people) of the population in 2013. Out of the 63 FUAs, 12 are classified as metropolitan areas (with a population of 500 000 or more).",11,1,8,0.7777777777777778
10.18356/bf400991-en,b0ab495d34ea8ad9e1eebd06f4297bc5,"The World Bank and UN-Habitat have defined a cut-off point at which owner-occupied or rental housing is deemed unaffordable, which has been used for tracking housing affordability over time as part of the agency’s Urban Indicators Programme. Housing is generally deemed affordable when a household spends less than 30 pet cent of their income on housing-related expenses, such as mortgage repayments (owners), rent payments(renters), and direct operational expenses such as taxes, insurance and service payments. Except for Latin America and the Caribbean (LAC), all subregions with significant slum prevalence recorded higher slum growth than the global urban population change average, with the highest rates recorded in sub-Saharan Africa (SSA) at 3.9 per cent and South-East Asia at 3.0 per cent.""'",11,0,3,1.0
10.1787/9789264272637-5-en,75446128e8bc088adf35ee327e8442ac,"Long-term projections of continuing growth in London’s economy and population (various scenarios are examined in the London Plan) are an essential input to the EDS. All proposals in the EDS must be consistent with the spatial strategy set out in the London Plan. The TfL is the statutory authority responsible for ensuring the deliveiy of the MTS. The MTS takes into account the emerging policies in the London Plan and the EDS and is supported by a detailed evidence base, including the “Travel in London” report, strategic transport models and recommendations from the Outer London Commission.",11,0,8,1.0
10.1787/9789264191808-5-en,99902ea6cdd339c906e99a6b05bab691,"Urban development and management are no exception, and the need for well-integrated approaches to managing urbanism has become ever more apparent. Chile’s practices in this area have been governed by a series of discrete instruments and mechanisms that, while appropriate when they were first introduced, may be ill-adapted today to meet the demands of the country’s dynamic urban reality. Greater flexibility and a unified approach to urban issues could help improve urban outcomes for residents.",11,0,9,1.0
10.18356/bf400991-en,ec02d0fc212e4fcc58e9154b1def4730,"Latest data shows that the expansion of the world's cities has been accompanied by changes in land use, both in terms of form as well as structure, and a progressive reduction of the proportion of space allocated to streets. The integration of public space in local, regional and national policies and frameworks promoting sustainability is key to securing the provision of public space and creating more liveable cities. Ensuring citywide distribution of public spaces is a way for governments to reduce inequalities and expand benefits and prosperity.",11,0,3,1.0
10.1787/9789264268791-7-en,64b8ae7112db91b32029c5008a0a3f27,"Even before the most recent round of planning reforms put in place by the French government that now require better co-ordination of planning, local governments in this region took advantage of earlier legislation that allowed the formation of intercommunal organisations to facilitate co-operative activities including land use planning. Managing the Loire estuary and local streams and wetlands cannot be done on a commune by commune basis, and this common issue provided an early impetus for collaboration. Similarly, historical competition between Nantes and Saint-Nazaire over shipyards and port facilities evolved into co-operation when both places were forced to come together in order to build a more efficient port complex that could compete with other port cities in Europe. Thus, the governance and regulation of land use are as much a political project as they are a reaction to social, economic conditions and urban-rural morphologies. The preceding discussions of the area’s spatial planning objectives illuminate several major challenges and opportunities. These are discussed in turn.",11,0,7,1.0
10.1787/9789264274648-6-en,48a10490f16ee6c754947df254d292f7,"On the one hand, if the tax is shifted on to consumers, house prices increase, increasing the demand for smaller housing units and thereby population density. On the other hand, the property tax can promote urban sprawl as it reduces the capital-land ratio and thereby the number of housing units per unit of land area and density. A proposal being discussed in Germany is a land-use tax, which would differentiate land tax rates depending on how land is used and the associated environmental costs.",11,0,3,1.0
10.1787/9789264268852-7-en,af6c5114c555dc598e9c707886466a12,This helps avoid reaching the final stages of a project that citizens do not support or recognise as their own. Akims and senior public managers should express at the outset commitment to the process and the principles of the purpose and scope of the exercise. One way to start would be by understanding what people value about the city and engaging on these terms. It is recommended that akims and senior officials from different levels of government engage in regular discussions about the process.,11,0,3,1.0
10.18356/8be0ed45-en,aff1ea08350c5f9cc55ca133bc399556,"Dry recyclable’ materials (metals, glass and textiles) range from 12% of MSW in high-income to 12% and 9% in middle-income and then 6% in low-income countries. Household hazardous waste (HHW) is estimated to make up less than 1 % of all MSW across all income ranges, but its presence makes certain management options much more difficult. Evidence suggests that significant progress has been made in many middle-income countries over the past few years, particularly those with gross national income (GNI) per capita above USD 2500 per year.",12,1,8,0.7777777777777778
10.18356/ab381733-en,6f3687077ba0d34b7be26b1303832780,"According to the composition of waste in Georgia (table 5.1) the share of recyclables is nearly 20 per cent but achieving higher yield at the sorting plant would require the introduction of separate collection in the serviced area. Also, the sorting plant currently operates on one shift and increasing the throughput would require additional financing for the second and third shifts, which the municipal budget cannot provide now. The sale of recyclables is low, due to the undeveloped market and lack of incentives for recycling.",12,1,8,0.7777777777777778
10.6027/9789289338912-8-en,d567df90dd1a80ea10fe60c60343e60f,"These studies often rely on community- or household-level data using probit or tobit models to estimate the frequency of recycling as a function of different policy instruments and household attributes (e.g. income level, value of time, education, and number of persons in the household, age, renting or ownership). Most studies that are presented here are from the 1990s and the 2000s. The field experiment covered several voluntary recycling programs (treatments) which differ when it comes to convenience factors such as sorting requirements, frequency and location of recyclable collection as well as the amount of recycling information.",12,0,9,1.0
10.18356/f29e3817-en,e3c37c5c3cb0f4bd7ecaeef48b3ca258,"It is estimated that there are 300 illegal dumpsites that have to be closed and rehabilitated. As at 2012, 14 landfills are in use and five are being developed. That means that about 1.7 million t/year of waste are disposed of in controlled landfills. Twenty-one illegal dumpsites have been closed and rehabilitated and 64 more are in the process of being rehabilitated.",12,1,8,0.7777777777777778
10.6027/9789289333764-11-en,94e4ed8574d9cc2498f05827292ddd23,"Projects and programs on chemicals have included182 a program to support the development of National Profiles to Assess National Infrastructure for Management of Chemicals. ( Antigua, Argentina, Bangladesh, Bolivia, Chile, India, Kenya, Sri Lanka, Tanzania, Zimbabwe: National Profile to Assess National Infrastructure), a project providing National Training Activities for Developing Countries on Toxic Chemicals, Environment and Health. ( In 2002, the government of Sri Lanka launched a “100 Days Program,” halting the sale of leaded gasoline in the country.",12,1,7,0.75
10.18356/cabe9310-en,949888a762f4eb83becaac114663d26a,"If waste is perceived by the generator as having little or no value, it will tend to be managed either at the lowest possible cost to themselves, or at minimum cost in compliance with legal requirements. The costs normally considered are the financial costs of waste management that occurred for the collection, treatment and disposal of waste. These costs may be offset in part by direct revenues from selling recovered materials or energy or the benefits of action to the society as a whole, such as resource efficiency, green job creation and a healthy and clean living environment.",12,1,8,0.7777777777777778
10.18356/2c4e4b18-en,3809da4573bd6c4c5c8dfdbde0a5ab96,"After collection, medical waste is transported to a treatment facility where it is sterilized in a hydroclave and then transported to a disposal site where it is disposed of together with general municipal waste. Considering that infectious waste represents about 15 per cent of total medical waste, they manage about a quarter of all infectious waste generated in Albania. Seven hospitals have in-house sterilization units and dispose of their waste independently.",12,0,9,1.0
10.18356/974c3e9b-en,55faa13e143eba0e21299619a7e67c24,"The concept of zero emissions, whether gaseous, liquid or solid, has been linked with zero defects in product quality control and zero industrial accidents in workplace safety management. In the course of disseminating the Asian zero-emissions concept, the first international meeting on the subject was held in Jakarta and released the Declaration on Zero Emissions to the world (United Nations University, 1996). Two workshops held in Hanoi and Ho Chi Minh City, followed by a workshop in Beijing, provided the opportunity to promote a mutual understanding of the situations in developing and developed countries.",12,1,8,0.7777777777777778
10.18356/974c3e9b-en,1a9f1d956fbdf8c27ad8c0073227f309,"However, waste volume is minimized at source in less developed countries by local scavenging and recycling. Applicability or affordability with regards to decision-making on indicator systems appears to be central to choosing a set of indicators for the assessment, appraisal, comparison or monitoring of sustainability in nations or regions. Cycle economy research or sustainability research units have been established in universities or area-wide joint centres in China. Korea’s Advanced Research Institute of Science and Technology has developed a variety of environmental technologies for integrated waste management.",12,1,8,0.7777777777777778
10.1787/9789264208292-9-en,9b3e0c684586646ce9eed8a9821e0b59,"It takes stock of policy initiatives to reduce waste generation, encourage recycling and ensure safe disposal of municipal and hazardous waste. The chapter also highlights progress in integrating informal waste pickers into municipal waste management. It discusses the environmental and economic implications of specific measures, such as extended producer responsibility and waste collection charges. National, regional and local authorities have well-defined responsibilities in waste management.",12,0,9,1.0
10.18356/2c4e4b18-en,ec29d9d76ff9351788299d8cc58e5b5c,"The RPC issued two decisions relating to the code of practice for users in nuclear medicine and to dosimetry levels for medical exposure. However, further efforts are still required to transpose and implement the Euratom acquis. Albania's conditioned waste store has not yet been properly licensed according to international standards, and its placement close to populated areas is a concern. The last body of about 3 tons of DDT and HCH/lindane was removed from Albania in July 2006.",12,0,9,1.0
10.1787/5kmh3njpt6r0-en,8aac3197aaadeb5d7d28d7bf1f2dd5e6,"Additionally, around 3.5 billion litres of ethanol were produced in 2008 (IEA, 2009b). Increasing concerns over the European Union's energy security and increasing GHG emissions have been the main drivers for the implementation of laws aiming to promote the production and consumption of renewable energy, and furthermore have led to the Page | 34 adoption of Directive 2003/30/EC in 2003 that defined non-binding blending targets of 2% in 2005 and 5.75% in 2010. In April 2009, the European Parliament adopted Directive 2009/28/EC on the promotion of the use of energy from renewable sources (Renewable Energy Directive). It aims for emission savings of 600-900 Mt C02 per year and a reduction in fossil fuel consumption of 200-300 Mt per year in the European Union (EC, 2008).",12,0,9,1.0
10.6027/9789289330657-6-en,e0d6f6919939438dcbb51539589f35e8,"This type of reuse, therefore, can be considered a good way to achieve waste prevention (initiative 3,11,17,19 and 25 in Appendix A). No initiative has been identified that has a clear mandate to increase C&D waste prevention by extending the whole building's life span. However, the five identified initiatives above aim to reuse building components or reuse of excess material occurring during construction/renovation operations.",12,1,8,0.7777777777777778
10.18356/2c4e4b18-en,b498ddc66772deeea1b7e951ce730fac,"In other large cities some informal separation and collection of materials for recycling occurs. Other informal recycling occurs at disposal sites where unauthorised groups scavenge for metals, plastic, paper and wood. About 60 private companies are dealing with recycling of a broad range of waste fractions, but predominantly of scrap metal. Not all of them have an environmental permit from MoEFWA. It is estimated that about 65 large uncontrolled sites and numerous small sites are currently in operation in Albania.",12,1,9,0.8
10.1787/31bb2345-en,e18f9794db7c5a513fa1737df5b4b8d7,"This suggests that one-third of the total global food production is wasted each year, costing the global economy over USD 900 billion3. The fate of food waste in landfill is ultimately its bioconversion to biogas, a combustible mixture of methane and CO2 and small amounts of hydrogen. In modern engineered landfill sites this biogas can be captured and used for district heating or electricity generation.",12,1,9,0.8
10.18356/2c4e4b18-en,bf6a2f4f9bc771c757c0bed7fa01f996,"Precise information concerning its fate is not available, although it is known that much of it is disposed of at municipal waste sites and some is kept at the site of production, but some is also dumped at unauthorized locations. Expert studies estimate that hazardous waste may constitute 3-5 per cent of total industrial waste. Albania created conditions for recording industrial as well as hazardous waste by adoption of a waste classification system and other legislation, but practical implementation -registration of waste amounts - has been delayed. The need to identify risks connected with improper waste management in the past resulted in the UNDP project Identification and Prioritization of Environmental Hotspots in Albania (January 2008-August 2011), funded by the Government of the Netherlands.",12,1,21,0.9090909090909092
10.1787/5kggc0rpw55l-en,1db93c037369f50345858afdd100999a,"The following sections analyse progress made in four key policy areas underpinning the transition to green growth. Section 4 discusses Japan’s use of environmentally related taxes, other market-based instruments and subsidies to create market signals that could encourage more environmentally friendly decisions. Section 5 presents the evolution of public and private expenditure to control and abate pollution. Section 6 presents the trends on environment- and climate-related innovation activity through patent counts, and assesses the role of public policy in determining such trends.",12,0,9,1.0
10.18356/6b8e044d-en,70ba87b3ea1a6098bf319147fd4ff2a3,"The aim of this GD is to minimize the impact of end-of life vehicles on the environment by restricting the use of certain heavy metals in new vehicles from 1 July 2003. The objective is to ensure that 85 per cent of an end-of-life vehicle by weight will be recycled by the year 2006, increasing to 95 per cent by the year 2015. The purpose of these two GDs is prevention of WEEE and, in addition, the reuse, recycling and other forms of recovery of such waste so as to reduce the disposal of waste.",12,1,8,0.7777777777777778
10.1787/9789264092624-5-en,e538143f3089277b48d6adc7b7e20dfc,"In addition, some countries differentiate between low level and intermediate level waste on the basis of disposal site acceptance criteria. Radioactive waste that contains significant levels of radionuclides with half-lives greater than 30 years, see www-pub. Different types of hazardous waste may exhibit one or several hazardous characteristics. For further details, see Appendix 2.",12,0,13,1.0
10.6027/9789289350167-8-en,77efccba1fb886a1d0c2ae6f89037821,"We welcome G20 countries' progress on their commitments and look forward to further progress in the future. Further, we encourage G20 countries to consider participating in the voluntary peer review process"" (G20, 2016). We reaffirm ourcommitment to rationalize and phase out inefficient fossil fuel subsidies, welcome ongoing peer review and capacity building activities, and encourage furtherefforts to facilitate subsidy reform"" (APEC, 2016).",12,1,8,0.7777777777777778
10.6027/9789289338912-5-en,be7e5fa105eece25dd90d01324c59330,"The Directive further requires that Member States adopt waste management plans and waste prevention programmes. The issue of plastic waste is spread over the legislation, for instance the separate plastic waste collection target 2015 in the Waste Framework Directive and the 50% household waste collection target by 2020. When it comes to packaging, which includes the largest plastic waste stream, the EU Packaging and Packaging Waste Directive (94/62) was the first directive that put forward quantified targets for certain substances in packaging, as well as prescribing by what means packaging waste should be recycled or recovered. The directive also includes qualitative objectives for the prevention of packaging waste and promoting of reuse. This is also put forward in article 15, and furthermore by allowing for the introduction of the Extended Producer Responsibility (EPR) on packaging in article 4 and article 6 of the Packaging and Packaging Waste Directive (EC 94/62).",12,0,9,1.0
10.6027/9789289346597-10-en,f1fdff17020d30c19691e74d4caaca88,"A sensitivity analysis has been conducted, comparing the ""realistic"" scenario shown in Table 10 with the assumed best case for chemical recycling (assuming a smaller input of energy for production of the same output of chemicals for substitution), see 6.2.4. The small differences relating to national transportation distances are not considered in the calculations, but the nature and amount of energy produced in the reference scenario (incineration) is substituted by different technologies in the Nordic countries, leading to national differences in the incineration scenarios. This is illustrated in Table 11, depicting the impacts and benefits from incineration in the Nordic countries. When the impacts and benefits from incineration are compared to those from reuse and recycling (Table 10), the national differences seems to be less important. The ranking of the scenarios is in general the same in all countries, but as an example it can of course be argued that increasing the reuse of Finnish textiles will be better for the environment than increasing the reuse of Danish textiles.",12,2,25,0.8518518518518519
10.6027/9789289346597-10-en,8d67ddeb85a55b97f2690a7070729812,"The high benefits are related to savings throughout all steps in the production, from raising of sheep over spinning and knitting to the final finishing. The data quality for wool production is not optimal [see 5.3.6] - and the variation between different production routes is significant - but high benefits can be achieved for all types of reuse of wool. The benefits from this are most probably lower than those that can be achieved if production of virgin wool can be avoided. This judgment is based on the fact that raising of sheep alone accounts for more than 50% of the climate change impacts in the life cycle of wool and about a third of the energy consumption.",12,0,9,1.0
10.1787/9789264202924-9-en,cc61292ca6f6b1b17f3e2b2cbaa3e1c8,"The study found a correlation between the two forms of vulnerability, but further work would be required to determine whether the results apply more widely. In addition to this mapping, the NAS identifies a number of key research questions on social vulnerability that remain to be answered. This requires a long-term, planned approach. In fulfilling this objective, the NAS applies the typology of sustainable development, noting the importance of making Austria’s society, economy and ecosystems more resilient to the effects of climate change.",13,0,9,1.0
10.1787/5jrxg3xb0h20-en,cc5404fc90bda88eace10bbb357d69a1,"Rather, they are Secretariat information papers intended to inform Member countries, as well as the UNFCCC audience. As OECD member countries, Korea, Mexico, Chile, and Israel are also members of the CCXG. Where this document refers to “countries” or “governments”, it is also intended to include “regional economic organisations”, if appropriate. The authors would like to acknowledge the helpful comments from their OECD/IEA colleagues Simon Buckle, Juan Casado Asensio, Jan Corfee-Morlot, Takayoshi Kato, Nicolina Lamhauge, Sara Moarif, Michael Mullan, Lola Vallejo as well as Jake Werksman (EC). The authors would like to thank the participants in the adaptation session of the March 2015 CCXG Global Forum for their insightful comments, specifically Emma Balman, Marianne Karlsen, Xolisa Ngwadla, Emily Park, Dawn Pierre-Nathaniel, Linda Siegele, Dina Spoerri and Marianne Tegman.",13,1,8,0.7777777777777778
10.18356/6bf07ffd-en,00fc052f318afacd6bc03a0627bd4635,"It will also be necessary to strengthen the capacities to negotiate commonly agreed objectives through building upon single-group interests. More broadly, policy systems as a whole will require systemic changes to enable the more coherent and more flexible design of integrated policies for climate resilience, with participation from all relevant stakeholders. For many developing countries, these changes will not be possible without global partnerships. Despite overall convergence in average per capita income across countries, within-country inequalities are on the rise. This important trend along with others, such as globalization and technological change, demographic dynamics, rapid urbanization and climate change itself, will exert additional pressures leading towards increasing inequalities both among and within countries. Moreover, if investment in green technologies is inadequate, if population growth continues to be high, if investment in human capital is low and if current socioeconomic inequalities remain, then income poverty and inequality are likely to increase in the future under scenarios where current unmitigated emissions are high. (",13,1,8,0.7777777777777778
10.1787/5jzb44nmnbd2-en,df79691055454c9293822ccdd61271b3,"These include criteria on parameters such as target countries, activity type, and project size. For example, in terms of eligible activities, the Indonesian government has identified a number of primary and secondary priorities in both mitigation and adaptation for expenditure under the Indonesian Climate Change Trust Fund (ICCTF, 2012). In terms of project size, some funds limit the total flows to a specific activity - for example, the PPC.R can provide USD 3-15 million to individual projects (CIF, 2013).",13,0,5,1.0
10.6027/d4e544d6-en,15d4ffa2e8f97cb3972b5e381bb0292b,"This means that everybody has to do what one can to halt climate emissions, no less. The real test will be when the NDCs are renewed every five years, after a global stocktaking and evaluation of the actions taken. A true success, and overcoming the collective actions dilemma, would be if the future NDCs together imply more ambitious climate policies for the planet, closing the gap to meet the two degrees objective.",13,0,9,1.0
10.1787/5kg221jkf1g7-en,5150127290874266f18fa1a21ac651e7,"For example, Ipsos MORI (2010) contacted a range of UK businesses and only 23% of those surveyed reported having taken action in response to the risks of climate change. Actions to improve businesses’ resilience or to manage environmental or climate risks may occur as part of standard risk management or planning processes, and may not be explicitly categorised as an adaptation response to climate change. The second challenge is that there are weak drivers for companies to publicise their actions on adaptation.",13,0,3,1.0
10.18356/1ea53441-en,a485410686b18f4f865ab55158abda33,"In order to embed low-carbon orientations institutionally, and to raise the means for funding the investments in innovation and structural transition, internationally agreed carbon pricing—if flanked with measures correcting serious social side effects, and if shaped in contextually sensitive ways—seems to have more promise than the alternatives. Comparisons of needs in developing countries with available means and with fundraising in the international climate negotiations indicated a gap of hundreds of billions of United States dollars per year. Thus, the levels of finance for addressing CC need to be raised.",13,0,4,1.0
10.18356/f7cce716-en,a23d411faf8d735be03c8ae55664cf52,"For that, these tools need to be considered as part of a risk-reduction management system, because they make complementary contributions to the prevention, mitigation and recovery systems that exist in the region's countries. Kuriakose and others (2012) have argued that the design and implementation of the system should take account of a number of distinctive elements: (i) flexibility and the possibility of expanding the coverage and geographic zones of implementation, (ii) climatically-smart targeting,3 (iii) investments that promote and strengthen resilience and adaptive capacity, and (iv) the promotion of institutional capacity and resources for climate risk management. Vakis (2006) also argues that social programmes to cope with disasters need different operating criteria, including those that highlight the flexibility of adjustment and the extension of coverage to provide an effective response in the shortest possible time, and coordination between government efforts and those made by different non-governmental and private organizations.",13,0,6,1.0
10.6027/9789289350433-6-en,699e61407cca27006a8cc3d3a1d05d0a,"Thus, it has the potential to facilitate smallholder farmers' adaptation to climate change and their becoming more resilient to the increase in climate extremes, while potentially reducing GHG emissions. An example of the use of the EbA approach is in Uganda, where various projects implemented agroforestry, conservation agriculture, integrated nutrient management and the establishment of woodlots. The result of these projects were an increase in productivity by conserving soil and water, as well as the use of leguminous cover crops. Further, planting costs were reduced by 75% because of conservation techniques.",13,0,10,1.0
10.6027/d4e544d6-en,6f99e0c4fa5ec83ce5c5df03edaa129c,"The UN Secretary General's climate change summit in September 2019 will provide an indication of whether the facilitative dialogue has provided countries with inputs to raise the ambition of their climate actions. The world is not on track to meeting the Paris Agreement's temperature goal of 2°C and even less so for the 1.5°C goal (UNEP 2018a, IPCC 2018). As for meeting the aspirational goal of keeping temperature rise below 1.5C, as small-island states have pushed for, this would require transformation of energy, transport and food sectors on an unprecedented scale.",13,0,4,1.0
10.1787/9789264266339-6-en,aa46e1d6541c9c5d65156ded304fb53e,"Further, bilateral donors and multilateral financial institutions committed to support more than 660 projects in these countries in those two years. Although the Paris Agreement has stressed the importance of balancing financial resources between adaptation and mitigation (UNFCCC, 2015), the imbalance is a tendency observed globally. However, the imbalance is more pronounced in the EECCA countries where mitigation accounts for 81% of funds, adaptation for 11% and both together for 8%, the global average is 63% for mitigation, 25% for adaptation and 12% for both.",13,1,8,0.7777777777777778
10.1787/5jzb44nmnbd2-en,12e905269db6cf8b9bf4a486c2d0a056,"The report found that lesson learning in CTF mitigation-interventions was “weak to non-existent,” slightly stronger performance for their adaptation activities, and mixed performance for their forestry and pilot programmes. It is therefore important to maximise the impact and effectiveness of climate finance. However, much of the focus to date has been on tracking the quantity of climate finance flows rather than the quality, or effectiveness, of this finance.",13,0,3,1.0
10.1787/18a859bf-en,9c5c45c9b50b2bd493c57db066ad7ae1,"These efforts should of course be consistent with any strategies to eradicate poverty and national development plan(s) or planning. Planning, monitoring and reporting at scale will also be required at the national level demanding new data collection analysis and additional resources for this including relevant expertise in government. Maximising the effectiveness of sustainable development finance, including climate finance, will be critical to meeting the targets set out under the SDGs. Environment and climate change mainstreaming has been a practice of OECD DAC members for over a decade (see for example ENVIRONET publications on mainstreaming adaptation into development cooperation, OECD 2009) and the UNFCCC stresses the importance of integrating climate change adaptation into mainstream decision making (see for example LDC Expert Group, 2012).",13,1,8,0.7777777777777778
10.18356/215d0d56-en,c1cf3e533ca0e8cca9cc5e8190ea467d,"The plan will be adjusted based on careful monitoring of the drivers of risk to obviate the need for emergency measures (Wong and others, 2014, box 5-1). It may be noted that the newly revised estimates of the speed of melting of the West Antarctic ice sheet highlighted above has implications for the options under the plan. This stems from the fact that incremental policies designed to address immediate needs must be consistent with longer-term investments and initiatives aimed at facilitating the more substantial transformative changes required to address the underlying determinants of poverty, marginalization and vulnerability to climate hazards.",13,0,3,1.0
10.1787/5jzb44nmnbd2-en,19b8280f502ac0b4c309177f6afc447d,"For example, the application process by the Solomon Islands to GEF took more than two years (Maclellan, 2011). Different modalities of climate finance access have been used over the years (Box 5). Newer funds are increasingly using direct access or enhanced direct access. Executing body is at national or international level. These entities can be at the national, regional or multilateral level, and can also include non-governmental actors (e.g. as in the case of the Senegalese NIE) (AF, 2011b). The Bangladeshi Climate Change Resilience Fund (BCCRF), funded by international donors, has a management committee comprising representatives government departments (with limited donor input) which decides on funding priorities (Khan, 2012).",13,0,3,1.0
10.1787/9789264266339-6-en,806157c1f755083d05d12c466a12c9e8,"It outlines information on climate-related development finance and sectors w'here such finance is directed, as well as policies directly or indirectly relating to mobilisation of finance for climate actions. This amount covers both finance for adaptation and mitigation, while excluding overlapping finance for both mitigation and adaptation. It accounts for 7.1% of the total climate-related development finance committed globally in 2013 and 2014 (i.e. USD 47.3 billion per year on two-year average). More specifically, climate-related development finance committed to mitigation in the EECCA is 8.3% of that for all the recipients globally, while adaptation finance accounts for 3.5% of the global total.",13,0,9,1.0
10.18356/7707d4f1-en,83d44eeab0ea3767e9a3b7ea5d08c2ab,"However, emissions levels recorded in 1990 and immediately thereafter, rather than being real reductions in emissions, were actually due to economic decline, which caused GHG emissions to fall sharply. The Strategy was meant to be a general framew'ork for climate change policies and measures during the brief period of 2005-2007, outlining Romania’s policies in meeting the international obligations under the UNFCCC and the Kyoto Protocol, as well as the country’s national priorities such as EU integration and possible participation in EU ETS. It assigns tasks and responsibilities for all stakeholder institutions and identifies the main actors for each specific action and relevant task.",13,0,12,1.0
10.1787/18a859bf-en,6a906e02bde227e24cc01576ee81c6e4,"The GCF seeks to catalyse funds, multiplying the effect of its initial financing by opening markets to new investments (GCF, n.d.). There is an expectation amongst some actors that the Green Climate Fund will over time become the main vehicle for climate finance under the Convention reducing some of this fragmentation (Amin & Jaramillo, 2015). However this is dependent on the GCF becoming a transformative fund attractive to both donors and recipients and operating at scale (UNFCCC, 2011). It may take time for the GCF to emerge as the central driver of a coherent climate financing system, so it will be important in the interim to ensure that the various funds work well together and that country systems and country plans are the central drivers of climate and development action (Amin et al, 2014).",13,0,9,1.0
10.1787/5k46dbzhrkhl-en,3e81d8de49e4645e6316e697a1a8be44,"Its current climate varies from very dry to very wet and five types of agro-ecology zones are identified: moisture-reliable humid lowlands, moisture-sufficient highlands (cereals-based), moisture-sufficient highlands (enset-based), drought-prone highlands, and arid lowland plains (pastoralism). The economy is highly dependent on agriculture and current climatic variability, as well as future climate change, poses challenges to achieving Ethiopia’s green economy objectives. Even though Ethiopia has a largely rural population, with 84% (70.4 million) living in rural areas, 13.6 million people live in urban areas in 2011/12, the majority in Addis Ababa, and urbanisation is proceeding at a rapid 4.4%.",13,1,8,0.7777777777777778
10.1787/9789264229679-3-en,0a874a934536e0878b48d4bae29510b7,"However, indicators alone will fail to provide adequate insight into, and understanding of, the context in which adaptation is taking place. Although the evaluations of adaptation projects and programmes face a number of challenges and uncertainties, they can help to identify what approaches to adaptation are effective in achieving agreed objectives. Further, they can contribute to a better understanding of the conditions required for the adaptation measures to succeed.",13,0,4,1.0
10.1787/5jlww004n6nq-en,ce4a12277c47f7f240e6518c4d227264,"Previous CCXG work (e.g. Ellis, Caruso and Ockenden, 2013) has highlighted that this is because (i) aggregation and attribution of financial flows to developing countries requires information on outflows from various multilateral climate funds and development banks, and (ii) reporting requirements do not require all the relevant information. Aggregation will also be difficult for information from other Parties providing support, some of whom may have their own tracking and reporting practices. Like for mitigation, external sources of information and analysis, beyond those provided by Parties under the enhanced transparency framework of the Paris Agreement, could inform the global stocktake.",13,1,8,0.7777777777777778
10.1787/9789264266339-5-en,848938cd6b47c8330fe415f5a240449d,"Such efforts should also include identifying information and data gaps, as well as capacity-building needs in statistical authorities and bodies of the EECCA countries. All the above-mentioned analysis could lead to better evidence-based decision making in designing future climate targets and necessary policies, and help mobilise private sector investment and domestic financial resources. Such benefits include reducing duplication and transaction costs, enhancing a country’s ownership over accessing and using financial resources, strengthening linkages between climate policies and the country’s core planning and budgeting processes, and improving accountability and transparency.",13,1,8,0.7777777777777778
10.1787/5k46dbzhrkhl-en,3087b16968c2c8198f02db5b576c71e8,"And it requires a keen focus on social issues, so that it is not only well-placed people and businesses that can benefit from newly-favoured areas. For example, the proposal to reduce GHG emissions from the livestock sector makes broad sense in principle, given its 40% contribution to Ethiopia’s GHG emissions. But in practice, some of the CRGE’s plans - notably to shift beef producers to poultry production - are extremely challenging.",13,0,9,1.0
10.1787/9789264229679-4-en,b86de8a55012a2ebb5fb9202ed4a9a2d,"In particular, climate change risk and vulnerability assessments are widely used to monitor if the identified risks change over time (e.g. Kenya, Morocco, Germany and the UK). Kenya’s climate change action plan outlines a comprehensive list of potential and priority mitigation and adaptation needs (Republic of Kenya, 2012b). The complementary National Performance and Benefit Measurement Framework (NPBMF), referred to as the MRV+ system, tracks both mitigation and adaptation actions and the synergies between the two.",13,0,5,1.0
10.1787/5jlww004n6nq-en,3c2f1199db9aef4169bd309edbcf6800,"Therefore the GHG inventory data needed to demonstrate whether emission reduction targets for 2020 were met is not likely to be available before 2022. The enhanced transparency framework outlined in the Paris Agreement has some elements that are common (such as the requirement to submit up-front information on NDCs) and some elements that are flexible for different groups of Parties (e.g. reporting on support provided by developed countries, timing of reports for LDCs and SIDS). The enhanced transparency framework places an emphasis on providing flexibility to those developing country Parties that need it in the light of their capacities.12 The enhanced transparency framework also contains some elements that will be nationally determined, in line with the form of individual NDCs (e.g. accounting for and tracking progress made in achieving NDCs).",13,0,9,1.0
10.1787/5jzb44nmnbd2-en,d07386044818372985bffc36a8bf81f3,"Given the variety of technologies, sectors, and scales of technology-transfer interventions, it would be difficult to have a single meaningful indicator that could be aggregated across multiple projects. For instance, the Global Environment Facility’s (GEF) indicator for technology-transfer interventions is qualitative in nature, focusing on capturing the type and maturity of technologies that are being transferred. Mitigation-focused interventions generally seek to reduce GHG emissions directly (e.g. by improving fuel combustion efficiencies) or indirectly and/or in the longer-term (e.g. by increasing awareness about low-GHG technologies). Projects seeking to increase adaptive capacity and resilience can take a number of forms (e.g. awareness and education programmes, institutional reforms, physical infrastructure projects) and have results that accrue at local, regional, or global scales and over different time horizons.",13,1,8,0.7777777777777778
10.1787/9789264209503-5-en,aff6b1bd7659691f48b34242a483acf2,"Some countries are currently undergoing this process and are developing tools and approaches to put this into practice. Box 2.5 provides an overview of the prioritisation process used by Ethiopia in the development of its plan (and see Chapter 5). Vulnerability to climate change can be different according to age, gender and ethnicity, and these perspectives need to be brought into the decision-making process.",13,0,3,1.0
10.1787/9789264229679-5-en,c11876c91dc8c1bec45c4e606b6e2131,"Mozambique, for example, has included nine climate change questions in its household survey. The questions examine if households have suffered food, asset or income losses due to climate change, what their sources of information are on disaster and weather risks, approaches households have taken to minimise the impact from such shocks, and sources of support when they have suffered from climate change. Mozambique started data collection in 2014 and the initial results are expected to be available in December 2015 (INE, n.a.). In such cases, existing mechanisms may be used to ensure that the data are grounded in national development objectives and contribute to the overall statistical plan, rather than respond to specific adaptation initiatives. Discrete project-level monitoring and evaluation can result in a concentration of domestic monitoring and evaluation capacity within non-state institutions (e.g. bilateral development agencies or other providers of support) that make up the majority of climate change actors in many developing countries (Bird, 2011, IIED, 2013a).",13,0,3,1.0
10.1787/5jzb44nmnbd2-en,4d5fe6f99b045962dffeaddf38276c28,"Secondly, there is a wide variety of different types of climate responses and contexts in which they take place. This means that results frameworks for different activities will need to be tailored to their specific circumstances, and may encompass a wide range of different indicators. However, developing indicators that are e.g. specific, measurable and achievable by an intervention is not necessarily a straightforward task (Cesar et al., Further, developing an appropriate number of indicators is also challenging: for example, Germany has developed 103 indicators for national monitoring and evaluation of its adaptation activities (OECD, 2013).",13,1,8,0.7777777777777778
10.1787/85b52daf-en,0027c15f32637adab79d770bdc8827e9,"It does not include activities where the support for the private sector is channelled through public sector agencies e.g. credit lines through state owned banks or challenge funds managed by NGOs, which are covered in the second category. This approach has been used in two previous OECD analyses in Miyamoto and Chiofalo (2015) and Miyamoto and Biousse (2014). This approach has been used in a previous OECD analysis in Brown and Wang (2015).",13,8,1,0.7777777777777778
10.1787/9789264209503-5-en,59f3d7311d571595b5c7a45adff27cba,"The majority (71%) of adaptation-related bilateral ODA targets adaptation as a significant objective (Figure 2.1). This means that the intervention has other prime objectives but has been formulated or adjusted to consider the effects of climate change. However, the OECD DAC Creditor Reporting System (DAC CRS) database includes data on the volume of ODA allocated to Disaster Risk Reduction (DRR). These figures also include financial flows targeting risks unrelated to climate, but the overall trends are informative.",13,0,4,1.0
10.18356/becaa395-en,0b7d3b1505f9c5e6966bc6065e3cb313,"The SSPs are being used alongside the RCPs to analyse feedback between climate change and factors such as world population growth, economic development and technological progress. They are based on storylines for possible futures which present different challenges to adaptation and mitigation (O'Neill etal., Sustainable development proceeds at a high pace, inequalities narrow, technological change is rapid and environmentally friendly, including lower carbon energy sources and high productivity of land.",13,0,11,1.0
10.1787/9789264233294-6-en,ac6dcf00a409b579bf04f5eafbd82075,"Together they mean that the risk-retum profile of low-carbon investments is often less attractive than their fossil fuel-based equivalents. Scaling-up financing to a low-carbon economy will not happen spontaneously. It requires strong policy and price signals to ensure that low-carbon and energy efficiency investments offer a sufficiently attractive risk-adjusted return compared to available alternatives (IEA, 2014). These are presented in the shaded part of Table 2.1 and are briefly discussed in the following section, they are the subject of other chapters in this report.",13,0,3,1.0
10.1787/5jlww009v1hj-en,7292c6df8630764a45f515857362f894,"The Paris Agreement does not specify whether this aspect of the global stocktake will address the three components individually or collectively. Further, the diversity of these responses means that “translating” different countries’ progress in adaptation into a single unit would be difficult. Indeed, a review of principles for indicator development, selection, and use in climate change adaptation monitoring and evaluation highlighted that “There are no universal metrics or indicators for adaptation” (Climate-Eval, 2015).",13,0,3,1.0
10.18356/5f92cb4f-en,38fa62feacc369acca1caf63de5db0fc,"Both of these dedicated climate funds offer relatively small grants - of around US$5 million - to partner countries for capacity building and readiness activities. The Forest Investment Programme has approved on average US$61.6 million annually between 2010and 2014, making it one of the most significant sources of finance for forests. The fund offers bridging finance between early policy and capacity building support and efforts to demonstrate successful programmes that will lead to verified emission reductions on the ground.",13,0,5,1.0
10.1787/85b52daf-en,67c895a5b51d24cbf04a6207be5b922b,"However, the business case, especially in terms of making a profit, is not as easily applicable in all areas of environmental protection and in the countries that need the most support. In those countries and sectors, additionality must be assessed (e.g. replication at lower cost) and there is a need to develop, pilot and document innovative ways to engage the private sector, such as through the use of green and inclusive business models. One example of this is the need to better finance climate change adaptation efforts - as is discussed in Chapter 4, less than a fifth of climate-related development finance targeted climate change adaptation in 2013.",13,0,3,1.0
10.1787/5jlwjg92n48x-en,a5f2de13fa6045d1ad0b8a466030d725,"Interestingly, this was reported to still be the case in instances where national climate change policy papers exist i.e. NAMAs or NAPAs6, suggesting that centralised consideration of climate change priorities are more important than standalone climate change plans, although the latter can be a first step in formulating national priorities. Some countries, such as Kenya and Indonesia, have already stalled to integrate strategic priorities on climate change into their medium-term national development plans. It was further explained that taking a bottom-up approach towards the formulation of national climate change strategies allows for sector specific planning and financing needs to be taken into account. There is a range of examples on how this is being done on a country-by-country basis. The experience of respondents from recipient countries’ reflected that the national context in which climate change priorities are considered can vary greatly across countries.",13,0,5,1.0
10.1787/469d7fec-en,44a949d3eeae27f05fa039f789660a0a,"Current challenges identified by countries with monitoring and tracking climate finance received are presented in Table 5. If spending information is integrated into objectives related to climate change plans and priorities, this could potentially allow the government to understand the impacts or results of those funds (e.g. whether they are contributing to the achievement of certain objectives). Countries also approach tracking the impacts of climate finance differently, in line with their particular priorities, such as cost-effectiveness, human well-being, or transformational change.",13,1,8,0.7777777777777778
10.1787/5kg6qdx6b5q6-en,76908a50bc38b6944ddfe73cdf82a9eb,"The United Kingdom has consistently been in the vanguard of developed nations in promoting international action on climate change. It has strongly supported international climate-change negotiations through the United Nations Framework Convention on Climate Change (UNFCCC) and EU channels, along with considerable unilateral efforts to support adaptation and mitigation in developing countries. At the G8 Summit at Gleneagles in July 2005, the United Kingdom proposed a focus on poverty reduction and climate change.",13,1,8,0.7777777777777778
10.1787/5km5zrs4kc6l-en,f6424f79801a8ad3f93bf0f134e4af2b,"Its core elements are comprehensive pricing of GHG emissions and increased support for the development and deployment of GHG-emissions-reducing technologies. The alternative regulatory approach would be more costly and unlikely to deliver the required scale of reductions in emissions. To reduce the probability of severe climate-change impacts and costs occurring, global GHG emissions need to be reduced substantially over coming decades.",13,0,9,1.0
10.1787/dcr-2014-22-en,ce29b4c6f5ee19de4e55d79dde06d30e,"Inaction on climate change could lead to a continued rise in global temperatures by 2100 ranging from 2.5°C to 7.5°C above pre-industrial levels (IPCC, 2014a). This would increase the severity - and in some cases the frequency - of extreme weather events, with potentially catastrophic consequences for stable economic development, human life and prosperity. Doing nothing could be costly, equating to a permanent loss of over 14% in average world consumption per capita (OECD, 2012). Developing countries stand to be disproportionately affected by unabated climate change, eroding development gains made to date (IPCC, 2014a). Assessments suggest that a sizeable share of development assistance activities might be affected by climate risk, with estimates ranging from 10% to 40% per country depending on the development co-operation portfolio in each country context, when measured as a share of total official development assistance (ODA) (OECD, 2005).",13,0,4,1.0
10.18356/083b4c4d-en,21a14b44f92e5262e6ae47ae1c0ffb1a,"In the period 2003-2014, six of the 12 years (2003, 2007, 2008, 2011, 2012, and 2013) were either very dry' or extremely dry'. In 2001, 2002, 2009, 2010 and 2014, there were large to disastrous floods. Extreme climate events w'ere especially pronounced during the last eight years (in 2009, 2010 and 2014 major floods were recorded, in 2011, 2012 and 2013 there were severe droughts and waves of high/tropical temperatures, early 2012 saw a wave of extreme cold and there were windstorms in mid-2012).",13,1,9,0.8
10.1787/469d7fec-en,220cffefb00cc094b21351eefeeba2e2,"The use of such data by the OECD is without prejudice to the status of the Golan Heights, East Jerusalem and Israeli settlements in the West Bank under the terms of international law. The Climate Change Expert Group oversees development of analytical papers for the purpose of providing useful and timely input to the climate change negotiations. These papers may also be useful to national policy-makers and other decisionmakers.",13,0,5,1.0
10.1787/5jlwjg92n48x-en,e7cbf718b764757e0d7ebe669717d29f,"The United Kingdom has also developed a methodology to monitor the impact of GHG emission reductions of its International Climate Finance programme. The complexities and difficulties in developing these systems has been a significant challenge, in particular for measuring benefits of adaptation and impacts of strengthening domestic policy and institutional frameworks. Interviewees from all three groups mentioned that countries’ ability to access and readiness to absorb finance from dedicated climate funds (e.g. the Adaptation Fund, Climate Investment Funds and Green Climate Fund) is an important element for the effective allocation, uptake and timely delivery of international climate finance.",13,0,3,1.0
10.1787/5jzb44nmnbd2-en,42056b125e88f415107a23155a956bbc,"These include marginal abatement cost curve analysis, options analysis, impact assessments, cost-benefit analysis, and multi-criteria analysis. However, information and data constraints can limit their application. In particular, limited evidence and knowledge to provide good appraisals and identify market failures and barriers as well as inherent uncertainties in appraising climate adaptation projects are cited as key barriers to identifying effective projects ex-ante. Such methodologies can help to direct allocation of future climate finance to projects and programmes with the highest overall results (for example, the UK’s DFID/DECC Greenhouse Gas Appraisal Guidance and the World Bank Source Book).",13,0,3,1.0
10.14217/5jlz411xvqhc-en,f5a90490d1c9abd6c8a0ea9b195d7a00,"Among other things, it involves the implementing party’s unilateral judgment that the foreign party is not doing ‘enough’ to price carbon embedded in traded goods. It is not clear how the principle of common but differentiated responsibilities might be properly respected in the course of such a judgment.5 In addition, the choice of methodology for assessing the carbon content of a given imported product is not straightforward (Cosbey et al. There is no consensus on the WTO legality of BCA, most analysts conclude that the detailed design of the mechanism would be determinative (Cosbey et al. The Agreement does not involve consensus on the adequacy of each Parties’ efforts in the same way that, for example, the Kyoto Protocol arguably did in its first commitment period, there was no negotiation process that focused on the level of ambition of the various NDCs.",13,0,6,1.0
10.1787/9789264202924-9-en,569eb041610709ccc2a18acca8fead3c,"In addition to sector-specific activities, Austria has taken steps to mainstream climate change adaptation throughout government operations. One such step was the Climate Impact Test, a mandatory test on climate change mitigation and adaptation applied to proposed federal regulations. It was later integrated into the new regulatory impact assessment process, in force since 2013.",13,0,9,1.0
10.1787/85b52daf-en,ae5669c93f1cdce592bac348aa3fbd31,"The C-shares provide public ‘first loss’ capital which serves as a catalytic risk buffer to encourage private investment in more senior share classes. To-date, there has been no issuance of D-shares, since AATIF has yet to have made equity investments. Furthermore, loans were extended to a diverse set of entities (e.g. sovereign and supranational entities with differing credit ratings).",13,8,1,0.7777777777777778
10.1787/9789264266339-6-en,ae6f7e672e1d1f5a85f6b340efea54ae,"An activity is classified as related to climate change adaptation if it intends to reduce the vulnerability of human or natural systems to the current and expected impacts of climate change by maintaining or increasing resilience, by increasing ability to adapt to, or absorb, climate change stresses, shocks and variability, and/or by helping reduce exposure to them (OECD, 2016a). The DAC CRS also tracks flows from some South-South co-operation sources. This database does not include financial flows at the activity-level from some non-DAC member donors such as the People’s Republic of China (hereafter “China”) and the Russian Federation (hereafter “Russia”) or private sector sources, which are presumably prov iding a significant amount of finance to the EECCA region.",13,0,9,1.0
10.1787/5jzb44nmnbd2-en,f77d83602f53e43e807354e96f288bb6,"As a result, increased and enhanced access to water can further affect communities’ adaptive capacity and resilience to climate change. For adaptation, many results frameworks do contain indicators to track impacts in these areas. For example, the CIF’s “Pilot Program for Climate Resilience” (PPCR) and Republic of Kenya (Kenya) both include indicators on access to reliable and safe water (CIF, 2012b and Kenya, 2013). In the area of food security, Kenya also tracks how many hectares of productive land have been lost to soil erosion and how many households are in need of food aid as part of its national M&E systems for assessing climate resilience and adaptive capacity (GoK, 2012b).",13,0,3,1.0
10.18356/a020cea6-en,c0707094532ca36bcdf8cbbc0c987121,"The enabling law for this in Algeria is the 2004 Law on Prevention of Major Risks and Disaster Management. In Uruguay, a special decree, the National Response to Climate Change and Variability, was passed in 2009. Implemented by the Ministry of Housing, Spatial Planning and the Environment, its purpose is to coordinate actions among all institutions relevant to achieving risk prevention in the whole territory.",13,0,7,1.0
10.18356/18db943d-en,d872ac1527ae378c8fc10d31277f4781,"In Kamali, however, the early warning system worked, vulnerable people were alerted and brought to safety and no casualties were recorded. Filling these will require substantial additional investment, particularly at the local level to cover the ‘last mile’ - though it could just as well be called the ‘first mile’, given the importance of reaching the most vulnerable people who are usually at the forefront of any disaster. National authorities had accurately forecast this typhoon, and the accompanying seven-metre high storm surge, several days in advance.9 Nevertheless at least 6,300 people were killed, mostly by the storm surge. Subsequent research pointed to shortcomings at the ‘last mile’, including gaps in risk awareness, preparedness and communication.",13,0,4,1.0
10.1787/9789264119598-7-en,2b57c27efcab467577d0bc413748b34a,"These are designed to facilitate adaptation to the existing and expected effects of climate change, and to help anticipate and mitigate future impacts. Thus, in relation to the tourism industry, UNEP developed from 2007 and 2009 several seminars on climate change adaptation and mitigation in the sector, with the University of Oxford as academic partner and UNWTO as co-host, on frameworks, policies and practices targeting government and industry experts. Additionally, UNEP in partnership with the Caribbean Alliance for Sustainable Tourism produced in 2009 a handbook to support climate change adaptation efforts in tourism destinations and communities.",13,0,5,1.0
10.6027/d4e544d6-en,461a7c0c266572c8051d6e489a17a6fb,"While some of those arguments are valid, there is more to the picture. The bottom-up approach should be scrutinised concerning the linkage between international objectives and the agreement's power to push national climate law and policy to be more ambitious. Furthermore, the standard to evaluate each state's NDC, as demonstrated by Voigt (2016), is set to the highest possible climate ambitions regarding the circumstances for the country.",13,0,4,1.0
10.1787/rev/fish-2013-4-en,acad345ec66135b02ba02a27572180c0,"It also provides an overview of key recent policy developments. Many member and non-member economies are undertaking important structural and policy reform in their fisheries sector, and new governance structures and management instruments are being put in place. Finally, this general survey offers an overview of the activities of the OECD Committee for Fisheries (COFI) and the OECD Fisheries Secretariat.",14,0,3,1.0
10.18356/9b20b341-en,6484183a728118c5bf707def4dd3d625,"The SIDS Accelerated Modalities of Action Pathway (SAMOA Pathway) was adopted to address priority areas for SIDS'4. This provides a key avenue for multi-stakeholder engagement when considering marine litter reduction measures (Chapter 11). There are three groupings of SIDS: the Caribbean Community, the Pacific Islands Forum and AIMS (Africa, Indian Ocean, Mediterranean and South China Sea).",14,0,9,1.0
10.1787/5kgkhnb9gpth-en,e18ae9c9db81a5fdbfab9d674ef95015,"Thus, it is possible to build in some aspects of flexibility into fishery management frameworks. Again, as part of that fishery management system, fishermen and other stakeholders have had to agree that in season adaptive measures are beneficial and necessary. The swifter and more on target the management action to recover the more likely there can be biological response to management efforts. Actions to recover fisheries can be taken but the range of alternatives is more likely limited and costs likely to be higher (Shertzer and Prager, 2007).",14,0,9,1.0
10.1787/rev/fish-2011-35-en,a80a93075b4e5f61f86377b7dfccd6d1,"Under this standard, NMFS is defining fishing communities and profiling these communities to enable improved social impact analyses for all federally managed fisheries. The IFA provides that the Department of Commerce can provide disaster assistance to states determined by the Secretary of Commerce to have been affected by a commercial fishery failure or serious disruption affecting future production due to a fishery resource disaster (e.g. from either natural or undetermined causes). Funds as appropriated may be used for any purpose the Secretary determines appropriate to restore an affected fishery or to prevent future failures.",14,0,4,1.0
10.1787/896ea4e7-en,cb9540e44e5e9cc24c44b863a9fc9cca,"These trust funds are independent entities financed by a range of international and national sources. As of April 2015, total commitments to endow Mauritania’s trust fund (BACoMaB) had reached EUR 22.3 million, with funds sourced from the Mauritanian Government via the EU FPA as well as from a range of international donors. Guinea-Bissau’s more recent BioGuinea Foundation, established in 2011, has received commitments of EUR 5 million, including EUR 1 million from the Guinea-Bissau government. Building a shared understanding of the economic benefits that marine conservation can bring to the fisheries sector was vital. This required lobbying, consensus building and co-ordination by non-government organisations (NGOs) acting as brokers. Both cases also highlight the importance of a secure legal and institutional basis for MPA management and financing to prevent wavering political support and changing priorities threatening the long-term stability of conservation financing.",14,0,9,1.0
10.1787/9789264232143-4-en,7673ad869b2d020e80d2e3b7947f92f4,"Another driver has been the search for lowering cost of energy use in fishing and includes hull and gear design and in particular motor technology and the installation of effective fuel meters. The basic point is that when a market exists or can be created/developed (e.g. fish oil supplements) innovation and products will follow'. The introduction of a discard ban in the European Union, starting in 2014, will lead to the landing of fish without a ready consumer market. Alternative uses and markets - e.g. ensilage, fodder - will need to be developed to bring the raw material to good use.",14,0,6,1.0
10.1787/9789264088726-9-en,af4d63a3d4c01bb1511e73d808931cad,"Also, a special regulation forbids new commercial salmonid aquaculture sites within designated national salmon fjords. The aim is to stimulate the municipal authorities to draft and update local development plans. In addition, municipal authorities were given powers to levy a property tax on farming facilities in seawater from 2009.",14,0,3,1.0
10.6027/95b9bcd0-en,90c97208d79ad1cc0a3fe52281f54e2d,"The aggregation of herring in the Sound may have been the main reason and motivation for the first settlements around the Sound, and herring fishery has since become a central part of the cultural heritage of the area. The historian Saxo Grammaticus (1160-1208) already described this fishery back in the early Middle Ages, and the richness of this ecosystem service was emphasised with anecdotal descriptions of how people caught herring with their bare hands. The nutritious herring, preserved by salting, sustained food security both locally and regionally, through export to the Baltic Sea region in all seasons. The Danish kings moved their residence from its old location in Roskilde to the shores of the Sound in Copenhagen in 1443.",14,0,4,1.0
10.1787/rev/fish/pol-2009-3-en,0a91314a5fd345ce915454da821a0ac4,"Suddenly the tables are turned, with Country B now getting 80 per cent of the stock and Country A only 20 per cent. This may take some time to discover, at any rate with a sufficient degree of certainty. Country B would most likely consider itself entitled to a greater catch of fish, and A might be reluctant to recognize its present eroded position.",14,0,4,1.0
10.1787/9789264074927-8-en,d519d0d8a623e3eaf7749798e739b688,"With regard to this, the role of legal liability in courts is crucial. It may well be that a more appropriate balance and combination of legal liability, penalties and private insurance against food safety combined with public minimum standards may deliver a more efficient market response to the issue of food safety. As a corollary, however, the combination of private food standards, modern production and marketing developments towards more concentration (economies of scale) may well make the system more exclusive uis-a-uis smaller producers in both developed and developing countries.",14,5,0,1.0
10.18356/c634ac5a-en,4e09a929d88376a616432f8edf5b236e,"The IUCN Red List ofThreatened Species. The IUCN Red List ofThreatened Species. The IUCN Red List of Threatened Species. Version 2014.2 Rice, T. (2007). A Catalog ofDealers' Pricesfor Shells: Marine, Land and Freshwater, 23rd edition. In A Field Guide to the Seashores of Eastern Africa and the western Indian Ocean Islands (ed.",14,0,4,1.0
10.1787/rev/fish/pol-2009-2-en,9a3c84f60928c4b78d82e3cd8290e024,"Section 1 describes recent trends in the OECD fisheries and aquaculture sector. Section 2 introduces four policy issues that are relevant for fisheries governance in member countries while Section 3 provides an outlook and future policy challenges in the fisheries sector. Compared to most meat products, fish and fish products have higher income elasticity in most OECD countries. It is therefore expected that demand for fish and fish products might fall or be re-directed towards low priced species. For example, Danish fish exporters claim that the rather expensive cod products are gradually being replaced by lower priced substitutes like pangasius.",14,0,9,1.0
10.1787/rev/fish/pol-2009-26-en,07833a29801af516ad574585d4c26a17,"Promotion of seafood products in domestic and export markets is largely the responsibility of seafood producers. Currently, most commercial fisheries in New Zealand are represented by a CSO. Improved engagement of CSOs has allowed for greater integration of stakeholder views in the management of New Zealand’s fisheries resource.",14,0,3,1.0
10.1787/rev/fish-2013-29-en,f738eb73cb63c8880efef0a632d81f77,"The promotion measures will be implemented through national and international targets that range from primary school children to specialised buyers in aquaculture and fish products. In 2010, the main destinations of Mexican fish products exports (in particular as shrimp, tuna, lobster, octopus and sardines) in volume and value were as follows. Thus, compatibility with standards and systems for quality certification will be possible, among other matters. Achieving mutual recognition to verification and sanitary certification systems. In addition, it will create exclusive values for environmental management to reduce greenhouse gas emissions and address global warming. The main objective of the ORPAS is to execute the general policy of monitoring and enforcement in aquaculture and fisheries, as well as oversee the proper implementation of the CONAPESCA programmes, and encourage the promotion of activities in the sector.",14,0,5,1.0
10.18356/b6c67c6f-en,dfabad6d52b75beb83cb5d3acee7d522,"The 1982 United Nations Convention on the Law of the Sea (“the Convention"" / UNCLOS) sets out the overarching international legal framework for all activities on the oceans and seas, including the conservation and sustainable use of living marine resources. It is complemented by the 1995 Agreement for the Implementation of the Provisions of the United Nations Convention on the Law of the Sea of 10 December 1982 relating to the Conservation and Management of Straddling Fish Stocks and Highly Migratory Fish Stocks (“the Agreement”). The latter sets out a comprehensive legal framework for the implementation of the provisions of the Convention relating to the longterm conservation and sustainable use of straddling fish stocks and highly migratory fish stocks.",14,0,3,1.0
10.1787/9789264074927-8-en,c68e3fe3ebaebbb0db5abee5dfcd402f,"In countries with a poor fisheries management record or capacity to implement sustainable and responsible fisheries, globalisation may lead to increased fishing pressure, thus endangering the resource. Managing sustainably and responsibly can, in principle, be done through biological management approaches including ecosystem-based approaches to management that cap the total harvest. Concurrently, however, increased competition from external sources (alternative wild fish or aquaculture) may put price pressure on the harvesting element of the value chain. Depending on how access to the fishing sector is managed, fishers’ income may subsequently come under pressure.",14,0,3,1.0
10.1787/rev/fish-2011-14-en,3144c4e1782686628ba42e5803434f40,"Among these resources, only shrimp stocks in NAFO 3L and 3M are in good shape. Fisheries permits are to be issued for at least ten nets at a time. This requirement entered into force in 2009. There are no restrictions for foreign capital, and foreigners can freely invest in the fish harvesting and processing sectors.",14,0,9,1.0
10.1787/rev/fish-2015-14-en,e1c176708509913a2f090abfe1754f5d,"Aquaculture production was 350 000 tonnes with a value over NTS 40 billion (348 000 tonnes and NTS37.5 billion in 2012.) Export value expanded by 74% during 2009 and 2012, but decreased by 10% in 2013. At the same year, value of import was USD 1 182 million. Over the last ten years, import has increased by 137% since 2003.",14,1,8,0.7777777777777778
10.1787/9789264074927-8-en,eb47b9116c60dac23d43aa4878316c6f,"The re-emergence of cholera in Pern in 1991 resulted in the loss of USD 500 million in fish and fishery product exports that year. Therefore, for the public authorities and private operators there is an important economic and human dimension to seafood safety. By identifying hazards and where in the production process they take place, it is possible to control the critical points with regard to food safety along the value chain.",14,1,8,0.7777777777777778
10.1787/9789264282261-16-en,190f05642f780dd46829a26fe84a4642,"The system is to help collect and distribute information about observed irregularities in recreational landings. In 2017, Denmark initiated a national strategy for recreational angling in order to examine possibilities to further develop angling and fishing tourism, and to promote Denmark as a tourist destination for angling. While the volume of harvest stabilised over the past few years, the industry benefits from higher prices, particularly from the increase of prices on the world market for fishmeal and oil.",14,1,8,0.7777777777777778
10.1787/9789264090415-6-en,ac4b9632200dc43f82d9c289c8f9a6dd,"First it reviews the major reported impact of climate changes on fish and fisheries from an EAF perspective and introduces the IFRAME model as a tool for assessing and forecasting risks to fisheries and ecosystems. It then identifies management objectives and attributes for an EAF and discusses the development of indicators, reference points and risk indices for assessing those fisheries affected by climate changes. Finally, it reviews current fisheries management systems and discusses the implications for management under changing climate conditions.",14,0,9,1.0
10.1787/9789264282261-13-en,8be461268d87a1514d3310e24538821c,"The Sino-Russian online verification system for custom clearance certificates for aquatic products with legal origins has been implemented, which greatly facilitates the fisheries trade between two countries. Sino-USA fisheries dialogues have led to a mutual understanding of fisheries sustainability, combatting IUU fishing, and protection of aquatic wildlife. Sino-European dialogues in 2015 have resulted in agreement on the establishment of a joint working committee for combating IUU fishing and ensuring the smooth flow of Chinese marine capture products to European markets. Between 2011 and 2015, China ratified the “Convention on Fisheries Resources Conservation and Management in the South Pacific High Seas”, “Convention on Conservation and Management of Inter American Tropical Tunas”, and “Convention on Conservation and Management of Fisheries Resources in the North Pacific”. Capture fisheries production value increased at annual average rate of 7.7 % between 2011 and 2015, but growth has slowed considerably after 2013 (Figure 4.12). The total value of aquaculture output in 2015 was four times that of marine landings, at RMB 827.4 billion (USD 131.7 billion).",14,0,4,1.0
10.18356/71a7b2a0-en,988c56a2251a72637eea946d764bcf90,"The SSF Guidelines therefore state that the identification and application of the term ""small-scale"" should be carried out at the regional, subregional or national level, taking into account local contexts. In particular, such an exercise should be carried out in a participatory fashion to ensure that all voices, including those of marginalized groups, are heard (FAO, 2015a, section 2.4). Definitions vary between countries in the GFCM area of application. Small-scale fisheries are generally characterized by a large number of boats of low tonnage (between 1 and 4 tonnes), which are highly diversified and use low-impact fishing gear to target a wide variety of species.",14,0,3,1.0
10.1787/9789264232143-4-en,1ec6c6fce4d447604f268609eb7a4f3b,"Not only fish stocks are at risk. Harmful fishing practices can adversely impact aquatic environments and harm non-targeted species. This adverse impact to the overall marine environment is troubling for many reasons, but it also ultimately reduces the capacity of the ocean to produce the fish sought after by fishers.",14,0,9,1.0
10.1787/rev/fish-2015-37-en,b50cbb217b6d7e1a099d20dede4b1141,"On 5 March 2008, two environmental organisations submitted a petition for rulemaking to ban swordfish imports using the MMPA authority. These regulations would establish conditions for evaluating a harvesting nation’s regulatory program to reduce marine mammal incidental mortality and serious injury' in the harvesting nation’s fisheries that export fish and fish products to the United States. Under this proposed rule, in order to export fish to the United States, harvesting nations must apply for and receive a comparability finding for each export fishery identified by the Assistant Administrator for Fisheries. To receive a comparability finding, the harvesting nation must provide reasonable proof that it has adopted and is implementing a regulatory program governing the incidental mortality and serious injury of marine mammals in the export fishery that is comparable in effectiveness to the US regulatory program.",14,0,9,1.0
10.1787/00287855-en,9f05cf460e1667ff4a64ad7deb9a64dc,"These calls have been motivated by concerns that some forms of support may complicate sustainable fisheries resources management by promoting overcapacity and overfishing. This was motived by the view that often commercial fisheries are exploited, potentially exploited by more than one nation, either because fishermen from more than one country operate in the same area or because the fish migrate from one jurisdiction to another. As a result, fisheries subsidies may not have just an impact on trade, but an additional effect of hindering a trading partner’s ability to produce fish products if one country subsidises its fisheries to the extent that the resource is diminished.",14,0,4,1.0
10.1787/rev/fish-2013-36-en,b7ddcc86dd709461d2ee9c2330c19120,"Its Exclusive Economic Zone covers 2 981 211 km2 and inland waters cover 5 400 km2. Production is comprised of 5 061 680 tonnes of marine capture fisheries (41%), 347 420 tonnes of inland capture fisheries (3%), 2 671 723 tonnes of cultured finfish and other aquatic animals (22%), and 4 305 027 tonnes of cultured seaweed and algae (34%). The total gate value of fisheries products amounted to USD 14.1 billion (data from 2010, USD 1 = IDR 9 090). Indonesia also has the world's second highest number of fishers (2 730 510) and aquaculture farmers (3 351 448, data of 2010), as well as the world's second highest number of powered (394 630) and non-powered (162 510) fishing vessels.",14,1,8,0.7777777777777778
10.6027/4a27e063-en,d9cf4a8e312b0c932ac9b4ce9a6fd0c2,"With the new act this loophole was closed. In addition, new species were added to the system. Examples are Eastern Sweden and Finland, where fishing privileges have been controlled by local landlords or delegated by the King to certain cities. In Denmark the eel yard right gave farmers with property adjacent to the coast the exclusive right to set fish traps as far as a pole could reach the bottom-a right that could be leased onto others.",14,1,8,0.7777777777777778
10.1787/9789264282261-22-en,786076ca543337340633a12dbf3a52bb,"The coastal fisheries take place during the summer months (May to August), with a common pool quota. The total pool quota is allocated for each month to four geographical regions. The vessels that can apply for a coastal license are small vessels using hand lines only, fishing mostly cod, haddock and saithe. Coastal fishing boats are not allowed to take part in the general commercial part of the management system during the coastal operational season. In 2016 the total quota for the coastal fisheries amounted to 8 600 tonnes (a fixed amount that is not related to the TAC). This quota is allocated to communities deemed to be in a vulnerable position regarding population development, coastal fisheries, or to areas that experience sudden or drastic declines in fishing opportunities.",14,0,9,1.0
10.1787/9789264090415-9-en,95bfa2922c6e7f2830f7ee8c12366952,"For example, the government of Canada recently embarked on a policy of “Fisheries Renewal” with renewed objectives for the fisheries management system. In the European Union, the objective of the Common Fisheries Policy (CFP) is “to provide for sustainable exploitation of living aquatic resources and of aquaculture in the context of sustainable development, taking account of the environmental, economic and social aspects in a balanced manner"" (Holden, 1994). As in Canada, recent reform of the CFP also seeks to improve fisheries governance - a common lament given unrealised objectives - through enhanced stakeholder engagement.",14,0,4,1.0
10.1787/9789264251724-5-en,050a908c9e06d4b2cccd1fc3c82d7b14,"International tensions often result in environmental priorities being severely neglected. A telling illustration is the plight of the South China Sea. With political attention distracted by competing claims of sovereignty and construction work on vulnerable reefs, scant attention is paid to the serious deterioration of the marine ecosystem and the potential consequences for the food security of millions of people (The Economist, 2015).",14,0,9,1.0
10.1787/rev/fish-2013-6-en,eb2db175596f88b38470e33a489961c6,"Legislative amendments in the finfish fishery have introduced a maximum legal size limit for coral trout, a net size restriction for traditional fishing and removed the limitation on holding live finfish. A trigger point for total catch was established to provide for a decision making process should catch levels significantly increase. The management plan implements quota management for the fishery and was fully implemented on 1 July 2010. Responsibility for managing these waters now lies with the commonwealth department of infrastructure, transport, regional development and local government, the department of infrastructure has entered into a service delivery arrangement with the western Australian department of fisheries for the management of these inshore fisheries.",14,0,9,1.0
10.1787/rev/fish-2015-9-en,44191968df5e4e1ef95a5361858892b7,"In volume terms, Australian fisheries production increased slightly, by 476 tonnes to 237 540 tonnes. The volume of aquaculture production increased by 10% from 75 188 to 84 605 tonnes, accounting for 36% of total Australian fisheries production while that of capture fisheries declined by 4% to 157 505 tonnes. Stocks improved overall in 2013, compared with previous years.",14,0,3,1.0
10.1787/5kgkhnb9gpth-en,07d304c391a85e8a45d8fed6b58bd3a5,"Policy makers should be prepared to act in anticipation of unusual conditions or conditions that are “normal” but require decisionmaking to avoid harm. Finally, even best plans and implementation efforts are beneficial but cannot be expected to prove infallible or necessarily successful. The fishery management system in the Northeast Pacific is recognized as meeting most of the “best management practices” and promoting an ecosystem-based approach to management (Witherell, 1999 and Witherell et al.,",14,0,3,1.0
10.1787/9789264251724-5-en,f535d17ae83744a5f7824b07f3c91fed,"The share of the population over 65 years of age has been increasing in OECD countries over the past few decades. In 1960, 9% of the OECD population was over 65 years old, but the proportion rose to around 15% in 2010 (OECD, 201 la). This trend is expected to continue into the future, so that by 2050 the share of the population aged 65 or more is expected to reach 26% of the total OECD population. With rising life expectancy and improved healthcare, elderly citizens will be able to remain active longer, in many cases continuing to work well beyond the official retirement age.",14,4,0,1.0
10.1787/9789264232143-6-en,e8a051829f5412648121ef5661bc65a1,"A key future challenge in this regard is innovations that allow substituting fish meal and oil with terrestrially-produced substitutes. Another factor for the relatively modest production growth for carnivorous species is the relatively high level of externalities in production and the resulting administrative limitations to grow th. This diversity, together with poor reporting from many aquaculture-producing economies, makes it challenging to identify common features of green aquaculture.",14,0,3,1.0
10.1787/9789264090415-3-en,f57a5e788057c6f8eac190bd2d59333d,"These strategies must also expressly consider social and economic consequences and the distribution of impact across time and between stakeholders. More specifically, fisheries policy makers will need to consider the following fundamental questions when developing climate adaptation strategies: What policy options are available? How should decisions be made ?",14,0,4,1.0
10.6027/9789289328913-7-en,3c7ae62b5ede3713432f167368d94788,"How relevant is Scotland's biodiversity to you? How concerned are you about the loss of biodiversity in Scotland?). The indicator measures the percentage of participants in the survey that answered ""yes"" to the question ""Have you made any leisure visits to the outdoors in Scotland in the last 12 months?""). It provides data on numbers of volunteers, hours volunteered and types of activity undertaken.).",15,1,8,0.7777777777777778
10.18356/0543d374-en,64dfb902109e01f6eb1f9c12bf00063e,"Further, it approved the order by which the quantity of trees to be planted annually by each ministry should be defined. In particular, the 1992 Presidential Resolution provided the impetus to launch the State Programme entitled Green Construction, in 1998. This Programme foresees planting trees in the countryside (yelojats), in cities and around settlements, and establishing green zones for the amelioration of climatic conditions and prevention of land degradation. This is why a zone consisting of forests and parks is being developed in the foothills of the Kopetdag Mountains.",15,0,9,1.0
10.6027/9789289329651-2-en,4da8008a3f163898a67888aecfd1f213,"A key issue to resolve is whether soil carbon stocks will accumulate indefinitely or reach some steady state in a matter of decades or centuries, depending on the forest type and climatic conditions. We also need to improve our understanding of the linkages between biodiversity structure and ecosystem functions, particularly how these interact with the carbon and nitrogen cycles and the relationships between these biogeochemical cycles. A challenging issue beyond the natural sciences is whether and how the various goods of biodiversity, carbon sequestration, timber production, recreation and other amenity values of forests may be handled and arbitrated within a common framework of ecosystem services.",15,1,6,0.7142857142857143
10.1787/9789264240094-12-en,b9443d3c8786b9476a14198ad33671e5,"Table 5.1 provides an overview of the objectives and activities allowed for each category. About two-thirds of the area under protection lies within sustainable use categories (Figure 5.1). This results from several factors, including the higher political and social acceptability of sustainable use areas, as they impose fewer restrictions on land and resource use, respect of traditional communities’ rights and civil society movements in defence of these rights, and the government objective of stimulating sustainable timber logging in national forests (Verissimo et al., The Brazilian example of extractive reserves has contributed to shaping the international classification of protected areas (Table 5.1). Between 2003 and 2008, it accounted for more than 70% of the world’s new terrestrial area placed under protection (Jenkins and Joppa, 2009).",15,1,8,0.7777777777777778
10.1787/9789264227385-8-en,7a1a3510ec169019bce00c9b4db9b242,"More than 80% of the delineated Natura 2000 forest area is on LP-administered land. A survey conducted in 2006-11 by the Chief Inspectorate for Environmental Protection revealed that natural forest habitats in the network had predominantly poor or bad conservation status, only 30% of their area was in good condition (MoE, 2013). ( It should be noted that the survey shows the non-forest Natura 2000 habitats to be in similar shape.) Natura 2000 also requires significant investments: financing needs for the network in 2014-20 are estimated at more than 12 times the level of spending in 2007-13 (Section 4.3).",15,0,12,1.0
10.18356/d4cf57fb-en,2ddc19f9a6325a03e45e87810d128d1c,"Emerging technologies such as forensic methods, remote sensing and DNA analysis can aid in verifying the origin of wood and wood products (WWF, 2014). A key output of the EU Forest Law Enforcement, Governance and Trade (FLEGT) Action Plan, which marked its tenth anniversary in 2013, is the signing of voluntary partnership agreements (VPAs) between the EU and tropical timber-supplying countries. By May 2014, six exporting countries had signed VPAs - Cameroon, the Central African Republic, the Republic of the Congo, Ghana, Indonesia and Liberia.",15,0,9,1.0
10.18356/fb3022f3-en,03d5b2a1ccc62b72bf6a45ecd0036bad,"Among these, 23 species have been declared natural monuments, 74 species are extinct, 39 species are endangered, 171 species are vulnerable and 1,253 species are rare. Grassland species account for 37 per cent of the total species represented. Some 600 algae species and over 700 species of marine and coastal plants exist. A very high percentage of the plant species (4 per cent) are endemic.",15,0,8,1.0
10.18356/0476b8f9-en,462b042868eb57d38fdc2a391f868c4b,"With the help of the Afforestation Fund (active until 1990), more than 140,000 ha of bare lands have been planted. The methodology has been developed and will be finalized in a Rulebook. The Strategy for Sustainable Development of Forestry’s Action Plan identified two data-related actions that have not yet been completed: (1) develop an information network and introduction of technology relying on Geographic Information Systems (GIS), and (2) develop a forestry information system with a database.",15,0,5,1.0
10.18356/d7485e6e-en,3816901ec9ffdb30fc0836afd15171df,"The Red Data Book of Turkmenistan was last published in 1999. That edition included 261 species (152 of animals and 109 of fungi and plants), including 45 species (17 animals and 28 plants) endangered or threatened with extinction. The 1999 Red Data Book used the categories “vanishing”, “declining”, “rare” and “poorly known”, which are not fully consistent with the modem IUCN Red List system.",15,1,8,0.7777777777777778
10.6027/9789289329491-6-en,a96d9e572508bb2876d98474a3b3b0a8,"Information on status and initiatives is currently being collected for mapping purposes. Its main focus is on protection of species, habitats and ecosystems in line with international agreements.55 It contains proposals for new protected areas for conservation of biological diversity. Increased scientific research, registering and mapping of natural history with data collected and stored in accessible databases.",15,0,9,1.0
10.6027/9789289328913-7-en,2b845f4fa4758b0e346dda852a724def,"The federal republic owns less than 4% of the forest area. German federalism and the resulting division of powers assign power of legislation in forestry to the German federal states. They set up states forests and nature protection acts (Landeswaldgesetze, Landesna-turschutzgesetze), which govern forest management on state level.",15,0,9,1.0
10.18356/847ad7f3-en,3a5b06cbce661625bc9960b53dc29351,"The role of forests in climate change mitigation is well recognized. Deforestation is the second leading cause of climate change after burning fossil fuels, and accounts for nearly 20 percent of all GHG emissions - more than the world's entire transport sector. As much as 24-30 percent of the total mitigation potential can be provided by halting and reversing tropical deforestation.",15,1,8,0.7777777777777778
10.18356/d79235bc-en,8d88c8afeb012c4cd93f8ade30b46a7c,"Key ecosystems can be defined as either those ecosystems for which it is most important to measure changes in extent, or those ecosystems for which it is possible for measure changes in extent. It is a tool to estimate the need for specific conservation measures to maintain the biological diversity in a country or region. Key ecosystem require attention and specific policy measures as they contain rare or locally endemic or threatened species, are of particularly high species richness, represent rare or unusual habitat, are severely reduced in area relative to their potential original extent, are under a high degree of threat, and/or are of high actual or potential economic importance.",15,0,5,1.0
10.1787/9789264222519-7-en,b1fede311a289c04541c5cb404000171,"In the Environmental Offsets scheme in Australia, the significance of a proposed impact on biodiversity depends upon the “sensitivity, value, and quality of the environment which is impacted, and upon the intensity, duration, magnitude and geographic extent of the impacts.” Qualitative definitions of significance mean that jurisdictions’ guidelines play a central role in determining actual project coverage - mechanisms to promote regulatory consistency, proportionality and transparency are therefore important. The EU guidelines for environmental assessment of projects affecting Natura 2000 sites, for example, use significance indicators, including the percentage of loss of habitat area, the relative change in key indicative chemical for water quality and the timescale for restoration of population densities, to assist in decision making (European Commission, 2001). These regulations include three schedules of listed activities for which either a basic assessment or a scoping and full environmental impact assessment (EIA) must be prepared.",15,1,8,0.7777777777777778
10.1787/9789264222519-10-en,d274f7483e8991e469f891de8898ed1d,"This enables a more efficient process for granting authorisations of land-use changes that is less onerous to the project developer while at the same time ensuring that appropriate compensation measures are implemented by a third party by paying an in-lieu fee into the Forest Fund. As the fees are consolidate into this fund, CONAFOR is able to achieve economies of scale by co-ordinating the implementation of a portfolio of compensation activities throughout the country. Approval process for land-use change.",15,0,8,1.0
10.6027/9789289329491-6-en,6a6b35151b6c48bdb4112881cd807bf5,"The Ministry of the Environment is currently working on how ecosystem services' value to society can be made more visible. In 2012, a decision was made to introduce clarifications and interim targets to the system of environmental objectives. The project produced a set of 26 indicators based upon the decision VIII/15 of the Conference of Parties Convention.",15,1,8,0.7777777777777778
10.18356/fe43e5e4-en,94a92b1fbf5411412acda353f64d0c04,"The Programme Officer of the United Nations Convention to Combat Desertification, Nandhini Iyer Krishna, highlighted the interaction between land degradation and deforestation, stressing that unsustainable agriculture practices could be a significant drivers of deforestation, in this context, she emphasized the importance sustainable livestock management and the value of agroforestry. She also noted that, while attention was often focused on rain forests, dry land forests were also important, providing a buffer against drought and desertification, a safety net against poverty, biodiversity richness and other vital ecosystem goods and services.",15,0,10,1.0
10.18356/cb1665cb-en,7993b52e77b142b359fbad3c1a53ea5e,"Forest Stewardship Council disassociates from the DLH Group. Forest Stewardship Council suspends Polish national office. Romania passes new forestry code, considers export ban. Available at: http://gtf-info. World wood views at Global Timber Forum summit. Available at: http//gtf-info.com/ news/promoting-wood-products/1986-world-wood-views-at-global-timber-forum-summit Howe, J, Fernholz, K., Malmsheimer, R. and Bowyer, J. 2015.",15,1,8,0.7777777777777778
10.18356/0543d374-en,21201be3b27ce75bf49d7bf6385ab1b7,"Desert forests are of great significance to the inhabitants of sandy regions (koomly), as they supply them with pastures, firewood and, on a small scale, household construction materials. As for sandy areas, continuous sowing and planting have resulted in 680,000 ha of woods and pasture-protection forests. According to nonofficial sources, including experts’ estimates, the annual supply of wood from sanitary cuttings does not currently exceed some 10,000 m3, while demand is estimated at about 50,000-55,000 m3. The provision of free natural gas to the population has proved to be an important means of preventing illegal logging.",15,0,9,1.0
10.18356/cb1665cb-en,e74a9cf676df49ccabbdd72f78491119,"The most important of these is the development of a system for monitoring harvested timber, EGAIS, which was launched in 2014. As of July 2014, all freight traffic of harvested timber must have supporting documentation establishing its origin (RossiyskayaGazeta, 2014). After July 2015, forest users will register transactions via an electronic form, administrative responsibility for violation of the rules of the Federal Law will come into force in January 2016. The key themes of the session were the contributions of forests to a green economy, domestic and international markets for timber products, and sustainable forest management as a way of addressing climate change (UNECE, 2014).",15,1,6,0.7142857142857143
10.18356/d79235bc-en,33e6b234a21de880c73a7b3f54c3a0ef,"The indicator, thus, provides information on the impact of policies which reduce the occurrence of such influencing factors, in particular air pollution. It can be based on a variety of information, including data on forest health, the extent to which forests fulfill targets related to their environmental, economic and social functions and on forest management practices. Sustainable forest management for a variety of uses is essential to achieving sustainable development. It is a critical means to eradicate poverty, to significantly halt deforestation and to halt degradation of natural resources and the loss of biodiversity.",15,1,8,0.7777777777777778
10.6027/9789289345644-6-en,461d00c3b68a5b31628309e50fa75ff8,"What and where are the potential future losses? What are the linkages between ecological functions and the ecosystem services obtained, and how do they interact in interdependent bundles? The assessment, guided by these questions, should focus on biodiversity and ecological functions and their effect on ecosystem services, corresponding to Chapter 3: Status, trends and future dynamics of biodiversity and ecosystems underpinning nature's benefits to people.",15,0,7,1.0
10.18356/0543d374-en,e0a37bfb2da1b106c42355c8c40fb6ad,"The new Forest Code, which was adopted by the Turkmen Parliament in April 2011 and came into force in July 2011, defines the responsibilities of State bodies in terms of forestry and forest management. This will provide an important basis and a good start for better coordination of works and activities aimed at sustainable forest management, if training and capacity-building is consistent with the requirements of the new Forest Code. Forest management in the mountains has mainly taken the form of planting pistachio trees over a total area of over 35,000 ha.",15,0,9,1.0
10.1787/9789264227385-8-en,8dd34f968f4e59aa602f3b2b3552347e,"It prepared and hosted the fifth Ministerial Conference on the Protection of Forests in Europe (Forest Europe) in Warsaw in 2007.8 The conference resulted in two Warsaw Resolutions: “Forests, Wood and Energy” and ""Forests and Water”. During Poland’s holding of the EU Presidency in the second half of 2011, the MoE and the LP convened several meetings of EU forest directors as well as meetings on sustainable forest management in the context of climate change. The MoE has always supported negotiations on a legally binding agreement on forests in Europe. In 2013 it hosted the fourth session of the Intergovernmental Negotiating Committee for a Legally Binding Agreement on Forests in Europe.",15,1,8,0.7777777777777778
10.18356/fd217899-en,53ce2b2b301222b500634742b57efb57,"However, the issue of leakage becomes more important in the case of carbon-sequestration. In this case, it does not matter where the loss or degradation of forest cover takes place, a net loss of forest equates to a net loss of service. These include the costs of monitoring, negotiation, payments to staff for enforcement, capacity-building and communication.",15,0,8,1.0
10.18356/062acf72-en,95e92c726f42151a532b7b181040fe1c,"Biodiversity and forest monitoring systems that comply with international standards and would provide reliable, accurate, comprehensive and regularly updated information on the state of ecosystems (including forests) and species are still lacking. No central database, no harmonized databases and no unified information system on biological diversity and forest and non-forest ecosystems exist. The lack of reliable data and information on natural resources, including forests, is an obstacle to proper management planning and prioritization of measures to be taken.",15,1,8,0.7777777777777778
10.6027/9789289328913-7-en,b5c47b6dd5f1edb04ea56e8a0241531f,"The most recent ones were conducted in 2012, 2010 and 2008. Outdoor recreation possibilities in nature offered by hiking and study trails are still popular. More than half of the respondents (61%) have visited different nature trails in the last 12 months. Forests should offer economic benefits (timber, mushrooms, berries and other forest products) and also socio-cultural benefits like recreation, hiking possibilities and cultural-historical sites.",15,0,9,1.0
10.1787/9789264240094-11-en,854d7a10609cdd3bf5b86266a57bc03c,"Its extensive coastline (about 7 500 km) borders a vast marine area (more than 4.5 million km2). The Brazilian population is concentrated along the coast, where average population density is around six times the national average (see Basic Statistics). Brazil is host to six large terrestrial ecosystems, or biomes:2 Amazon, Cerrado, Caatinga, Atlantic Forest, Pantanal and Pampa.",15,0,9,1.0
10.1787/9789264180109-9-en,4e4681d415062f07c5fa566ea1b266f2,"These programmes aim to foster the recovery and long-term conservation of priority species, that is, those endemic to Mexico, rare, threatened,12 with high ecological value or of strategic importance as keystone species, or with a high level of social, cultural, scientific or economic interest. Between 2007 and 2012, 27 PACEs were published and implemented. The species covered include jaguar, several eagle species, vaquita, scarlet macaw, Mexican grey wolf, grey whale, manatee and Baird’s tapir.",15,1,8,0.7777777777777778
10.18356/e1a5901b-en,494ae87b9403b3d292e4eae046c930f6,"Eco-, phyto- and bioremediation are concepts that use ecosystem restoration to reinstate a diverse system of plant communities in a particular ecosystem so that its buffering or remediation capacities are enhanced. Other concepts, tools and approaches partly related to NBS include ecological restoration, ecological engineering, forest landscape restoration, green or natural infrastructure, ecosystem-based disaster risk reduction (DRR) and climate adaptation ecosystem services (Cohen-Shacham et al., N BS also support the concepts of green growth or green economy, which promote sustainable natural resource use and harness natural processes to underpin economies. The Natural Capital Protocol3 is being increasingly recognized by a wide range of stakeholders, including business, and supports the use of N BS by highlighting the flow of benefits that can be derived from using nature.",15,0,9,1.0
10.6027/9789289332705-27-en,e4e8728b1c4c351f4dae88165fc3cce4,"This implies a need to plan and manage not only at stand and local spatial scales, but also at regional as well as national and even international levels. A key challenge is thus to build bridges in a geographical area among actors involved with different SFM dimensions, actors in different sectors at different societal levels, and different disciplines to facilitate knowledge production and mutual exchange of experiences (e.g., Barbour et al. Communication, education and public awareness are therefore important to support implementation of SFM, as is the case for its different criteria including ecological (e.g., Convention on Biological Diversity) and sociocultural ones (e.g., European Landscape Convention) and spiritual ones (e.g., the IUCN/WCPA “Delos Initiative”). The term landscape approach captures this integrated approach to learning for sustainable development and sustainability (e.g., Dudley et al.",15,1,8,0.7777777777777778
10.6027/9789289328913-3-en,e16b0771bc4c2c647bab6e130be11875,"People often choose where to spend their leisure time based in part on the characteristics of the natural or cultivated landscapes in a particular area. The report includes examples of studies of economic value or assessment of economic impacts of recreation and nature tourism (see: http://www.ieep.eu/work-areas/biodiversity/financing-biodiversity/ 2013/01/socio-economic-socio-economic-importance-of-ecosystem-services-in-the-nordic-countries-syn thesis). It supports the EEA contribution to the revision of the System of Environmental-Economic Accounting (SEEA) which is currently being led by the United Nations Statistical Division (UNSD). The idea of a common international classification is an important one, because it was recognised that if ecosystem accounting methods were to be developed and comparisons made, then some standardisation in the way we describe ecosystem services was needed.",15,0,4,1.0
10.1787/9789264240094-12-en,eda847b6c76108ed5ccefa399fd2bf15,"The need to be accountable to international donors may also have played a role. A more recent assessment of federal and state-level protected areas in the Amazon biome found that only 4% had a degree of implementation and management that was sufficient to fulfil the objectives set for these areas (TCU, 2013). While the available financial resources have increased in recent years, the capacity to spend these resources has worsened.",15,1,6,0.7142857142857143
10.18356/c4ab8ee8-en,f42fee275e51e585442ae9ac95102a92,"In terms of forest age structure, the recent Multi-Purpose National Forest Inventory has shown that the major part of the Mongolian boreal forest is overmature, with 74.07 per cent of forest stands classified as mature or overmature, 14.16 per cent classified as submature, 11.29 per cent classified as middle aged and 0.48 per cent classified as young. As for the saxaul forest, 34.95 per cent is overmature, 51.82 per cent is mature, 11.55 per cent is reaching maturity, 1.28 per cent is middle aged and 0.4 per cent is young. Consequently, forests are not only less productive but also more prone to fires and pest attacks and are less resilient to climate change. The result is forest degradation and, ultimately, deforestation.",15,1,8,0.7777777777777778
10.6027/9789289339766-6-en,be721470d82d9354ad81c2c6a23228f8,"On the other hand, the abandonment of traditional mowing and grazing practices in the other Nordic countries during the last century has resulted in severe losses of semi-natural grasslands and their associated species. Today, agriculture, forestry, infrastructure development, invasive species, overgrazing, tourism and urbanization put pressure on all habitat types in the Nordic countries (Hagen et al. A changing climate with increasing risks for natural hazards like flooding and landslides may increase the extent of degraded land (Schiermeier 2011).",15,1,8,0.7777777777777778
10.18356/fd217899-en,c96ac8c1c301ea85d5fd938c65d235d8,"While material wealth may provide a buffer against environmental change, the human species is fundamentally dependent on the flow of these ecosystem services. The different types of ecosystem services society receives are outlined below. This payment or reward should be conditional upon the ""delivery"" of the service.",15,0,4,1.0
10.18356/cb1665cb-en,4d2467c2524c601da48f95c28db75faf,"Members had also commenced reporting on a new indicator of ""total onsite energy intensity"". The report highlighted the sector's contributions to the green economy through resource efficiency, carbon sequestration and biobased products and recognized the need for a policy framework that reduces regulatory risks for investments and innovation. The EED requires member states to establish long-term strategies for mobilizing investment in the renewal of national building stocks. The pace of introduction of these measures varies widely across the EU, but overall the market for energy-efficient buildings is growing rapidly.",15,6,1,0.7142857142857143
10.18356/d4cf57fb-en,7771f8a2087b41481539c9cc47ae19f6,Exploring credibility gaps in voluntary partnership agreements: a review of independent monitoring initiatives and lessons to learn. Available at: www.olobalwitness.oro/sites/default/files/IM-VPAsFinalWeb EN.pdf The Canadian Sustainable Forestry Certification Coalition. An historic agreement signifying a new era in the boreal forest.,15,1,8,0.7777777777777778
10.18356/fe43e5e4-en,cd0924aaea86e112f115ee697e35181d,"At its 5th meeting, on 7 May, the Forum had before it a draft ministerial declaration on the future international arrangement on forests we want (E/CN.18/2015/L.1), submitted by the Chair (Gabon) on the basis of the informal consultations held by Working Group 1. At the same meeting, following the statement by the Chair, statements were made by the representatives of Peru and the Islamic Republic of Iran. Also at the same meeting, statements were made by the Secretary of the Forum and a representative of the Forum secretariat. At its 9th meeting, on 14 May, the Forum had before it a revised draft ministerial declaration on the international arrangement on “The forests we want: beyond 2015” (E/CN.",15,0,9,1.0
10.1787/9789264303201-5-en,4d55e974f80ce0f5fc893332fe777ff5,"Roe (2010) examined the degree to which biodiversity-poverty links have been recognised in NDPs (predominantly PRSPs but including other development plans listed by the World Bank as the equivalent of PRSPs) and found that just over 25% show a relatively high level of recognition of the importance of biodiversity, just under 25% have a low level of recognition and 50% fall in between). Just under half of the PRSPs reviewed have a relatively narrow interpretation of biodiversity - the focus being on wildlife, forests or protected areas - but some interpret biodiversity in a broader sense, noting the importance of genetic resources (e.g. Dominica) and agricultural biodiversity (e.g. Bangladesh, Nepal, Viet Nam) and others recognise the link between biodiversity and ecosystem services (e.g. Cambodia, Lao, Liberia, Uganda, Zambia). Following liberalisation, Myanmar has faced the need to revisit its policy directions and formulate new short-term and long-term strategies (OECD, 2015a).",15,1,8,0.7777777777777778
10.1787/9789264222519-7-en,3b136187e6359e062fb4407d40a91584,"These agreements may take numerous forms, such as conditions on development permits, and mitigation bank instruments or other forms of landowner contracts, depending on the institutional arrangements on which the system relies (see also Chapter 3). Whatever form they take, offset agreements must be clearly defined, transparent and enforceable in order to provide a robust foundation for MRV and compliance at both the policy and the individual site level. Offset supply agreements may be based on the supply of inputs or outputs that lead to biodiversity outcomes or on the biodiversity outcomes themselves (Box 4.5). Such differences have driven many of the documented failures of offset projects in the past (Kenny, 2006). In the Biobanking scheme in New South Wales, Australia and the Native Vegetation Regulations in Victoria, Australia, offset supply agreements define regulatory compliance as the completion of pre-defined land management actions over time (DSE, 2012, NSW OEH, 2012).",15,1,8,0.7777777777777778
10.1787/9789264180109-9-en,1383837683065de7f15ace2f06fbe115,"Managed by CONAFOR, PRONARE gives support to landowners/users for reforesting degraded forest land, providing seedlings, training and funding. Since 2007, 1.87 million ha have been reforested. It is not clear, however, if this finding reflects the area of land where seedlings have been replanted, or, more comprehensively, if it reflects monitoring to assess tree survival over time.",15,0,8,1.0
10.18356/e5cda530-en,464e041b77c2faaf136b6bae5e03514b,"A number of reforestation and tree-planting campaigns have been launched. Planting rates during the period 1981-1990 (4th, 5th and 6th Plans) reached 40 000 ha per year and rose to 160 000 ha per year in 2006 during the 9,h Plan. As a result of the plantation programme, timber and pulpwood are mainly produced from plantations of fast-growing tree species and a limited area of teak, mainly planted by the Forest Industry Organization (FIO) (Emmanoch 2015). Delux (2015) suggested that the Forestry Administration designated 96 000 ha for plantation development, of which 14 000 ha have been planted to date.",15,1,8,0.7777777777777778
10.1787/9789264303201-5-en,a57843289c637cdc3df713098010557c,"The assessment provides spatially explicit data on the basis of which priority areas and corresponding priority actions are identified. The NBA has also been used to develop biodiversity sector plans at the local and district levels. Overall, the quality and quantity of data available in South Africa has been instrumental in mainstreaming biodiversity in a number of key sectors, including agriculture, mining and water infrastructure, among others (Manuel et al.,",15,1,8,0.7777777777777778
10.18356/1d5eda46-en,fc535569b207797537efc6cf0e7ca2f1,"In addition, emissions from drainage and fire in forested or deforested peatlands in Southeast Asia were estimated at a mean of 0.8 GtC02/yr (drainage in 2006, fire 1998-2009 (Smith et al., When tree density increases, carbon is removed from the atmosphere by the increasing plant biomass, and soil carbon stocks are protected from erosion and may also increase. The estimated global potential for ‘wide-scale’ restoration of dosed-canopy forest is up to half a billion ha, excluding areas in intensive use (WRI, 2011)®. An additional 1.5 billion ha globally may have the potential for mosaic restoration (WRI, 2011).",15,1,8,0.7777777777777778
10.6027/9789289329163-7-en,05a34212ace655d2eadde07c42905bcd,"Growth in forest biomass exceeding drain due to harvesting and natural mortality explains this removal. However, between 2000 and 2005, the Danish forests were a carbon source releasing between 1 and 2 million tonnes of CO2 each year. During that period the age distribution became skewed towards mature forests, which were eventually harvested and the cleared land was regenerated with saplings (Danish CEE 2012). This resulted in negative net increment in forest biomass and thus turned the Danish forests as a net source of carbon.",15,0,9,1.0
10.18356/0faa4b9f-en,d0391db8dff545a3cc80ec813789e746,"In fact, official statistics based on reports by the Forestry Police on law infringements already demonstrate positive tendencies over recent years (28,373 m3 of illegally cut timber in 2002 versus only 8,129 m3 in 2010). However, the low number of reported cases and illegally harvested timber volume may not only result from progress in preventing such illegal practices, but also reflect the limited operational capacities of the generally understaffed and underequipped forestry field services, which are unable to control the situation in mountain forests. According to the database on forest and pasture fires , high number of fires was reported in 2007 (1,182). As much as 30,827 ha were affected, 5,888.31 ha totally burnt, including as much as 3,659.81 ha of high-stem forests.",15,1,7,0.75
10.18356/0ec10acd-en,7ea15af8ed399de26af7386288446095,"Its members include staff from a number of different ministries, including the NFPs to the Biodiversity-related Conventions (as above) and also to the United Nations Framework Convention on Climate Change (UNFCCC). A specific sub-committee charged with the review and harmonisation of the implementation of Biodiversity-related Conventions will be set up in 2015. This council is formed under the UNFCCC focal point, but includes different ministries which are focal points to other conventions, the Hon.",15,0,9,1.0
10.1787/9789264222519-10-en,6f7bedd41d54a4ceee2041c1dc801153,"The country has also pioneered several economic instruments such as the national programme on payment for ecosystem services (PES) under ProArbol (the federal umbrella programme that promotes sustainable forestry), which covers 3.25 million ha of forests and represents one of the largest PES programmes in the world (OECD, 2013). The Environmental Compensation for Land-Use Changes in Forested Areas Programe (Programa de Compensation por Cambio de Uso de Suelo en Terrenos Forestales, CUSTF) is also a compensation scheme involving payment of in-lieu fees into a fund to finance restoration and reforestation projects. The Ministry of Environment and Natural Resources (SEMARNAT) implements this law and determines if an EIA is required for any given development project. If an EIA is required, an environmental management plan is issued, consisting of separate mitigation, compensation and follow-up measures for development activities, and distinguishing on-site and off-site actions.",15,0,10,1.0
10.1787/9789264222519-10-en,886c9c242de5163e8763750b567513de,"However, one drawback of this calculation method is that it assigns a lower score for land-use changes occurring in degraded land, therefore the equivalence ratio and, by extension the fees, would be relatively low while the costs to restore an equivalent land could be high. Given that the in-lieu fees are based on reference average costs for restoration and reforestation activities, and on an equivalence ratio, the area of land-use change does not equal the area of land restored and/or reforested. The in-lieu fees collected in the Forest Fund for compensation of land-use change in forested areas in a given year in each federal state represents the budget available to CONAFOR to conduct the compensation and restoration activities in the federal state where the fees were collected. The funds must therefore be used for compensation activities located in areas near where the land-use change takes place.",15,0,7,1.0
10.1787/9789264222519-7-en,94ba0e03435647944dcecbe5cb998155,"Programmes that require only finite periods of land management usually secure land management finance using a wasting endowment or trust fund (see below for a discussion of contingent payments) (DSE, 2012). Funds from the sale of biodiversity credits are then paid into the publicly managed BioBanking Trust Fund to establish the principal sum necessary to generate enough interest to cover the future land management costs. Any additional proceeds from the sale of credits are paid to the landowner as a lump sum. The landowner receives annual management payments from the Trust Fund to implement the management actions. In the US Compensatory Wetlands Mitigation scheme, the bank instrument - a broad agreement between the bank owners and regulators - is used to specify how an endowment fund will finance the bank over time (Treweek et al.,",15,1,8,0.7777777777777778
10.18356/30e5b8d3-en,5314931924751cea652439a6968d94b0,"Simulations for a 2°C average temperature rise predict significant negative consequences for the distribution of dark coniferous forests. A particular impact may occur due to ""multiple stresses"", where changes in soil humidity, rainfall, temperature and pathogens all contribute to high levels of tree mortality. Adaptation measures will require an improved information system for forest management to support changes in species planted and management interventions to prevent fire and the spread of pests and disease.",15,0,9,1.0
10.6027/9789289329651-8-en,0ef94b9fbe6116712ba1c063763cdae5,"Continued litter production - with decomposition rates being constant - can lead to continued accumulation of soil carbon and woody debris. Decomposition rates may even decline as the forest ages (cf Wardle et al. A handful of eddy covariance studies, including some of old-growth forests (Table 5.3], consistently show net carbon accumulation of the studied old-growth forest ecosystems.",15,1,8,0.7777777777777778
10.18356/30e5b8d3-en,97eefa321c8bb308f006b0e0135d5ea3,"The management of forests that belong to national parks is carried out by the Public Enterprise ""Sume RS"". The Council brings together representatives of the Ministry (Deputy Minister), the Forest and Hunting Inspectorate, the municipalities and the Public Enterprise ""Sume RS"". Forest control at the entity level is provided by the independent Administration for Inspection Activities of Republika Srpska, which includes forestry and hunting inspection.",15,0,9,1.0
10.6027/9789289329651-8-en,cc3cf199542f118b13f880f34e0fe622,"Preliminary assessments for Denmark also indicate an increase in forest carbon stocks during the last decades. Hence, forests in Fennoscandia contribute to approximately 1% of the global forest carbon sink. There are insufficient data to assess the contribution of old forests to the total carbon sink in Fennoscandia.",15,0,9,1.0
10.1787/9789264240094-11-en,15779284fd60fb73429ae4688a03e83a,"This chapter reuieiws the current status and trends of Brazil’s biodiversity, as well as pressures stemming from a range of sources. It examines Brazil’s biodiversity policy and institutional framework, including its integrated strategy to combat deforestation. The chapter assesses progress in financing biodiversity conservation, mainstreaming biodiversity into sectoral policies and enhancing the knowledge base and economic valuation of Brazil’s biodiversity and ecosystems.",15,0,8,1.0
10.1787/9789264303201-5-en,e8399398f4d6594ca49b7838c287c510,The National Mission for Sustaining the Himalayan Ecosystem aims at community management of forests by village councils as well as scientific evaluation and monitoring of the glaciers and freshwater systems in the region. The National Mission for a Green India is aimed at the reforestation of 5 million hectares of degraded land through joint action by the local communities and the state forest departments. These missions have been included in the NDP as well. Among the objectives of Mexico’s National Strategy for Climate Change (2013) is the conservation and sustainable use of ecosystems and maintenance of environmental services they provide.,15,1,8,0.7777777777777778
10.1787/9789264240094-7-en,edc925c98254297881e9788880929951,"There are, however, implementation gaps to be addressed. The stringency of environmental requirements varies substantially across jurisdictions, reflecting local priorities and capacity constraints. This raises concerns about potential “environmental dumping"", in which highly polluting industries would establish facilities in states that lack the capacity to set and enforce environmental regulations.",15,1,6,0.7142857142857143
10.1080/00908320.2012.672294,645e4f49f549f062f8231407178d1d99,"Article 100 of the UN Convention on the Law of the Sea requires parties to “cooperate” against maritime piracy, but how this cooperation is to be achieved is undefined. Enforcement is a public good—creating uncompensated benefits for others, thus suffering from free rider problems. The analysis in this article explains why more pirates captured are released than prosecuted, why the United Nations and the International Maritime Organization are seeking to reduce enforcement costs, why some in the shipping industry want to apply the 1988 Convention Against Terrorism at Sea, and why still others want to move prosecution of pirates from national courts to an international court.",16,0,5,1.0
10.1177/0896920512466276,ccaf58b621de4e827ad0942f0c515c8f,"More than a generation after the civil rights movement, racial inequality persists as a defining characteristic of United States social structure. Scholars from across the political spectrum have discussed and debated the causes of persistent racial inequality, offering various interpretations. Yet in the work of these otherwise different scholars, there is a consistent theme – the post civil rights era is an era of ‘formal legal equality’. Employing a method of structurally situated critical discourse analysis comparing Supreme Court race jurisprudence in the Post-Civil War and the post-Civil Rights Eras, this article interrogates this deployment of the concept of formal equality. The analysis reveals that in both eras the Supreme Court utilizes a discursive frame that asserts the position of formal legal equality, yet simultaneously employs narrative moves that ignore social structural mechanisms of racial inequality. The result is a legacy of legal framing that deploys an ‘epistemology of ignorance’ as...",16,1,6,0.7142857142857143
10.1177/0049085712468201,2ea6b4dc3c2d6b01af2f2e697900645f,"Rights are vital for the arrival of equal beings. Of late, rights are marginalised in the context of capitalism-led pauperisation and heightening ascriptive discrimination. In social sciences, rights discourse has been replaced by citizenship discourse wherein the state becomes the decider of rights. In this context, rekindling of rights discourse becomes immensely significant in the backdrop of creative theory. Rights are political affirmations and delinked from duties. There have to be interdependence and interconnection of varied rights. Besides, the new direction of rights emphasises on theorisation of world or critical knowledge production domain on four accounts (production of collective epistemic, arrival of critical theory, treatment of critical knowledge as counteraction of post-ideologies/ism /philosophies and delinking abstract and concrete rights). Reconceptualisation of rights in creative society brings back the domain of normative political theory while highlighting the deficiency of prevale...",16,1,6,0.7142857142857143
10.1163/15718107-08403006,86b7a0f32b991f4dbb3f0ac25d92921a,"The prohibition on torture in international human rights law seems a fairly straightforward candidate for productive use in international criminal law. The Convention against Torture contains an elaborate definition of torture and human rights institutions have developed substantial jurisprudence on the prohibition and definition of torture. Indeed, the ad hoc Tribunals and the drafters of the Rome Statute have employed the human rights law approach to torture to varying degrees. But the conception of torture reached by human rights bodies is problematic and unsuitable for usage where individual criminal responsibility is sought. It is unsuitable because the human rights law understanding of torture is subjective and victim-derived. Human rights bodies do not scrutinize intent, purpose and perpetration, central aspects of international criminal legal reasoning. The communication on torture between these bodies of law to date shows that cross-fertilisation, without detailed reasoning, is inappropriate - because rights are different to crimes.",16,0,8,1.0
10.1080/13621025.2013.820394,c1672da05bccc6537ee2f9797a41e2ba,"The concept of citizenship has traditionally been defined with reference to Marshall’s distinction between three types of citizenship rights: negative, political, and positive rights. Negative rights include civil rights such as religious freedom, privacy, while political rights focus on the right to participate in politics through election and freedom of association, positive rights include those rights that are necessary in order to have a minimum standard of living, that is, welfare rights including access to education, health care, minimum income (Marshall 1950/1973). Citizenship consequently means enjoying these rights that the territorial state and its institutions set out to protect for its members and, in the case of positive rights, to guarantee.",16,0,6,1.0
10.32834/GG.V15I1.41,606e2e1bf23df653e5a98fd35441bb33,"This paper aimed to explain public financial governance based on good governance implementation in Jakarta Provincial Government. This paper specifically discussed towards transparancy implementation of local budget (APBD) through open data portal that publishes budget data to public. In general, financial transparency through open data has met Transparency 2.0 standards, namely the existence of encompassing, one-stop, one-click budget accountability and accessibility. But there are indeed some shortcomings that are still a concern in order to continue to maintain commitment to the principle of transparency, namely by updating data through consistent data visualization.Transparency of public finance needs to continue to be developed and improved through various innovations to maintain public trust in the government.   Keywords:  Public Finance, Open Data, Transparency",16,0,5,1.0
10.1177/0002764200043004003,1c286c2d1fd10d3d355d69f3c9f2ee6d,"This article uses social movement theory to analyze environmental justice rhetoric. It argues that the environmental justice frame is a master frame that uses discourses about injustice as an effective mobilizing tool. The article identifies an environmental justice paradigm and compares it with the new environmental paradigm. In addition, the article discusses why the environmental justice movement grew so fast and why its adherents find the environmental justice frame so appealing.",16,1,14,0.8666666666666667
10.1093/JICJ/MQN069,359c91c621aa8a0c983d6ceda4347cd4,"The concept of corporate criminal responsibility has long been accepted in common law jurisdictions and has more recently spread to several other national criminal law systems. Germany is one of a few hold-outs limiting criminal responsibility to natural persons, although financial sanctions can be imposed on a corporation when one of its officers has acted criminally on behalf of the corporation. Corporate criminal responsibility can be based on transferring the corporate officer's responsibility to the corporation, or alternatively, on finding fault with the legal person's internal organization. Neither approach is completely convincing in theoretical terms. More importantly, introducing full corporate criminal responsibility requires a re-definition of what constitutes a criminal act as well as the concept of criminal culpability. The author cautions against taking this step too quickly because it might well change the specific nature of criminal law.",16,1,6,0.7142857142857143
10.1179/1440991713Z.00000000023,d6931428c910d57eea7d8ef3bd3f4720,"Amy Allen’s insightful and nuanced feminist critical-theoretical account of the politics of our selves could be strengthened with a more complex and differentiated account of power and of gender, and of the social as a site of multiple conflicting and contesting relations. Such an account would adhere more consistently to Allen’s own project of understanding subjects to be constituted through both relations of power and relations of interdependence and mutuality, care and solidarity. The development of this account, and of a situated account of desire or motivation, is essential for a feminist critical theory of self and social transformation.",16,0,6,1.0
10.25071/1920-7336.21395,7b56fe3dbd10042880eff68b90549f19,This paper uses a case-study approach to describe how organizational characteristics may influence program outcomes in humanitarian aid situations. Organizational structure and human resource management are discussed as organizational factors that influence the vulnerabilities of clients and employees. Interview and archival data from a program on reintegrating refugee and internally displaced women and girl survivors of sexual violence in Sierra Leone and observations based on the author’s experience with the organization provides a relevant basis for isolating the firm as an important context within which refugee programs are embedded.,16,0,6,1.0
10.1111/1468-2230.12025,5685bc436caf78c37c5c20b12158af7f,"The recent decision of the European Court of Human Rights in Ahmad v UK dangerously undermines the well-established case law of the Court on counter-terrorism and non-refoulement towards torture, inhuman and degrading treatment or punishment. Although ostensibly rejecting the ‘relativist’ approach to Article 3 ECHR adopted by the House of Lords in Wellington v Secretary of State for the Home Department, the Court appeared to accept that what is a breach of Article 3 in a domestic context may not be a breach in an extradition or expulsion context. This statement is difficult to reconcile with the jurisprudence constante of the Court in the last fifteen years, according to which Article 3 ECHR is an absolute right in all its applications, including non-refoulement, regardless of who the potential victim of torture, inhuman or degrading treatment is, what she may have done, or where the treatment at issue would occur.",16,0,6,1.0
10.5206/FPQ/2016.3.3,6c30d3f1b991e1d2305c2f2c02d251e5,"Building on recent feminist scholarship on the complicity of feminist antiviolence movements in the build-up of mass incarceration, this essay analyzes the epistemic occupation of feminist antiviolence work by carceral logic, taking the Gender-Responsive Justice and Community Accountability movements as countervailing examples. Both strategies claim to be a feminist response to violence. Gender-Responsive Justice arises from feminist criminology and has genealogical roots in the American prison reformatory movement. Community Accountability stems from grassroots intersectional and decolonial feminisms that are fundamentally at odds with the professionalization and state-centrism of the mainstream antiviolence movement. We argue that Gender-Responsive Justice is a form of carceral humanism that repackages carceral control as the caring provision of social services, while Community Accountability advances a radically creative abolitionist and decolonial project of an irreducibly epistemological order.",16,1,6,0.7142857142857143
10.1080/13642987.2019.1597716,2532cd5085894102450e44364904b86d,"ABSTRACTAlthough the Convention on the Rights of Migrant Workers (CRMW) is a ‘core’ human rights treaty, it is poorly ratified. Previous studies have elucidated the barriers to ratification, in thi...",16,1,6,0.7142857142857143
10.1504/IJMBS.2017.081176,7e606f8f76d77476cf5ef96c70a3b7e2,"New Zealand has ratified many of the same international instruments instructing resettled refugees' rights as other resettlement countries. However, New Zealand has adopted broad strategies with little policy specificity or funding to ensure settling refugees' rights are upheld. In examining selected rights, this article demonstrates that New Zealand refugee policy remains aspirational yet precarious in two main ways. First, refugee pathways to protection, via the UN quota system or as Convention refugees, significantly affect both settlement support and family reunification. Second, policy implementation is often inconsistent and, at times, discriminatory, because economic, social and cultural rights are inadequately embedded into New Zealand's human rights framework. It is thus difficult to claim that New Zealand consistently and sufficiently meets its international obligations, despite the aspirations articulated within New Zealand's recently developed Refugee Resettlement Strategy.",16,0,6,1.0
10.1002/9781118900772.ETRDS0297,70217693c9fa8b8dea4b3f9f520c8030,"Sensational jurisprudence is a new branch of sociolegal studies that deals with the five senses and public policy. Because the law privileges the visual, this essay examines social science research about images of suffering and the implications of these findings. The interdisciplinary scholarship about visual culture emphasizes the negative aspects of humanitarian appeals for funding to aid the distant sufferer, and it suggests that bombarding the public with graphic depictions of pitiable individuals is counterproductive. Instead, researchers ought to develop methodologies to ascertain which emotions motivate individuals to engage in global civic action.      Keywords:    human rights,  humanitarianism,  images of suffering,  mobilization of shame,  politics and emotions,  visual culture,  empathy,  “compassion fatigue” (or “demand fatigue”),  “distant sufferer”,  NGOs,  photography",16,0,6,1.0
10.1093/HE/9780199590278.003.0024,f22869bf8db9cb04a84175767d6e7e30,"This chapter, which examines state crime, which includes genocide, war crimes, torture, police violence, and ‘grand corruption’ (the ruling elite's organised plunder of national resources, first proposes a definition that views state crime as a form of organisational deviance involving the violation of human rights. After analysing the extent of plainly criminal state activity in the world today, it outlines a dialectical approach to explain state crime and evaluate some of the innovative methods currently employed in state crime research. The chapter then considers states as criminal actors and academic work on state crime.",16,0,6,1.0
10.1163/22124810-00503003,8d4946a8e037f38542c088476a2e8ed3,"The paper addresses the dilemmas of civil-secular tribunals when formulating a position toward decisions of religious tribunals with regard to the custody of children. The paper examines the approach of the Israeli Supreme Court toward rulings of Sharia and rabbinical courts, comparing them with similar tensions in the US, Canada, and the UK. Civil courts appear to be entirely committed to civil, non-religious law. Religious tribunals, however, although committed to act in accordance with the fundamental principles of state civil law, are also obligated to act in accordance with religious law. The paper argues that the extent of the above tension is much more limited than it appears at first glance. There is an attempt to reconcile the need to protect women and children on one hand with freedom of religion, multiculturalism, and the rights of ethnic minorities and immigrants, on the other.",16,0,7,1.0
10.1080/14683850701566393,66ee51d27693d09891ff7c07e1a2a58e,"This article addresses the problems arising from the impunity for war crimes and crimes against humanity in Chechnya. 1 International criminal jurisdiction over such crimes is impossible with Russia's veto in the United Nations Security Council and non‐membership in the International Criminal Court. The victims may approach Russian prosecutors and courts, and if they cannot get remedies, they may apply to the European Court of Human Rights, which recently has found repeated and serious violations and ordered Russia to pay compensation. However, these are of little relief: they come in a limited number of cases, usually many years after the crimes and do not ensue in individual accountability. The continuing impunity creates a cycle of revenge and maintains high conflict potential in Chechnya. It also spreads criminality all over Russia, the military and police, after serving in Chechnya, bring the ‘impunity syndrome’ home with them.",16,0,6,1.0
10.1007/978-1-4939-1553-8_10,0d4b181c7b639ada97790a9cc0517120,"Without taking a position on centralization versus decentralization, this chapter reviews the local governance system in the Kingdom of Saudi Arabia. The chapter alleges that local government hierarchies in Saudi Arabia seem to suggest a higher degree of decentralization, while the actual separation of powers between local and national levels of government suggests a high degree of centralization. This raises questions about electoral politics at the local level—where little power resides. This chapter provides a thorough background on Saudi demographic, political, administrative, and economic conditions. Then, it considers the issues that are specific to local governance including local government structure and organization. The final section addresses the main claim of this chapter about the effectiveness of local governance in Saudi Arabia and makes some recommendations.",16,0,7,1.0
10.1136/MEDETHICS-2014-102126,95ec1d007c05053533ec652074508d8c,"The ethical aspects of biobanks and forensic DNA databases are often treated as separate issues. As a reflection of this, public participation, or the involvement of citizens in genetic databases, has been approached differently in the fields of forensics and medicine. This paper aims to cross the boundaries between medicine and forensics by exploring the flows between the ethical issues presented in the two domains and the subsequent conceptualisation of public trust and legitimisation. We propose to introduce the concept of ‘solidarity’, traditionally applied only to medical and research biobanks, into a consideration of public engagement in medicine and forensics. Inclusion of a solidarity-based framework, in both medical biobanks and forensic DNA databases, raises new questions that should be included in the ethical debate, in relation to both health services/medical research and activities associated with the criminal justice system.",16,0,7,1.0
10.2139/SSRN.3482028,87796cf6a8a9db1ba5db9218e150f229,"The authors, in a brief description, address the issue of racism in Brazil, from its origins to contemporary forms of manifestation. The Brazilian Supreme Court’s understanding of the issue is mentioned. The court has been responsible for broadening the institutional concept of racism into a more sociological scope, which has been determinant in the recent criminalization of homophobic acts. The text also addresses normative aspects, including Brazilian affirmative action laws, regional conventions and measures taken which reflect international influence, specifically with regard to the work of the UN Human Rights Committee.",16,0,6,1.0
10.1177/1077800411423201,82988c6958e5920fc125fc93f864b6ce,"Though racism in the form of blatant de facto and de jure policies and domestic terrorism is no longer the law of the land as was the case before, and during the Civil Rights Movement, an intensified dysconscious and color-blind racism has propelled itself in the post–Civil Rights United States, particularly in this “Age of Obama”, one that manifests in semantically slippery and rhetorically convoluted discourses. Consequently to illuminate this specter of American racism, critical race theory and spoken word performative poetics join forces here in an interpretive conarrated description of rhetoric that has recently emerged in the mainstream media—a discourse that attempts (a) to deny Black persons the right to human dignity, (b) to distort and invalidate Black persons’ ideas, thoughts, and feelings, and (c) to deny one’s right to claim and affirm one’s personal identity.",16,0,5,1.0
10.1057/9781137275998_7,f83b3c864314cc345d291cb5d986b814,"In Latin America’s federal countries, regime change produced a paradox: although, at the federal level, the transition to democracy was largely successful and has gradually consolidated, at the subnational level, some authoritarian regimes and repressive practices survived. It has been argued that neopatrimonialism allowed these subnational authoritarian elites to remain in power. By tapping into different sources of legitimacy and combining arbitrary power, tradition, and rule of law, these elites have constructed political intermediation monopolies in extremely heterogeneous societies (Durazo Herrmann 2010). Nevertheless, this same social heterogeneity forces neopatrimonial elites to construct large social coalitions, including the maximum possible number of both traditional and modern social sectors to guarantee local governance. These coalitions are complex and fragile by nature, since they depend on a continuous flow of material resources to survive (Eisenstadt 1973, Medard 1991).",16,1,7,0.75
10.1080/01924036.2004.9678721,a4c8c08701c684802558504cf37d685c,"Commonwealth policing, since its turbulent emergence in Australia in 1917, has shown both a keen capacity to suppress dissent and a remarkable ability to reinvent itself in a variety of forms. Its present nomenclature of the Australian Federal Police (AFP) arose from an alleged terrorist incident: the 1978 Sydney Hilton bombing. This article argues that the fragmented AFP faced an ill‐defined and uncertain future in the early 1990s. Since September 11, the revamped AFP, however, has claimed primacy as Australia's leading law enforcement agency, but remains susceptible to government pressure. Contemporary Australian debate has focused on intelligence agency legislation, but limited analysis has addressed the AFP's changing role, expanded powers and significantly increased budgetary resources. As terrorism, national security and people smuggling have become the new “law and order'’ federal agenda, the AFP, straining to accomplish both domestic and regional functions, has extended its transnational, off‐shor...",16,0,5,1.0
10.1111/PSQ.12412,2d322173290fcf50bb332d5376447ac0,"President George W. Bush and his administration presented a variety of justifications for the 2003 Iraq war. Academic literature and journalism about the communication campaign emphasized two reasons: Iraq's alleged weapons of mass destruction program and links to terrorism. Drawing on the first systematic content analysis of the administration's official speeches and statements, this study recounts a more complex, changing campaign with surprising findings. Other justifications, such as international law, human rights, and freedom, were at times more common than the most recalled reasons. This article also explores individual officials' arguments and changes over time in response to key events.",16,0,5,1.0
10.1300/J452V07N02_01,1522172498878e86d7918a5f980be2a0,"Abstract The growing importance of the convention and meeting sector provided the impetus for this review of research directions and the structure of the convention and meeting field. A total of 137 convention articles published in major hospitality and tourism journals from 1990 to 2003 were collected and content-analyzed for research method and subject. Specifically, articles were categorized based on (a) nature of article, (b) research design, (c) statistical technique, (d) research focus, and (e) functional area. Findings suggest that while descriptive research dominated, more sophisticated quantitative research techniques, such as multi-variate analysis, were extensively used, particularly after 2000. Thematic review of articles reveals that associations' site selection processes, destination marketing, and the economic impact of convention activities have drawn enormous attention from researchers over the 14-year period. Discussion issues and suggestions for future research in the field of conventio...",16,5,0,1.0
10.1086/684298,d2cc842c3c5a3b4dcb28ca7d68b35a01,"AbstractThe prohibition of torture is one of the most emblematic norms of the modern human rights movement, and its prevalence in national constitutions has increased steeply in the past 3 decades. Yet little is known about whether constitutional torture prohibitions actually reduce torture. In this article, we explore the relationship between constitutional torture prohibitions and torture practices by utilizing new data that correct for biases in previous measures of torture and a recently developed method that mitigates selection bias by incorporating information about countries’ constitutional commitments into our research design. Using these new data and this new method, as well as more conventional data sources and methods, we find no evidence that constitutional torture prohibitions have reduced rates of torture in a statistically significant or substantively meaningful way.",16,0,6,1.0
10.1111/J.1540-6210.2009.02002.X,f8136a28fd732d25df815abd4f879246,"that, for the most part, public administration stands apart from constitutional theory Historically, along with its luminaries and myriad reformers, the field of public administration as a whole has largely inter preted the U S Constitution's separation of powers in ways that expand presidential authority over federal agencies and restrict Congress's constitutional role in regulating and overseeing the executive branch ""Executive-centered,"" or ""executivist"" perspectives, as Pfiffner calls them, have been justified in the name of demociacy, efficiency, national security, and account ability However, Pfiffner cogently argues that good intentions are irrelevant In the U S constitutional context, the separation of powers is fundamental to liberty and the rule of law When a president asserts extraordinarily broad constitutional powers, as did President George W Bush, both are at risk",16,1,6,0.7142857142857143
10.1080/17502977.2016.1192786,881a8bf262f371b1f6d4f1644c420908,"ABSTRACTDriven by the failure of internationally led top-down peacebuilding interventions, international donors have increasingly posited that civil society actors can play a crucial role in peacebuilding and conflict resolution. This has led to a notable increase in the support for civil society in order to integrate local perspectives into peacebuilding and statebuilding interventions over the past decades. Using the case of Cyprus, this paper challenges this premise and argues that this support continues to create homogenized discourses that are not representative of the diversity of local notions of peace. Rather, most types of international support cause civil society actors to adapt their agendas to external priorities, and exclude alternative, less professionalized and critical voices. Local peace actors who resist liberal governmentality have access neither to the monetary support needed to sustain their peace work, nor to international protection for their cause. At the same time, those actors wo...",16,0,7,1.0
10.1057/978-1-137-56694-2_2,b613e7251a2979d8afec00cf4b338e86,"How does the transnational legal process, based on international human rights law, affect domestic constitutional law? This chapter analyses how domestic constitutional regimes interact with the Inter-American Human Rights System. It argues that structural transformations in international law together with broader legal interaction have allowed new players to behave as constitutional actors articulating political claims in the language of fundamental rights. This process inaugurates possibilities of reshaping constitutional law, allowing civil society actors to bypass domestic institutional obstacles to human rights enforcement. The parallel development of the Inter-American Human Rights System as an independent regime with a plurality of domestic answers to its normative growth leads to a unique path of development, adding an interesting set of models of transversal human rights governance to the broader field of ‘global governance’.",16,0,6,1.0
10.1111/JPC.14145,2c52e9f61be3ce65dc98353182f4f5ea,"We are writing this piece to reﬂect on whether Australia’s immigration policy complies with the United Nations (UN) Convention on the Rights of the Child. The Australian National Children’s Commissioner Megan Mitchell is currently reviewing Australia’s progress in implementing the UN Convention on the Rights of Children, on behalf of the Australian Human Rights Commission.",16,0,6,1.0
10.1093/CHINESEJIL/JMX018,f5bd2109c23ac66658a451de40a5ebe4,"Unilateral coercive measures are condemned by the UN General Assembly on a yearly basis for being contrary to international law and for having negative effects on human rights and the economy of developing States. Although legal doctrine generally finds that the limitations of economic coercion are a grey area of international law, these resolutions could be indicative of an emerging prohibition. Upon closer scrutiny, however, it would appear that they do not satisfy the required criteria—as developed by international jurisprudence and doctrine—for establishing a new custom. That being said, the resolutions clearly illustrate a divide between developed and developing States on the legitimacy of unilateral sanctions that should not be dismissed. In the interests of understanding how this division came into existence and how we can overcome it, the article proceeds to address the social factors that lead to its creation.",16,0,6,1.0
10.1016/B978-0-12-404597-2.00005-X,2f8d103ae1579f9e31139f49e7a5923d,"Police administration refers to the control and operation of law enforcement agencies, and the subsequent discharge of policies that keep the peace, increase public safety, and prevent crime. From a command perspective, police administration involves setting agency policy and making operational decisions that best achieve the aforementioned goals without violating the law or the public trust. From a human resources perspective, police administration involves making ethical and lawful decisions related to the hiring, management, retention, discipline, and termination of law enforcement personnel. All of this requires accountability, both internal and external. This chapter examines the primary ethical issues relevant to law enforcement command, human resources, and related mechanisms for accountability in turn. It closes with a discussion of issues related to transparency.",16,0,6,1.0
10.4337/9781783475933.00006,96ac92df6f9880a7aeb5c0d46e1ce83d,"Litigation on the patentability of isolated genes and cells in the Myriad, WARF and Brustle cases has resulted in landmark rulings from the highest courts in the US and Europe. From the patients’ and researchers’ perspective, the concerns center primarily on the adverse impact of the patents on access to science and its benefits, a universal and fundamental human right enshrined in Article 17 of the Universal Declaration of Human Rights (UDHR) and Article 15 of the International Covenant on Economic, Social and Cultural Rights (ICESCR) respectively. The first chapter of the book sets out the context and challenges posed by the modern patent system to the right of everyone to access the benefits of science in international law.",16,0,7,1.0
10.1057/IP.2010.1,f2e44845b193abae31768acdc5d8ceaf,"This article is motivated by two trends in international relations (IR): the general trend toward global neoliberalism, and the discursive turn in IR scholarship. Neoliberalism, while not fully practised anywhere, has become the dominant discourse and normative measure of economic policy ideas around which policy debates coalesce. This all is the more noticeable among the lesser-developed countries. This article attempts to explain this gradual shift in the global political economy where most discussions centre around a core set of ideas and beliefs about how the system ought to function. Given that evidence of this ideational/discursive shift predates the end of the Cold War and changed out of step with the steady growth in economic interdependence, new approaches are warranted. What is argued here is that the study of social interaction among states will shed considerable light onto how the international system has developed into its current state.",16,0,5,1.0
10.2139/SSRN.1007699,360b074dd45deef43c11d734cf3c9819,"Law enforcement is decentralized. It is so despite documented interjurisdictional externalities which would justify its centralization. To explain this fact, we construct a political economy model of law enforcement. Under decentralization, law enforcement in each region is in accord with the preferences of regional citizens, but interjurisdictional externalities are neglected. Under centralization, law enforcement for all regions is chosen by a legislature of regional representatives which may take externalities into account. However, the majority rule applies for decisions made by the central legislature and this implies that the allocation of enforcement resources may be skewed in favour of those who belong to the required majority. We show that the choice between centralization and decentralization depends on the technology of law enforcement and the nature of the interjurisdictional externalities.",16,1,6,0.7142857142857143
10.1007/978-3-319-64289-5_27,955be851cc6cc51b84b5f2902e0199cb,"Penang in Malaysia and the city-state of Singapore ought to be considered emblematic of the UK’s colonial legacy of planned immigration for economic reasons, involving Southern and Southeast Asia. After independence, he notes, a compromise between different ethnocultural components was achieved by discarding the European-like political model of national state and adopting a model in which both the autochthonous population and the immigrants are regarded as members of a consociation characterized by power sharing and by a differentiated citizenship. Giordano’s ethnography shows that in a situation marked by highly conspicuous ethnocultural differences, power sharing and a policy of unity in separation stemming from the political principle of differentiated citizenship have generated forms of social cohesion characterized by constant tensions and, at times, open conflict, but also by social practices of respect towards cultural diversity.",16,1,7,0.75
10.1080/13642987.2015.1027062,de721ca051bbb95646ecfc5da25bbf0c,"The field of transitional justice has traditionally focused on accountability for human rights violations amid regime change, often accompanied by democratisation, rebuilding states and revitalising national communities. But concepts drawn from transitional justice can also shed light on the dynamics of accountability within the ordinary course of political change in a stable and mature democracy. This article utilises transitional justice as a heuristic to frame the post-9/11 United States’ effort to confront torture and other grave human rights violations committed in the war on terrorism. The article concludes that not seeking accountability in the face of political opposition and resistance carries significant costs. Terrorism poses particular concerns for adherence to human rights, even in mature democracies, given the multiple pressures to sacrifice liberty for security. A state's failure to pursue accountability may mitigate political controversy and avoid straining the social fabric, particularly ...",16,0,6,1.0
10.2139/SSRN.1966257,bfd1cd2ffab12005b4ee80f3e1ab9ddf,"This paper describes the methodology used to build the WJP Rule of Law Index – a new quantitative assessment tool designed to offer a comprehensive picture of the extent to which countries adhere to the rule of law in practice. The WJP Rule of Law Index provides new data on nine dimensions of the rule of law − limited government powers, absence of corruption, order and security, fundamental rights, open government, regulatory enforcement, access to civil justice, effective criminal justice, and informal justice − and is compiled from original surveys of the general public and local legal experts. The paper also presents estimates for an initial group of 66 countries.",16,0,5,1.0
10.1080/15582159.2016.1238736,1ea173097a4411f6192c8f119e9d9af8,"ABSTRACTIn 1956, southern Congressmen signed the Southern Manifesto, rejecting the Supreme Court’s Brown v. Board of Education ruling. This moment, in the general American consciousness, marked the rise of White massive resistance to Black advancement, a racist foray doomed to be swept aside by civil rights forces and a determined federal government. The reality is more complex. In the case of education policy in Mississippi, White hardline resistance stretches from the end of the Civil War through the modern school choice debate. The advocates and opponents of school choice should know this history of racist education policy in Mississippi.",16,0,6,1.0
10.1057/978-1-349-94938-0_11,f13354b0096e040f8858aa5cf5f63182,"This chapter explores enabling and constraining conditions for CSO engagement in the EU Security Research Programme (ESRP). Security policy and, by default, research are contentious public policy fields, not easily accessible to CSOs, despite controversies regarding the effectiveness, accountability, and compliance with fundamental rights of counter-terrorism and crisis management practices in Europe. CSOs have the potential to better ground ESRP in societal realities, making it more responsive and responsible. First, the chapter documents the goal ambiguity of the institutional background, second, it lays out dominant and alternative framings of technology and innovation, third, it examines the weak position of CSOs within the stakeholder ecology of the ESRP. The chapter identifies a series of developments which are currently conducive to opening a window of opportunity for CSOs.",16,0,6,1.0
10.1080/00076790701296100,0f54613be52650829b13dfee8fb3b114,"Debates about the role of capitalist corporations depend ultimately on their response to the enduring question of ‘who controls the large modern corporation’. This article aims to identify various competing schools of thought that can be classified as ‘managerialist’ and ‘anti-managerialist’, ‘mainstream’ and ‘radical’, which have emerged over the course of the last 70 years, moving on to consider how each has impacted on the discipline of business history. The paper utilizes a two-by-two matrix that divides theories along two dimensions to set out four alternative perspectives. Along the horizontal dimension, anti-managerialism is opposed to managerialism, along the vertical dimension, mainstream and radical perspectives are opposed. The article then assesses the extent to which these conflicting perspectives have influenced the work of business historians, from Chandler's earliest work through to more recent thinking on the links between corporate governance, accountability and broader market forces. Em...",16,1,6,0.7142857142857143
10.1177/1532708606288645,36698fc59f1c98bc054fbf76e4f1d894,"This essay considers the relationship between piracy, terrorism, and post-9/11 U.S. foreign policy as it is outlined in the National Security Strategy of the United States (NSSUS). The NSSUS's discursive formation undertakes two noteworthy rhetorical maneuvers: It confuses piracy with terrorism, thereby shifting focus away from piracy as theft toward the threat of terrorism at sea, or ""floating bombs,"" and it nationalizes terrorism, thereby making terrorists subject to retaliation by the U.S. military. Because post-9/11 distinctions between terrorists, those who pursue violence for political ends, and pirates, those who pursue violence for profiteering ends, have become increasingly difficult to substantiate in the American social imaginary, the collapse of these two categories signifies a final conflation of state power and economic power into one homogenizing, all-consuming force called empire. At the same time, piracy has become a formidable form of global capitalism sharing many characteristics with t...",16,0,6,1.0
10.1080/00045608.2014.944452,407346ab5b346f5f14f50d687a55b912,"Through fourteen in-depth interviews1 conducted in February 2013 with women from Boeung Kak Lake—a high-profile community under threat in Phnom Penh—this article argues that the occurrence of, and activism against, forced eviction is an embodiment of “intimate geopolitics.” The article demonstrates the manifold relationship that forced eviction reflects and ferments between homes, bodies, the nation-state, and the geopolitical transformation of Southeast Asia. Forced eviction is framed as a geopolitical issue, one that leads to innermost incursions into everyday life, one that has spurred on active citizenship and collective action evidencing the injustices of dispossession to diverse audiences, and one that has rendered female activists’ intimate relationships further vulnerable. In doing so, it charts how Boeung Kak Lake women have rewritten the political script in Cambodia by publicly contesting the inevitability accorded to human rights abuses in the post-genocide country.",16,0,7,1.0
10.1163/9789004221314_002,0faf24edf4cd3e11c0e0bc70ec456775,"The Convention for the Prevention and Punishment of the Crime of Genocide was adopted in Paris, on December 9, 1948, at the third session of the United Nations General Assembly. The Genocide Convention was the first human rights treaty of the modern system, codifying an international norm that protects the right to life and to the existence of national, ethnic, racial, and religious minorities. Many historians and sociologists employ the term genocide to describe a range of atrocities involving killing large numbers of people. The legal concept of genocide was forged in the crucible of post-Second World War efforts to prosecute Nazi atrocities. The Genocide Convention continues to fascinate jurists, politicians, journalists, and human rights activists. In early 1945, genocide and crimes against humanity were cognates, terms devised to describe the barbarous acts of the Nazi regime.  Keywords:Genocide Convention, human rights, humanity, international crimes, Nazi regime",16,0,6,1.0
10.17230/NFP.13.88.7,8ea5c480d09d4e1d999ed1831c64cd4c,"The final agreement signed between the FARC rebels and the Colombian government deals with important issues like victims, illegal drug trafficking, restitution of land, and others. In this way that this text pretends to give an analysis of the agreement from the perspective of criminal law, primarily from the special jurisdiction for peace – being this a topic used by the opposition in the campaigns for the plebiscite – and for this the differences between ordinary criminal justice and transitional justice are considered, with the requirements and obligations that bring access, in this case, the second one. Intending to explain how this jurisdiction does not mean impunity as many think, and without leaving aside the relationship that this jurisdiction has with the repair of the victims",16,0,6,1.0
10.1057/9781137504081_1,7fceb0747983e4567e7d4c9256f156fb,"This chapter argues that the “authority vacuum” that followed the revolutions against Arab authoritarian regimes — affecting state’s ability to deliver public services which influenced citizens’ human and state’s national security — is the symptom rather than the cause of the current turmoil. Arab populations protesting in 2011 against poverty, corruption and poor services, are now facing worse conditions than those they have protested against. The original sin is the failure/ weakness of the post-colonial Arab state in its pursuit of modernity. Arab republics, set up by revolutions/ coups in the 1950s and the 1960s, promised to establish a modern, democratic state based on socio-economic justice. Nevertheless, four decades later, Arab states were still lagging behind in economic and political development, social justice, and the provision of services. Injustices were kept silent by the heavy hand of the regimes which, once challenged or toppled, gave way to the current turmoil.",16,1,7,0.75
10.1017/S0020589313000250,2db8eecf04ace4d6564365188420e4a2,This case  1   marks the first pronouncement by the International Court of Justice (ICJ) on the obligation to extradite or prosecute ( aut dedere aut judicare ) in international law. It is the second contentious case in which the ICJ has held the defendant country in breach of its obligations under a human rights convention. The ICJ both added to the corpus of norms it has formally recognized as peremptory norms ( jus cogens ) and also reinforced the principle that former heads of state are subject to universal jurisdiction for grave violations of international law.,16,0,5,1.0
10.2747/0272-3638.25.1.31,725a3faca2b0262126cb2f64c847c172,"The article analyzes the ""logic of scale"" in affirmative action law from Regents of California v. Bakke (1978) through the 2003 University of Michigan cases. The arc of cases shows how the legal system has used institutional and geographic hierarchies to evaluate the constitutionality of affirmative action programs. During this period, the Supreme Court recognized both diversity rationales and remedial justifications for racially conscious policies. The Court began with a contentious, qualified endorsement of diversity justifications, then shifted its attention to remedial justifications during the 1980s and 1990s before returning to diversity issues in the Michigan cases. Under remedial theories, courts have used a logic of scale to separate cause, effect and remedy. The separation by scale restricted affirmative action policies to institutions and jurisdictions seen to be directly responsible for discrimination without regard to the scale of discrimination's effects.",16,0,6,1.0
10.1080/23761407.2017.1420514,f9a4aea0039f4b199cf7fcd74e60d792,"The problem of human trafficking continues to be one of the vilest human rights abuse and manifestation of social injustice around the world. A lot of antitrafficking efforts have been put in place. However, there is still a lot of emphasis on the criminal aspect of the problem. This has meant that human and practical aspects of the problem have not received sufficient attention, including assessing the problem, victims, and perpetrators in their environments. The ecological perspective helps practitioners, researchers, and policy makers to better understand the problem. This article uses the main concepts in this theory to frame the problem. Discussions are directed toward understanding the different aspects of the problem from an ecological perspective.",16,1,7,0.75
10.1093/OSO/9780190697570.003.0005,dfdb0148a00b74ebf788521f360a57d4,"This paper contributes to the emerging field of comparative international law with a focus on academic international law in Germany, but also with an interest in the methodology of comparison. It uses the concept of social field as the starting point for its inquiry, outlines the different fields that are at play in international law, and then inquires into the operation of these fields, and their interrelations, in the case of Germany. It highlights particular characteristics of German international legal thought, the relatively limited projection of German scholarship into the transnational field of international law, and the peculiar dependence of international law on the broader public law field in Germany. It then inquires into the respective strengths of field-based and alternative approaches for understanding German international law, and concludes by considering the broader promise of placing social fields at the center of the comparative effort.",16,1,6,0.7142857142857143
10.2139/SSRN.1923888,da5999b76d5c77441ce271982183aeb9,"The Wikipedia Public Policy Initiative was a successful e-learning pilot project that promoted collaboration between policy classes at U.S. universities and the Wikipedia online social network. Incentives for participation included new media literacy development, collaborative learning and engagement in a growing wiki-culture. The expanded Global Education Program now will connect the initiative to classes in Brazil, Canada and India.",16,1,6,0.7142857142857143
10.1080/15614263.2014.978319,e5bda07b2f7c3b9e9bb548fbd7236bd5,"Two areas of criminology and criminal justice research (CCJ) receive regular attention in the academic literature – the underutilization of qualitative methods and the proper role of research in policy. This paper advances the understanding of both of these issues in the field of police scholarship. It presents the results of content and chi-square analyses of 88 empirical studies of US police published in top policing and CCJ journals. This study finds that the top policing and CCJ journals publish articles that use qualitative methods at vastly disproportionate rates than those using quantitative methods. Police-specific journals publish articles using mixed methods at a higher rate than CCJ journals. Data on practitioners-as-authors, articles’ funding sources and topics, and levels of law enforcement studied also inform considerations for police practitioners, police researchers, and collaborations between them.",16,0,7,1.0
10.1350/CLWR.2014.43.1.0265,237f1c3a00ca8d98ba341836035266a2,"The past 30 years have seen the development of ‘New Commonwealth’ forms of judicial review. These models of review are characterized by an emphasis on institutional dialogue over either legislative or judicial supremacy. Thus, instead of giving courts a strike down power, dialogic review grants courts the power to declare legislation ‘incompatible’ with human rights norms while leaving the fi nal say on the legislation with the legislature. This article explores the potential for controversy when such a non-binding mechanism is employed in the arena of the criminal law. In particular, it focuses on the Northern Irish case of R v McR and the Australian case of Momcilovic v the Queen. These cases demonstrate the diffi culties associated with the operation of dialogic review in the criminal law.",16,0,5,1.0
10.1093/HRLR/NGM044,a2b31159cd0dcb3ae7b8b3ca88fc1cb5,"On 13 December 2006, the General Assembly of the United Nations adopted the Convention on the Rights of Persons with Disabilities (CRPD) and an associated Optional Protocol. The formulation of the CRPD has been hailed as a great landmark in the struggle to reframe the needs and concerns of persons with disability in terms of human rights. The CRPD is regarded as having finally empowered the world's largest minority to claim their rights, and to participate in international and national affairs on an equal basis with others who have achieved specific treaty recognition and protection. This essay interrogates the intellectual antecedents of the CRPD and its continuity and discontinuity with 25 years of international law and its struggles with disability and human rights. It then explores the text of the CRPD, critically examining its potential contribution to the realisation of the rights of persons with disability.",16,0,6,1.0
10.1016/J.BPOBGYN.2019.05.004,99c052233731d78ba0d52de9171e9578,"This chapter reviews the evolving consensus in international human rights law, first supporting the liberalization of criminal abortion laws to improve access to care and now supporting their repeal or decriminalization as a human rights imperative to protect the health, equality, and dignity of people. This consensus is based on human rights standards or the authoritative interpretations of U.N. and regional human rights treaties in general comments and recommendations, individual communications and inquiry reports of treaty monitoring bodies, and in the thematic reports of special rapporteurs and working groups of the U.N. and regional human rights systems. This chapter explores the reach and influence of human rights standards, especially how high courts in many countries reference these standards to hold governments accountable for the reform and repeal of criminal abortion laws.",16,0,8,1.0
10.1109/MSP.2018.2701152,bc5404a8d701d5b5f5e1ff82397ebf90,"As concerns about unfairness and discrimination in ""black box"" machine learning systems rise, a legal ""right to an explanation"" has emerged as a compellingly attractive approach for challenge and redress. We outline recent debates on the limited provisions in European data protection law, and introduce and analyze newer explanation rights in French administrative law and the draft modernized Council of Europe Convention 108. While individual rights can be useful, in privacy law they have historically unreasonably burdened the average data subject. ""Meaningful information"" about algorithmic logics is more technically possible than commonly thought, but this exacerbates a new ""transparency fallacy""---an illusion of remedy rather than anything substantively helpful. While rights-based approaches deserve a firm place in the toolbox, other forms of governance, such as impact assessments, ""soft law,"" judicial review, and model repositories deserve more attention, alongside catalyzing agencies acting for users to control algorithmic system design.",16,1,6,0.7142857142857143
10.1177/0022002707313691,a8e57e6dc1b9aa26066a777aedda5d5a,"Scholars of international relations have devoted remarkably little attention to the issue of why and when states enter international organizations (IOs). We argue that states have particular reason to enter IOs during the process of democratization. In the midst of a democratic transition, state leaders have difficulty making a credible commitment to sustain reforms, since they can benefit from rolling back liberalization. Gaining membership in an IO can enhance the credibility of leaders' commitments to democratic reforms. However, not all IOs are equally useful in this regard. We distinguish between IOs that cover standards in areas such as human rights and environmental protection, those that regulate economic activity, and those that are forums for addressing broad political problems. We argue that democratizing states have greater reason to join standards-based and economic IOs than political organizations. The results of a set of statistical tests support this argument.",16,0,6,1.0
10.1002/IJGO.12351,7128117a7f05aef6530bb205c498412c,"Women and girls with disabilities have historically been denied the freedom to make their own choices in matters relating to their reproduction. In the healthcare sector they experience multiple discriminatory practices. Women and girls with intellectual disabilities are particularly vulnerable to coerced or forced medical interventions. The present article considers the contribution the Convention on the Rights of Persons with Disabilities makes towards affirming the rights of women and girls with disabilities to enjoy reproductive autonomy, including autonomy related to reproductive health, on an equal basis with individuals without disabilities. The Convention is paradigm-setting in its maximal approach to affirming the rights of individuals with disabilities to make autonomous choices under conditions of equality and non-discrimination. The Convention is the first human rights treaty to clearly affirm that impairment of decision-making skills is not a justification for depriving a person with cognitive or intellectual disability of legal capacity.",16,1,6,0.7142857142857143
10.1057/978-1-137-31501-4_7,0420ebde9e85f695312ff11ce507cbe0,"Assuming that connectivity between states and the treaty is a prerequisite for impact translation, this chapter introduces the concepts of principled and substantive connectivity. The first is comprised of ratification of the Convention on the Elimination of All Forms of Discrimination against Women (CEDAW), reservations, and ratification of the Optional Protocol (OP). The second is comprised of States Parties’ reporting habits and dialogue frequency with the Committee. This chapter asks if levels of connectivity depend on any of the following characteristics: belonging to a certain world region, regime type, and level of domestic de facto gender equality. The chapter reveals that many more states have reached a high level of principled connectivity than meaningful substantive connectivity. This is mostly due to the sub-optimal reporting discipline of the majority of States Parties.",16,0,5,1.0
10.1007/S10611-014-9547-1,04124000ed2a97cfd1c47d44cb197f80,"New specialized courts have emerged in many countries, both in response to international pressure for legal reform and reflecting states’ own choice. Among these courts are specialized anti-corruption courts. The Indonesian Court for Corruption Crimes in Jakarta, originally established by statute in 2002, gained prominence and notoriety for its near-100 % conviction rate in over 250 cases. However, in 2010, exclusive jurisdiction over corruption cases was ‘decentralized’ to special corruption courts established in Indonesia’s 34 provincial capitals. The prudence of this has been strongly criticized, with questions raised about whether these regional courts have maintained the professionalism of the sole Jakarta court. This paper examines the rationale for the establishment of these courts and whether conviction rates are useful indicators of their performance.",16,0,6,1.0
10.1017/AJU.2019.62,6600a9bf02e5bf2d83d670993f39cfa9,"Political corruption is a massive barrier to economic development and good governance. International institutions have become leaders in the effort to combat the problem. A growing number of such institutions have crafted official anticorruption rules, procedures and policies designed to deter the abuse of power within their membership and within institutional practice. Despite these regulatory developments, little is known about the role these institutions play in influencing corruption or whether the growing set of governance rules now in place have any effect.",16,0,5,1.0
10.1177/0886260515622842,5bd7583ddd65a8ccc62d272764590c39,"Intimate partner violence (IPV) is a major public health problem and global human rights violation. Effective interventions can only be created upon conducting qualitative studies that explore the cultural context of an affected population and how they interpret the phenomenon. This qualitative study investigated Kenyan women’s perceptions of IPV. Two community-based focus groups (n = 19) were conducted with Kenyan women in Nairobi. Conventional content analysis identified seven primary themes that emerged from focus group data: snapshot of violence, poverty, cultural context, masculinity, women taking action, resources, and, prevention strategies. Themes are described and implications for further research and intervention are presented.",16,0,6,1.0
10.1504/IJPLAP.2017.10006648,02553f577d2f0a3c7253ff43dd6b7a74,"Maritime security is a major concern for Malaysia as a maritime nation. The crucial question nevertheless is whether there are adequate laws to deal with key maritime crimes that need effective law enforcement measures. The paper finds that no maritime offences are criminalised in the Penal Code, the principal criminal law of Malaysia and that there is neither an anti-piracy law nor any other special criminal law available in Malaysia to combat maritime crimes. A regretful failure to apply a more appropriate law to prosecute Somali pirates demonstrates well an urgent need in Malaysia for a law reform that can effectively combat maritime crimes. On the basis of an analysis of the laws of selected common law countries, the paper concludes with suggestions on proposed maritime crimes law to be recommended to the Government of Malaysia.",16,0,5,1.0
10.1017/XPS.2017.26,47eb6a3f82314e11f3c0ca4988ca59ed,"This paper contributes to the growing literature on anti-corruption accountability by comparing individual decision making under different norms and institutions. Employing an experimental methodology, I examine how the propensity to report corruption differs between Northern and Southern Italians, two groups that experience very different levels of corruption in everyday life. Further, the experiment measures behavior under two different institutional environments: a ""strict enforcement"" condition where reports always result in sanctions against perpetrators, and a ""lax enforcement"" condition where 50% of reports are ignored. I find no difference in the behavior of Northern and Southern Italians in the lax enforcement condition, but in the strict enforcement condition, Southerners are much more likely to denounce wrongdoing, while the behavior of Northerners remains unchanged. These results demonstrate that exposure to corruption may strengthen accountability norms, but only in the presence of highquality enforcement institutions.",16,0,5,1.0
10.1080/14781150303907,cf8bcaddd50c05e7e992643111cd87ad,"The end of the Cold War witnessed a renewed attempt to deal with massive human rights violations. Efforts to establish accountability in Cambodia and East Timor through war crimes tribunals or truth commissions regarding the Khmer Rouge and Suharto's Indonesia have been obstructed by domestic forces and outside powers. Since the domestic courts lack impartiality and resources, tribunals and truth commissions must be integrated in a comprehensive and international manner to administer justice and begin the process of reconciliation. Dilemmas of justice versus peace, and amnesty versus accountability are subordinate to the role of great powers. Thus, individual criminal responsibility must apply to those directly responsible but also to the decision-makers of great power patrons such as China and the United States, which aided the Khmer Rouge and Indonesian military, respectively. Therefore, the time span of the conflict must be broadly defined to incorporate the harmful role of all actors.",16,0,6,1.0
10.1093/JICJ/MQP074,35ddbcae3e2b729ee34e2d35c1384032,"The complementary jurisdiction of the International Criminal Court vis-a' -vis national jurisdictions imposes a duty on state parties to exercise criminal jurisdiction over those responsible for international crimes. States are required to amend their penal laws to bring them into line with the Rome Statute and to pass enabling legislation. This article assesses how the laws of Botswana allow for the prosecution of international crimes. It examines the challenges facing the Botswana courts in relation to the exercise of universal jurisdiction and the criminalization of international crimes, as well as issues of immunity. It will further seek to ascertain whether the laws and policies reflect Botswana’s commitment to international criminal justice. By way of conclusion, the article highlights obstacles to the implementation of the Rome Statute and the prosecution of international crimes in Botswana.",16,0,5,1.0
10.1177/0144739414566786,b0ca8cc296ee5ae12bea14459fbcc4c9,"Promoting understanding of quality in the context of good governance can be a challenging classroom exercise not only because of the potential for hijacking politicization of the discussion, but also because of the variety of ways in which public sector goals can be defined, even in the context of a single policy. Standards of quality in the present in the contemporary practice of public administration include many words beginning with “E” in the English language. Employing the “E’s are Good” taxonomy helps communicate different aspects of good governance to students in public administration and policy courses. In this article, literature surrounding the public sector standards of quality is reviewed using this framework. Examples of discussion of the E concepts drawn from legislative discourse surrounding Canadian health and social policy designed are then considered as an empirical case study.",16,1,6,0.7142857142857143
10.5901/MJSS.2013.V4N13P187,f9e3e674f5a11813dde48d5291611125,"Security is tied to both social, political and economic growth and development of Nigeria. The negligence of the security sector is responsible for the non-performance of democratic governance and its attendant violent crimes, such as armed robbery, ethnic crisis, electoral violence, kidnapping, police brutality, etc. The relationship between democratic governance and security is not automatic in Nigeria. Therefore this paper uses available sources of data as its method or technique of data collection and analyse the missing gaps between security and development. The paper advance its findings and suggest some recommendations, some of which are, provision of an appropriate infrastructure for good governance, rule of law, overhauling the security sector to meet the challenges of law enforcement, surveillance and protective service delivery, creation of employment opportunities, and programmes to embark on total moral re-orientation of the citizens among others.   DOI:  10.5901/mjss.2013.v4n13p187",16,0,6,1.0
10.1007/978-981-10-2884-7_4,bfc73e42876f4d196f504585bfcbf47c,"This chapter examines two dimensions of EU efforts regarding peacekeeping and peacebuilding. The first dimension is to highlight the EU role within EU bloc that was formerly called the EC. This dimension explores what are the imperatives of European ambition to resolve the inter-bloc disputes, conflicts and rivalries. This study entails that EU has been working hard for conflict resolution within the bloc, including Franco-German rivalry and ethno-national disparities of Northern Ireland. Second, this chapter underlines the role of EU in other European crises such as Yugoslav crises that turned the EC towards peacemaking during early and mid-1990s.",16,1,6,0.7142857142857143
10.1111/AJPS.12259,9c36893f05d2085623cb176d4abceb0f,"How does multinational corporation (MNC) activity affect corruption in developing countries? The existing literature tends to suggest that economic integration helps reduce corruption, as it increases market competition and efficiency and promotes the diffusion of good governance. In this article, I argue that such a generalization oversimplifies the consequences of MNC activity in host countries. The entry and presence of MNCs may contribute to rent creation in developing countries, thereby leading to a high level of corruption. To test this argument, I conduct a case study on China and draw from original data of filed corruption cases to construct measures of corruption. I find that provinces with more MNC activity are strongly associated with more corruption. The results are robust and consistent when possible endogeneity, law enforcement, and alternative measures of corruption are considered. This finding has important implications for domestic governance in developing countries.",16,1,6,0.7142857142857143
10.1007/978-90-481-8996-0,543e103b91192640f24416757494ef49,"1. Introduction: Andrew Buchwalter.- 2. Hegel on Cosmopolitanism, International Relations, and the Challenges of Globalization: Steven V. Hicks.- 3. Beyond Leviathan: Hegel's Contribution to the Critique of Human Rights: Robert Fine.- 4. Between Statism and Cosmopolitanism: Hegel and the Possibility of Global Justice: Thom Brooks.- 5. Toleration, Social Identity, and International Justice in Rawls and Hegel: Maria Kowalski.- 6. Hegel, Civil Society, and Globalization: Peter G. Stillman.- 7. A Hegelian Approach to Global Poverty: Lydia L. Moland.- 8. The Coming World Welfare State Which Hegel Could Not See: Clark Butler.- 9. The Citizen of the European Union from a Hegelian Perspective: Paul Cobben.- 10. Hegel on War, Recognition, and Justice: Gary Browning.- 11. Hegel, Global Justice, and Mutual Recognition: Andrew Buchwalter.",16,0,6,1.0
10.1080/09709274.2015.11906918,5a4ab105a6e4a190beac20801876dd80,"Public service delivery protests in post-apatheid South Africa has come to characterize community life at the local sphere of government. Negative consequences of corruption, maladministration, mismanagement of public resources and poor service delivery, all negatively impact good governance in South Africa's young democracy. This paper intends to investigate the perceptions of municipal employees regarding service delivery and governance at the local government level. More often in South Africa, the assessment of the perceptions of service providers regarding service delivery has received minimal attention at the local government sphere as compared to those of service recipients. This paper fills this gap through literature analysis and an empirical survey conducted among the service providers at municipalities in the Limpopo province to obtain an insight of the perceptions of critical role-players and to provide recommendations to improve service delivery at municipalities in South Africa. The study adopts both qualitative and quantitative methodologies.",16,1,6,0.7142857142857143
10.1080/13510347.2013.834331,a0c1cdf19697628973335a681621708f,"This article examines whether decentralization in the Republic of Macedonia has contributed to widening effective political participation and strengthening democracy at the local level between 2005 and 2012. It begins by demonstrating the debate regarding political decentralization and its ability to mitigate ethnic conflict by facilitating the effective participation of national minorities in local institutions. An assessment of the largely consociational power-sharing mechanisms envisaged locally then determines whether decentralization has contributed to: improving the political representation of diverse groups in local decision-making processes, deepening local democracy by providing opportunities for residents to participate in local governance, and enhancing the transparency, accountability, and responsiveness of municipal governments. The opportunities Macedonian citizens have for participating directly in local decision-making processes are also evaluated. This article argues that whilst political...",16,0,6,1.0
10.1080/13642987.2011.537472,67caf931b1d882dd0b10048787e8ad9f,"This article analyses the impact that some of the United Nations special procedures, namely those focusing on economic social and cultural rights (ESC rights), have upon the development of international human rights law, in particular through clarifying the normative content of the rights and the development of soft-law instruments. It also examines the impact of the ESC rights mandate-holders in implementing ESC rights through promotion activities, protection work and country missions and explores modalities for improvement.",16,0,5,1.0
10.18543/ED-62(2)-2014PP93-119,aa55e392c8e819d989018013b5f7483c,"Article 11 of the Charter of Fundamental Rights officially inserts freedom of expression in the scope of European Union Law. But this freedom was a European fundamental right already, as a part of the common constitutional traditions of the member states and also through article 10 of the European Convention of Human Rights. At EU level, freedom of expression has been mixed up with economic freedoms and competition law, as well as with regulations on audiovisual communications, on data protection, on intelectual property rights and on electronic commerce. This article analyses the situation of freedom of expression in such regulatory framework and in the case law of the European Court of Justice.  Published online : 23 December 2014",16,0,6,1.0
10.1080/09592296.2015.1067522,3aa6a2b79fa15f642aa4aa9ab153878b,"By approving prohibitions on genocide and embracing the Universal Declaration of Human Rights (UDHR), the United Nations in 1948 sustained a theory premised on the centrality of people—both in their collective and individual capacities—that enjoyed primacy over the claims of the sovereign state. This affirmation of human rights dovetailed with the UN’s earlier endorsement of the Nuremberg principles with their emphasis on personal accountability. The melding of privileges and responsibilities gestured toward, although it did not fully encompass, that philosophical line strenuously espoused at the time by the eminent legal theorist, Hersch Lauterpacht: the state is not a sanctified end but merely the custodian of the welfare and ultimate purpose of human beings.This analysis examines the Genocide Convention and the UDHR and brings into conversation their drafting histories, politics, and diplomacy. It traces the saga of two seminal documents and their tandem fates in Cold War America. The collectivist proj...",16,0,6,1.0
10.1007/978-0-387-89295-5_2,eb0f5d2a2896d5c61f355e02b5910f7c,"The UN Convention on the Rights of the Child (hereafter the CRC) is a human rights treaty that covers many different areas such as civil rights and freedoms, family environment, health and welfare, education and child protection.1 But none of these areas have been so much elaborated in international guidelines and standards as Juvenile Justice.2",16,1,10,0.8181818181818182
10.1111/TSQ.12045,e06fbc9874974f9fb0ea2d4b6f968e1a,"This article deconstructs the “illegal–legal” binary that characterizes much immigration scholarship. Using in-depth interviews with 42 1.5-generation Brazilian immigrants in young adulthood, I find that respondents discuss a distinct hierarchy with four categories of legal membership—undocumented, liminal legality, lawful permanent resident (LPR), and citizen—that affect their daily lives and incorporation. Liminally legal and LPR statuses in particular challenge this illegal–legal dichotomy. Liminal legality is an “in-between” status in which immigrants possess social security numbers and work permits but have no guarantee of eventual citizenship. Without opportunities to regularize their status, both undocumented and liminally legal young adults face increased vulnerabilities to poverty and social exclusion. Liminally legal youth, however, are in better positions than their undocumented peers during early adulthood because of state-delimited rights associated with their legal status.",16,1,7,0.75
10.1163/18763375-00503003,6514408ce5882e55ccf23f676aa8c811,"This article explores the relationship between type of court system, parliamentary reform, and expanded female citizenship in four Arab states between 1990 and 2010. I argue that female citizens have acquired wider civil rights through parliament in relatively homogenous states with unitary court systems than in multireligious states with dual court systems. In Egypt and Morocco, unitary courts curbed clerical judicial authority over family law and weakened the resilience of conservative religious authorities. In these states, renewed pressures for reform after 1990 yielded strengthened female civil rights. In Syria and Lebanon, dual courts safeguard the judicial autonomy of clerics and enable them to resist pressures for family law reform more forcefully. In these states, little changed because the interests of political and religious authorities converge in ways that bolster group-based citizenship and constrain the civil rights of female citizens.",16,1,6,0.7142857142857143
10.1016/J.GLOENVCHA.2015.01.001,1b7ad33f6cc1f571f25f1a908ceb0ab2,"Abstract   Climate change poses a significant risk for communities, and local governments around the world have begun responding by developing climate adaptation policies. Scholarship on local adaptation policy has proliferated in recent years, but insufficient attention has been paid to operationalization of the unit of analysis, and methods employed are typically inadequate to draw inferences about variation across cases. This article seeks to contribute to the conceptual and methodological foundations of a research agenda for comparative analysis of local adaptation policies and policy-making. Synthesizing insights from policy studies literature and existing adaptation research, the article identifies and operationalizes two aspects of public policy—policy content and policy process—which are salient objects of comparative analysis that typically vary from one community to another. The article also addresses research design, outlining a comparative case study methodology that incorporates various qualitative analytical techniques as the vehicle to examine these policy elements in empirical settings.",16,7,0,1.0
10.1007/978-3-319-91770-2_6,cf606254670dc0705891fa73333b4116,"This chapter explores how a network of human rights advocates used the Australian Charter of Human Rights and Responsibilities (2008) to protect children and young people’s human rights. The chapter documents the response of community and legal activist groups which began by rejecting the use by media and politicians of a vocabulary of ‘emergency’ and ‘exceptionality’ before challenging the government in a landmark legal case in Victoria’s Supreme Court heard in May 2017. We explore how the state sovereignty continually constrains or threatens popular sovereignty. Against the liberal self-portrait of a civic culture informed by the rule of law principle, this case highlights the way the political apparatus elevates politics above the law and any regard for human rights.",16,0,5,1.0
10.1093/ISQ/SQAA046,fdf9e8b80f62c6557ee861a904807415,"Recent decades have witnessed the emergence and spread of a broad range of liberal norms in global governance, among them sustainable development, gender equality, and human security. While existing scholarship tells us a lot about the trajectories of particular norms, we know much less about the broader patterns and sources of commitments to liberal norms by international organizations (IOs). This article offers the first comparative large-N analysis of such commitments, building on a unique dataset on IO policy decisions over the time period 1980-2015. Distinguishing between deep norm commitment and shallow norm recognition, the analysis produces several novel findings. We establish that IOs' deeper commitments to liberal norms primarily are driven by internal conditions: democratic memberships and institutional designs more conducive to norm entrepreneurship. In contrast, legitimacy standards in the external environment of IOs, often invoked in existing research, mainly account for shallower recognition or ""talk"" of norms.",16,0,6,1.0
10.4314/KJBM.V3I1.65449,e95228d020f86f2241a67434650ac81e,"The purpose of this study was to examine conflict management in organizations as experienced in Kenyan secondary schools. Using a descriptive research design we collected data from 43 secondary schools in Machakos County, Kenya. We found that when the management is knowledgeable in conflict resolution, the schools also performed better. In spite of the limitations of our study these results reflect the central role conflict management plays in achieving organizational goals. Ergo we recommend integration of conflict management in leadership development programs for school principals.  Key words:  Conflict, Management and Organizations.",16,1,7,0.75
10.2139/SSRN.2039378,3c1e601e68ab96b686021929dab22573,"How ought the courts to approach a question under the European Convention on Human Rights which has not four-square been settled by the European Court of Human Rights at Strasbourg? This article argues in favour of an approach to Convention rights by national courts that focuses on the principles to be found in the ECHR as developed by the European Court. This is in some contrast to the approach currently adopted by the majority of the UK Supreme Court, in for example Ambrose. The suggested approach is more in line with the general approach of the common law to legal precedent, which for more than a hundred years has been that the courts in reaching their decision in each case draw upon the principles established in earlier authorities.",16,0,6,1.0
10.4324/9780203643983,1d8f51a3d9426cdca6282271e41545df,"Part 1: Framework 1. Globalization and the Citizenship Gap Alison Brysk and Gershon Shafir 2. Citizenship and Human Rights In An Era of Globalization Gershon Shafir Part 2: Producing Citizenship 3. Constituting Political Community Ronnie Lipschutz 4. Latitudes of Citizenship Aihwa Ong Part 3: Constructing Rights 5. Agency on a Global Scale: Rules, rights and the European Union David Jacobson and Galya Benarieh Ruffer 6. International Law and Citizenship: Mandated membership, diluted identity Peter Spiro Part 4: Globalizing the Citizenship Gap 7. Deflated Citizenship: Labor rights in a global era Gay W. Seidman 8. The Globalization of Social Reproduction: Women migrants Kristen Hill Maher 9. Children Across Borders: Patrimony, property or persons? Alison Brysk Part 5: Reconstructing Citizenship 10. Citizenship and Globalism: Markets, empire and terrorism Richard Falk 11. The Repositioning of Citizenship Saskia Sassen 12. Globalizing Citizenship? Alison Brysk and Gershon Shafir",16,0,5,1.0
10.26522/SSJ.V8I1.1038,bc5a0dee74e978a349a4c756dee8f017,"Against a backdrop of austerity, securitization, and the rampant enclosure of public spaces and democratic processes including the university and scholarship, this article critically explores what prefigurative engaged research – research capable of not simply documenting what is but contributing to struggles for social justice and social change – might look like, what it can contribute, and what its limitations are. Beyond familiar calls for a “public” or “applied” social science and drawing on a two-year-long project focused on radical social movements and the radical imagination in Halifax, Nova Scotia, Canada, this article explores what politically-engaged social science research might offer to social justice struggles aiming to construct a more just, democratic, dignified, liberated, and peaceful world.",16,1,14,0.8666666666666667
10.2307/1061596,bb93752f72f7b6a90ffb5b3f341185ed,"Aid dependence can potentially undermine the quality of governance and public sector institutions by weakening accountability, encouraging rent-seeking and corruption, fomenting conflict over control of aid funds, siphoning off scarce talent from the bureaucracy, and alleviating pressures to reform inefficient policies and institutions. Analyses of cross-country data in this paper provide evidence that higher aid levels erode the quality of governance, as measured by indices of bureaucratic quality, corruption, and the rule of law. These findings support the need for donors to develop less costly and less intrusive ways of disseminating state-of-the-art knowledge on public sector reform in developing countries.",16,0,6,1.0
10.1080/00045608.2010.523346,2384474934b83a784eeff614cf8fdca5,"Human geography articles published in the Annals of the Association of American Geographers over the past century have gone through several overlapping phases that include Darwinian environmentalist approaches during the early part of the century, a strongly antideterminist cultural geography influenced by Carl Sauer at midcentury, and a science of “space” supported by quantitative methods in the postwar period. All three approaches take a regional perspective, although with very different definitions of the region. During the 1970s, regional and quantitative methods remained strong, although humanism and Marxism became the two dominant methodologies. Since the 1980s, and the emergence of a variety of poststructuralist perspectives, these two approaches no longer run on separate tracks. The past two decades have seen the rather later influence of feminism and antiracism as major themes in the Annals, as well as strengthening of economic and political theories. Presidential addresses have played an importa...",16,6,1,0.7142857142857143
10.2139/SSRN.3140050,8d02973b61f49c08422b21793be19dc5,"Having analysed the factual background and procedural development of the ICSID case Pacifi c Rim v. El Salvador, this article suggests an argumentative approach that is alternative to the one adopted by the arbitrators in the final award and based on domestic constitutional law arguments. This approach, inspired by the practice of transnational human rights litigation, aims to provide a tool for introducing human rights into the investor-state adjudication system, and to favour the (functional) ‘constitutionalisation of international law’ (CIL). Under this approach, international arbitrators, when applying domestic law, would apply not only the relevant provisions of ordinary law, but the domestic constitutional system as a whole, taking into account its specific axiological hierarchy. The article finally explores the broader impact that this approach could have on CIL, engaging with this task through the lenses of the theory of societal constitutionalism.",16,0,5,1.0
10.2139/SSRN.3763099,d57f6ded4aea676b823eada5e52eeac9,"Part one of this paper examines how Hong Kong's new National Security Law reflects elements of post 9/11 security laws in liberal democracies including broad definitions of crime that include speech, the assertion of universal jurisdiction, elements to counter extremism, special national security courts including limits on trial by jury, increased police powers, new national security institutions including central government pre-emption and acceptance of co-ordinate construction. The second part, however, argues that the law goes far beyond even illiberal laws in liberal democracies in its impact on speech, the independence of the academy, the bar, and the judiciary and its effects on civil society, the media and educators by its emphasis on loyalty oaths, official disqualification, national security education and the creation of Beijing led national security institutions that may be immune from the rule of law.",16,0,10,1.0
10.1007/S40802-016-0061-2,e82dda63ca0d70cf57bbf02dcccfa6cf,"This article draws upon social science literature to offer a new assessment of the normative value of human rights law vis-a-vis international humanitarian law in territory under armed groups’ control. In particular, the article considers how the two bodies of law can be applied in a complementary manner to regulate the everyday life of civilians who are not involved in hostilities. The article demonstrates that while it might be tempting to imagine that concerns relating to rights such as the freedom of movement, the right to work or protection from common crime are completely displaced by considerations of physical security and survival in times of armed conflict, in reality this is often not the case.",16,0,5,1.0
10.1017/S2071832200021337,555f755a01aba2bfe2a220137c27b83e,"In 2012 and 2013, we observed how the European Stability Mechanism (ESM) was adjudicated by “EU courts, plural”: a number of high courts of the Member States (among them “Kelsenian” constitutional courts as well as representatives of a more hybrid model of judicial review of constitutionality) and the European Court of Justice (CJEU) were seized by challenges to the mechanism. What attracted attention was the fact that only one court, the Supreme Court of Ireland, decided to submit a preliminary reference to the CJEU, while the other courts, as would appear from their judgments, did not even consider the option. This was a suboptimal example of judicial dialogue in the case of ESM adjudication.",16,0,6,1.0
10.1136/BMJ.E6929,5bbfb5a874b207ab0fe2a10ac3d3d4e2,"Canada has earned a reputation as a nation with a high rate of criminal prosecutions of people with HIV who fail to disclose their HIV positive status to sexual partners. On 5 October the Canadian Supreme Court announced new appeals judgments that will continue to allow the criminalisation of non-disclosure of HIV status.   A coalition of HIV and AIDS advocacy groups in Canada quickly condemned the Supreme Court’s judgments as “unjust,” a “major step backwards for public health and human rights,” and “a cold endorsement of AIDS-phobia.”1  Canada has no specific law requiring someone who has tested positive for HIV to reveal their condition to sexual partners. However, prosecution lawyers have successfully used …",16,1,6,0.7142857142857143
10.1080/2158379X.2017.1382170,e82b0ae7b7f6823f49fc145ebd2ca455,"In this paper, we argue that democratic decentralization defined as the transfer of power and resources from central government to lower units of government to deliver downwardly accountable and responsive local representation does not entirely produce stronger local institutions for mass participation, good local governance and community development. This is supported with selected cases from Ghana to demonstrate how in the name of decentralization and effective local governance, spaces have been created to subvert and disempower traditional authorities and their institutions thereby affecting their relevance and active participation in local governance and development through time and across space.",16,0,6,1.0
10.1080/03050718.2015.1121156,eb0b836279b72a95144163b65b470bef,"The article seeks context for the 2010 Indian Prevention of Torture Bill, by critically examining the nature of the international law proscribing torture, then the universality of torture’s immorality. Argument covers the scholarship on torture categories and addresses the probity of evidence deriving from tortured subjects. It critically investigates the sociological literature on torture. It states a suggested policy guide, developed in a worldwide context, and therefore of use by any jurisdiction. In particular, this paper considers the underpinnings of the prohibition against torture and also will analyse the proposed Indian Bill on the delimited basis of the conflicting ideologies of the two greater jurists, Immanuel Kant and Jeremy Bentham. This paper asks whether the new Prevention of Torture Bill, 2010 (India), still not enacted, would prevent torture in India.",16,1,6,0.7142857142857143
10.1016/J.SOCNET.2011.05.003,b267b77ce18fed1924eccf35b7934038,"An increasing number of scholars are using longitudinal social network data to try to obtain estimates of peer or social influence effects. These data may provide additional statistical leverage, but they can introduce new inferential problems. In particular, while the confounding effects of homophily in friendship formation are widely appreciated, homophily in friendship retention may also confound causal estimates of social influence in longitudinal network data. We provide evidence for this claim in a Monte Carlo analysis of the statistical model used by Christakis, Fowler, and their colleagues in numerous articles estimating ""contagion"" effects in social networks. Our results indicate that homophily in friendship retention induces significant upward bias and decreased coverage levels in the Christakis and Fowler model if there is non-negligible friendship attrition over time.",16,6,1,0.7142857142857143
10.2139/SSRN.911182,d50523d7701aa960bf672dcec8de7f58,"The aim of this paper is to verify if the historic sentence of the Italian Supreme Court in Plenary Session no. 500/1999, has effectively contributed to diminishing incentive in the bribes market in Italy. To this aim we refer to the theoretical model of Acemoglu and Verdier (2000). The empirical analysis is based on a case study conducted in Sicily, in the province of Catania, by using a unique data set. The main results of the paper are that paying bureaucrats by means of an ""efficiency wage"" could be not useful in reducing corruption. An extension of the liability rule for public administration employees and civil servants may reduce the phenomenon of bribe exchanging. Finally, the perfect specification of property rights is helpful in reducing corruption.",16,0,15,1.0
10.2139/SSRN.3617901,b9eb74969bfb0c1a77304a84934a0ab8,"Reservations are a well-established tool which allows States to restrict their obligations under international law while participating in the creation of international treaty law. In addition to general rules regulating reservations, international treaties may limit the use of reservations. This is particularly relevant for international human rights treaties. This text introduces the reader to the role reservations can play in the context of the European Convention on Human Rights (ECHR).",16,0,7,1.0
10.1007/S10611-010-9259-0,27dd6992d9790f3807fa5ab64192c9d9,"The United Nations peace process in Sierra Leone is one of the most successful initiatives in conflict resolution in the history of the UN. The peace building process has led to sustainable peace in a country located in a highly conflict ridden region in the world. This paper analyzes the peacemaking process to understand the process and its underlying unique features. Placing the events in the context of peacemaking criminology and human rights, it is argued that the UN peacemaking greatly reflects the values advocated by peacemaking criminology, while the goals of the process reflect universal human rights, recognized and promoted by the United Nations Declaration of Human Rights (UDHR).",16,0,8,1.0
