source,year,state,total_activities,sdg_1_coverage,sdg_1_name,sdg_2_coverage,sdg_2_name,sdg_3_coverage,sdg_3_name,sdg_4_coverage,sdg_4_name,sdg_5_coverage,sdg_5_name,sdg_6_coverage,sdg_6_name,sdg_7_coverage,sdg_7_name,sdg_8_coverage,sdg_8_name,sdg_9_coverage,sdg_9_name,sdg_10_coverage,sdg_10_name,sdg_11_coverage,sdg_11_name,sdg_12_coverage,sdg_12_name,sdg_13_coverage,sdg_13_name,sdg_14_coverage,sdg_14_name,sdg_15_coverage,sdg_15_name,sdg_16_coverage,sdg_16_name,sdg_17_coverage,sdg_17_name
NSW_Bellingen_Rural_2023,2023,NSW,4,0.0,No Poverty,0.0,Zero Hunger,1.0,Good Health and Well-being,0.0,Quality Education,0.0,Gender Equality,0.0,Clean Water and Sanitation,0.0,Affordable and Clean Energy,0.75,Decent Work and Economic Growth,0.25,"Industry, Innovation and Infrastructure",0.0,Reduced Inequalities,0.75,Sustainable Cities and Communities,0.0,Responsible Consumption and Production,0.5,Climate Action,0.0,Life Below Water,0.0,Life on Land,0.25,"Peace, Justice and Strong Institutions",0.0,Partnerships for the Goals
NSW_Ballina_Urban_2023,2023,NSW,8,0.125,No Poverty,0.0,Zero Hunger,0.75,Good Health and Well-being,0.0,Quality Education,0.125,Gender Equality,0.0,Clean Water and Sanitation,0.25,Affordable and Clean Energy,0.875,Decent Work and Economic Growth,0.125,"Industry, Innovation and Infrastructure",0.0,Reduced Inequalities,0.5,Sustainable Cities and Communities,0.0,Responsible Consumption and Production,0.5,Climate Action,0.125,Life Below Water,0.125,Life on Land,0.75,"Peace, Justice and Strong Institutions",0.0,Partnerships for the Goals
NSW_Balranald_Rural_2023,2023,NSW,43,0.0698,No Poverty,0.0233,Zero Hunger,0.5349,Good Health and Well-being,0.0465,Quality Education,0.0233,Gender Equality,0.1163,Clean Water and Sanitation,0.0465,Affordable and Clean Energy,0.7907,Decent Work and Economic Growth,0.093,"Industry, Innovation and Infrastructure",0.0,Reduced Inequalities,0.3953,Sustainable Cities and Communities,0.0233,Responsible Consumption and Production,0.2326,Climate Action,0.0,Life Below Water,0.1163,Life on Land,0.3488,"Peace, Justice and Strong Institutions",0.0465,Partnerships for the Goals
NSW_Bathurst_Urban_2023,2023,NSW,30,0.0667,No Poverty,0.0,Zero Hunger,0.5,Good Health and Well-being,0.1333,Quality Education,0.0,Gender Equality,0.1333,Clean Water and Sanitation,0.1,Affordable and Clean Energy,0.5667,Decent Work and Economic Growth,0.0333,"Industry, Innovation and Infrastructure",0.0,Reduced Inequalities,0.3333,Sustainable Cities and Communities,0.1333,Responsible Consumption and Production,0.2667,Climate Action,0.0,Life Below Water,0.2333,Life on Land,0.0667,"Peace, Justice and Strong Institutions",0.0,Partnerships for the Goals
NSW_Bland_Rural_2023,2023,NSW,7,0.1429,No Poverty,0.1429,Zero Hunger,0.7143,Good Health and Well-being,0.0,Quality Education,0.0,Gender Equality,0.1429,Clean Water and Sanitation,0.0,Affordable and Clean Energy,0.8571,Decent Work and Economic Growth,0.0,"Industry, Innovation and Infrastructure",0.0,Reduced Inequalities,0.7143,Sustainable Cities and Communities,0.0,Responsible Consumption and Production,0.0,Climate Action,0.0,Life Below Water,0.1429,Life on Land,0.5714,"Peace, Justice and Strong Institutions",0.1429,Partnerships for the Goals
NSW_Albury_Urban_2023,2023,NSW,62,0.0323,No Poverty,0.0,Zero Hunger,0.5645,Good Health and Well-being,0.0968,Quality Education,0.0,Gender Equality,0.0484,Clean Water and Sanitation,0.1129,Affordable and Clean Energy,0.6129,Decent Work and Economic Growth,0.2097,"Industry, Innovation and Infrastructure",0.0,Reduced Inequalities,0.4194,Sustainable Cities and Communities,0.0484,Responsible Consumption and Production,0.2097,Climate Action,0.0,Life Below Water,0.0806,Life on Land,0.1613,"Peace, Justice and Strong Institutions",0.0,Partnerships for the Goals
NSW_Blayney_Rural_2023,2023,NSW,23,0.0435,No Poverty,0.0,Zero Hunger,0.5652,Good Health and Well-being,0.0435,Quality Education,0.0,Gender Equality,0.1739,Clean Water and Sanitation,0.087,Affordable and Clean Energy,0.7391,Decent Work and Economic Growth,0.1739,"Industry, Innovation and Infrastructure",0.1739,Reduced Inequalities,0.4783,Sustainable Cities and Communities,0.0,Responsible Consumption and Production,0.1304,Climate Action,0.0,Life Below Water,0.0,Life on Land,0.3913,"Peace, Justice and Strong Institutions",0.0,Partnerships for the Goals
NSW_Bogan_Rural_2023,2023,NSW,12,0.1667,No Poverty,0.0,Zero Hunger,0.4167,Good Health and Well-being,0.0,Quality Education,0.0833,Gender Equality,0.1667,Clean Water and Sanitation,0.0,Affordable and Clean Energy,0.5,Decent Work and Economic Growth,0.0,"Industry, Innovation and Infrastructure",0.0,Reduced Inequalities,0.6667,Sustainable Cities and Communities,0.0,Responsible Consumption and Production,0.1667,Climate Action,0.0,Life Below Water,0.1667,Life on Land,0.4167,"Peace, Justice and Strong Institutions",0.0,Partnerships for the Goals
NSW_Berrigan_Rural_2023,2023,NSW,63,0.0317,No Poverty,0.0,Zero Hunger,0.5079,Good Health and Well-being,0.0635,Quality Education,0.0159,Gender Equality,0.0635,Clean Water and Sanitation,0.0159,Affordable and Clean Energy,0.6984,Decent Work and Economic Growth,0.127,"Industry, Innovation and Infrastructure",0.0159,Reduced Inequalities,0.3651,Sustainable Cities and Communities,0.0794,Responsible Consumption and Production,0.1111,Climate Action,0.0159,Life Below Water,0.0317,Life on Land,0.4444,"Peace, Justice and Strong Institutions",0.0317,Partnerships for the Goals
NSW_Bayside_Urban_2023,2023,NSW,93,0.0323,No Poverty,0.0,Zero Hunger,0.7097,Good Health and Well-being,0.1613,Quality Education,0.0108,Gender Equality,0.086,Clean Water and Sanitation,0.0215,Affordable and Clean Energy,0.7849,Decent Work and Economic Growth,0.0645,"Industry, Innovation and Infrastructure",0.0,Reduced Inequalities,0.6667,Sustainable Cities and Communities,0.0753,Responsible Consumption and Production,0.1935,Climate Action,0.043,Life Below Water,0.0968,Life on Land,0.4301,"Peace, Justice and Strong Institutions",0.043,Partnerships for the Goals
NSW_Brewarrina_Rural_2023,2023,NSW,37,0.0811,No Poverty,0.0,Zero Hunger,0.6757,Good Health and Well-being,0.1081,Quality Education,0.1081,Gender Equality,0.1351,Clean Water and Sanitation,0.1622,Affordable and Clean Energy,0.6757,Decent Work and Economic Growth,0.1892,"Industry, Innovation and Infrastructure",0.027,Reduced Inequalities,0.3243,Sustainable Cities and Communities,0.027,Responsible Consumption and Production,0.2703,Climate Action,0.0,Life Below Water,0.0811,Life on Land,0.4865,"Peace, Justice and Strong Institutions",0.0541,Partnerships for the Goals
NSW_Burwood_Urban_2023,2023,NSW,45,0.0889,No Poverty,0.0,Zero Hunger,0.6889,Good Health and Well-being,0.0667,Quality Education,0.0222,Gender Equality,0.0222,Clean Water and Sanitation,0.0667,Affordable and Clean Energy,0.7333,Decent Work and Economic Growth,0.0889,"Industry, Innovation and Infrastructure",0.0444,Reduced Inequalities,0.5333,Sustainable Cities and Communities,0.0667,Responsible Consumption and Production,0.0889,Climate Action,0.0,Life Below Water,0.1333,Life on Land,0.2444,"Peace, Justice and Strong Institutions",0.0667,Partnerships for the Goals
NSW_Bourke_Rural_2023,2023,NSW,53,0.0755,No Poverty,0.0,Zero Hunger,0.4528,Good Health and Well-being,0.1698,Quality Education,0.0377,Gender Equality,0.2264,Clean Water and Sanitation,0.0566,Affordable and Clean Energy,0.4906,Decent Work and Economic Growth,0.0189,"Industry, Innovation and Infrastructure",0.0,Reduced Inequalities,0.3774,Sustainable Cities and Communities,0.0189,Responsible Consumption and Production,0.1321,Climate Action,0.0,Life Below Water,0.0943,Life on Land,0.2453,"Peace, Justice and Strong Institutions",0.0,Partnerships for the Goals
NSW_Blue Mountains_Urban_2023,2023,NSW,94,0.0426,No Poverty,0.0,Zero Hunger,0.4894,Good Health and Well-being,0.0532,Quality Education,0.0319,Gender Equality,0.0532,Clean Water and Sanitation,0.1064,Affordable and Clean Energy,0.6064,Decent Work and Economic Growth,0.1277,"Industry, Innovation and Infrastructure",0.0106,Reduced Inequalities,0.4043,Sustainable Cities and Communities,0.1064,Responsible Consumption and Production,0.2234,Climate Action,0.0,Life Below Water,0.2021,Life on Land,0.2447,"Peace, Justice and Strong Institutions",0.0319,Partnerships for the Goals
NSW_Byron_Urban_2023,2023,NSW,45,0.1333,No Poverty,0.0,Zero Hunger,0.6889,Good Health and Well-being,0.0444,Quality Education,0.0222,Gender Equality,0.1778,Clean Water and Sanitation,0.0222,Affordable and Clean Energy,0.6889,Decent Work and Economic Growth,0.0,"Industry, Innovation and Infrastructure",0.0667,Reduced Inequalities,0.4,Sustainable Cities and Communities,0.0667,Responsible Consumption and Production,0.2889,Climate Action,0.0222,Life Below Water,0.2444,Life on Land,0.2,"Peace, Justice and Strong Institutions",0.0667,Partnerships for the Goals
NSW_Blacktown_Urban_2023,2023,NSW,176,0.0227,No Poverty,0.0,Zero Hunger,0.5568,Good Health and Well-being,0.0739,Quality Education,0.0398,Gender Equality,0.1023,Clean Water and Sanitation,0.1477,Affordable and Clean Energy,0.6534,Decent Work and Economic Growth,0.108,"Industry, Innovation and Infrastructure",0.0114,Reduced Inequalities,0.4659,Sustainable Cities and Communities,0.108,Responsible Consumption and Production,0.2159,Climate Action,0.017,Life Below Water,0.125,Life on Land,0.2443,"Peace, Justice and Strong Institutions",0.0227,Partnerships for the Goals
NSW_Bega Valley_Urban_2023,2023,NSW,207,0.0773,No Poverty,0.0,Zero Hunger,0.4589,Good Health and Well-being,0.0628,Quality Education,0.0097,Gender Equality,0.1159,Clean Water and Sanitation,0.0483,Affordable and Clean Energy,0.6715,Decent Work and Economic Growth,0.1063,"Industry, Innovation and Infrastructure",0.029,Reduced Inequalities,0.4251,Sustainable Cities and Communities,0.087,Responsible Consumption and Production,0.2947,Climate Action,0.0097,Life Below Water,0.0773,Life on Land,0.1981,"Peace, Justice and Strong Institutions",0.0193,Partnerships for the Goals
NSW_Campbelltown_Urban_2023,2023,NSW,39,0.0513,No Poverty,0.0,Zero Hunger,0.5128,Good Health and Well-being,0.0769,Quality Education,0.0,Gender Equality,0.0,Clean Water and Sanitation,0.1282,Affordable and Clean Energy,0.6154,Decent Work and Economic Growth,0.0,"Industry, Innovation and Infrastructure",0.0513,Reduced Inequalities,0.4615,Sustainable Cities and Communities,0.0,Responsible Consumption and Production,0.1795,Climate Action,0.0256,Life Below Water,0.2051,Life on Land,0.2051,"Peace, Justice and Strong Institutions",0.0,Partnerships for the Goals
NSW_Carrathool_Rural_2023,2023,NSW,12,0.0833,No Poverty,0.0,Zero Hunger,0.5833,Good Health and Well-being,0.1667,Quality Education,0.0,Gender Equality,0.25,Clean Water and Sanitation,0.0,Affordable and Clean Energy,0.6667,Decent Work and Economic Growth,0.0,"Industry, Innovation and Infrastructure",0.0,Reduced Inequalities,0.4167,Sustainable Cities and Communities,0.0,Responsible Consumption and Production,0.1667,Climate Action,0.0,Life Below Water,0.0,Life on Land,0.1667,"Peace, Justice and Strong Institutions",0.0,Partnerships for the Goals
NSW_Central Darling_Rural_2023,2023,NSW,11,0.0,No Poverty,0.0,Zero Hunger,0.4545,Good Health and Well-being,0.0,Quality Education,0.0,Gender Equality,0.1818,Clean Water and Sanitation,0.0,Affordable and Clean Energy,0.4545,Decent Work and Economic Growth,0.0,"Industry, Innovation and Infrastructure",0.0,Reduced Inequalities,0.6364,Sustainable Cities and Communities,0.0,Responsible Consumption and Production,0.0909,Climate Action,0.1818,Life Below Water,0.0909,Life on Land,0.2727,"Peace, Justice and Strong Institutions",0.0,Partnerships for the Goals
NSW_Canada Bay_Urban_2023,2023,NSW,38,0.0789,No Poverty,0.0,Zero Hunger,0.6579,Good Health and Well-being,0.0526,Quality Education,0.0526,Gender Equality,0.1316,Clean Water and Sanitation,0.0789,Affordable and Clean Energy,0.5526,Decent Work and Economic Growth,0.0526,"Industry, Innovation and Infrastructure",0.0526,Reduced Inequalities,0.6053,Sustainable Cities and Communities,0.0263,Responsible Consumption and Production,0.2105,Climate Action,0.0,Life Below Water,0.1053,Life on Land,0.2895,"Peace, Justice and Strong Institutions",0.0,Partnerships for the Goals
NSW_Cessnock_Urban_2023,2023,NSW,31,0.0,No Poverty,0.0,Zero Hunger,0.6452,Good Health and Well-being,0.0,Quality Education,0.0,Gender Equality,0.0968,Clean Water and Sanitation,0.0968,Affordable and Clean Energy,0.7097,Decent Work and Economic Growth,0.0645,"Industry, Innovation and Infrastructure",0.0,Reduced Inequalities,0.5806,Sustainable Cities and Communities,0.0645,Responsible Consumption and Production,0.1613,Climate Action,0.0323,Life Below Water,0.2903,Life on Land,0.2581,"Peace, Justice and Strong Institutions",0.0323,Partnerships for the Goals
NSW_Central Coast_Urban_2023,2023,NSW,24,0.0833,No Poverty,0.0417,Zero Hunger,0.6667,Good Health and Well-being,0.0833,Quality Education,0.0,Gender Equality,0.125,Clean Water and Sanitation,0.125,Affordable and Clean Energy,0.7083,Decent Work and Economic Growth,0.1667,"Industry, Innovation and Infrastructure",0.0,Reduced Inequalities,0.5417,Sustainable Cities and Communities,0.125,Responsible Consumption and Production,0.2083,Climate Action,0.0417,Life Below Water,0.125,Life on Land,0.25,"Peace, Justice and Strong Institutions",0.0,Partnerships for the Goals
NSW_Coffs Harbour_Urban_2023,2023,NSW,22,0.1364,No Poverty,0.0,Zero Hunger,0.7727,Good Health and Well-being,0.0455,Quality Education,0.0,Gender Equality,0.1818,Clean Water and Sanitation,0.0,Affordable and Clean Energy,0.8182,Decent Work and Economic Growth,0.0909,"Industry, Innovation and Infrastructure",0.0,Reduced Inequalities,0.7273,Sustainable Cities and Communities,0.0455,Responsible Consumption and Production,0.1818,Climate Action,0.0,Life Below Water,0.0909,Life on Land,0.1364,"Peace, Justice and Strong Institutions",0.0,Partnerships for the Goals
NSW_Clarence Valley_Urban_2023,2023,NSW,67,0.0299,No Poverty,0.0,Zero Hunger,0.4478,Good Health and Well-being,0.0597,Quality Education,0.0597,Gender Equality,0.2239,Clean Water and Sanitation,0.1194,Affordable and Clean Energy,0.4925,Decent Work and Economic Growth,0.1045,"Industry, Innovation and Infrastructure",0.0149,Reduced Inequalities,0.5075,Sustainable Cities and Communities,0.0299,Responsible Consumption and Production,0.2985,Climate Action,0.0,Life Below Water,0.1642,Life on Land,0.1493,"Peace, Justice and Strong Institutions",0.0448,Partnerships for the Goals
NSW_Coolamon_Rural_2023,2023,NSW,5,0.0,No Poverty,0.0,Zero Hunger,0.6,Good Health and Well-being,0.0,Quality Education,0.0,Gender Equality,0.2,Clean Water and Sanitation,0.2,Affordable and Clean Energy,0.4,Decent Work and Economic Growth,0.0,"Industry, Innovation and Infrastructure",0.0,Reduced Inequalities,1.0,Sustainable Cities and Communities,0.0,Responsible Consumption and Production,0.2,Climate Action,0.0,Life Below Water,0.0,Life on Land,0.8,"Peace, Justice and Strong Institutions",0.0,Partnerships for the Goals
NSW_Camden_Urban_2023,2023,NSW,36,0.0556,No Poverty,0.0,Zero Hunger,0.6111,Good Health and Well-being,0.0556,Quality Education,0.0833,Gender Equality,0.1111,Clean Water and Sanitation,0.1111,Affordable and Clean Energy,0.75,Decent Work and Economic Growth,0.1111,"Industry, Innovation and Infrastructure",0.0833,Reduced Inequalities,0.3611,Sustainable Cities and Communities,0.1389,Responsible Consumption and Production,0.3333,Climate Action,0.0556,Life Below Water,0.0833,Life on Land,0.3889,"Peace, Justice and Strong Institutions",0.0278,Partnerships for the Goals
NSW_Cobar_Rural_2023,2023,NSW,45,0.0889,No Poverty,0.0,Zero Hunger,0.5111,Good Health and Well-being,0.1333,Quality Education,0.0222,Gender Equality,0.2889,Clean Water and Sanitation,0.0444,Affordable and Clean Energy,0.7333,Decent Work and Economic Growth,0.1111,"Industry, Innovation and Infrastructure",0.0222,Reduced Inequalities,0.3111,Sustainable Cities and Communities,0.0222,Responsible Consumption and Production,0.2,Climate Action,0.0222,Life Below Water,0.1333,Life on Land,0.3333,"Peace, Justice and Strong Institutions",0.0,Partnerships for the Goals
NSW_Cumberland_Urban_2023,2023,NSW,7,0.0,No Poverty,0.0,Zero Hunger,1.0,Good Health and Well-being,0.1429,Quality Education,0.0,Gender Equality,0.2857,Clean Water and Sanitation,0.0,Affordable and Clean Energy,1.0,Decent Work and Economic Growth,0.0,"Industry, Innovation and Infrastructure",0.0,Reduced Inequalities,0.5714,Sustainable Cities and Communities,0.0,Responsible Consumption and Production,0.0,Climate Action,0.0,Life Below Water,0.1429,Life on Land,0.4286,"Peace, Justice and Strong Institutions",0.1429,Partnerships for the Goals
NSW_Coonamble_Rural_2023,2023,NSW,23,0.1304,No Poverty,0.0435,Zero Hunger,0.4783,Good Health and Well-being,0.2609,Quality Education,0.087,Gender Equality,0.0,Clean Water and Sanitation,0.087,Affordable and Clean Energy,0.7826,Decent Work and Economic Growth,0.087,"Industry, Innovation and Infrastructure",0.0435,Reduced Inequalities,0.3913,Sustainable Cities and Communities,0.087,Responsible Consumption and Production,0.0,Climate Action,0.0,Life Below Water,0.0435,Life on Land,0.4348,"Peace, Justice and Strong Institutions",0.0435,Partnerships for the Goals
NSW_Cootamundra Gundagai_Rural_2023,2023,NSW,28,0.1786,No Poverty,0.0,Zero Hunger,0.6786,Good Health and Well-being,0.1071,Quality Education,0.0714,Gender Equality,0.0714,Clean Water and Sanitation,0.0,Affordable and Clean Energy,0.7857,Decent Work and Economic Growth,0.1071,"Industry, Innovation and Infrastructure",0.0357,Reduced Inequalities,0.3929,Sustainable Cities and Communities,0.0357,Responsible Consumption and Production,0.0714,Climate Action,0.0,Life Below Water,0.0714,Life on Land,0.3929,"Peace, Justice and Strong Institutions",0.0,Partnerships for the Goals
NSW_Dungog_Rural_2023,2023,NSW,15,0.0667,No Poverty,0.0,Zero Hunger,0.4667,Good Health and Well-being,0.1333,Quality Education,0.1333,Gender Equality,0.0667,Clean Water and Sanitation,0.0,Affordable and Clean Energy,0.6,Decent Work and Economic Growth,0.4,"Industry, Innovation and Infrastructure",0.0,Reduced Inequalities,0.3333,Sustainable Cities and Communities,0.0667,Responsible Consumption and Production,0.1333,Climate Action,0.0,Life Below Water,0.0667,Life on Land,0.4,"Peace, Justice and Strong Institutions",0.0,Partnerships for the Goals
NSW_Edward River_Rural_2023,2023,NSW,39,0.0256,No Poverty,0.0,Zero Hunger,0.4872,Good Health and Well-being,0.0769,Quality Education,0.0256,Gender Equality,0.1795,Clean Water and Sanitation,0.0256,Affordable and Clean Energy,0.6667,Decent Work and Economic Growth,0.0769,"Industry, Innovation and Infrastructure",0.0256,Reduced Inequalities,0.4103,Sustainable Cities and Communities,0.0769,Responsible Consumption and Production,0.2051,Climate Action,0.0769,Life Below Water,0.0769,Life on Land,0.3077,"Peace, Justice and Strong Institutions",0.0769,Partnerships for the Goals
NSW_Dubbo_Urban_2023,2023,NSW,34,0.0294,No Poverty,0.0,Zero Hunger,0.4118,Good Health and Well-being,0.0588,Quality Education,0.0,Gender Equality,0.0882,Clean Water and Sanitation,0.2353,Affordable and Clean Energy,0.5882,Decent Work and Economic Growth,0.0588,"Industry, Innovation and Infrastructure",0.0,Reduced Inequalities,0.3824,Sustainable Cities and Communities,0.0294,Responsible Consumption and Production,0.4706,Climate Action,0.0,Life Below Water,0.0882,Life on Land,0.3529,"Peace, Justice and Strong Institutions",0.0882,Partnerships for the Goals
NSW_Federation_Rural_2023,2023,NSW,24,0.0417,No Poverty,0.0417,Zero Hunger,0.5,Good Health and Well-being,0.0417,Quality Education,0.0,Gender Equality,0.125,Clean Water and Sanitation,0.0,Affordable and Clean Energy,0.7083,Decent Work and Economic Growth,0.2083,"Industry, Innovation and Infrastructure",0.0,Reduced Inequalities,0.4167,Sustainable Cities and Communities,0.0,Responsible Consumption and Production,0.2083,Climate Action,0.0,Life Below Water,0.0833,Life on Land,0.2083,"Peace, Justice and Strong Institutions",0.0,Partnerships for the Goals
NSW_Fairfield_Urban_2023,2023,NSW,14,0.0714,No Poverty,0.0,Zero Hunger,0.8571,Good Health and Well-being,0.0714,Quality Education,0.0,Gender Equality,0.0,Clean Water and Sanitation,0.0,Affordable and Clean Energy,0.9286,Decent Work and Economic Growth,0.0,"Industry, Innovation and Infrastructure",0.0,Reduced Inequalities,0.6429,Sustainable Cities and Communities,0.0,Responsible Consumption and Production,0.1429,Climate Action,0.0,Life Below Water,0.0714,Life on Land,0.2857,"Peace, Justice and Strong Institutions",0.0714,Partnerships for the Goals
NSW_Cabonne_Rural_2023,2023,NSW,7,0.2857,No Poverty,0.0,Zero Hunger,0.5714,Good Health and Well-being,0.0,Quality Education,0.1429,Gender Equality,0.0,Clean Water and Sanitation,0.1429,Affordable and Clean Energy,0.7143,Decent Work and Economic Growth,0.0,"Industry, Innovation and Infrastructure",0.1429,Reduced Inequalities,0.7143,Sustainable Cities and Communities,0.0,Responsible Consumption and Production,0.1429,Climate Action,0.0,Life Below Water,0.1429,Life on Land,0.4286,"Peace, Justice and Strong Institutions",0.0,Partnerships for the Goals
NSW_Gilgandra_Rural_2023,2023,NSW,12,0.0,No Poverty,0.0,Zero Hunger,0.5833,Good Health and Well-being,0.0,Quality Education,0.0,Gender Equality,0.0833,Clean Water and Sanitation,0.0,Affordable and Clean Energy,1.0,Decent Work and Economic Growth,0.1667,"Industry, Innovation and Infrastructure",0.0,Reduced Inequalities,0.5833,Sustainable Cities and Communities,0.0,Responsible Consumption and Production,0.1667,Climate Action,0.0,Life Below Water,0.0,Life on Land,0.3333,"Peace, Justice and Strong Institutions",0.0833,Partnerships for the Goals
NSW_Goulburn Mulwaree_Urban_2023,2023,NSW,2,0.0,No Poverty,0.0,Zero Hunger,0.5,Good Health and Well-being,0.5,Quality Education,0.0,Gender Equality,0.0,Clean Water and Sanitation,0.0,Affordable and Clean Energy,0.5,Decent Work and Economic Growth,0.0,"Industry, Innovation and Infrastructure",0.0,Reduced Inequalities,0.5,Sustainable Cities and Communities,0.0,Responsible Consumption and Production,0.0,Climate Action,0.0,Life Below Water,0.0,Life on Land,0.0,"Peace, Justice and Strong Institutions",0.0,Partnerships for the Goals
NSW_Glen Innes Severn_Rural_2023,2023,NSW,20,0.25,No Poverty,0.0,Zero Hunger,0.6,Good Health and Well-being,0.3,Quality Education,0.05,Gender Equality,0.1,Clean Water and Sanitation,0.0,Affordable and Clean Energy,0.55,Decent Work and Economic Growth,0.2,"Industry, Innovation and Infrastructure",0.0,Reduced Inequalities,0.25,Sustainable Cities and Communities,0.05,Responsible Consumption and Production,0.25,Climate Action,0.0,Life Below Water,0.05,Life on Land,0.3,"Peace, Justice and Strong Institutions",0.0,Partnerships for the Goals
NSW_Gwydir_Rural_2023,2023,NSW,3,0.3333,No Poverty,0.0,Zero Hunger,0.6667,Good Health and Well-being,0.0,Quality Education,0.3333,Gender Equality,0.3333,Clean Water and Sanitation,0.6667,Affordable and Clean Energy,0.6667,Decent Work and Economic Growth,0.0,"Industry, Innovation and Infrastructure",0.0,Reduced Inequalities,1.0,Sustainable Cities and Communities,0.0,Responsible Consumption and Production,0.6667,Climate Action,0.0,Life Below Water,0.0,Life on Land,1.0,"Peace, Justice and Strong Institutions",0.0,Partnerships for the Goals
NSW_Griffith_Urban_2023,2023,NSW,8,0.125,No Poverty,0.0,Zero Hunger,0.5,Good Health and Well-being,0.0,Quality Education,0.0,Gender Equality,0.375,Clean Water and Sanitation,0.125,Affordable and Clean Energy,0.625,Decent Work and Economic Growth,0.25,"Industry, Innovation and Infrastructure",0.0,Reduced Inequalities,0.5,Sustainable Cities and Communities,0.125,Responsible Consumption and Production,0.375,Climate Action,0.0,Life Below Water,0.125,Life on Land,0.5,"Peace, Justice and Strong Institutions",0.0,Partnerships for the Goals
NSW_Forbes_Rural_2023,2023,NSW,48,0.1458,No Poverty,0.0,Zero Hunger,0.4167,Good Health and Well-being,0.0208,Quality Education,0.0,Gender Equality,0.1458,Clean Water and Sanitation,0.0,Affordable and Clean Energy,0.5833,Decent Work and Economic Growth,0.0833,"Industry, Innovation and Infrastructure",0.0208,Reduced Inequalities,0.6042,Sustainable Cities and Communities,0.0625,Responsible Consumption and Production,0.3333,Climate Action,0.0,Life Below Water,0.0833,Life on Land,0.3125,"Peace, Justice and Strong Institutions",0.0208,Partnerships for the Goals
NSW_Gunnedah_Rural_2023,2023,NSW,23,0.0,No Poverty,0.0435,Zero Hunger,0.3913,Good Health and Well-being,0.0,Quality Education,0.0,Gender Equality,0.087,Clean Water and Sanitation,0.0435,Affordable and Clean Energy,0.6087,Decent Work and Economic Growth,0.0435,"Industry, Innovation and Infrastructure",0.0435,Reduced Inequalities,0.3478,Sustainable Cities and Communities,0.0,Responsible Consumption and Production,0.1739,Climate Action,0.0,Life Below Water,0.1304,Life on Land,0.1739,"Peace, Justice and Strong Institutions",0.0435,Partnerships for the Goals
NSW_Hay_Rural_2023,2023,NSW,13,0.0,No Poverty,0.0,Zero Hunger,0.5385,Good Health and Well-being,0.0,Quality Education,0.0,Gender Equality,0.0769,Clean Water and Sanitation,0.0769,Affordable and Clean Energy,0.6154,Decent Work and Economic Growth,0.0769,"Industry, Innovation and Infrastructure",0.0769,Reduced Inequalities,0.3077,Sustainable Cities and Communities,0.0,Responsible Consumption and Production,0.0769,Climate Action,0.0,Life Below Water,0.0769,Life on Land,0.5385,"Peace, Justice and Strong Institutions",0.0,Partnerships for the Goals
NSW_Eurobodalla_Urban_2023,2023,NSW,172,0.0814,No Poverty,0.0058,Zero Hunger,0.5523,Good Health and Well-being,0.1512,Quality Education,0.0523,Gender Equality,0.093,Clean Water and Sanitation,0.0523,Affordable and Clean Energy,0.7151,Decent Work and Economic Growth,0.0872,"Industry, Innovation and Infrastructure",0.0174,Reduced Inequalities,0.3314,Sustainable Cities and Communities,0.064,Responsible Consumption and Production,0.2442,Climate Action,0.064,Life Below Water,0.0872,Life on Land,0.2326,"Peace, Justice and Strong Institutions",0.1453,Partnerships for the Goals
NSW_Hume_Rural_2023,2023,NSW,28,0.0,No Poverty,0.0,Zero Hunger,0.4286,Good Health and Well-being,0.3214,Quality Education,0.0,Gender Equality,0.1071,Clean Water and Sanitation,0.0357,Affordable and Clean Energy,0.7143,Decent Work and Economic Growth,0.0714,"Industry, Innovation and Infrastructure",0.0357,Reduced Inequalities,0.3571,Sustainable Cities and Communities,0.0714,Responsible Consumption and Production,0.1071,Climate Action,0.0,Life Below Water,0.0357,Life on Land,0.3571,"Peace, Justice and Strong Institutions",0.0,Partnerships for the Goals
NSW_Hunters Hill_Urban_2023,2023,NSW,30,0.0,No Poverty,0.0,Zero Hunger,0.5333,Good Health and Well-being,0.0,Quality Education,0.0333,Gender Equality,0.1,Clean Water and Sanitation,0.0333,Affordable and Clean Energy,0.6,Decent Work and Economic Growth,0.0333,"Industry, Innovation and Infrastructure",0.0667,Reduced Inequalities,0.6,Sustainable Cities and Communities,0.0333,Responsible Consumption and Production,0.0667,Climate Action,0.0,Life Below Water,0.2,Life on Land,0.3,"Peace, Justice and Strong Institutions",0.0,Partnerships for the Goals
NSW_Hornsby_Urban_2023,2023,NSW,76,0.0789,No Poverty,0.0,Zero Hunger,0.6184,Good Health and Well-being,0.0658,Quality Education,0.0,Gender Equality,0.1053,Clean Water and Sanitation,0.0,Affordable and Clean Energy,0.6711,Decent Work and Economic Growth,0.0132,"Industry, Innovation and Infrastructure",0.0132,Reduced Inequalities,0.5,Sustainable Cities and Communities,0.0395,Responsible Consumption and Production,0.1184,Climate Action,0.0263,Life Below Water,0.1579,Life on Land,0.25,"Peace, Justice and Strong Institutions",0.0263,Partnerships for the Goals
NSW_Hawkesbury_Urban_2023,2023,NSW,94,0.0532,No Poverty,0.0106,Zero Hunger,0.4255,Good Health and Well-being,0.0745,Quality Education,0.0319,Gender Equality,0.0532,Clean Water and Sanitation,0.0532,Affordable and Clean Energy,0.6277,Decent Work and Economic Growth,0.1277,"Industry, Innovation and Infrastructure",0.0,Reduced Inequalities,0.4574,Sustainable Cities and Communities,0.0851,Responsible Consumption and Production,0.266,Climate Action,0.0213,Life Below Water,0.1064,Life on Land,0.2872,"Peace, Justice and Strong Institutions",0.0851,Partnerships for the Goals
NSW_Junee_Rural_2023,2023,NSW,11,0.0,No Poverty,0.0,Zero Hunger,0.3636,Good Health and Well-being,0.0909,Quality Education,0.1818,Gender Equality,0.2727,Clean Water and Sanitation,0.0909,Affordable and Clean Energy,0.3636,Decent Work and Economic Growth,0.0,"Industry, Innovation and Infrastructure",0.0909,Reduced Inequalities,0.2727,Sustainable Cities and Communities,0.0,Responsible Consumption and Production,0.1818,Climate Action,0.0909,Life Below Water,0.2727,Life on Land,0.1818,"Peace, Justice and Strong Institutions",0.0909,Partnerships for the Goals
NSW_Inverell_Rural_2023,2023,NSW,36,0.0278,No Poverty,0.0,Zero Hunger,0.3889,Good Health and Well-being,0.1389,Quality Education,0.0,Gender Equality,0.1111,Clean Water and Sanitation,0.0833,Affordable and Clean Energy,0.6667,Decent Work and Economic Growth,0.1667,"Industry, Innovation and Infrastructure",0.0,Reduced Inequalities,0.5833,Sustainable Cities and Communities,0.0556,Responsible Consumption and Production,0.1667,Climate Action,0.0278,Life Below Water,0.1111,Life on Land,0.2778,"Peace, Justice and Strong Institutions",0.0556,Partnerships for the Goals
NSW_Kiama_Urban_2023,2023,NSW,12,0.0833,No Poverty,0.0,Zero Hunger,0.9167,Good Health and Well-being,0.0833,Quality Education,0.25,Gender Equality,0.0833,Clean Water and Sanitation,0.0833,Affordable and Clean Energy,0.8333,Decent Work and Economic Growth,0.0,"Industry, Innovation and Infrastructure",0.0833,Reduced Inequalities,0.4167,Sustainable Cities and Communities,0.0833,Responsible Consumption and Production,0.3333,Climate Action,0.0,Life Below Water,0.0,Life on Land,0.5833,"Peace, Justice and Strong Institutions",0.0833,Partnerships for the Goals
NSW_Hilltops_Rural_2023,2023,NSW,64,0.0938,No Poverty,0.0469,Zero Hunger,0.5,Good Health and Well-being,0.0781,Quality Education,0.0,Gender Equality,0.0625,Clean Water and Sanitation,0.0625,Affordable and Clean Energy,0.7188,Decent Work and Economic Growth,0.0312,"Industry, Innovation and Infrastructure",0.0,Reduced Inequalities,0.5156,Sustainable Cities and Communities,0.0312,Responsible Consumption and Production,0.3125,Climate Action,0.0,Life Below Water,0.1406,Life on Land,0.2188,"Peace, Justice and Strong Institutions",0.0625,Partnerships for the Goals
NSW_Kyogle_Rural_2023,2023,NSW,26,0.0769,No Poverty,0.0,Zero Hunger,0.4615,Good Health and Well-being,0.1154,Quality Education,0.0769,Gender Equality,0.0385,Clean Water and Sanitation,0.0385,Affordable and Clean Energy,0.5769,Decent Work and Economic Growth,0.0,"Industry, Innovation and Infrastructure",0.0,Reduced Inequalities,0.5,Sustainable Cities and Communities,0.0769,Responsible Consumption and Production,0.1538,Climate Action,0.0,Life Below Water,0.1538,Life on Land,0.3077,"Peace, Justice and Strong Institutions",0.0,Partnerships for the Goals
NSW_Lachlan_Rural_2023,2023,NSW,7,0.2857,No Poverty,0.0,Zero Hunger,0.5714,Good Health and Well-being,0.0,Quality Education,0.0,Gender Equality,0.4286,Clean Water and Sanitation,0.0,Affordable and Clean Energy,0.7143,Decent Work and Economic Growth,0.0,"Industry, Innovation and Infrastructure",0.0,Reduced Inequalities,0.5714,Sustainable Cities and Communities,0.0,Responsible Consumption and Production,0.7143,Climate Action,0.0,Life Below Water,0.0,Life on Land,0.4286,"Peace, Justice and Strong Institutions",0.0,Partnerships for the Goals
NSW_Kempsey_Urban_2023,2023,NSW,24,0.125,No Poverty,0.0,Zero Hunger,0.7917,Good Health and Well-being,0.0,Quality Education,0.0,Gender Equality,0.375,Clean Water and Sanitation,0.0,Affordable and Clean Energy,0.7917,Decent Work and Economic Growth,0.125,"Industry, Innovation and Infrastructure",0.0417,Reduced Inequalities,0.5417,Sustainable Cities and Communities,0.0417,Responsible Consumption and Production,0.5417,Climate Action,0.0,Life Below Water,0.0417,Life on Land,0.2083,"Peace, Justice and Strong Institutions",0.0,Partnerships for the Goals
NSW_Leeton_Rural_2023,2023,NSW,11,0.2727,No Poverty,0.0,Zero Hunger,0.8182,Good Health and Well-being,0.0909,Quality Education,0.0,Gender Equality,0.0,Clean Water and Sanitation,0.0909,Affordable and Clean Energy,0.9091,Decent Work and Economic Growth,0.1818,"Industry, Innovation and Infrastructure",0.0,Reduced Inequalities,0.6364,Sustainable Cities and Communities,0.0,Responsible Consumption and Production,0.4545,Climate Action,0.0,Life Below Water,0.0909,Life on Land,0.2727,"Peace, Justice and Strong Institutions",0.0909,Partnerships for the Goals
NSW_Ku Ring Gai_Urban_2023,2023,NSW,22,0.1364,No Poverty,0.0,Zero Hunger,0.5,Good Health and Well-being,0.0909,Quality Education,0.0,Gender Equality,0.0,Clean Water and Sanitation,0.0455,Affordable and Clean Energy,0.6818,Decent Work and Economic Growth,0.0455,"Industry, Innovation and Infrastructure",0.0455,Reduced Inequalities,0.5909,Sustainable Cities and Communities,0.0909,Responsible Consumption and Production,0.2727,Climate Action,0.0,Life Below Water,0.1818,Life on Land,0.3182,"Peace, Justice and Strong Institutions",0.0,Partnerships for the Goals
NSW_Lismore_Urban_2023,2023,NSW,45,0.0889,No Poverty,0.0222,Zero Hunger,0.4444,Good Health and Well-being,0.0667,Quality Education,0.0,Gender Equality,0.0444,Clean Water and Sanitation,0.0444,Affordable and Clean Energy,0.5778,Decent Work and Economic Growth,0.0667,"Industry, Innovation and Infrastructure",0.0,Reduced Inequalities,0.7333,Sustainable Cities and Communities,0.0667,Responsible Consumption and Production,0.3778,Climate Action,0.0222,Life Below Water,0.0222,Life on Land,0.0667,"Peace, Justice and Strong Institutions",0.0222,Partnerships for the Goals
NSW_Inner West_Urban_2023,2023,NSW,111,0.045,No Poverty,0.0,Zero Hunger,0.6126,Good Health and Well-being,0.1351,Quality Education,0.0811,Gender Equality,0.0631,Clean Water and Sanitation,0.0721,Affordable and Clean Energy,0.8378,Decent Work and Economic Growth,0.1171,"Industry, Innovation and Infrastructure",0.018,Reduced Inequalities,0.4144,Sustainable Cities and Communities,0.0541,Responsible Consumption and Production,0.1892,Climate Action,0.027,Life Below Water,0.0721,Life on Land,0.4234,"Peace, Justice and Strong Institutions",0.027,Partnerships for the Goals
NSW_Lake Macquarie_Urban_2023,2023,NSW,48,0.0417,No Poverty,0.0208,Zero Hunger,0.5208,Good Health and Well-being,0.1458,Quality Education,0.0208,Gender Equality,0.0625,Clean Water and Sanitation,0.1875,Affordable and Clean Energy,0.7292,Decent Work and Economic Growth,0.1458,"Industry, Innovation and Infrastructure",0.0,Reduced Inequalities,0.3333,Sustainable Cities and Communities,0.1042,Responsible Consumption and Production,0.3125,Climate Action,0.0208,Life Below Water,0.0625,Life on Land,0.1667,"Peace, Justice and Strong Institutions",0.0208,Partnerships for the Goals
NSW_Lithgow_Urban_2023,2023,NSW,38,0.0263,No Poverty,0.0,Zero Hunger,0.3947,Good Health and Well-being,0.0263,Quality Education,0.0263,Gender Equality,0.1842,Clean Water and Sanitation,0.1316,Affordable and Clean Energy,0.5526,Decent Work and Economic Growth,0.1053,"Industry, Innovation and Infrastructure",0.0263,Reduced Inequalities,0.2632,Sustainable Cities and Communities,0.0526,Responsible Consumption and Production,0.1842,Climate Action,0.0,Life Below Water,0.1053,Life on Land,0.1842,"Peace, Justice and Strong Institutions",0.0,Partnerships for the Goals
NSW_Lockhart_Rural_2023,2023,NSW,15,0.2,No Poverty,0.0,Zero Hunger,0.7333,Good Health and Well-being,0.0,Quality Education,0.0,Gender Equality,0.1333,Clean Water and Sanitation,0.0667,Affordable and Clean Energy,0.8667,Decent Work and Economic Growth,0.1333,"Industry, Innovation and Infrastructure",0.0667,Reduced Inequalities,0.6,Sustainable Cities and Communities,0.0667,Responsible Consumption and Production,0.4,Climate Action,0.0,Life Below Water,0.0667,Life on Land,0.4667,"Peace, Justice and Strong Institutions",0.0667,Partnerships for the Goals
NSW_Mid Coast_Urban_2023,2023,NSW,19,0.0,No Poverty,0.0,Zero Hunger,0.7368,Good Health and Well-being,0.0526,Quality Education,0.0,Gender Equality,0.1579,Clean Water and Sanitation,0.0526,Affordable and Clean Energy,0.8421,Decent Work and Economic Growth,0.3158,"Industry, Innovation and Infrastructure",0.0,Reduced Inequalities,0.4211,Sustainable Cities and Communities,0.0,Responsible Consumption and Production,0.2632,Climate Action,0.0,Life Below Water,0.1053,Life on Land,0.4211,"Peace, Justice and Strong Institutions",0.0,Partnerships for the Goals
NSW_Liverpool_Urban_2023,2023,NSW,52,0.0769,No Poverty,0.0,Zero Hunger,0.5385,Good Health and Well-being,0.1154,Quality Education,0.0192,Gender Equality,0.1154,Clean Water and Sanitation,0.0385,Affordable and Clean Energy,0.7115,Decent Work and Economic Growth,0.1346,"Industry, Innovation and Infrastructure",0.0,Reduced Inequalities,0.5769,Sustainable Cities and Communities,0.0,Responsible Consumption and Production,0.1731,Climate Action,0.0,Life Below Water,0.0962,Life on Land,0.0962,"Peace, Justice and Strong Institutions",0.0769,Partnerships for the Goals
NSW_Liverpool Plains_Rural_2023,2023,NSW,71,0.0563,No Poverty,0.0423,Zero Hunger,0.5211,Good Health and Well-being,0.0563,Quality Education,0.0,Gender Equality,0.2113,Clean Water and Sanitation,0.0423,Affordable and Clean Energy,0.7606,Decent Work and Economic Growth,0.1831,"Industry, Innovation and Infrastructure",0.0,Reduced Inequalities,0.4366,Sustainable Cities and Communities,0.1127,Responsible Consumption and Production,0.2113,Climate Action,0.0141,Life Below Water,0.0986,Life on Land,0.2958,"Peace, Justice and Strong Institutions",0.0282,Partnerships for the Goals
NSW_Mosman_Urban_2023,2023,NSW,38,0.0526,No Poverty,0.0,Zero Hunger,0.5526,Good Health and Well-being,0.0526,Quality Education,0.0263,Gender Equality,0.0526,Clean Water and Sanitation,0.1316,Affordable and Clean Energy,0.6316,Decent Work and Economic Growth,0.1316,"Industry, Innovation and Infrastructure",0.0263,Reduced Inequalities,0.5526,Sustainable Cities and Communities,0.0526,Responsible Consumption and Production,0.2105,Climate Action,0.0263,Life Below Water,0.1053,Life on Land,0.4211,"Peace, Justice and Strong Institutions",0.0,Partnerships for the Goals
NSW_Maitland_Urban_2023,2023,NSW,70,0.0429,No Poverty,0.0143,Zero Hunger,0.5,Good Health and Well-being,0.0857,Quality Education,0.0143,Gender Equality,0.0857,Clean Water and Sanitation,0.0714,Affordable and Clean Energy,0.5429,Decent Work and Economic Growth,0.1714,"Industry, Innovation and Infrastructure",0.0429,Reduced Inequalities,0.2857,Sustainable Cities and Communities,0.1143,Responsible Consumption and Production,0.1857,Climate Action,0.0143,Life Below Water,0.0714,Life on Land,0.2857,"Peace, Justice and Strong Institutions",0.0571,Partnerships for the Goals
NSW_Moree Plains_Rural_2023,2023,NSW,44,0.0682,No Poverty,0.0,Zero Hunger,0.4545,Good Health and Well-being,0.0909,Quality Education,0.0227,Gender Equality,0.2045,Clean Water and Sanitation,0.0455,Affordable and Clean Energy,0.6818,Decent Work and Economic Growth,0.1591,"Industry, Innovation and Infrastructure",0.0227,Reduced Inequalities,0.4773,Sustainable Cities and Communities,0.0909,Responsible Consumption and Production,0.1591,Climate Action,0.0227,Life Below Water,0.0227,Life on Land,0.3864,"Peace, Justice and Strong Institutions",0.0455,Partnerships for the Goals
NSW_Mid Western_Urban_2023,2023,NSW,88,0.0341,No Poverty,0.0,Zero Hunger,0.4659,Good Health and Well-being,0.1023,Quality Education,0.0114,Gender Equality,0.1932,Clean Water and Sanitation,0.0568,Affordable and Clean Energy,0.6705,Decent Work and Economic Growth,0.1364,"Industry, Innovation and Infrastructure",0.0227,Reduced Inequalities,0.4773,Sustainable Cities and Communities,0.0795,Responsible Consumption and Production,0.125,Climate Action,0.0114,Life Below Water,0.0682,Life on Land,0.2727,"Peace, Justice and Strong Institutions",0.0227,Partnerships for the Goals
NSW_Murray River_Rural_2023,2023,NSW,44,0.0682,No Poverty,0.0455,Zero Hunger,0.2955,Good Health and Well-being,0.0682,Quality Education,0.0227,Gender Equality,0.1136,Clean Water and Sanitation,0.0909,Affordable and Clean Energy,0.5682,Decent Work and Economic Growth,0.2045,"Industry, Innovation and Infrastructure",0.0227,Reduced Inequalities,0.3636,Sustainable Cities and Communities,0.1364,Responsible Consumption and Production,0.1818,Climate Action,0.0,Life Below Water,0.1136,Life on Land,0.1591,"Peace, Justice and Strong Institutions",0.0455,Partnerships for the Goals
NSW_Murrumbidgee_Rural_2023,2023,NSW,44,0.0227,No Poverty,0.0227,Zero Hunger,0.4773,Good Health and Well-being,0.0227,Quality Education,0.0455,Gender Equality,0.1591,Clean Water and Sanitation,0.0227,Affordable and Clean Energy,0.5909,Decent Work and Economic Growth,0.0455,"Industry, Innovation and Infrastructure",0.0227,Reduced Inequalities,0.4318,Sustainable Cities and Communities,0.1818,Responsible Consumption and Production,0.2045,Climate Action,0.0,Life Below Water,0.25,Life on Land,0.2045,"Peace, Justice and Strong Institutions",0.0,Partnerships for the Goals
NSW_Narrabri_Rural_2023,2023,NSW,4,0.0,No Poverty,0.0,Zero Hunger,0.75,Good Health and Well-being,0.0,Quality Education,0.0,Gender Equality,0.0,Clean Water and Sanitation,0.25,Affordable and Clean Energy,0.75,Decent Work and Economic Growth,0.0,"Industry, Innovation and Infrastructure",0.0,Reduced Inequalities,0.75,Sustainable Cities and Communities,0.0,Responsible Consumption and Production,0.5,Climate Action,0.0,Life Below Water,0.0,Life on Land,0.5,"Peace, Justice and Strong Institutions",0.0,Partnerships for the Goals
NSW_Narrandera_Rural_2023,2023,NSW,15,0.0667,No Poverty,0.0,Zero Hunger,0.4,Good Health and Well-being,0.0,Quality Education,0.0,Gender Equality,0.0667,Clean Water and Sanitation,0.0,Affordable and Clean Energy,0.7333,Decent Work and Economic Growth,0.1333,"Industry, Innovation and Infrastructure",0.0667,Reduced Inequalities,0.4,Sustainable Cities and Communities,0.0667,Responsible Consumption and Production,0.2,Climate Action,0.0,Life Below Water,0.0667,Life on Land,0.5333,"Peace, Justice and Strong Institutions",0.0,Partnerships for the Goals
NSW_Narromine_Rural_2023,2023,NSW,20,0.05,No Poverty,0.0,Zero Hunger,0.45,Good Health and Well-being,0.05,Quality Education,0.0,Gender Equality,0.1,Clean Water and Sanitation,0.0,Affordable and Clean Energy,0.6,Decent Work and Economic Growth,0.15,"Industry, Innovation and Infrastructure",0.0,Reduced Inequalities,0.55,Sustainable Cities and Communities,0.0,Responsible Consumption and Production,0.15,Climate Action,0.0,Life Below Water,0.15,Life on Land,0.4,"Peace, Justice and Strong Institutions",0.1,Partnerships for the Goals
NSW_Muswellbrook_Rural_2023,2023,NSW,43,0.0698,No Poverty,0.0,Zero Hunger,0.4651,Good Health and Well-being,0.1628,Quality Education,0.0233,Gender Equality,0.0465,Clean Water and Sanitation,0.1163,Affordable and Clean Energy,0.6977,Decent Work and Economic Growth,0.1163,"Industry, Innovation and Infrastructure",0.0233,Reduced Inequalities,0.3721,Sustainable Cities and Communities,0.0233,Responsible Consumption and Production,0.186,Climate Action,0.0,Life Below Water,0.2093,Life on Land,0.2558,"Peace, Justice and Strong Institutions",0.0233,Partnerships for the Goals
NSW_North Sydney_Urban_2023,2023,NSW,41,0.0488,No Poverty,0.0,Zero Hunger,0.4146,Good Health and Well-being,0.0976,Quality Education,0.0732,Gender Equality,0.0732,Clean Water and Sanitation,0.1951,Affordable and Clean Energy,0.6098,Decent Work and Economic Growth,0.0976,"Industry, Innovation and Infrastructure",0.0,Reduced Inequalities,0.3902,Sustainable Cities and Communities,0.0976,Responsible Consumption and Production,0.3902,Climate Action,0.0732,Life Below Water,0.122,Life on Land,0.2927,"Peace, Justice and Strong Institutions",0.0,Partnerships for the Goals
NSW_Oberon_Rural_2023,2023,NSW,36,0.0,No Poverty,0.0,Zero Hunger,0.4444,Good Health and Well-being,0.0278,Quality Education,0.0278,Gender Equality,0.0833,Clean Water and Sanitation,0.0,Affordable and Clean Energy,0.7222,Decent Work and Economic Growth,0.1389,"Industry, Innovation and Infrastructure",0.0278,Reduced Inequalities,0.5,Sustainable Cities and Communities,0.0278,Responsible Consumption and Production,0.1111,Climate Action,0.0278,Life Below Water,0.1667,Life on Land,0.1944,"Peace, Justice and Strong Institutions",0.0,Partnerships for the Goals
NSW_Northern Beaches_Urban_2023,2023,NSW,70,0.0143,No Poverty,0.0,Zero Hunger,0.6,Good Health and Well-being,0.0571,Quality Education,0.0143,Gender Equality,0.1714,Clean Water and Sanitation,0.1714,Affordable and Clean Energy,0.6714,Decent Work and Economic Growth,0.0571,"Industry, Innovation and Infrastructure",0.0,Reduced Inequalities,0.3571,Sustainable Cities and Communities,0.1571,Responsible Consumption and Production,0.2714,Climate Action,0.0571,Life Below Water,0.1857,Life on Land,0.2,"Peace, Justice and Strong Institutions",0.0143,Partnerships for the Goals
NSW_Parkes_Rural_2023,2023,NSW,25,0.0,No Poverty,0.04,Zero Hunger,0.6,Good Health and Well-being,0.04,Quality Education,0.04,Gender Equality,0.04,Clean Water and Sanitation,0.04,Affordable and Clean Energy,0.68,Decent Work and Economic Growth,0.16,"Industry, Innovation and Infrastructure",0.0,Reduced Inequalities,0.48,Sustainable Cities and Communities,0.0,Responsible Consumption and Production,0.24,Climate Action,0.0,Life Below Water,0.16,Life on Land,0.4,"Peace, Justice and Strong Institutions",0.0,Partnerships for the Goals
NSW_Orange_Urban_2023,2023,NSW,52,0.0769,No Poverty,0.0,Zero Hunger,0.5,Good Health and Well-being,0.0577,Quality Education,0.0385,Gender Equality,0.0962,Clean Water and Sanitation,0.0385,Affordable and Clean Energy,0.5962,Decent Work and Economic Growth,0.0769,"Industry, Innovation and Infrastructure",0.0192,Reduced Inequalities,0.3846,Sustainable Cities and Communities,0.0577,Responsible Consumption and Production,0.1154,Climate Action,0.0,Life Below Water,0.0962,Life on Land,0.3846,"Peace, Justice and Strong Institutions",0.0,Partnerships for the Goals
NSW_Parramatta_Urban_2023,2023,NSW,27,0.1852,No Poverty,0.037,Zero Hunger,0.6296,Good Health and Well-being,0.1111,Quality Education,0.0741,Gender Equality,0.0,Clean Water and Sanitation,0.0741,Affordable and Clean Energy,0.6667,Decent Work and Economic Growth,0.0741,"Industry, Innovation and Infrastructure",0.0,Reduced Inequalities,0.5556,Sustainable Cities and Communities,0.0,Responsible Consumption and Production,0.1111,Climate Action,0.0,Life Below Water,0.0,Life on Land,0.4815,"Peace, Justice and Strong Institutions",0.037,Partnerships for the Goals
NSW_Port Macquarie Hastings_Urban_2023,2023,NSW,15,0.0,No Poverty,0.0,Zero Hunger,0.8,Good Health and Well-being,0.0667,Quality Education,0.0667,Gender Equality,0.2,Clean Water and Sanitation,0.0,Affordable and Clean Energy,0.8,Decent Work and Economic Growth,0.0667,"Industry, Innovation and Infrastructure",0.0,Reduced Inequalities,0.2667,Sustainable Cities and Communities,0.1333,Responsible Consumption and Production,0.3333,Climate Action,0.0,Life Below Water,0.1333,Life on Land,0.2667,"Peace, Justice and Strong Institutions",0.0,Partnerships for the Goals
NSW_Richmond Valley_Urban_2023,2023,NSW,3,0.0,No Poverty,0.0,Zero Hunger,0.3333,Good Health and Well-being,0.0,Quality Education,0.0,Gender Equality,0.0,Clean Water and Sanitation,0.0,Affordable and Clean Energy,0.3333,Decent Work and Economic Growth,0.0,"Industry, Innovation and Infrastructure",0.0,Reduced Inequalities,1.0,Sustainable Cities and Communities,0.0,Responsible Consumption and Production,0.3333,Climate Action,0.0,Life Below Water,0.0,Life on Land,0.3333,"Peace, Justice and Strong Institutions",0.0,Partnerships for the Goals
NSW_Ryde_Urban_2023,2023,NSW,12,0.0,No Poverty,0.0,Zero Hunger,0.75,Good Health and Well-being,0.0833,Quality Education,0.0,Gender Equality,0.0,Clean Water and Sanitation,0.0833,Affordable and Clean Energy,0.6667,Decent Work and Economic Growth,0.25,"Industry, Innovation and Infrastructure",0.0,Reduced Inequalities,0.5833,Sustainable Cities and Communities,0.0,Responsible Consumption and Production,0.0,Climate Action,0.0,Life Below Water,0.0,Life on Land,0.3333,"Peace, Justice and Strong Institutions",0.0,Partnerships for the Goals
NSW_Queanbeyan Palerang_Urban_2023,2023,NSW,29,0.0345,No Poverty,0.0,Zero Hunger,0.4483,Good Health and Well-being,0.069,Quality Education,0.0345,Gender Equality,0.1034,Clean Water and Sanitation,0.1034,Affordable and Clean Energy,0.6207,Decent Work and Economic Growth,0.0345,"Industry, Innovation and Infrastructure",0.0,Reduced Inequalities,0.4828,Sustainable Cities and Communities,0.069,Responsible Consumption and Production,0.1724,Climate Action,0.0,Life Below Water,0.1034,Life on Land,0.3103,"Peace, Justice and Strong Institutions",0.0,Partnerships for the Goals
NSW_Shoalhaven_Urban_2023,2023,NSW,33,0.0606,No Poverty,0.0303,Zero Hunger,0.5455,Good Health and Well-being,0.0303,Quality Education,0.0,Gender Equality,0.1515,Clean Water and Sanitation,0.0303,Affordable and Clean Energy,0.7273,Decent Work and Economic Growth,0.1515,"Industry, Innovation and Infrastructure",0.0,Reduced Inequalities,0.3939,Sustainable Cities and Communities,0.0,Responsible Consumption and Production,0.3333,Climate Action,0.0606,Life Below Water,0.1212,Life on Land,0.1818,"Peace, Justice and Strong Institutions",0.0909,Partnerships for the Goals
NSW_Randwick_Urban_2023,2023,NSW,81,0.0864,No Poverty,0.0247,Zero Hunger,0.679,Good Health and Well-being,0.1111,Quality Education,0.0,Gender Equality,0.1605,Clean Water and Sanitation,0.0864,Affordable and Clean Energy,0.7654,Decent Work and Economic Growth,0.0988,"Industry, Innovation and Infrastructure",0.0,Reduced Inequalities,0.4815,Sustainable Cities and Communities,0.0247,Responsible Consumption and Production,0.1728,Climate Action,0.037,Life Below Water,0.0741,Life on Land,0.321,"Peace, Justice and Strong Institutions",0.0,Partnerships for the Goals
NSW_Penrith_Urban_2023,2023,NSW,208,0.0865,No Poverty,0.0048,Zero Hunger,0.5625,Good Health and Well-being,0.1058,Quality Education,0.0577,Gender Equality,0.0625,Clean Water and Sanitation,0.1346,Affordable and Clean Energy,0.6154,Decent Work and Economic Growth,0.0433,"Industry, Innovation and Infrastructure",0.0048,Reduced Inequalities,0.4808,Sustainable Cities and Communities,0.0769,Responsible Consumption and Production,0.226,Climate Action,0.0048,Life Below Water,0.0721,Life on Land,0.2212,"Peace, Justice and Strong Institutions",0.0192,Partnerships for the Goals
NSW_Shellharbour_Urban_2023,2023,NSW,103,0.0388,No Poverty,0.0097,Zero Hunger,0.4175,Good Health and Well-being,0.1165,Quality Education,0.0194,Gender Equality,0.0874,Clean Water and Sanitation,0.0583,Affordable and Clean Energy,0.6408,Decent Work and Economic Growth,0.0874,"Industry, Innovation and Infrastructure",0.0388,Reduced Inequalities,0.3981,Sustainable Cities and Communities,0.0874,Responsible Consumption and Production,0.1748,Climate Action,0.0583,Life Below Water,0.1068,Life on Land,0.3592,"Peace, Justice and Strong Institutions",0.0485,Partnerships for the Goals
NSW_Snowy Monaro_Urban_2023,2023,NSW,128,0.0234,No Poverty,0.0156,Zero Hunger,0.4844,Good Health and Well-being,0.0391,Quality Education,0.0078,Gender Equality,0.0703,Clean Water and Sanitation,0.0625,Affordable and Clean Energy,0.5859,Decent Work and Economic Growth,0.1875,"Industry, Innovation and Infrastructure",0.0078,Reduced Inequalities,0.3984,Sustainable Cities and Communities,0.0938,Responsible Consumption and Production,0.25,Climate Action,0.0,Life Below Water,0.125,Life on Land,0.2734,"Peace, Justice and Strong Institutions",0.0234,Partnerships for the Goals
NSW_Strathfield_Urban_2023,2023,NSW,104,0.0385,No Poverty,0.0,Zero Hunger,0.4904,Good Health and Well-being,0.0769,Quality Education,0.0288,Gender Equality,0.0673,Clean Water and Sanitation,0.0481,Affordable and Clean Energy,0.5481,Decent Work and Economic Growth,0.0962,"Industry, Innovation and Infrastructure",0.0288,Reduced Inequalities,0.4904,Sustainable Cities and Communities,0.0192,Responsible Consumption and Production,0.1058,Climate Action,0.0,Life Below Water,0.1827,Life on Land,0.3173,"Peace, Justice and Strong Institutions",0.0385,Partnerships for the Goals
NSW_Tamworth_Urban_2023,2023,NSW,16,0.0625,No Poverty,0.0,Zero Hunger,0.5,Good Health and Well-being,0.0625,Quality Education,0.0,Gender Equality,0.125,Clean Water and Sanitation,0.0,Affordable and Clean Energy,0.6875,Decent Work and Economic Growth,0.0625,"Industry, Innovation and Infrastructure",0.0,Reduced Inequalities,0.5,Sustainable Cities and Communities,0.0625,Responsible Consumption and Production,0.25,Climate Action,0.0,Life Below Water,0.1875,Life on Land,0.0,"Peace, Justice and Strong Institutions",0.0,Partnerships for the Goals
NSW_Sydney_Urban_2023,2023,NSW,82,0.122,No Poverty,0.0244,Zero Hunger,0.6707,Good Health and Well-being,0.0488,Quality Education,0.0732,Gender Equality,0.061,Clean Water and Sanitation,0.1341,Affordable and Clean Energy,0.8293,Decent Work and Economic Growth,0.1829,"Industry, Innovation and Infrastructure",0.0,Reduced Inequalities,0.5854,Sustainable Cities and Communities,0.0976,Responsible Consumption and Production,0.2439,Climate Action,0.0,Life Below Water,0.0488,Life on Land,0.2439,"Peace, Justice and Strong Institutions",0.0488,Partnerships for the Goals
NSW_Tenterfield_Rural_2023,2023,NSW,19,0.0526,No Poverty,0.0,Zero Hunger,0.4737,Good Health and Well-being,0.2105,Quality Education,0.0,Gender Equality,0.0526,Clean Water and Sanitation,0.0526,Affordable and Clean Energy,0.4737,Decent Work and Economic Growth,0.0526,"Industry, Innovation and Infrastructure",0.0,Reduced Inequalities,0.4211,Sustainable Cities and Communities,0.0,Responsible Consumption and Production,0.0,Climate Action,0.0,Life Below Water,0.1053,Life on Land,0.2105,"Peace, Justice and Strong Institutions",0.0,Partnerships for the Goals
NSW_Temora_Rural_2023,2023,NSW,50,0.04,No Poverty,0.0,Zero Hunger,0.46,Good Health and Well-being,0.24,Quality Education,0.08,Gender Equality,0.02,Clean Water and Sanitation,0.02,Affordable and Clean Energy,0.7,Decent Work and Economic Growth,0.1,"Industry, Innovation and Infrastructure",0.0,Reduced Inequalities,0.42,Sustainable Cities and Communities,0.04,Responsible Consumption and Production,0.06,Climate Action,0.0,Life Below Water,0.04,Life on Land,0.12,"Peace, Justice and Strong Institutions",0.06,Partnerships for the Goals
NSW_The Hills_Urban_2023,2023,NSW,37,0.0811,No Poverty,0.027,Zero Hunger,0.6216,Good Health and Well-being,0.0,Quality Education,0.027,Gender Equality,0.1081,Clean Water and Sanitation,0.027,Affordable and Clean Energy,0.6757,Decent Work and Economic Growth,0.0811,"Industry, Innovation and Infrastructure",0.0811,Reduced Inequalities,0.5405,Sustainable Cities and Communities,0.0811,Responsible Consumption and Production,0.2973,Climate Action,0.027,Life Below Water,0.2703,Life on Land,0.1622,"Peace, Justice and Strong Institutions",0.0,Partnerships for the Goals
NSW_Upper Hunter_Rural_2023,2023,NSW,32,0.0938,No Poverty,0.0312,Zero Hunger,0.8125,Good Health and Well-being,0.0312,Quality Education,0.0,Gender Equality,0.0938,Clean Water and Sanitation,0.0312,Affordable and Clean Energy,0.8125,Decent Work and Economic Growth,0.0938,"Industry, Innovation and Infrastructure",0.0312,Reduced Inequalities,0.5312,Sustainable Cities and Communities,0.0625,Responsible Consumption and Production,0.1875,Climate Action,0.0,Life Below Water,0.0938,Life on Land,0.375,"Peace, Justice and Strong Institutions",0.0625,Partnerships for the Goals
NSW_Tweed_Urban_2023,2023,NSW,36,0.1667,No Poverty,0.0,Zero Hunger,0.6389,Good Health and Well-being,0.0556,Quality Education,0.0833,Gender Equality,0.1111,Clean Water and Sanitation,0.0,Affordable and Clean Energy,0.6944,Decent Work and Economic Growth,0.0,"Industry, Innovation and Infrastructure",0.0556,Reduced Inequalities,0.5556,Sustainable Cities and Communities,0.0278,Responsible Consumption and Production,0.1667,Climate Action,0.0278,Life Below Water,0.1389,Life on Land,0.2222,"Peace, Justice and Strong Institutions",0.0556,Partnerships for the Goals
NSW_Upper Lachlan_Rural_2023,2023,NSW,7,0.2857,No Poverty,0.0,Zero Hunger,0.5714,Good Health and Well-being,0.0,Quality Education,0.0,Gender Equality,0.0,Clean Water and Sanitation,0.1429,Affordable and Clean Energy,0.7143,Decent Work and Economic Growth,0.0,"Industry, Innovation and Infrastructure",0.0,Reduced Inequalities,0.5714,Sustainable Cities and Communities,0.0,Responsible Consumption and Production,0.5714,Climate Action,0.0,Life Below Water,0.1429,Life on Land,0.2857,"Peace, Justice and Strong Institutions",0.0,Partnerships for the Goals
NSW_Uralla_Rural_2023,2023,NSW,21,0.0952,No Poverty,0.0,Zero Hunger,0.4762,Good Health and Well-being,0.0952,Quality Education,0.0476,Gender Equality,0.0952,Clean Water and Sanitation,0.0476,Affordable and Clean Energy,0.8095,Decent Work and Economic Growth,0.0952,"Industry, Innovation and Infrastructure",0.1429,Reduced Inequalities,0.4762,Sustainable Cities and Communities,0.0476,Responsible Consumption and Production,0.2381,Climate Action,0.0,Life Below Water,0.0,Life on Land,0.4762,"Peace, Justice and Strong Institutions",0.0,Partnerships for the Goals
NSW_Walcha_Rural_2023,2023,NSW,10,0.1,No Poverty,0.0,Zero Hunger,0.7,Good Health and Well-being,0.0,Quality Education,0.0,Gender Equality,0.0,Clean Water and Sanitation,0.0,Affordable and Clean Energy,0.8,Decent Work and Economic Growth,0.1,"Industry, Innovation and Infrastructure",0.1,Reduced Inequalities,0.7,Sustainable Cities and Communities,0.1,Responsible Consumption and Production,0.1,Climate Action,0.0,Life Below Water,0.0,Life on Land,0.2,"Peace, Justice and Strong Institutions",0.0,Partnerships for the Goals
NSW_Walgett_Rural_2023,2023,NSW,21,0.1905,No Poverty,0.0,Zero Hunger,0.5714,Good Health and Well-being,0.3333,Quality Education,0.1429,Gender Equality,0.0952,Clean Water and Sanitation,0.0476,Affordable and Clean Energy,0.619,Decent Work and Economic Growth,0.0476,"Industry, Innovation and Infrastructure",0.0476,Reduced Inequalities,0.4286,Sustainable Cities and Communities,0.0,Responsible Consumption and Production,0.0952,Climate Action,0.0,Life Below Water,0.0952,Life on Land,0.4762,"Peace, Justice and Strong Institutions",0.0476,Partnerships for the Goals
NSW_Wagga Wagga_Urban_2023,2023,NSW,77,0.039,No Poverty,0.026,Zero Hunger,0.5195,Good Health and Well-being,0.1688,Quality Education,0.026,Gender Equality,0.0909,Clean Water and Sanitation,0.1169,Affordable and Clean Energy,0.8052,Decent Work and Economic Growth,0.0779,"Industry, Innovation and Infrastructure",0.0,Reduced Inequalities,0.4675,Sustainable Cities and Communities,0.0649,Responsible Consumption and Production,0.2727,Climate Action,0.0,Life Below Water,0.0649,Life on Land,0.2338,"Peace, Justice and Strong Institutions",0.0519,Partnerships for the Goals
NSW_Warren_Rural_2023,2023,NSW,70,0.0571,No Poverty,0.0,Zero Hunger,0.5286,Good Health and Well-being,0.0429,Quality Education,0.0143,Gender Equality,0.1857,Clean Water and Sanitation,0.1,Affordable and Clean Energy,0.6714,Decent Work and Economic Growth,0.1286,"Industry, Innovation and Infrastructure",0.0429,Reduced Inequalities,0.5,Sustainable Cities and Communities,0.0714,Responsible Consumption and Production,0.2571,Climate Action,0.0,Life Below Water,0.0857,Life on Land,0.4429,"Peace, Justice and Strong Institutions",0.0,Partnerships for the Goals
NSW_Warrumbungle_Rural_2023,2023,NSW,43,0.0,No Poverty,0.0,Zero Hunger,0.4651,Good Health and Well-being,0.093,Quality Education,0.0,Gender Equality,0.2791,Clean Water and Sanitation,0.0698,Affordable and Clean Energy,0.4651,Decent Work and Economic Growth,0.0698,"Industry, Innovation and Infrastructure",0.0,Reduced Inequalities,0.3721,Sustainable Cities and Communities,0.0,Responsible Consumption and Production,0.2093,Climate Action,0.0,Life Below Water,0.093,Life on Land,0.1628,"Peace, Justice and Strong Institutions",0.0233,Partnerships for the Goals
NSW_Weddin_Rural_2023,2023,NSW,15,0.0667,No Poverty,0.0,Zero Hunger,0.5333,Good Health and Well-being,0.0667,Quality Education,0.0667,Gender Equality,0.0,Clean Water and Sanitation,0.0,Affordable and Clean Energy,0.6667,Decent Work and Economic Growth,0.1333,"Industry, Innovation and Infrastructure",0.0,Reduced Inequalities,0.4,Sustainable Cities and Communities,0.0667,Responsible Consumption and Production,0.1333,Climate Action,0.0,Life Below Water,0.1333,Life on Land,0.3333,"Peace, Justice and Strong Institutions",0.0,Partnerships for the Goals
NSW_Waverley_Urban_2023,2023,NSW,32,0.0312,No Poverty,0.0,Zero Hunger,0.6562,Good Health and Well-being,0.1875,Quality Education,0.0938,Gender Equality,0.0312,Clean Water and Sanitation,0.0,Affordable and Clean Energy,0.625,Decent Work and Economic Growth,0.0312,"Industry, Innovation and Infrastructure",0.0625,Reduced Inequalities,0.3125,Sustainable Cities and Communities,0.125,Responsible Consumption and Production,0.1875,Climate Action,0.0,Life Below Water,0.0938,Life on Land,0.4062,"Peace, Justice and Strong Institutions",0.0312,Partnerships for the Goals
NSW_Nambucca_Urban_2023,2023,NSW,26,0.0769,No Poverty,0.0,Zero Hunger,0.3846,Good Health and Well-being,0.0385,Quality Education,0.0385,Gender Equality,0.1538,Clean Water and Sanitation,0.0385,Affordable and Clean Energy,0.5,Decent Work and Economic Growth,0.1154,"Industry, Innovation and Infrastructure",0.0385,Reduced Inequalities,0.5385,Sustainable Cities and Communities,0.0385,Responsible Consumption and Production,0.1923,Climate Action,0.0385,Life Below Water,0.0769,Life on Land,0.2692,"Peace, Justice and Strong Institutions",0.0,Partnerships for the Goals
NSW_Wentworth_Rural_2023,2023,NSW,45,0.0667,No Poverty,0.0,Zero Hunger,0.4667,Good Health and Well-being,0.0889,Quality Education,0.0667,Gender Equality,0.0222,Clean Water and Sanitation,0.0667,Affordable and Clean Energy,0.6444,Decent Work and Economic Growth,0.0667,"Industry, Innovation and Infrastructure",0.1111,Reduced Inequalities,0.6,Sustainable Cities and Communities,0.0,Responsible Consumption and Production,0.1333,Climate Action,0.0,Life Below Water,0.0,Life on Land,0.4222,"Peace, Justice and Strong Institutions",0.0222,Partnerships for the Goals
NSW_Wingecarribee_Urban_2023,2023,NSW,68,0.0882,No Poverty,0.0147,Zero Hunger,0.4853,Good Health and Well-being,0.0882,Quality Education,0.0,Gender Equality,0.0588,Clean Water and Sanitation,0.0441,Affordable and Clean Energy,0.6176,Decent Work and Economic Growth,0.0882,"Industry, Innovation and Infrastructure",0.0,Reduced Inequalities,0.4853,Sustainable Cities and Communities,0.1029,Responsible Consumption and Production,0.2206,Climate Action,0.0,Life Below Water,0.1176,Life on Land,0.2353,"Peace, Justice and Strong Institutions",0.0,Partnerships for the Goals
NSW_Wollongong_Urban_2023,2023,NSW,1,0.0,No Poverty,0.0,Zero Hunger,1.0,Good Health and Well-being,0.0,Quality Education,0.0,Gender Equality,0.0,Clean Water and Sanitation,0.0,Affordable and Clean Energy,1.0,Decent Work and Economic Growth,0.0,"Industry, Innovation and Infrastructure",0.0,Reduced Inequalities,1.0,Sustainable Cities and Communities,0.0,Responsible Consumption and Production,0.0,Climate Action,0.0,Life Below Water,0.0,Life on Land,0.0,"Peace, Justice and Strong Institutions",0.0,Partnerships for the Goals
NSW_Woollahra_Urban_2023,2023,NSW,47,0.0213,No Poverty,0.0,Zero Hunger,0.4894,Good Health and Well-being,0.0,Quality Education,0.0851,Gender Equality,0.0638,Clean Water and Sanitation,0.1277,Affordable and Clean Energy,0.5957,Decent Work and Economic Growth,0.0426,"Industry, Innovation and Infrastructure",0.0,Reduced Inequalities,0.4043,Sustainable Cities and Communities,0.0638,Responsible Consumption and Production,0.2128,Climate Action,0.0213,Life Below Water,0.1277,Life on Land,0.234,"Peace, Justice and Strong Institutions",0.0213,Partnerships for the Goals
NSW_Yass Valley_Rural_2023,2023,NSW,8,0.0,No Poverty,0.0,Zero Hunger,0.375,Good Health and Well-being,0.125,Quality Education,0.0,Gender Equality,0.0,Clean Water and Sanitation,0.0,Affordable and Clean Energy,0.75,Decent Work and Economic Growth,0.125,"Industry, Innovation and Infrastructure",0.0,Reduced Inequalities,0.5,Sustainable Cities and Communities,0.0,Responsible Consumption and Production,0.125,Climate Action,0.0,Life Below Water,0.25,Life on Land,0.125,"Peace, Justice and Strong Institutions",0.0,Partnerships for the Goals
NSW_Canterbury Banks_Urban_2023,2023,NSW,22,0.0455,No Poverty,0.0,Zero Hunger,0.4091,Good Health and Well-being,0.0909,Quality Education,0.0455,Gender Equality,0.0455,Clean Water and Sanitation,0.0455,Affordable and Clean Energy,0.6818,Decent Work and Economic Growth,0.1364,"Industry, Innovation and Infrastructure",0.0,Reduced Inequalities,0.6364,Sustainable Cities and Communities,0.0,Responsible Consumption and Production,0.1364,Climate Action,0.0,Life Below Water,0.0455,Life on Land,0.3636,"Peace, Justice and Strong Institutions",0.0909,Partnerships for the Goals
NT_Alice Springs_Urban_2023,2023,NT,23,0.0435,No Poverty,0.0,Zero Hunger,0.8261,Good Health and Well-being,0.2609,Quality Education,0.1304,Gender Equality,0.0435,Clean Water and Sanitation,0.087,Affordable and Clean Energy,0.7826,Decent Work and Economic Growth,0.087,"Industry, Innovation and Infrastructure",0.0,Reduced Inequalities,0.3913,Sustainable Cities and Communities,0.1304,Responsible Consumption and Production,0.2174,Climate Action,0.0,Life Below Water,0.0435,Life on Land,0.1304,"Peace, Justice and Strong Institutions",0.0,Partnerships for the Goals
NT_Barkly_Rural_2023,2023,NT,17,0.0,No Poverty,0.0,Zero Hunger,0.4706,Good Health and Well-being,0.0,Quality Education,0.0,Gender Equality,0.0588,Clean Water and Sanitation,0.1176,Affordable and Clean Energy,0.5294,Decent Work and Economic Growth,0.1176,"Industry, Innovation and Infrastructure",0.0,Reduced Inequalities,0.4118,Sustainable Cities and Communities,0.1176,Responsible Consumption and Production,0.0588,Climate Action,0.0,Life Below Water,0.1176,Life on Land,0.4706,"Peace, Justice and Strong Institutions",0.0,Partnerships for the Goals
NSW_Cowra_Rural_2023,2023,NSW,24,0.0833,No Poverty,0.0,Zero Hunger,0.3333,Good Health and Well-being,0.125,Quality Education,0.0833,Gender Equality,0.0417,Clean Water and Sanitation,0.0417,Affordable and Clean Energy,0.7083,Decent Work and Economic Growth,0.0833,"Industry, Innovation and Infrastructure",0.0,Reduced Inequalities,0.25,Sustainable Cities and Communities,0.0417,Responsible Consumption and Production,0.2083,Climate Action,0.0,Life Below Water,0.125,Life on Land,0.25,"Peace, Justice and Strong Institutions",0.125,Partnerships for the Goals
NT_Darwin_Urban_2023,2023,NT,2,0.0,No Poverty,0.0,Zero Hunger,0.0,Good Health and Well-being,0.0,Quality Education,0.0,Gender Equality,0.0,Clean Water and Sanitation,1.0,Affordable and Clean Energy,1.0,Decent Work and Economic Growth,0.0,"Industry, Innovation and Infrastructure",0.0,Reduced Inequalities,1.0,Sustainable Cities and Communities,0.0,Responsible Consumption and Production,1.0,Climate Action,0.0,Life Below Water,0.0,Life on Land,0.0,"Peace, Justice and Strong Institutions",0.0,Partnerships for the Goals
NT_Coomalie_Rural_2023,2023,NT,20,0.05,No Poverty,0.0,Zero Hunger,0.65,Good Health and Well-being,0.0,Quality Education,0.0,Gender Equality,0.15,Clean Water and Sanitation,0.0,Affordable and Clean Energy,0.65,Decent Work and Economic Growth,0.05,"Industry, Innovation and Infrastructure",0.0,Reduced Inequalities,0.6,Sustainable Cities and Communities,0.1,Responsible Consumption and Production,0.25,Climate Action,0.0,Life Below Water,0.1,Life on Land,0.15,"Peace, Justice and Strong Institutions",0.0,Partnerships for the Goals
NSW_Wollondilly_Urban_2023,2023,NSW,45,0.1111,No Poverty,0.0,Zero Hunger,0.7111,Good Health and Well-being,0.1111,Quality Education,0.0222,Gender Equality,0.0667,Clean Water and Sanitation,0.0,Affordable and Clean Energy,0.7556,Decent Work and Economic Growth,0.1778,"Industry, Innovation and Infrastructure",0.0889,Reduced Inequalities,0.6222,Sustainable Cities and Communities,0.0,Responsible Consumption and Production,0.0667,Climate Action,0.0,Life Below Water,0.0889,Life on Land,0.1778,"Peace, Justice and Strong Institutions",0.0222,Partnerships for the Goals
NT_Litchfield_Urban_2023,2023,NT,36,0.0833,No Poverty,0.0278,Zero Hunger,0.6389,Good Health and Well-being,0.1667,Quality Education,0.0278,Gender Equality,0.0556,Clean Water and Sanitation,0.0556,Affordable and Clean Energy,0.6389,Decent Work and Economic Growth,0.1111,"Industry, Innovation and Infrastructure",0.0556,Reduced Inequalities,0.3889,Sustainable Cities and Communities,0.0278,Responsible Consumption and Production,0.1111,Climate Action,0.0,Life Below Water,0.0833,Life on Land,0.25,"Peace, Justice and Strong Institutions",0.0,Partnerships for the Goals
NT_Macdonnell_Rural_2023,2023,NT,30,0.0,No Poverty,0.0,Zero Hunger,0.5667,Good Health and Well-being,0.1667,Quality Education,0.0667,Gender Equality,0.0,Clean Water and Sanitation,0.0333,Affordable and Clean Energy,0.7667,Decent Work and Economic Growth,0.3,"Industry, Innovation and Infrastructure",0.0,Reduced Inequalities,0.3,Sustainable Cities and Communities,0.0,Responsible Consumption and Production,0.0667,Climate Action,0.0,Life Below Water,0.1,Life on Land,0.3,"Peace, Justice and Strong Institutions",0.0,Partnerships for the Goals
NT_Central Desert_Rural_2023,2023,NT,34,0.1176,No Poverty,0.0294,Zero Hunger,0.5588,Good Health and Well-being,0.1176,Quality Education,0.0294,Gender Equality,0.0588,Clean Water and Sanitation,0.0294,Affordable and Clean Energy,0.8529,Decent Work and Economic Growth,0.2353,"Industry, Innovation and Infrastructure",0.0,Reduced Inequalities,0.6471,Sustainable Cities and Communities,0.0294,Responsible Consumption and Production,0.1471,Climate Action,0.0,Life Below Water,0.0,Life on Land,0.2059,"Peace, Justice and Strong Institutions",0.0588,Partnerships for the Goals
NT_Katherine_Rural_2023,2023,NT,22,0.0,No Poverty,0.0,Zero Hunger,0.4545,Good Health and Well-being,0.0,Quality Education,0.1364,Gender Equality,0.1364,Clean Water and Sanitation,0.0455,Affordable and Clean Energy,0.4545,Decent Work and Economic Growth,0.1364,"Industry, Innovation and Infrastructure",0.0,Reduced Inequalities,0.5,Sustainable Cities and Communities,0.1364,Responsible Consumption and Production,0.1364,Climate Action,0.0455,Life Below Water,0.0,Life on Land,0.1818,"Peace, Justice and Strong Institutions",0.0455,Partnerships for the Goals
NT_Roper Gulf_Rural_2023,2023,NT,20,0.15,No Poverty,0.0,Zero Hunger,0.6,Good Health and Well-being,0.15,Quality Education,0.15,Gender Equality,0.05,Clean Water and Sanitation,0.05,Affordable and Clean Energy,0.75,Decent Work and Economic Growth,0.2,"Industry, Innovation and Infrastructure",0.0,Reduced Inequalities,0.45,Sustainable Cities and Communities,0.0,Responsible Consumption and Production,0.15,Climate Action,0.0,Life Below Water,0.0,Life on Land,0.45,"Peace, Justice and Strong Institutions",0.0,Partnerships for the Goals
NT_Tiwi Islands_Rural_2023,2023,NT,4,0.0,No Poverty,0.0,Zero Hunger,0.5,Good Health and Well-being,0.0,Quality Education,0.0,Gender Equality,0.0,Clean Water and Sanitation,0.0,Affordable and Clean Energy,0.75,Decent Work and Economic Growth,0.25,"Industry, Innovation and Infrastructure",0.0,Reduced Inequalities,0.25,Sustainable Cities and Communities,0.0,Responsible Consumption and Production,0.0,Climate Action,0.0,Life Below Water,0.0,Life on Land,0.25,"Peace, Justice and Strong Institutions",0.0,Partnerships for the Goals
NT_Palmerston_Urban_2023,2023,NT,65,0.0769,No Poverty,0.0,Zero Hunger,0.4769,Good Health and Well-being,0.0462,Quality Education,0.0615,Gender Equality,0.0615,Clean Water and Sanitation,0.0615,Affordable and Clean Energy,0.5692,Decent Work and Economic Growth,0.0308,"Industry, Innovation and Infrastructure",0.0,Reduced Inequalities,0.5077,Sustainable Cities and Communities,0.1231,Responsible Consumption and Production,0.1077,Climate Action,0.0154,Life Below Water,0.1231,Life on Land,0.2154,"Peace, Justice and Strong Institutions",0.1077,Partnerships for the Goals
NT_Victoria Daly_Rural_2023,2023,NT,21,0.1905,No Poverty,0.0,Zero Hunger,0.5714,Good Health and Well-being,0.1905,Quality Education,0.0952,Gender Equality,0.0,Clean Water and Sanitation,0.0476,Affordable and Clean Energy,0.5714,Decent Work and Economic Growth,0.0476,"Industry, Innovation and Infrastructure",0.0,Reduced Inequalities,0.2857,Sustainable Cities and Communities,0.0476,Responsible Consumption and Production,0.0476,Climate Action,0.0,Life Below Water,0.0476,Life on Land,0.1905,"Peace, Justice and Strong Institutions",0.0,Partnerships for the Goals
QLD_Aurukun_Rural_2023,2023,QLD,8,0.0,No Poverty,0.0,Zero Hunger,0.375,Good Health and Well-being,0.0,Quality Education,0.0,Gender Equality,0.25,Clean Water and Sanitation,0.0,Affordable and Clean Energy,0.5,Decent Work and Economic Growth,0.0,"Industry, Innovation and Infrastructure",0.0,Reduced Inequalities,0.375,Sustainable Cities and Communities,0.25,Responsible Consumption and Production,0.25,Climate Action,0.0,Life Below Water,0.0,Life on Land,0.625,"Peace, Justice and Strong Institutions",0.0,Partnerships for the Goals
NT_West Daly_Rural_2023,2023,NT,48,0.1667,No Poverty,0.0,Zero Hunger,0.5625,Good Health and Well-being,0.0208,Quality Education,0.0,Gender Equality,0.0417,Clean Water and Sanitation,0.0625,Affordable and Clean Energy,0.6875,Decent Work and Economic Growth,0.0833,"Industry, Innovation and Infrastructure",0.0625,Reduced Inequalities,0.4167,Sustainable Cities and Communities,0.1458,Responsible Consumption and Production,0.2083,Climate Action,0.0,Life Below Water,0.125,Life on Land,0.2708,"Peace, Justice and Strong Institutions",0.0208,Partnerships for the Goals
NT_West Arnhem_Rural_2023,2023,NT,41,0.0244,No Poverty,0.0,Zero Hunger,0.439,Good Health and Well-being,0.2439,Quality Education,0.122,Gender Equality,0.0488,Clean Water and Sanitation,0.0976,Affordable and Clean Energy,0.7317,Decent Work and Economic Growth,0.0732,"Industry, Innovation and Infrastructure",0.0,Reduced Inequalities,0.3902,Sustainable Cities and Communities,0.0488,Responsible Consumption and Production,0.1463,Climate Action,0.0,Life Below Water,0.0244,Life on Land,0.5122,"Peace, Justice and Strong Institutions",0.0244,Partnerships for the Goals
NSW_Willoughby_Urban_2023,2023,NSW,43,0.093,No Poverty,0.0233,Zero Hunger,0.6744,Good Health and Well-being,0.1163,Quality Education,0.0465,Gender Equality,0.0465,Clean Water and Sanitation,0.0,Affordable and Clean Energy,0.7442,Decent Work and Economic Growth,0.1163,"Industry, Innovation and Infrastructure",0.0465,Reduced Inequalities,0.5116,Sustainable Cities and Communities,0.0465,Responsible Consumption and Production,0.186,Climate Action,0.0,Life Below Water,0.0465,Life on Land,0.2791,"Peace, Justice and Strong Institutions",0.0233,Partnerships for the Goals
QLD_Barcaldine_Rural_2023,2023,QLD,12,0.0,No Poverty,0.0,Zero Hunger,0.5833,Good Health and Well-being,0.0833,Quality Education,0.0,Gender Equality,0.1667,Clean Water and Sanitation,0.0,Affordable and Clean Energy,0.6667,Decent Work and Economic Growth,0.1667,"Industry, Innovation and Infrastructure",0.0,Reduced Inequalities,0.75,Sustainable Cities and Communities,0.1667,Responsible Consumption and Production,0.25,Climate Action,0.0,Life Below Water,0.0,Life on Land,0.25,"Peace, Justice and Strong Institutions",0.0,Partnerships for the Goals
QLD_Balonne_Rural_2023,2023,QLD,95,0.0105,No Poverty,0.0526,Zero Hunger,0.5474,Good Health and Well-being,0.0316,Quality Education,0.0105,Gender Equality,0.0842,Clean Water and Sanitation,0.0316,Affordable and Clean Energy,0.6526,Decent Work and Economic Growth,0.1368,"Industry, Innovation and Infrastructure",0.0105,Reduced Inequalities,0.4421,Sustainable Cities and Communities,0.0842,Responsible Consumption and Production,0.1684,Climate Action,0.0105,Life Below Water,0.1158,Life on Land,0.2,"Peace, Justice and Strong Institutions",0.0211,Partnerships for the Goals
QLD_Blackall Tambo_Rural_2023,2023,QLD,9,0.0,No Poverty,0.0,Zero Hunger,0.2222,Good Health and Well-being,0.0,Quality Education,0.0,Gender Equality,0.0,Clean Water and Sanitation,0.0,Affordable and Clean Energy,0.5556,Decent Work and Economic Growth,0.1111,"Industry, Innovation and Infrastructure",0.0,Reduced Inequalities,0.5556,Sustainable Cities and Communities,0.0,Responsible Consumption and Production,0.0,Climate Action,0.0,Life Below Water,0.0,Life on Land,0.6667,"Peace, Justice and Strong Institutions",0.0,Partnerships for the Goals
QLD_Banana_Rural_2023,2023,QLD,68,0.0882,No Poverty,0.0294,Zero Hunger,0.3971,Good Health and Well-being,0.0882,Quality Education,0.0294,Gender Equality,0.0147,Clean Water and Sanitation,0.0147,Affordable and Clean Energy,0.6029,Decent Work and Economic Growth,0.0441,"Industry, Innovation and Infrastructure",0.0147,Reduced Inequalities,0.3235,Sustainable Cities and Communities,0.0441,Responsible Consumption and Production,0.2353,Climate Action,0.0,Life Below Water,0.1029,Life on Land,0.2647,"Peace, Justice and Strong Institutions",0.0588,Partnerships for the Goals
QLD_Barcoo_Rural_2023,2023,QLD,4,0.0,No Poverty,0.0,Zero Hunger,0.75,Good Health and Well-being,0.0,Quality Education,0.0,Gender Equality,0.25,Clean Water and Sanitation,0.25,Affordable and Clean Energy,0.75,Decent Work and Economic Growth,0.25,"Industry, Innovation and Infrastructure",0.0,Reduced Inequalities,0.5,Sustainable Cities and Communities,0.0,Responsible Consumption and Production,0.5,Climate Action,0.0,Life Below Water,0.0,Life on Land,0.25,"Peace, Justice and Strong Institutions",0.25,Partnerships for the Goals
QLD_Burdekin_Rural_2023,2023,QLD,6,0.1667,No Poverty,0.0,Zero Hunger,0.8333,Good Health and Well-being,0.1667,Quality Education,0.0,Gender Equality,0.5,Clean Water and Sanitation,0.0,Affordable and Clean Energy,0.8333,Decent Work and Economic Growth,0.1667,"Industry, Innovation and Infrastructure",0.0,Reduced Inequalities,0.3333,Sustainable Cities and Communities,0.0,Responsible Consumption and Production,0.3333,Climate Action,0.1667,Life Below Water,0.1667,Life on Land,0.0,"Peace, Justice and Strong Institutions",0.0,Partnerships for the Goals
QLD_Bundaberg_Urban_2023,2023,QLD,17,0.2353,No Poverty,0.0,Zero Hunger,0.4706,Good Health and Well-being,0.0,Quality Education,0.0,Gender Equality,0.0588,Clean Water and Sanitation,0.0588,Affordable and Clean Energy,0.7059,Decent Work and Economic Growth,0.0588,"Industry, Innovation and Infrastructure",0.0588,Reduced Inequalities,0.5294,Sustainable Cities and Communities,0.1176,Responsible Consumption and Production,0.2353,Climate Action,0.0,Life Below Water,0.0,Life on Land,0.1765,"Peace, Justice and Strong Institutions",0.0,Partnerships for the Goals
QLD_Cairns_Urban_2023,2023,QLD,12,0.25,No Poverty,0.0,Zero Hunger,0.75,Good Health and Well-being,0.0,Quality Education,0.0,Gender Equality,0.25,Clean Water and Sanitation,0.0,Affordable and Clean Energy,0.8333,Decent Work and Economic Growth,0.1667,"Industry, Innovation and Infrastructure",0.0,Reduced Inequalities,0.5833,Sustainable Cities and Communities,0.1667,Responsible Consumption and Production,0.4167,Climate Action,0.0,Life Below Water,0.0,Life on Land,0.0833,"Peace, Justice and Strong Institutions",0.1667,Partnerships for the Goals
QLD_Burke_Rural_2023,2023,QLD,5,0.6,No Poverty,0.0,Zero Hunger,0.8,Good Health and Well-being,0.0,Quality Education,0.0,Gender Equality,0.0,Clean Water and Sanitation,0.0,Affordable and Clean Energy,0.6,Decent Work and Economic Growth,0.0,"Industry, Innovation and Infrastructure",0.2,Reduced Inequalities,0.8,Sustainable Cities and Communities,0.0,Responsible Consumption and Production,0.4,Climate Action,0.0,Life Below Water,0.0,Life on Land,0.2,"Peace, Justice and Strong Institutions",0.0,Partnerships for the Goals
QLD_Carpentaria_Rural_2023,2023,QLD,11,0.0,No Poverty,0.0,Zero Hunger,0.0909,Good Health and Well-being,0.0,Quality Education,0.0,Gender Equality,0.0,Clean Water and Sanitation,0.0909,Affordable and Clean Energy,0.2727,Decent Work and Economic Growth,0.0909,"Industry, Innovation and Infrastructure",0.0,Reduced Inequalities,0.7273,Sustainable Cities and Communities,0.0,Responsible Consumption and Production,0.0909,Climate Action,0.0,Life Below Water,0.0909,Life on Land,0.3636,"Peace, Justice and Strong Institutions",0.0,Partnerships for the Goals
QLD_Cassowary Coast_Urban_2023,2023,QLD,39,0.0,No Poverty,0.0,Zero Hunger,0.5128,Good Health and Well-being,0.0513,Quality Education,0.0,Gender Equality,0.1795,Clean Water and Sanitation,0.0,Affordable and Clean Energy,0.6923,Decent Work and Economic Growth,0.1538,"Industry, Innovation and Infrastructure",0.0,Reduced Inequalities,0.4103,Sustainable Cities and Communities,0.1282,Responsible Consumption and Production,0.3846,Climate Action,0.0769,Life Below Water,0.1795,Life on Land,0.4103,"Peace, Justice and Strong Institutions",0.0,Partnerships for the Goals
QLD_Cherbourg_Rural_2023,2023,QLD,15,0.2,No Poverty,0.0,Zero Hunger,0.7333,Good Health and Well-being,0.0667,Quality Education,0.0667,Gender Equality,0.0667,Clean Water and Sanitation,0.0,Affordable and Clean Energy,0.9333,Decent Work and Economic Growth,0.2667,"Industry, Innovation and Infrastructure",0.0667,Reduced Inequalities,0.5333,Sustainable Cities and Communities,0.1333,Responsible Consumption and Production,0.0667,Climate Action,0.0,Life Below Water,0.0,Life on Land,0.4667,"Peace, Justice and Strong Institutions",0.0,Partnerships for the Goals
QLD_Central Highlands_Urban_2023,2023,QLD,31,0.0323,No Poverty,0.0,Zero Hunger,0.4516,Good Health and Well-being,0.0323,Quality Education,0.0645,Gender Equality,0.1613,Clean Water and Sanitation,0.0323,Affordable and Clean Energy,0.7419,Decent Work and Economic Growth,0.2581,"Industry, Innovation and Infrastructure",0.0,Reduced Inequalities,0.2903,Sustainable Cities and Communities,0.0968,Responsible Consumption and Production,0.1613,Climate Action,0.0323,Life Below Water,0.0968,Life on Land,0.2903,"Peace, Justice and Strong Institutions",0.0323,Partnerships for the Goals
QLD_Charters Towers_Rural_2023,2023,QLD,29,0.0,No Poverty,0.1034,Zero Hunger,0.3448,Good Health and Well-being,0.0345,Quality Education,0.0,Gender Equality,0.1724,Clean Water and Sanitation,0.0,Affordable and Clean Energy,0.6207,Decent Work and Economic Growth,0.1034,"Industry, Innovation and Infrastructure",0.0,Reduced Inequalities,0.4483,Sustainable Cities and Communities,0.0345,Responsible Consumption and Production,0.069,Climate Action,0.0,Life Below Water,0.1724,Life on Land,0.2414,"Peace, Justice and Strong Institutions",0.0,Partnerships for the Goals
QLD_Boulia_Rural_2023,2023,QLD,19,0.1053,No Poverty,0.0,Zero Hunger,0.2105,Good Health and Well-being,0.0526,Quality Education,0.0526,Gender Equality,0.2105,Clean Water and Sanitation,0.0,Affordable and Clean Energy,0.3158,Decent Work and Economic Growth,0.1579,"Industry, Innovation and Infrastructure",0.0,Reduced Inequalities,0.4737,Sustainable Cities and Communities,0.0526,Responsible Consumption and Production,0.2105,Climate Action,0.0,Life Below Water,0.1579,Life on Land,0.0526,"Peace, Justice and Strong Institutions",0.0,Partnerships for the Goals
QLD_Cook_Rural_2023,2023,QLD,19,0.2632,No Poverty,0.0,Zero Hunger,0.6842,Good Health and Well-being,0.1579,Quality Education,0.0526,Gender Equality,0.1053,Clean Water and Sanitation,0.0,Affordable and Clean Energy,0.8947,Decent Work and Economic Growth,0.0,"Industry, Innovation and Infrastructure",0.0526,Reduced Inequalities,0.3684,Sustainable Cities and Communities,0.0,Responsible Consumption and Production,0.1579,Climate Action,0.1053,Life Below Water,0.2105,Life on Land,0.3684,"Peace, Justice and Strong Institutions",0.0526,Partnerships for the Goals
QLD_Diamantina_Rural_2023,2023,QLD,7,0.0,No Poverty,0.0,Zero Hunger,0.7143,Good Health and Well-being,0.0,Quality Education,0.0,Gender Equality,0.0,Clean Water and Sanitation,0.0,Affordable and Clean Energy,0.8571,Decent Work and Economic Growth,0.1429,"Industry, Innovation and Infrastructure",0.0,Reduced Inequalities,0.4286,Sustainable Cities and Communities,0.1429,Responsible Consumption and Production,0.1429,Climate Action,0.0,Life Below Water,0.0,Life on Land,0.2857,"Peace, Justice and Strong Institutions",0.0,Partnerships for the Goals
QLD_Douglas_Rural_2023,2023,QLD,33,0.0,No Poverty,0.0,Zero Hunger,0.4545,Good Health and Well-being,0.0303,Quality Education,0.0,Gender Equality,0.1515,Clean Water and Sanitation,0.0909,Affordable and Clean Energy,0.4848,Decent Work and Economic Growth,0.1818,"Industry, Innovation and Infrastructure",0.0,Reduced Inequalities,0.5152,Sustainable Cities and Communities,0.2121,Responsible Consumption and Production,0.2727,Climate Action,0.0,Life Below Water,0.1515,Life on Land,0.2424,"Peace, Justice and Strong Institutions",0.0,Partnerships for the Goals
QLD_Doomadgee_Rural_2023,2023,QLD,25,0.08,No Poverty,0.0,Zero Hunger,0.44,Good Health and Well-being,0.32,Quality Education,0.12,Gender Equality,0.0,Clean Water and Sanitation,0.04,Affordable and Clean Energy,0.64,Decent Work and Economic Growth,0.04,"Industry, Innovation and Infrastructure",0.0,Reduced Inequalities,0.32,Sustainable Cities and Communities,0.04,Responsible Consumption and Production,0.12,Climate Action,0.0,Life Below Water,0.0,Life on Land,0.36,"Peace, Justice and Strong Institutions",0.04,Partnerships for the Goals
QLD_Croydon_Rural_2023,2023,QLD,20,0.15,No Poverty,0.0,Zero Hunger,0.65,Good Health and Well-being,0.05,Quality Education,0.05,Gender Equality,0.05,Clean Water and Sanitation,0.1,Affordable and Clean Energy,0.85,Decent Work and Economic Growth,0.1,"Industry, Innovation and Infrastructure",0.0,Reduced Inequalities,0.45,Sustainable Cities and Communities,0.1,Responsible Consumption and Production,0.1,Climate Action,0.0,Life Below Water,0.0,Life on Land,0.35,"Peace, Justice and Strong Institutions",0.0,Partnerships for the Goals
QLD_Flinders_Rural_2023,2023,QLD,7,0.0,No Poverty,0.0,Zero Hunger,0.7143,Good Health and Well-being,0.0,Quality Education,0.0,Gender Equality,0.0,Clean Water and Sanitation,0.0,Affordable and Clean Energy,0.7143,Decent Work and Economic Growth,0.0,"Industry, Innovation and Infrastructure",0.0,Reduced Inequalities,0.5714,Sustainable Cities and Communities,0.1429,Responsible Consumption and Production,0.1429,Climate Action,0.0,Life Below Water,0.0,Life on Land,0.8571,"Peace, Justice and Strong Institutions",0.0,Partnerships for the Goals
QLD_Fraser Coast_Urban_2023,2023,QLD,15,0.0667,No Poverty,0.0,Zero Hunger,0.4667,Good Health and Well-being,0.0,Quality Education,0.0,Gender Equality,0.0667,Clean Water and Sanitation,0.0,Affordable and Clean Energy,0.5333,Decent Work and Economic Growth,0.0667,"Industry, Innovation and Infrastructure",0.0,Reduced Inequalities,0.6,Sustainable Cities and Communities,0.1333,Responsible Consumption and Production,0.2,Climate Action,0.0,Life Below Water,0.2,Life on Land,0.4667,"Peace, Justice and Strong Institutions",0.0,Partnerships for the Goals
QLD_Goldcoast_Urban_2023,2023,QLD,12,0.0833,No Poverty,0.0,Zero Hunger,0.75,Good Health and Well-being,0.0,Quality Education,0.0,Gender Equality,0.0,Clean Water and Sanitation,0.0,Affordable and Clean Energy,0.8333,Decent Work and Economic Growth,0.0,"Industry, Innovation and Infrastructure",0.0,Reduced Inequalities,0.8333,Sustainable Cities and Communities,0.0833,Responsible Consumption and Production,0.25,Climate Action,0.0833,Life Below Water,0.0,Life on Land,0.4167,"Peace, Justice and Strong Institutions",0.0833,Partnerships for the Goals
QLD_Gladstone_Urban_2023,2023,QLD,52,0.0769,No Poverty,0.0,Zero Hunger,0.6346,Good Health and Well-being,0.0962,Quality Education,0.0385,Gender Equality,0.0577,Clean Water and Sanitation,0.0192,Affordable and Clean Energy,0.8654,Decent Work and Economic Growth,0.1923,"Industry, Innovation and Infrastructure",0.0192,Reduced Inequalities,0.2885,Sustainable Cities and Communities,0.2115,Responsible Consumption and Production,0.2885,Climate Action,0.0,Life Below Water,0.0385,Life on Land,0.5385,"Peace, Justice and Strong Institutions",0.0,Partnerships for the Goals
QLD_Gympie_Urban_2023,2023,QLD,14,0.1429,No Poverty,0.0,Zero Hunger,0.4286,Good Health and Well-being,0.0,Quality Education,0.0,Gender Equality,0.0,Clean Water and Sanitation,0.0,Affordable and Clean Energy,0.7143,Decent Work and Economic Growth,0.2857,"Industry, Innovation and Infrastructure",0.0,Reduced Inequalities,0.2857,Sustainable Cities and Communities,0.0714,Responsible Consumption and Production,0.2857,Climate Action,0.0,Life Below Water,0.0714,Life on Land,0.4286,"Peace, Justice and Strong Institutions",0.0,Partnerships for the Goals
QLD_Goondiwindi_Rural_2023,2023,QLD,10,0.0,No Poverty,0.0,Zero Hunger,0.4,Good Health and Well-being,0.0,Quality Education,0.0,Gender Equality,0.3,Clean Water and Sanitation,0.5,Affordable and Clean Energy,0.4,Decent Work and Economic Growth,0.0,"Industry, Innovation and Infrastructure",0.0,Reduced Inequalities,0.4,Sustainable Cities and Communities,0.1,Responsible Consumption and Production,0.2,Climate Action,0.0,Life Below Water,0.0,Life on Land,0.3,"Peace, Justice and Strong Institutions",0.0,Partnerships for the Goals
QLD_Etheridge_Rural_2023,2023,QLD,15,0.0,No Poverty,0.0,Zero Hunger,0.6667,Good Health and Well-being,0.0,Quality Education,0.0667,Gender Equality,0.0,Clean Water and Sanitation,0.0,Affordable and Clean Energy,0.8,Decent Work and Economic Growth,0.0667,"Industry, Innovation and Infrastructure",0.0,Reduced Inequalities,0.6667,Sustainable Cities and Communities,0.0667,Responsible Consumption and Production,0.0667,Climate Action,0.0,Life Below Water,0.0,Life on Land,0.6,"Peace, Justice and Strong Institutions",0.0667,Partnerships for the Goals
QLD_Kowanyama_Rural_2023,2023,QLD,2,0.0,No Poverty,0.0,Zero Hunger,1.0,Good Health and Well-being,0.0,Quality Education,0.0,Gender Equality,0.0,Clean Water and Sanitation,0.0,Affordable and Clean Energy,1.0,Decent Work and Economic Growth,0.0,"Industry, Innovation and Infrastructure",0.0,Reduced Inequalities,1.0,Sustainable Cities and Communities,0.0,Responsible Consumption and Production,0.0,Climate Action,0.0,Life Below Water,0.0,Life on Land,1.0,"Peace, Justice and Strong Institutions",0.0,Partnerships for the Goals
QLD_Ipswich_Urban_2023,2023,QLD,41,0.0976,No Poverty,0.0,Zero Hunger,0.4878,Good Health and Well-being,0.0244,Quality Education,0.0,Gender Equality,0.0488,Clean Water and Sanitation,0.0976,Affordable and Clean Energy,0.6341,Decent Work and Economic Growth,0.1463,"Industry, Innovation and Infrastructure",0.0,Reduced Inequalities,0.3902,Sustainable Cities and Communities,0.2195,Responsible Consumption and Production,0.2683,Climate Action,0.0,Life Below Water,0.0732,Life on Land,0.5366,"Peace, Justice and Strong Institutions",0.0488,Partnerships for the Goals
QLD_Livingstone_Urban_2023,2023,QLD,14,0.2143,No Poverty,0.0,Zero Hunger,0.5,Good Health and Well-being,0.0,Quality Education,0.0,Gender Equality,0.0714,Clean Water and Sanitation,0.0,Affordable and Clean Energy,0.7143,Decent Work and Economic Growth,0.2143,"Industry, Innovation and Infrastructure",0.0714,Reduced Inequalities,0.2857,Sustainable Cities and Communities,0.2143,Responsible Consumption and Production,0.2143,Climate Action,0.0,Life Below Water,0.0,Life on Land,0.4286,"Peace, Justice and Strong Institutions",0.0,Partnerships for the Goals
QLD_Lockhart River_Rural_2023,2023,QLD,14,0.1429,No Poverty,0.0714,Zero Hunger,0.5,Good Health and Well-being,0.2857,Quality Education,0.2857,Gender Equality,0.0714,Clean Water and Sanitation,0.0,Affordable and Clean Energy,0.6429,Decent Work and Economic Growth,0.1429,"Industry, Innovation and Infrastructure",0.0714,Reduced Inequalities,0.2143,Sustainable Cities and Communities,0.0,Responsible Consumption and Production,0.0,Climate Action,0.0,Life Below Water,0.2143,Life on Land,0.5714,"Peace, Justice and Strong Institutions",0.0714,Partnerships for the Goals
QLD_Lockyer Valley_Urban_2023,2023,QLD,20,0.0,No Poverty,0.0,Zero Hunger,0.5,Good Health and Well-being,0.0,Quality Education,0.0,Gender Equality,0.05,Clean Water and Sanitation,0.05,Affordable and Clean Energy,0.65,Decent Work and Economic Growth,0.15,"Industry, Innovation and Infrastructure",0.0,Reduced Inequalities,0.7,Sustainable Cities and Communities,0.1,Responsible Consumption and Production,0.3,Climate Action,0.0,Life Below Water,0.0,Life on Land,0.3,"Peace, Justice and Strong Institutions",0.0,Partnerships for the Goals
QLD_Logan_Urban_2023,2023,QLD,34,0.0588,No Poverty,0.0,Zero Hunger,0.5294,Good Health and Well-being,0.0882,Quality Education,0.0294,Gender Equality,0.0294,Clean Water and Sanitation,0.1176,Affordable and Clean Energy,0.7941,Decent Work and Economic Growth,0.1176,"Industry, Innovation and Infrastructure",0.0,Reduced Inequalities,0.4706,Sustainable Cities and Communities,0.1471,Responsible Consumption and Production,0.2647,Climate Action,0.0,Life Below Water,0.0294,Life on Land,0.4706,"Peace, Justice and Strong Institutions",0.0,Partnerships for the Goals
QLD_Mackay_Urban_2023,2023,QLD,32,0.0312,No Poverty,0.0,Zero Hunger,0.4688,Good Health and Well-being,0.0625,Quality Education,0.0,Gender Equality,0.3125,Clean Water and Sanitation,0.0,Affordable and Clean Energy,0.75,Decent Work and Economic Growth,0.0625,"Industry, Innovation and Infrastructure",0.0,Reduced Inequalities,0.4375,Sustainable Cities and Communities,0.0938,Responsible Consumption and Production,0.125,Climate Action,0.0,Life Below Water,0.0625,Life on Land,0.1562,"Peace, Justice and Strong Institutions",0.0312,Partnerships for the Goals
QLD_Mapoon_Rural_2023,2023,QLD,9,0.0,No Poverty,0.0,Zero Hunger,0.5556,Good Health and Well-being,0.2222,Quality Education,0.0,Gender Equality,0.1111,Clean Water and Sanitation,0.0,Affordable and Clean Energy,0.8889,Decent Work and Economic Growth,0.1111,"Industry, Innovation and Infrastructure",0.0,Reduced Inequalities,0.3333,Sustainable Cities and Communities,0.1111,Responsible Consumption and Production,0.0,Climate Action,0.0,Life Below Water,0.0,Life on Land,0.5556,"Peace, Justice and Strong Institutions",0.0,Partnerships for the Goals
QLD_Mckinlay_Rural_2023,2023,QLD,33,0.0303,No Poverty,0.0303,Zero Hunger,0.5455,Good Health and Well-being,0.0303,Quality Education,0.0303,Gender Equality,0.1212,Clean Water and Sanitation,0.0,Affordable and Clean Energy,0.6364,Decent Work and Economic Growth,0.0909,"Industry, Innovation and Infrastructure",0.0,Reduced Inequalities,0.3636,Sustainable Cities and Communities,0.0909,Responsible Consumption and Production,0.1212,Climate Action,0.0,Life Below Water,0.1212,Life on Land,0.0909,"Peace, Justice and Strong Institutions",0.0303,Partnerships for the Goals
NT_East Arnhem_Rural_2023,2023,NT,47,0.0638,No Poverty,0.0638,Zero Hunger,0.4681,Good Health and Well-being,0.1489,Quality Education,0.0,Gender Equality,0.1277,Clean Water and Sanitation,0.0213,Affordable and Clean Energy,0.5745,Decent Work and Economic Growth,0.1064,"Industry, Innovation and Infrastructure",0.0,Reduced Inequalities,0.3191,Sustainable Cities and Communities,0.1489,Responsible Consumption and Production,0.2128,Climate Action,0.0213,Life Below Water,0.1489,Life on Land,0.3404,"Peace, Justice and Strong Institutions",0.0,Partnerships for the Goals
QLD_Mareeba_Urban_2023,2023,QLD,25,0.0,No Poverty,0.0,Zero Hunger,0.56,Good Health and Well-being,0.0,Quality Education,0.0,Gender Equality,0.2,Clean Water and Sanitation,0.0,Affordable and Clean Energy,0.6,Decent Work and Economic Growth,0.12,"Industry, Innovation and Infrastructure",0.0,Reduced Inequalities,0.64,Sustainable Cities and Communities,0.04,Responsible Consumption and Production,0.28,Climate Action,0.0,Life Below Water,0.08,Life on Land,0.36,"Peace, Justice and Strong Institutions",0.0,Partnerships for the Goals
QLD_Maranoa_Rural_2023,2023,QLD,14,0.1429,No Poverty,0.0,Zero Hunger,0.5714,Good Health and Well-being,0.1429,Quality Education,0.0714,Gender Equality,0.0,Clean Water and Sanitation,0.0714,Affordable and Clean Energy,0.7857,Decent Work and Economic Growth,0.3571,"Industry, Innovation and Infrastructure",0.0714,Reduced Inequalities,0.3571,Sustainable Cities and Communities,0.0714,Responsible Consumption and Production,0.1429,Climate Action,0.0,Life Below Water,0.0,Life on Land,0.2143,"Peace, Justice and Strong Institutions",0.0,Partnerships for the Goals
NSW_Sutherland_Urban_2023,2023,NSW,74,0.0405,No Poverty,0.0,Zero Hunger,0.5405,Good Health and Well-being,0.1351,Quality Education,0.027,Gender Equality,0.0405,Clean Water and Sanitation,0.1081,Affordable and Clean Energy,0.6622,Decent Work and Economic Growth,0.1216,"Industry, Innovation and Infrastructure",0.0135,Reduced Inequalities,0.3378,Sustainable Cities and Communities,0.0676,Responsible Consumption and Production,0.2703,Climate Action,0.027,Life Below Water,0.1486,Life on Land,0.2973,"Peace, Justice and Strong Institutions",0.0135,Partnerships for the Goals
QLD_Moreton Bay_Urban_2023,2023,QLD,55,0.0909,No Poverty,0.0182,Zero Hunger,0.6,Good Health and Well-being,0.0182,Quality Education,0.0364,Gender Equality,0.0727,Clean Water and Sanitation,0.0364,Affordable and Clean Energy,0.7273,Decent Work and Economic Growth,0.0364,"Industry, Innovation and Infrastructure",0.0,Reduced Inequalities,0.6545,Sustainable Cities and Communities,0.0727,Responsible Consumption and Production,0.2545,Climate Action,0.0182,Life Below Water,0.1273,Life on Land,0.2909,"Peace, Justice and Strong Institutions",0.0545,Partnerships for the Goals
QLD_Murweh_Rural_2023,2023,QLD,15,0.0,No Poverty,0.0667,Zero Hunger,0.7333,Good Health and Well-being,0.1333,Quality Education,0.0,Gender Equality,0.0,Clean Water and Sanitation,0.0,Affordable and Clean Energy,0.8667,Decent Work and Economic Growth,0.0667,"Industry, Innovation and Infrastructure",0.0,Reduced Inequalities,0.3333,Sustainable Cities and Communities,0.0667,Responsible Consumption and Production,0.0667,Climate Action,0.0,Life Below Water,0.0667,Life on Land,0.4,"Peace, Justice and Strong Institutions",0.0,Partnerships for the Goals
QLD_Mount Isa_Rural_2023,2023,QLD,6,0.0,No Poverty,0.0,Zero Hunger,0.5,Good Health and Well-being,0.0,Quality Education,0.0,Gender Equality,0.0,Clean Water and Sanitation,0.0,Affordable and Clean Energy,0.6667,Decent Work and Economic Growth,0.0,"Industry, Innovation and Infrastructure",0.0,Reduced Inequalities,0.6667,Sustainable Cities and Communities,0.1667,Responsible Consumption and Production,0.1667,Climate Action,0.0,Life Below Water,0.0,Life on Land,0.1667,"Peace, Justice and Strong Institutions",0.0,Partnerships for the Goals
QLD_North Burnett_Rural_2023,2023,QLD,22,0.0909,No Poverty,0.0,Zero Hunger,0.5,Good Health and Well-being,0.0909,Quality Education,0.0,Gender Equality,0.0909,Clean Water and Sanitation,0.0455,Affordable and Clean Energy,0.4545,Decent Work and Economic Growth,0.2727,"Industry, Innovation and Infrastructure",0.0,Reduced Inequalities,0.2727,Sustainable Cities and Communities,0.0909,Responsible Consumption and Production,0.0909,Climate Action,0.0,Life Below Water,0.0909,Life on Land,0.2727,"Peace, Justice and Strong Institutions",0.0,Partnerships for the Goals
QLD_Palm Island_Urban_2023,2023,QLD,13,0.2308,No Poverty,0.0,Zero Hunger,0.4615,Good Health and Well-being,0.0769,Quality Education,0.0,Gender Equality,0.0769,Clean Water and Sanitation,0.1538,Affordable and Clean Energy,0.6923,Decent Work and Economic Growth,0.2308,"Industry, Innovation and Infrastructure",0.0769,Reduced Inequalities,0.2308,Sustainable Cities and Communities,0.2308,Responsible Consumption and Production,0.2308,Climate Action,0.0,Life Below Water,0.0,Life on Land,0.1538,"Peace, Justice and Strong Institutions",0.0,Partnerships for the Goals
QLD_Quilpie_Rural_2023,2023,QLD,26,0.0385,No Poverty,0.0385,Zero Hunger,0.5,Good Health and Well-being,0.0769,Quality Education,0.0385,Gender Equality,0.0,Clean Water and Sanitation,0.0385,Affordable and Clean Energy,0.5769,Decent Work and Economic Growth,0.1154,"Industry, Innovation and Infrastructure",0.0,Reduced Inequalities,0.3846,Sustainable Cities and Communities,0.0769,Responsible Consumption and Production,0.1538,Climate Action,0.0,Life Below Water,0.0769,Life on Land,0.1923,"Peace, Justice and Strong Institutions",0.0385,Partnerships for the Goals
QLD_Noosa_Urban_2023,2023,QLD,74,0.0541,No Poverty,0.0135,Zero Hunger,0.6081,Good Health and Well-being,0.0676,Quality Education,0.027,Gender Equality,0.1486,Clean Water and Sanitation,0.0676,Affordable and Clean Energy,0.8378,Decent Work and Economic Growth,0.1081,"Industry, Innovation and Infrastructure",0.0135,Reduced Inequalities,0.3514,Sustainable Cities and Communities,0.1216,Responsible Consumption and Production,0.3108,Climate Action,0.0541,Life Below Water,0.1757,Life on Land,0.4189,"Peace, Justice and Strong Institutions",0.0135,Partnerships for the Goals
QLD_Richmond_Rural_2023,2023,QLD,8,0.125,No Poverty,0.0,Zero Hunger,0.625,Good Health and Well-being,0.0,Quality Education,0.0,Gender Equality,0.25,Clean Water and Sanitation,0.0,Affordable and Clean Energy,0.75,Decent Work and Economic Growth,0.0,"Industry, Innovation and Infrastructure",0.0,Reduced Inequalities,0.5,Sustainable Cities and Communities,0.0,Responsible Consumption and Production,0.0,Climate Action,0.0,Life Below Water,0.125,Life on Land,0.0,"Peace, Justice and Strong Institutions",0.0,Partnerships for the Goals
QLD_Napranum_Rural_2023,2023,QLD,1,0.0,No Poverty,0.0,Zero Hunger,1.0,Good Health and Well-being,0.0,Quality Education,0.0,Gender Equality,0.0,Clean Water and Sanitation,0.0,Affordable and Clean Energy,1.0,Decent Work and Economic Growth,0.0,"Industry, Innovation and Infrastructure",0.0,Reduced Inequalities,0.0,Sustainable Cities and Communities,0.0,Responsible Consumption and Production,0.0,Climate Action,0.0,Life Below Water,0.0,Life on Land,1.0,"Peace, Justice and Strong Institutions",0.0,Partnerships for the Goals
QLD_Redland_Urban_2023,2023,QLD,49,0.1633,No Poverty,0.0,Zero Hunger,0.6122,Good Health and Well-being,0.0612,Quality Education,0.0,Gender Equality,0.0816,Clean Water and Sanitation,0.0408,Affordable and Clean Energy,0.7755,Decent Work and Economic Growth,0.0816,"Industry, Innovation and Infrastructure",0.0204,Reduced Inequalities,0.4694,Sustainable Cities and Communities,0.2041,Responsible Consumption and Production,0.2041,Climate Action,0.0,Life Below Water,0.0612,Life on Land,0.3061,"Peace, Justice and Strong Institutions",0.0204,Partnerships for the Goals
QLD_Somerset_Urban_2023,2023,QLD,14,0.0714,No Poverty,0.0,Zero Hunger,0.7143,Good Health and Well-being,0.1429,Quality Education,0.0,Gender Equality,0.1429,Clean Water and Sanitation,0.0,Affordable and Clean Energy,0.7857,Decent Work and Economic Growth,0.1429,"Industry, Innovation and Infrastructure",0.0,Reduced Inequalities,0.5,Sustainable Cities and Communities,0.1429,Responsible Consumption and Production,0.1429,Climate Action,0.0,Life Below Water,0.1429,Life on Land,0.4286,"Peace, Justice and Strong Institutions",0.0,Partnerships for the Goals
QLD_Scenic Rim_Urban_2023,2023,QLD,11,0.0909,No Poverty,0.0,Zero Hunger,0.5455,Good Health and Well-being,0.0909,Quality Education,0.0,Gender Equality,0.0,Clean Water and Sanitation,0.0,Affordable and Clean Energy,0.9091,Decent Work and Economic Growth,0.1818,"Industry, Innovation and Infrastructure",0.0,Reduced Inequalities,0.2727,Sustainable Cities and Communities,0.0909,Responsible Consumption and Production,0.3636,Climate Action,0.0,Life Below Water,0.2727,Life on Land,0.1818,"Peace, Justice and Strong Institutions",0.0909,Partnerships for the Goals
QLD_South Burnett_Urban_2023,2023,QLD,17,0.0588,No Poverty,0.0,Zero Hunger,0.4706,Good Health and Well-being,0.0588,Quality Education,0.0,Gender Equality,0.1176,Clean Water and Sanitation,0.0588,Affordable and Clean Energy,0.5882,Decent Work and Economic Growth,0.1176,"Industry, Innovation and Infrastructure",0.0,Reduced Inequalities,0.6471,Sustainable Cities and Communities,0.0,Responsible Consumption and Production,0.2941,Climate Action,0.0,Life Below Water,0.1176,Life on Land,0.0588,"Peace, Justice and Strong Institutions",0.0,Partnerships for the Goals
QLD_Tablelands_Urban_2023,2023,QLD,6,0.0,No Poverty,0.0,Zero Hunger,0.5,Good Health and Well-being,0.0,Quality Education,0.0,Gender Equality,0.0,Clean Water and Sanitation,0.0,Affordable and Clean Energy,0.6667,Decent Work and Economic Growth,0.3333,"Industry, Innovation and Infrastructure",0.0,Reduced Inequalities,0.3333,Sustainable Cities and Communities,0.5,Responsible Consumption and Production,0.1667,Climate Action,0.0,Life Below Water,0.0,Life on Land,0.6667,"Peace, Justice and Strong Institutions",0.0,Partnerships for the Goals
QLD_Pormpuraaw_Rural_2023,2023,QLD,8,0.125,No Poverty,0.0,Zero Hunger,0.375,Good Health and Well-being,0.0,Quality Education,0.125,Gender Equality,0.0,Clean Water and Sanitation,0.0,Affordable and Clean Energy,0.5,Decent Work and Economic Growth,0.0,"Industry, Innovation and Infrastructure",0.0,Reduced Inequalities,0.25,Sustainable Cities and Communities,0.0,Responsible Consumption and Production,0.125,Climate Action,0.0,Life Below Water,0.125,Life on Land,0.25,"Peace, Justice and Strong Institutions",0.125,Partnerships for the Goals
QLD_Southern Downs_Urban_2023,2023,QLD,6,0.0,No Poverty,0.0,Zero Hunger,0.3333,Good Health and Well-being,0.0,Quality Education,0.1667,Gender Equality,0.0,Clean Water and Sanitation,0.1667,Affordable and Clean Energy,0.3333,Decent Work and Economic Growth,0.1667,"Industry, Innovation and Infrastructure",0.0,Reduced Inequalities,0.5,Sustainable Cities and Communities,0.1667,Responsible Consumption and Production,0.3333,Climate Action,0.0,Life Below Water,0.0,Life on Land,0.3333,"Peace, Justice and Strong Institutions",0.0,Partnerships for the Goals
QLD_Toowoomba_Urban_2023,2023,QLD,15,0.0,No Poverty,0.0,Zero Hunger,0.6,Good Health and Well-being,0.0667,Quality Education,0.0,Gender Equality,0.1333,Clean Water and Sanitation,0.0,Affordable and Clean Energy,0.8667,Decent Work and Economic Growth,0.0667,"Industry, Innovation and Infrastructure",0.0,Reduced Inequalities,0.2,Sustainable Cities and Communities,0.2667,Responsible Consumption and Production,0.0,Climate Action,0.0,Life Below Water,0.0667,Life on Land,0.5333,"Peace, Justice and Strong Institutions",0.0,Partnerships for the Goals
QLD_Torres_Rural_2023,2023,QLD,42,0.119,No Poverty,0.0476,Zero Hunger,0.5714,Good Health and Well-being,0.0714,Quality Education,0.0714,Gender Equality,0.0238,Clean Water and Sanitation,0.0238,Affordable and Clean Energy,0.6429,Decent Work and Economic Growth,0.0714,"Industry, Innovation and Infrastructure",0.0238,Reduced Inequalities,0.4048,Sustainable Cities and Communities,0.0714,Responsible Consumption and Production,0.0952,Climate Action,0.0476,Life Below Water,0.0952,Life on Land,0.4286,"Peace, Justice and Strong Institutions",0.0238,Partnerships for the Goals
QLD_Sunshine Coast_Urban_2023,2023,QLD,100,0.07,No Poverty,0.0,Zero Hunger,0.54,Good Health and Well-being,0.06,Quality Education,0.03,Gender Equality,0.05,Clean Water and Sanitation,0.09,Affordable and Clean Energy,0.76,Decent Work and Economic Growth,0.17,"Industry, Innovation and Infrastructure",0.0,Reduced Inequalities,0.51,Sustainable Cities and Communities,0.11,Responsible Consumption and Production,0.37,Climate Action,0.01,Life Below Water,0.12,Life on Land,0.14,"Peace, Justice and Strong Institutions",0.07,Partnerships for the Goals
QLD_Townsville_Urban_2023,2023,QLD,27,0.037,No Poverty,0.0,Zero Hunger,0.6296,Good Health and Well-being,0.1111,Quality Education,0.0,Gender Equality,0.0741,Clean Water and Sanitation,0.037,Affordable and Clean Energy,0.7407,Decent Work and Economic Growth,0.0,"Industry, Innovation and Infrastructure",0.037,Reduced Inequalities,0.4815,Sustainable Cities and Communities,0.1852,Responsible Consumption and Production,0.2222,Climate Action,0.037,Life Below Water,0.1111,Life on Land,0.2963,"Peace, Justice and Strong Institutions",0.0,Partnerships for the Goals
QLD_Weipa_Urban_2023,2023,QLD,8,0.0,No Poverty,0.0,Zero Hunger,0.625,Good Health and Well-being,0.25,Quality Education,0.0,Gender Equality,0.0,Clean Water and Sanitation,0.25,Affordable and Clean Energy,0.625,Decent Work and Economic Growth,0.0,"Industry, Innovation and Infrastructure",0.0,Reduced Inequalities,0.5,Sustainable Cities and Communities,0.0,Responsible Consumption and Production,0.5,Climate Action,0.0,Life Below Water,0.125,Life on Land,0.125,"Peace, Justice and Strong Institutions",0.0,Partnerships for the Goals
QLD_Torres Strait Islands_Rural_2023,2023,QLD,50,0.06,No Poverty,0.0,Zero Hunger,0.44,Good Health and Well-being,0.06,Quality Education,0.12,Gender Equality,0.12,Clean Water and Sanitation,0.0,Affordable and Clean Energy,0.5,Decent Work and Economic Growth,0.18,"Industry, Innovation and Infrastructure",0.04,Reduced Inequalities,0.22,Sustainable Cities and Communities,0.06,Responsible Consumption and Production,0.12,Climate Action,0.04,Life Below Water,0.06,Life on Land,0.36,"Peace, Justice and Strong Institutions",0.04,Partnerships for the Goals
QLD_Western Downs_Urban_2023,2023,QLD,10,0.1,No Poverty,0.1,Zero Hunger,0.5,Good Health and Well-being,0.0,Quality Education,0.1,Gender Equality,0.0,Clean Water and Sanitation,0.0,Affordable and Clean Energy,0.9,Decent Work and Economic Growth,0.3,"Industry, Innovation and Infrastructure",0.0,Reduced Inequalities,0.2,Sustainable Cities and Communities,0.0,Responsible Consumption and Production,0.3,Climate Action,0.0,Life Below Water,0.0,Life on Land,0.3,"Peace, Justice and Strong Institutions",0.0,Partnerships for the Goals
QLD_Wujal Wujal_Rural_2023,2023,QLD,21,0.0952,No Poverty,0.0,Zero Hunger,0.4286,Good Health and Well-being,0.0952,Quality Education,0.0,Gender Equality,0.0476,Clean Water and Sanitation,0.0,Affordable and Clean Energy,0.619,Decent Work and Economic Growth,0.1429,"Industry, Innovation and Infrastructure",0.0,Reduced Inequalities,0.5714,Sustainable Cities and Communities,0.0476,Responsible Consumption and Production,0.0,Climate Action,0.0,Life Below Water,0.0476,Life on Land,0.5238,"Peace, Justice and Strong Institutions",0.0,Partnerships for the Goals
QLD_Yarrabah_Rural_2023,2023,QLD,22,0.1364,No Poverty,0.0,Zero Hunger,0.4091,Good Health and Well-being,0.0909,Quality Education,0.0909,Gender Equality,0.0909,Clean Water and Sanitation,0.0,Affordable and Clean Energy,0.5909,Decent Work and Economic Growth,0.2273,"Industry, Innovation and Infrastructure",0.0,Reduced Inequalities,0.2273,Sustainable Cities and Communities,0.0909,Responsible Consumption and Production,0.1818,Climate Action,0.0455,Life Below Water,0.0455,Life on Land,0.2727,"Peace, Justice and Strong Institutions",0.0,Partnerships for the Goals
QLD_Hinchinbrook_Rural_2023,2023,QLD,39,0.0769,No Poverty,0.0256,Zero Hunger,0.5897,Good Health and Well-being,0.0256,Quality Education,0.0256,Gender Equality,0.1026,Clean Water and Sanitation,0.1795,Affordable and Clean Energy,0.7179,Decent Work and Economic Growth,0.1026,"Industry, Innovation and Infrastructure",0.0,Reduced Inequalities,0.641,Sustainable Cities and Communities,0.1026,Responsible Consumption and Production,0.2564,Climate Action,0.0256,Life Below Water,0.1282,Life on Land,0.3333,"Peace, Justice and Strong Institutions",0.0,Partnerships for the Goals
QLD_Whitsunday_Urban_2023,2023,QLD,44,0.0,No Poverty,0.0,Zero Hunger,0.5909,Good Health and Well-being,0.0682,Quality Education,0.0909,Gender Equality,0.0682,Clean Water and Sanitation,0.0227,Affordable and Clean Energy,0.7273,Decent Work and Economic Growth,0.1136,"Industry, Innovation and Infrastructure",0.0,Reduced Inequalities,0.2955,Sustainable Cities and Communities,0.1364,Responsible Consumption and Production,0.2955,Climate Action,0.0682,Life Below Water,0.1136,Life on Land,0.5455,"Peace, Justice and Strong Institutions",0.0,Partnerships for the Goals
SA_Adelaide_Urban_2023,2023,SA,23,0.0,No Poverty,0.0,Zero Hunger,0.3913,Good Health and Well-being,0.0,Quality Education,0.0435,Gender Equality,0.087,Clean Water and Sanitation,0.0,Affordable and Clean Energy,0.3913,Decent Work and Economic Growth,0.0435,"Industry, Innovation and Infrastructure",0.0,Reduced Inequalities,0.7826,Sustainable Cities and Communities,0.087,Responsible Consumption and Production,0.087,Climate Action,0.0,Life Below Water,0.0,Life on Land,0.5217,"Peace, Justice and Strong Institutions",0.0,Partnerships for the Goals
SA_Adelaide Plains_Rural_2023,2023,SA,46,0.0217,No Poverty,0.0217,Zero Hunger,0.3478,Good Health and Well-being,0.1304,Quality Education,0.0,Gender Equality,0.087,Clean Water and Sanitation,0.0217,Affordable and Clean Energy,0.3043,Decent Work and Economic Growth,0.0435,"Industry, Innovation and Infrastructure",0.0,Reduced Inequalities,0.413,Sustainable Cities and Communities,0.0217,Responsible Consumption and Production,0.1957,Climate Action,0.0217,Life Below Water,0.2174,Life on Land,0.1957,"Peace, Justice and Strong Institutions",0.0,Partnerships for the Goals
SA_Anangu_Rural_2023,2023,SA,14,0.0,No Poverty,0.0714,Zero Hunger,0.3571,Good Health and Well-being,0.0,Quality Education,0.0714,Gender Equality,0.0,Clean Water and Sanitation,0.0,Affordable and Clean Energy,0.6429,Decent Work and Economic Growth,0.0714,"Industry, Innovation and Infrastructure",0.0,Reduced Inequalities,0.0714,Sustainable Cities and Communities,0.0,Responsible Consumption and Production,0.2143,Climate Action,0.0,Life Below Water,0.7143,Life on Land,0.5,"Peace, Justice and Strong Institutions",0.0714,Partnerships for the Goals
SA_Barunga West_Rural_2023,2023,SA,17,0.1176,No Poverty,0.0,Zero Hunger,0.4706,Good Health and Well-being,0.0,Quality Education,0.0,Gender Equality,0.2353,Clean Water and Sanitation,0.0,Affordable and Clean Energy,0.5294,Decent Work and Economic Growth,0.0,"Industry, Innovation and Infrastructure",0.0588,Reduced Inequalities,0.6471,Sustainable Cities and Communities,0.0588,Responsible Consumption and Production,0.1765,Climate Action,0.1176,Life Below Water,0.1176,Life on Land,0.5882,"Peace, Justice and Strong Institutions",0.0588,Partnerships for the Goals
SA_Campbelltown_Urban_2023,2023,SA,13,0.0,No Poverty,0.0,Zero Hunger,0.9231,Good Health and Well-being,0.0,Quality Education,0.2308,Gender Equality,0.1538,Clean Water and Sanitation,0.0769,Affordable and Clean Energy,0.6923,Decent Work and Economic Growth,0.0769,"Industry, Innovation and Infrastructure",0.0,Reduced Inequalities,0.3846,Sustainable Cities and Communities,0.0769,Responsible Consumption and Production,0.3077,Climate Action,0.0,Life Below Water,0.1538,Life on Land,0.5385,"Peace, Justice and Strong Institutions",0.0769,Partnerships for the Goals
SA_Alexandrina_Urban_2023,2023,SA,51,0.0,No Poverty,0.0784,Zero Hunger,0.4902,Good Health and Well-being,0.0784,Quality Education,0.0784,Gender Equality,0.1765,Clean Water and Sanitation,0.098,Affordable and Clean Energy,0.549,Decent Work and Economic Growth,0.0196,"Industry, Innovation and Infrastructure",0.0,Reduced Inequalities,0.4118,Sustainable Cities and Communities,0.1569,Responsible Consumption and Production,0.2549,Climate Action,0.0392,Life Below Water,0.1176,Life on Land,0.4314,"Peace, Justice and Strong Institutions",0.1373,Partnerships for the Goals
SA_Adelaide Hills_Urban_2023,2023,SA,18,0.1111,No Poverty,0.0,Zero Hunger,0.6111,Good Health and Well-being,0.0556,Quality Education,0.1667,Gender Equality,0.0556,Clean Water and Sanitation,0.1111,Affordable and Clean Energy,0.6111,Decent Work and Economic Growth,0.1111,"Industry, Innovation and Infrastructure",0.0,Reduced Inequalities,0.4444,Sustainable Cities and Communities,0.1111,Responsible Consumption and Production,0.3333,Climate Action,0.0,Life Below Water,0.0556,Life on Land,0.3889,"Peace, Justice and Strong Institutions",0.0,Partnerships for the Goals
SA_Ceduna_Rural_2023,2023,SA,11,0.0,No Poverty,0.0,Zero Hunger,0.6364,Good Health and Well-being,0.0,Quality Education,0.0,Gender Equality,0.1818,Clean Water and Sanitation,0.0,Affordable and Clean Energy,0.3636,Decent Work and Economic Growth,0.0,"Industry, Innovation and Infrastructure",0.0,Reduced Inequalities,0.9091,Sustainable Cities and Communities,0.0,Responsible Consumption and Production,0.0,Climate Action,0.0,Life Below Water,0.1818,Life on Land,0.9091,"Peace, Justice and Strong Institutions",0.0,Partnerships for the Goals
QLD_Rockhampton_Urban_2023,2023,QLD,11,0.0909,No Poverty,0.0,Zero Hunger,0.8182,Good Health and Well-being,0.0,Quality Education,0.0,Gender Equality,0.0909,Clean Water and Sanitation,0.0,Affordable and Clean Energy,1.0,Decent Work and Economic Growth,0.1818,"Industry, Innovation and Infrastructure",0.0,Reduced Inequalities,0.6364,Sustainable Cities and Communities,0.0,Responsible Consumption and Production,0.3636,Climate Action,0.0,Life Below Water,0.1818,Life on Land,0.0,"Peace, Justice and Strong Institutions",0.0909,Partnerships for the Goals
SA_Coober Pedy_Rural_2023,2023,SA,1,0.0,No Poverty,0.0,Zero Hunger,0.0,Good Health and Well-being,0.0,Quality Education,0.0,Gender Equality,0.0,Clean Water and Sanitation,0.0,Affordable and Clean Energy,0.0,Decent Work and Economic Growth,0.0,"Industry, Innovation and Infrastructure",0.0,Reduced Inequalities,0.0,Sustainable Cities and Communities,0.0,Responsible Consumption and Production,0.0,Climate Action,0.0,Life Below Water,0.0,Life on Land,1.0,"Peace, Justice and Strong Institutions",0.0,Partnerships for the Goals
SA_Charles Sturt_Urban_2023,2023,SA,44,0.1364,No Poverty,0.0,Zero Hunger,0.4773,Good Health and Well-being,0.0227,Quality Education,0.0,Gender Equality,0.0455,Clean Water and Sanitation,0.1818,Affordable and Clean Energy,0.5455,Decent Work and Economic Growth,0.0455,"Industry, Innovation and Infrastructure",0.0682,Reduced Inequalities,0.4318,Sustainable Cities and Communities,0.0909,Responsible Consumption and Production,0.2273,Climate Action,0.0227,Life Below Water,0.0682,Life on Land,0.25,"Peace, Justice and Strong Institutions",0.0,Partnerships for the Goals
SA_Clare Gilbert Valleys_Rural_2023,2023,SA,16,0.0,No Poverty,0.0,Zero Hunger,0.125,Good Health and Well-being,0.125,Quality Education,0.0625,Gender Equality,0.125,Clean Water and Sanitation,0.0625,Affordable and Clean Energy,0.3125,Decent Work and Economic Growth,0.0,"Industry, Innovation and Infrastructure",0.0625,Reduced Inequalities,0.25,Sustainable Cities and Communities,0.0625,Responsible Consumption and Production,0.125,Climate Action,0.0,Life Below Water,0.0,Life on Land,0.375,"Peace, Justice and Strong Institutions",0.0,Partnerships for the Goals
SA_Flinders Ranges_Rural_2023,2023,SA,4,0.0,No Poverty,0.0,Zero Hunger,0.0,Good Health and Well-being,0.0,Quality Education,0.0,Gender Equality,0.0,Clean Water and Sanitation,0.0,Affordable and Clean Energy,0.25,Decent Work and Economic Growth,0.0,"Industry, Innovation and Infrastructure",0.0,Reduced Inequalities,1.0,Sustainable Cities and Communities,0.0,Responsible Consumption and Production,0.0,Climate Action,0.0,Life Below Water,0.25,Life on Land,0.5,"Peace, Justice and Strong Institutions",0.0,Partnerships for the Goals
SA_Cleve_Rural_2023,2023,SA,1,0.0,No Poverty,0.0,Zero Hunger,1.0,Good Health and Well-being,0.0,Quality Education,0.0,Gender Equality,0.0,Clean Water and Sanitation,0.0,Affordable and Clean Energy,1.0,Decent Work and Economic Growth,0.0,"Industry, Innovation and Infrastructure",0.0,Reduced Inequalities,0.0,Sustainable Cities and Communities,0.0,Responsible Consumption and Production,0.0,Climate Action,0.0,Life Below Water,1.0,Life on Land,0.0,"Peace, Justice and Strong Institutions",1.0,Partnerships for the Goals
SA_Elliston_Rural_2023,2023,SA,26,0.0769,No Poverty,0.0385,Zero Hunger,0.4615,Good Health and Well-being,0.0,Quality Education,0.0,Gender Equality,0.0769,Clean Water and Sanitation,0.0,Affordable and Clean Energy,0.6923,Decent Work and Economic Growth,0.0769,"Industry, Innovation and Infrastructure",0.0,Reduced Inequalities,0.5385,Sustainable Cities and Communities,0.0385,Responsible Consumption and Production,0.1154,Climate Action,0.0769,Life Below Water,0.1538,Life on Land,0.4231,"Peace, Justice and Strong Institutions",0.0769,Partnerships for the Goals
SA_Gawler_Urban_2023,2023,SA,6,0.0,No Poverty,0.0,Zero Hunger,0.5,Good Health and Well-being,0.1667,Quality Education,0.0,Gender Equality,0.0,Clean Water and Sanitation,0.1667,Affordable and Clean Energy,0.6667,Decent Work and Economic Growth,0.1667,"Industry, Innovation and Infrastructure",0.0,Reduced Inequalities,0.6667,Sustainable Cities and Communities,0.0,Responsible Consumption and Production,0.1667,Climate Action,0.0,Life Below Water,0.0,Life on Land,0.1667,"Peace, Justice and Strong Institutions",0.0,Partnerships for the Goals
SA_Franklin Harbour_Rural_2023,2023,SA,17,0.0588,No Poverty,0.0,Zero Hunger,0.4706,Good Health and Well-being,0.0,Quality Education,0.0,Gender Equality,0.1765,Clean Water and Sanitation,0.0588,Affordable and Clean Energy,0.4706,Decent Work and Economic Growth,0.0,"Industry, Innovation and Infrastructure",0.0,Reduced Inequalities,0.3529,Sustainable Cities and Communities,0.0,Responsible Consumption and Production,0.2353,Climate Action,0.1176,Life Below Water,0.2353,Life on Land,0.1765,"Peace, Justice and Strong Institutions",0.0588,Partnerships for the Goals
SA_Coorong_Rural_2023,2023,SA,13,0.0769,No Poverty,0.0769,Zero Hunger,0.3077,Good Health and Well-being,0.0,Quality Education,0.0,Gender Equality,0.0,Clean Water and Sanitation,0.0,Affordable and Clean Energy,0.6923,Decent Work and Economic Growth,0.2308,"Industry, Innovation and Infrastructure",0.0,Reduced Inequalities,0.6923,Sustainable Cities and Communities,0.1538,Responsible Consumption and Production,0.3077,Climate Action,0.0769,Life Below Water,0.3077,Life on Land,0.0769,"Peace, Justice and Strong Institutions",0.0,Partnerships for the Goals
SA_Berri Barmera_Rural_2023,2023,SA,32,0.0625,No Poverty,0.0,Zero Hunger,0.375,Good Health and Well-being,0.125,Quality Education,0.0312,Gender Equality,0.25,Clean Water and Sanitation,0.0312,Affordable and Clean Energy,0.4688,Decent Work and Economic Growth,0.0,"Industry, Innovation and Infrastructure",0.0312,Reduced Inequalities,0.3438,Sustainable Cities and Communities,0.0,Responsible Consumption and Production,0.4375,Climate Action,0.0,Life Below Water,0.125,Life on Land,0.2812,"Peace, Justice and Strong Institutions",0.0,Partnerships for the Goals
SA_Grant_Rural_2023,2023,SA,36,0.0556,No Poverty,0.0,Zero Hunger,0.3333,Good Health and Well-being,0.0278,Quality Education,0.0,Gender Equality,0.0278,Clean Water and Sanitation,0.0556,Affordable and Clean Energy,0.5833,Decent Work and Economic Growth,0.0278,"Industry, Innovation and Infrastructure",0.0,Reduced Inequalities,0.5556,Sustainable Cities and Communities,0.0833,Responsible Consumption and Production,0.0833,Climate Action,0.0,Life Below Water,0.0556,Life on Land,0.2778,"Peace, Justice and Strong Institutions",0.0,Partnerships for the Goals
SA_Goyder_Rural_2023,2023,SA,60,0.05,No Poverty,0.0333,Zero Hunger,0.3667,Good Health and Well-being,0.1333,Quality Education,0.05,Gender Equality,0.0,Clean Water and Sanitation,0.0,Affordable and Clean Energy,0.5167,Decent Work and Economic Growth,0.05,"Industry, Innovation and Infrastructure",0.0167,Reduced Inequalities,0.4167,Sustainable Cities and Communities,0.0,Responsible Consumption and Production,0.0833,Climate Action,0.0,Life Below Water,0.0833,Life on Land,0.2,"Peace, Justice and Strong Institutions",0.0667,Partnerships for the Goals
SA_Kangaroo Island_Rural_2023,2023,SA,70,0.0714,No Poverty,0.0286,Zero Hunger,0.4143,Good Health and Well-being,0.0714,Quality Education,0.0,Gender Equality,0.0571,Clean Water and Sanitation,0.0571,Affordable and Clean Energy,0.5714,Decent Work and Economic Growth,0.0571,"Industry, Innovation and Infrastructure",0.0143,Reduced Inequalities,0.5857,Sustainable Cities and Communities,0.0857,Responsible Consumption and Production,0.1714,Climate Action,0.0571,Life Below Water,0.1714,Life on Land,0.2,"Peace, Justice and Strong Institutions",0.0286,Partnerships for the Goals
SA_Holdfast Bay_Urban_2023,2023,SA,50,0.08,No Poverty,0.02,Zero Hunger,0.64,Good Health and Well-being,0.04,Quality Education,0.04,Gender Equality,0.1,Clean Water and Sanitation,0.12,Affordable and Clean Energy,0.66,Decent Work and Economic Growth,0.12,"Industry, Innovation and Infrastructure",0.0,Reduced Inequalities,0.4,Sustainable Cities and Communities,0.14,Responsible Consumption and Production,0.28,Climate Action,0.1,Life Below Water,0.22,Life on Land,0.14,"Peace, Justice and Strong Institutions",0.04,Partnerships for the Goals
SA_Lower Eyre Peninsula_Rural_2023,2023,SA,19,0.1053,No Poverty,0.0,Zero Hunger,0.4211,Good Health and Well-being,0.1579,Quality Education,0.0526,Gender Equality,0.0,Clean Water and Sanitation,0.0526,Affordable and Clean Energy,0.6842,Decent Work and Economic Growth,0.1579,"Industry, Innovation and Infrastructure",0.0,Reduced Inequalities,0.6316,Sustainable Cities and Communities,0.0,Responsible Consumption and Production,0.1053,Climate Action,0.0,Life Below Water,0.1053,Life on Land,0.4737,"Peace, Justice and Strong Institutions",0.0526,Partnerships for the Goals
SA_Karoonda East Murray_Rural_2023,2023,SA,7,0.0,No Poverty,0.0,Zero Hunger,0.5714,Good Health and Well-being,0.0,Quality Education,0.0,Gender Equality,0.1429,Clean Water and Sanitation,0.1429,Affordable and Clean Energy,0.7143,Decent Work and Economic Growth,0.0,"Industry, Innovation and Infrastructure",0.1429,Reduced Inequalities,0.1429,Sustainable Cities and Communities,0.2857,Responsible Consumption and Production,0.2857,Climate Action,0.0,Life Below Water,0.0,Life on Land,0.5714,"Peace, Justice and Strong Institutions",0.0,Partnerships for the Goals
SA_Kimba_Rural_2023,2023,SA,10,0.3,No Poverty,0.0,Zero Hunger,0.6,Good Health and Well-being,0.1,Quality Education,0.2,Gender Equality,0.0,Clean Water and Sanitation,0.0,Affordable and Clean Energy,0.8,Decent Work and Economic Growth,0.0,"Industry, Innovation and Infrastructure",0.0,Reduced Inequalities,0.4,Sustainable Cities and Communities,0.1,Responsible Consumption and Production,0.1,Climate Action,0.0,Life Below Water,0.1,Life on Land,0.3,"Peace, Justice and Strong Institutions",0.1,Partnerships for the Goals
SA_Mitcham_Urban_2023,2023,SA,27,0.0,No Poverty,0.0,Zero Hunger,0.3333,Good Health and Well-being,0.0,Quality Education,0.0,Gender Equality,0.037,Clean Water and Sanitation,0.1111,Affordable and Clean Energy,0.5185,Decent Work and Economic Growth,0.2222,"Industry, Innovation and Infrastructure",0.037,Reduced Inequalities,0.4444,Sustainable Cities and Communities,0.0741,Responsible Consumption and Production,0.2963,Climate Action,0.0,Life Below Water,0.1481,Life on Land,0.1481,"Peace, Justice and Strong Institutions",0.0,Partnerships for the Goals
SA_Marion_Urban_2023,2023,SA,40,0.0,No Poverty,0.0,Zero Hunger,0.425,Good Health and Well-being,0.05,Quality Education,0.025,Gender Equality,0.2,Clean Water and Sanitation,0.05,Affordable and Clean Energy,0.675,Decent Work and Economic Growth,0.125,"Industry, Innovation and Infrastructure",0.0,Reduced Inequalities,0.625,Sustainable Cities and Communities,0.025,Responsible Consumption and Production,0.225,Climate Action,0.0,Life Below Water,0.175,Life on Land,0.35,"Peace, Justice and Strong Institutions",0.025,Partnerships for the Goals
SA_Kingston_Rural_2023,2023,SA,34,0.0,No Poverty,0.0,Zero Hunger,0.2059,Good Health and Well-being,0.1176,Quality Education,0.0882,Gender Equality,0.0588,Clean Water and Sanitation,0.0588,Affordable and Clean Energy,0.3824,Decent Work and Economic Growth,0.0882,"Industry, Innovation and Infrastructure",0.0,Reduced Inequalities,0.4118,Sustainable Cities and Communities,0.0294,Responsible Consumption and Production,0.0882,Climate Action,0.1176,Life Below Water,0.0882,Life on Land,0.2353,"Peace, Justice and Strong Institutions",0.0588,Partnerships for the Goals
SA_Loxton Waikerie_Rural_2023,2023,SA,36,0.0556,No Poverty,0.0,Zero Hunger,0.3611,Good Health and Well-being,0.0833,Quality Education,0.0,Gender Equality,0.1111,Clean Water and Sanitation,0.0278,Affordable and Clean Energy,0.5,Decent Work and Economic Growth,0.0833,"Industry, Innovation and Infrastructure",0.0,Reduced Inequalities,0.5833,Sustainable Cities and Communities,0.0278,Responsible Consumption and Production,0.1389,Climate Action,0.0,Life Below Water,0.0833,Life on Land,0.3056,"Peace, Justice and Strong Institutions",0.0278,Partnerships for the Goals
SA_Naracoorte Lucindale_Rural_2023,2023,SA,8,0.125,No Poverty,0.125,Zero Hunger,0.625,Good Health and Well-being,0.375,Quality Education,0.0,Gender Equality,0.0,Clean Water and Sanitation,0.0,Affordable and Clean Energy,0.75,Decent Work and Economic Growth,0.125,"Industry, Innovation and Infrastructure",0.125,Reduced Inequalities,0.5,Sustainable Cities and Communities,0.0,Responsible Consumption and Production,0.125,Climate Action,0.0,Life Below Water,0.0,Life on Land,0.25,"Peace, Justice and Strong Institutions",0.0,Partnerships for the Goals
SA_Mount Gambier_Urban_2023,2023,SA,62,0.0323,No Poverty,0.0,Zero Hunger,0.5806,Good Health and Well-being,0.1129,Quality Education,0.0,Gender Equality,0.0645,Clean Water and Sanitation,0.0323,Affordable and Clean Energy,0.5645,Decent Work and Economic Growth,0.0645,"Industry, Innovation and Infrastructure",0.0,Reduced Inequalities,0.5161,Sustainable Cities and Communities,0.0484,Responsible Consumption and Production,0.129,Climate Action,0.0,Life Below Water,0.2097,Life on Land,0.1129,"Peace, Justice and Strong Institutions",0.0161,Partnerships for the Goals
SA_Mount Remarkable_Rural_2023,2023,SA,35,0.0286,No Poverty,0.0286,Zero Hunger,0.4571,Good Health and Well-being,0.0286,Quality Education,0.0286,Gender Equality,0.1714,Clean Water and Sanitation,0.0857,Affordable and Clean Energy,0.5429,Decent Work and Economic Growth,0.0857,"Industry, Innovation and Infrastructure",0.0,Reduced Inequalities,0.6,Sustainable Cities and Communities,0.1143,Responsible Consumption and Production,0.1714,Climate Action,0.0,Life Below Water,0.0571,Life on Land,0.4571,"Peace, Justice and Strong Institutions",0.0,Partnerships for the Goals
SA_Northern Areas_Rural_2023,2023,SA,23,0.0,No Poverty,0.0,Zero Hunger,0.4348,Good Health and Well-being,0.0,Quality Education,0.087,Gender Equality,0.1739,Clean Water and Sanitation,0.0435,Affordable and Clean Energy,0.3913,Decent Work and Economic Growth,0.087,"Industry, Innovation and Infrastructure",0.0,Reduced Inequalities,0.6087,Sustainable Cities and Communities,0.0435,Responsible Consumption and Production,0.2174,Climate Action,0.0,Life Below Water,0.0435,Life on Land,0.6087,"Peace, Justice and Strong Institutions",0.0,Partnerships for the Goals
SA_Light_Rural_2023,2023,SA,46,0.087,No Poverty,0.0,Zero Hunger,0.3478,Good Health and Well-being,0.1739,Quality Education,0.0217,Gender Equality,0.0652,Clean Water and Sanitation,0.0217,Affordable and Clean Energy,0.587,Decent Work and Economic Growth,0.1087,"Industry, Innovation and Infrastructure",0.0435,Reduced Inequalities,0.4783,Sustainable Cities and Communities,0.0217,Responsible Consumption and Production,0.2174,Climate Action,0.0,Life Below Water,0.0652,Life on Land,0.3043,"Peace, Justice and Strong Institutions",0.0217,Partnerships for the Goals
SA_Orroroo Carrieton_Rural_2023,2023,SA,16,0.0625,No Poverty,0.0,Zero Hunger,0.5,Good Health and Well-being,0.0,Quality Education,0.0,Gender Equality,0.0625,Clean Water and Sanitation,0.0625,Affordable and Clean Energy,0.6875,Decent Work and Economic Growth,0.25,"Industry, Innovation and Infrastructure",0.0,Reduced Inequalities,0.5,Sustainable Cities and Communities,0.0625,Responsible Consumption and Production,0.125,Climate Action,0.0,Life Below Water,0.0625,Life on Land,0.3125,"Peace, Justice and Strong Institutions",0.125,Partnerships for the Goals
SA_Murray Bridge_Rural_2023,2023,SA,48,0.0208,No Poverty,0.0417,Zero Hunger,0.5208,Good Health and Well-being,0.0833,Quality Education,0.0625,Gender Equality,0.1875,Clean Water and Sanitation,0.0,Affordable and Clean Energy,0.7292,Decent Work and Economic Growth,0.2292,"Industry, Innovation and Infrastructure",0.0,Reduced Inequalities,0.5,Sustainable Cities and Communities,0.125,Responsible Consumption and Production,0.3125,Climate Action,0.0,Life Below Water,0.0417,Life on Land,0.3542,"Peace, Justice and Strong Institutions",0.1042,Partnerships for the Goals
SA_Onkaparinga_Urban_2023,2023,SA,35,0.1143,No Poverty,0.0,Zero Hunger,0.5714,Good Health and Well-being,0.1714,Quality Education,0.0571,Gender Equality,0.0286,Clean Water and Sanitation,0.0857,Affordable and Clean Energy,0.6857,Decent Work and Economic Growth,0.1143,"Industry, Innovation and Infrastructure",0.0,Reduced Inequalities,0.3429,Sustainable Cities and Communities,0.0286,Responsible Consumption and Production,0.1714,Climate Action,0.0,Life Below Water,0.0857,Life on Land,0.5714,"Peace, Justice and Strong Institutions",0.0,Partnerships for the Goals
SA_Port Adelaide Enfield_Urban_2023,2023,SA,23,0.0,No Poverty,0.0,Zero Hunger,0.7391,Good Health and Well-being,0.1304,Quality Education,0.1304,Gender Equality,0.087,Clean Water and Sanitation,0.087,Affordable and Clean Energy,0.8261,Decent Work and Economic Growth,0.087,"Industry, Innovation and Infrastructure",0.0,Reduced Inequalities,0.3913,Sustainable Cities and Communities,0.1304,Responsible Consumption and Production,0.3043,Climate Action,0.0,Life Below Water,0.1304,Life on Land,0.4783,"Peace, Justice and Strong Institutions",0.087,Partnerships for the Goals
SA_Playford_Urban_2023,2023,SA,37,0.0,No Poverty,0.027,Zero Hunger,0.5676,Good Health and Well-being,0.1081,Quality Education,0.0,Gender Equality,0.1081,Clean Water and Sanitation,0.0,Affordable and Clean Energy,0.7027,Decent Work and Economic Growth,0.2703,"Industry, Innovation and Infrastructure",0.027,Reduced Inequalities,0.5946,Sustainable Cities and Communities,0.0811,Responsible Consumption and Production,0.1892,Climate Action,0.0,Life Below Water,0.0811,Life on Land,0.3514,"Peace, Justice and Strong Institutions",0.027,Partnerships for the Goals
SA_Port Lincoln_Urban_2023,2023,SA,25,0.0,No Poverty,0.0,Zero Hunger,0.4,Good Health and Well-being,0.04,Quality Education,0.04,Gender Equality,0.0,Clean Water and Sanitation,0.0,Affordable and Clean Energy,0.56,Decent Work and Economic Growth,0.16,"Industry, Innovation and Infrastructure",0.0,Reduced Inequalities,0.56,Sustainable Cities and Communities,0.0,Responsible Consumption and Production,0.04,Climate Action,0.04,Life Below Water,0.04,Life on Land,0.4,"Peace, Justice and Strong Institutions",0.04,Partnerships for the Goals
SA_Norwood Payneham St Peters_Urban_2023,2023,SA,153,0.0196,No Poverty,0.0,Zero Hunger,0.5098,Good Health and Well-being,0.0719,Quality Education,0.0327,Gender Equality,0.0784,Clean Water and Sanitation,0.0654,Affordable and Clean Energy,0.634,Decent Work and Economic Growth,0.0392,"Industry, Innovation and Infrastructure",0.0196,Reduced Inequalities,0.5752,Sustainable Cities and Communities,0.0654,Responsible Consumption and Production,0.1569,Climate Action,0.0065,Life Below Water,0.0915,Life on Land,0.3203,"Peace, Justice and Strong Institutions",0.0196,Partnerships for the Goals
SA_Prospect_Urban_2023,2023,SA,43,0.0465,No Poverty,0.0,Zero Hunger,0.3256,Good Health and Well-being,0.1395,Quality Education,0.0698,Gender Equality,0.0698,Clean Water and Sanitation,0.0233,Affordable and Clean Energy,0.4884,Decent Work and Economic Growth,0.093,"Industry, Innovation and Infrastructure",0.0233,Reduced Inequalities,0.5116,Sustainable Cities and Communities,0.1163,Responsible Consumption and Production,0.1395,Climate Action,0.0,Life Below Water,0.0698,Life on Land,0.3023,"Peace, Justice and Strong Institutions",0.0233,Partnerships for the Goals
SA_Roxby Downs_Rural_2023,2023,SA,36,0.0278,No Poverty,0.0,Zero Hunger,0.4722,Good Health and Well-being,0.0556,Quality Education,0.0,Gender Equality,0.0833,Clean Water and Sanitation,0.1389,Affordable and Clean Energy,0.6389,Decent Work and Economic Growth,0.1667,"Industry, Innovation and Infrastructure",0.0,Reduced Inequalities,0.5278,Sustainable Cities and Communities,0.0556,Responsible Consumption and Production,0.0833,Climate Action,0.0,Life Below Water,0.0278,Life on Land,0.2222,"Peace, Justice and Strong Institutions",0.0278,Partnerships for the Goals
SA_Salisbury_Urban_2023,2023,SA,43,0.0465,No Poverty,0.0233,Zero Hunger,0.6047,Good Health and Well-being,0.0233,Quality Education,0.0465,Gender Equality,0.1395,Clean Water and Sanitation,0.0,Affordable and Clean Energy,0.6279,Decent Work and Economic Growth,0.1628,"Industry, Innovation and Infrastructure",0.0,Reduced Inequalities,0.4884,Sustainable Cities and Communities,0.0465,Responsible Consumption and Production,0.2093,Climate Action,0.0,Life Below Water,0.0698,Life on Land,0.3488,"Peace, Justice and Strong Institutions",0.0233,Partnerships for the Goals
SA_Southern Mallee_Rural_2023,2023,SA,12,0.0,No Poverty,0.0,Zero Hunger,0.4167,Good Health and Well-being,0.0833,Quality Education,0.0,Gender Equality,0.0,Clean Water and Sanitation,0.0,Affordable and Clean Energy,0.9167,Decent Work and Economic Growth,0.3333,"Industry, Innovation and Infrastructure",0.0,Reduced Inequalities,0.6667,Sustainable Cities and Communities,0.0,Responsible Consumption and Production,0.0833,Climate Action,0.0,Life Below Water,0.0833,Life on Land,0.5,"Peace, Justice and Strong Institutions",0.0,Partnerships for the Goals
SA_Renmark Paringa_Rural_2023,2023,SA,37,0.027,No Poverty,0.0541,Zero Hunger,0.4324,Good Health and Well-being,0.0811,Quality Education,0.0,Gender Equality,0.1351,Clean Water and Sanitation,0.0,Affordable and Clean Energy,0.5676,Decent Work and Economic Growth,0.027,"Industry, Innovation and Infrastructure",0.0,Reduced Inequalities,0.3243,Sustainable Cities and Communities,0.027,Responsible Consumption and Production,0.2432,Climate Action,0.027,Life Below Water,0.027,Life on Land,0.2973,"Peace, Justice and Strong Institutions",0.027,Partnerships for the Goals
SA_Tea Tree Gully_Urban_2023,2023,SA,13,0.0,No Poverty,0.0,Zero Hunger,0.3077,Good Health and Well-being,0.0,Quality Education,0.0,Gender Equality,0.0,Clean Water and Sanitation,0.0769,Affordable and Clean Energy,0.6923,Decent Work and Economic Growth,0.0,"Industry, Innovation and Infrastructure",0.0,Reduced Inequalities,0.5385,Sustainable Cities and Communities,0.2308,Responsible Consumption and Production,0.0769,Climate Action,0.0,Life Below Water,0.0769,Life on Land,0.5385,"Peace, Justice and Strong Institutions",0.0,Partnerships for the Goals
SA_Tumby Bay_Rural_2023,2023,SA,6,0.0,No Poverty,0.0,Zero Hunger,0.6667,Good Health and Well-being,0.1667,Quality Education,0.0,Gender Equality,0.0,Clean Water and Sanitation,0.0,Affordable and Clean Energy,1.0,Decent Work and Economic Growth,0.0,"Industry, Innovation and Infrastructure",0.0,Reduced Inequalities,0.6667,Sustainable Cities and Communities,0.0,Responsible Consumption and Production,0.3333,Climate Action,0.1667,Life Below Water,0.0,Life on Land,0.1667,"Peace, Justice and Strong Institutions",0.0,Partnerships for the Goals
SA_The Barossa_Rural_2023,2023,SA,32,0.0,No Poverty,0.0,Zero Hunger,0.5625,Good Health and Well-being,0.0,Quality Education,0.0625,Gender Equality,0.0312,Clean Water and Sanitation,0.0,Affordable and Clean Energy,0.4688,Decent Work and Economic Growth,0.0938,"Industry, Innovation and Infrastructure",0.0,Reduced Inequalities,0.5312,Sustainable Cities and Communities,0.0312,Responsible Consumption and Production,0.0938,Climate Action,0.0,Life Below Water,0.2812,Life on Land,0.2812,"Peace, Justice and Strong Institutions",0.0,Partnerships for the Goals
SA_Unley_Urban_2023,2023,SA,63,0.0635,No Poverty,0.0,Zero Hunger,0.4444,Good Health and Well-being,0.1905,Quality Education,0.0317,Gender Equality,0.0159,Clean Water and Sanitation,0.0476,Affordable and Clean Energy,0.5397,Decent Work and Economic Growth,0.1111,"Industry, Innovation and Infrastructure",0.0,Reduced Inequalities,0.3968,Sustainable Cities and Communities,0.0476,Responsible Consumption and Production,0.1429,Climate Action,0.0317,Life Below Water,0.1429,Life on Land,0.3016,"Peace, Justice and Strong Institutions",0.0476,Partnerships for the Goals
SA_Wakefield_Rural_2023,2023,SA,14,0.1429,No Poverty,0.0,Zero Hunger,0.5,Good Health and Well-being,0.0714,Quality Education,0.0,Gender Equality,0.1429,Clean Water and Sanitation,0.0,Affordable and Clean Energy,0.8571,Decent Work and Economic Growth,0.0714,"Industry, Innovation and Infrastructure",0.0,Reduced Inequalities,0.2857,Sustainable Cities and Communities,0.0,Responsible Consumption and Production,0.1429,Climate Action,0.0714,Life Below Water,0.0,Life on Land,0.2857,"Peace, Justice and Strong Institutions",0.1429,Partnerships for the Goals
SA_Victor Harbor_Urban_2023,2023,SA,75,0.04,No Poverty,0.0,Zero Hunger,0.5733,Good Health and Well-being,0.0267,Quality Education,0.0667,Gender Equality,0.04,Clean Water and Sanitation,0.08,Affordable and Clean Energy,0.7333,Decent Work and Economic Growth,0.1067,"Industry, Innovation and Infrastructure",0.0133,Reduced Inequalities,0.6667,Sustainable Cities and Communities,0.04,Responsible Consumption and Production,0.1867,Climate Action,0.0533,Life Below Water,0.0667,Life on Land,0.2667,"Peace, Justice and Strong Institutions",0.0267,Partnerships for the Goals
SA_Wattle Range_Rural_2023,2023,SA,30,0.0,No Poverty,0.0,Zero Hunger,0.4333,Good Health and Well-being,0.0667,Quality Education,0.0,Gender Equality,0.0333,Clean Water and Sanitation,0.1333,Affordable and Clean Energy,0.7,Decent Work and Economic Growth,0.1,"Industry, Innovation and Infrastructure",0.0,Reduced Inequalities,0.3667,Sustainable Cities and Communities,0.1,Responsible Consumption and Production,0.2333,Climate Action,0.0,Life Below Water,0.1667,Life on Land,0.3333,"Peace, Justice and Strong Institutions",0.0333,Partnerships for the Goals
SA_Walkerville_Urban_2023,2023,SA,41,0.0976,No Poverty,0.0,Zero Hunger,0.4878,Good Health and Well-being,0.0976,Quality Education,0.0732,Gender Equality,0.0244,Clean Water and Sanitation,0.0488,Affordable and Clean Energy,0.6585,Decent Work and Economic Growth,0.0,"Industry, Innovation and Infrastructure",0.0,Reduced Inequalities,0.6098,Sustainable Cities and Communities,0.0732,Responsible Consumption and Production,0.0488,Climate Action,0.0,Life Below Water,0.0488,Life on Land,0.3659,"Peace, Justice and Strong Institutions",0.0,Partnerships for the Goals
SA_West Torrens_Urban_2023,2023,SA,19,0.0,No Poverty,0.0,Zero Hunger,0.3158,Good Health and Well-being,0.0526,Quality Education,0.0,Gender Equality,0.1579,Clean Water and Sanitation,0.0,Affordable and Clean Energy,0.4737,Decent Work and Economic Growth,0.0526,"Industry, Innovation and Infrastructure",0.0,Reduced Inequalities,0.6316,Sustainable Cities and Communities,0.0,Responsible Consumption and Production,0.1053,Climate Action,0.0,Life Below Water,0.2105,Life on Land,0.5263,"Peace, Justice and Strong Institutions",0.0,Partnerships for the Goals
SA_Copper Coast_Rural_2023,2023,SA,36,0.0278,No Poverty,0.0556,Zero Hunger,0.5,Good Health and Well-being,0.0556,Quality Education,0.0,Gender Equality,0.1111,Clean Water and Sanitation,0.0556,Affordable and Clean Energy,0.6667,Decent Work and Economic Growth,0.0833,"Industry, Innovation and Infrastructure",0.0278,Reduced Inequalities,0.3889,Sustainable Cities and Communities,0.1111,Responsible Consumption and Production,0.1944,Climate Action,0.0556,Life Below Water,0.0833,Life on Land,0.3056,"Peace, Justice and Strong Institutions",0.0,Partnerships for the Goals
SA_Whyalla_Rural_2023,2023,SA,27,0.0,No Poverty,0.0,Zero Hunger,0.4815,Good Health and Well-being,0.1481,Quality Education,0.0,Gender Equality,0.0741,Clean Water and Sanitation,0.0741,Affordable and Clean Energy,0.7407,Decent Work and Economic Growth,0.1481,"Industry, Innovation and Infrastructure",0.0,Reduced Inequalities,0.4815,Sustainable Cities and Communities,0.037,Responsible Consumption and Production,0.2593,Climate Action,0.0741,Life Below Water,0.0741,Life on Land,0.2963,"Peace, Justice and Strong Institutions",0.037,Partnerships for the Goals
SA_Tatiara_Rural_2023,2023,SA,29,0.1034,No Poverty,0.0,Zero Hunger,0.5172,Good Health and Well-being,0.1034,Quality Education,0.0,Gender Equality,0.1034,Clean Water and Sanitation,0.0,Affordable and Clean Energy,0.7241,Decent Work and Economic Growth,0.069,"Industry, Innovation and Infrastructure",0.0345,Reduced Inequalities,0.5517,Sustainable Cities and Communities,0.0,Responsible Consumption and Production,0.1379,Climate Action,0.0,Life Below Water,0.0345,Life on Land,0.4138,"Peace, Justice and Strong Institutions",0.0345,Partnerships for the Goals
SA_Yorke Peninsula_Rural_2023,2023,SA,41,0.0976,No Poverty,0.0,Zero Hunger,0.3902,Good Health and Well-being,0.1463,Quality Education,0.0244,Gender Equality,0.0976,Clean Water and Sanitation,0.0976,Affordable and Clean Energy,0.5854,Decent Work and Economic Growth,0.0976,"Industry, Innovation and Infrastructure",0.0,Reduced Inequalities,0.3171,Sustainable Cities and Communities,0.0,Responsible Consumption and Production,0.122,Climate Action,0.0244,Life Below Water,0.1463,Life on Land,0.1707,"Peace, Justice and Strong Institutions",0.0732,Partnerships for the Goals
SA_Yankalilla_Rural_2023,2023,SA,94,0.0106,No Poverty,0.0426,Zero Hunger,0.5426,Good Health and Well-being,0.1064,Quality Education,0.0213,Gender Equality,0.0426,Clean Water and Sanitation,0.0106,Affordable and Clean Energy,0.734,Decent Work and Economic Growth,0.117,"Industry, Innovation and Infrastructure",0.0,Reduced Inequalities,0.4894,Sustainable Cities and Communities,0.0426,Responsible Consumption and Production,0.266,Climate Action,0.0532,Life Below Water,0.1596,Life on Land,0.2553,"Peace, Justice and Strong Institutions",0.0213,Partnerships for the Goals
TAS_Brighton_Urban_2023,2023,TAS,27,0.0741,No Poverty,0.037,Zero Hunger,0.6667,Good Health and Well-being,0.037,Quality Education,0.0,Gender Equality,0.1111,Clean Water and Sanitation,0.0741,Affordable and Clean Energy,0.7407,Decent Work and Economic Growth,0.0741,"Industry, Innovation and Infrastructure",0.0,Reduced Inequalities,0.5556,Sustainable Cities and Communities,0.0741,Responsible Consumption and Production,0.3333,Climate Action,0.0,Life Below Water,0.0741,Life on Land,0.4815,"Peace, Justice and Strong Institutions",0.0,Partnerships for the Goals
TAS_Break O Day_Rural_2023,2023,TAS,29,0.1724,No Poverty,0.0,Zero Hunger,0.6552,Good Health and Well-being,0.069,Quality Education,0.0345,Gender Equality,0.1034,Clean Water and Sanitation,0.0345,Affordable and Clean Energy,0.6552,Decent Work and Economic Growth,0.069,"Industry, Innovation and Infrastructure",0.0345,Reduced Inequalities,0.3793,Sustainable Cities and Communities,0.1379,Responsible Consumption and Production,0.1034,Climate Action,0.1034,Life Below Water,0.1034,Life on Land,0.2069,"Peace, Justice and Strong Institutions",0.0,Partnerships for the Goals
TAS_Central Coast_Urban_2023,2023,TAS,20,0.1,No Poverty,0.0,Zero Hunger,0.4,Good Health and Well-being,0.1,Quality Education,0.05,Gender Equality,0.05,Clean Water and Sanitation,0.15,Affordable and Clean Energy,0.7,Decent Work and Economic Growth,0.0,"Industry, Innovation and Infrastructure",0.0,Reduced Inequalities,0.45,Sustainable Cities and Communities,0.05,Responsible Consumption and Production,0.1,Climate Action,0.1,Life Below Water,0.15,Life on Land,0.35,"Peace, Justice and Strong Institutions",0.0,Partnerships for the Goals
SA_Port Pirie_Rural_2023,2023,SA,16,0.0,No Poverty,0.0,Zero Hunger,0.5,Good Health and Well-being,0.25,Quality Education,0.0,Gender Equality,0.0625,Clean Water and Sanitation,0.0625,Affordable and Clean Energy,0.5625,Decent Work and Economic Growth,0.125,"Industry, Innovation and Infrastructure",0.0,Reduced Inequalities,0.375,Sustainable Cities and Communities,0.0,Responsible Consumption and Production,0.1875,Climate Action,0.0,Life Below Water,0.0,Life on Land,0.25,"Peace, Justice and Strong Institutions",0.0,Partnerships for the Goals
TAS_Central Highlands_Rural_2023,2023,TAS,9,0.0,No Poverty,0.1111,Zero Hunger,0.2222,Good Health and Well-being,0.1111,Quality Education,0.0,Gender Equality,0.0,Clean Water and Sanitation,0.0,Affordable and Clean Energy,0.4444,Decent Work and Economic Growth,0.0,"Industry, Innovation and Infrastructure",0.0,Reduced Inequalities,0.3333,Sustainable Cities and Communities,0.1111,Responsible Consumption and Production,0.0,Climate Action,0.0,Life Below Water,0.1111,Life on Land,0.5556,"Peace, Justice and Strong Institutions",0.0,Partnerships for the Goals
TAS_Clarence_Urban_2023,2023,TAS,49,0.0408,No Poverty,0.0,Zero Hunger,0.6735,Good Health and Well-being,0.0,Quality Education,0.0,Gender Equality,0.102,Clean Water and Sanitation,0.0612,Affordable and Clean Energy,0.5714,Decent Work and Economic Growth,0.0,"Industry, Innovation and Infrastructure",0.0,Reduced Inequalities,0.6735,Sustainable Cities and Communities,0.102,Responsible Consumption and Production,0.102,Climate Action,0.0,Life Below Water,0.0612,Life on Land,0.3673,"Peace, Justice and Strong Institutions",0.0,Partnerships for the Goals
TAS_Derwent Valley_Rural_2023,2023,TAS,28,0.0,No Poverty,0.0357,Zero Hunger,0.4286,Good Health and Well-being,0.1429,Quality Education,0.0,Gender Equality,0.1071,Clean Water and Sanitation,0.0,Affordable and Clean Energy,0.4643,Decent Work and Economic Growth,0.0,"Industry, Innovation and Infrastructure",0.0357,Reduced Inequalities,0.4286,Sustainable Cities and Communities,0.0,Responsible Consumption and Production,0.1071,Climate Action,0.0,Life Below Water,0.0357,Life on Land,0.5714,"Peace, Justice and Strong Institutions",0.0,Partnerships for the Goals
TAS_Devonport_Urban_2023,2023,TAS,26,0.0,No Poverty,0.0,Zero Hunger,0.4231,Good Health and Well-being,0.0769,Quality Education,0.0,Gender Equality,0.0385,Clean Water and Sanitation,0.0,Affordable and Clean Energy,0.8077,Decent Work and Economic Growth,0.1923,"Industry, Innovation and Infrastructure",0.0385,Reduced Inequalities,0.4231,Sustainable Cities and Communities,0.0769,Responsible Consumption and Production,0.0769,Climate Action,0.1154,Life Below Water,0.0,Life on Land,0.0769,"Peace, Justice and Strong Institutions",0.0,Partnerships for the Goals
TAS_Dorset_Rural_2023,2023,TAS,14,0.0,No Poverty,0.0,Zero Hunger,0.7143,Good Health and Well-being,0.0,Quality Education,0.0,Gender Equality,0.1429,Clean Water and Sanitation,0.0,Affordable and Clean Energy,0.5714,Decent Work and Economic Growth,0.0,"Industry, Innovation and Infrastructure",0.0,Reduced Inequalities,0.8571,Sustainable Cities and Communities,0.0,Responsible Consumption and Production,0.2143,Climate Action,0.0,Life Below Water,0.1429,Life on Land,0.5,"Peace, Justice and Strong Institutions",0.0,Partnerships for the Goals
SA_Port Augusta_Rural_2023,2023,SA,41,0.0488,No Poverty,0.0,Zero Hunger,0.4634,Good Health and Well-being,0.1463,Quality Education,0.0976,Gender Equality,0.0244,Clean Water and Sanitation,0.0488,Affordable and Clean Energy,0.5366,Decent Work and Economic Growth,0.0976,"Industry, Innovation and Infrastructure",0.0,Reduced Inequalities,0.5366,Sustainable Cities and Communities,0.0488,Responsible Consumption and Production,0.0732,Climate Action,0.0,Life Below Water,0.0732,Life on Land,0.3171,"Peace, Justice and Strong Institutions",0.0,Partnerships for the Goals
TAS_Glamorgan Spring Bay_Rural_2023,2023,TAS,26,0.0385,No Poverty,0.0,Zero Hunger,0.6923,Good Health and Well-being,0.0,Quality Education,0.0385,Gender Equality,0.0769,Clean Water and Sanitation,0.0,Affordable and Clean Energy,0.6154,Decent Work and Economic Growth,0.1154,"Industry, Innovation and Infrastructure",0.0,Reduced Inequalities,0.6154,Sustainable Cities and Communities,0.0,Responsible Consumption and Production,0.1923,Climate Action,0.0,Life Below Water,0.0769,Life on Land,0.4231,"Peace, Justice and Strong Institutions",0.0,Partnerships for the Goals
SA_Wuddina_Rural_2023,2023,SA,23,0.087,No Poverty,0.0,Zero Hunger,0.4783,Good Health and Well-being,0.087,Quality Education,0.0435,Gender Equality,0.087,Clean Water and Sanitation,0.0,Affordable and Clean Energy,0.3913,Decent Work and Economic Growth,0.0,"Industry, Innovation and Infrastructure",0.0,Reduced Inequalities,0.4783,Sustainable Cities and Communities,0.087,Responsible Consumption and Production,0.1304,Climate Action,0.0,Life Below Water,0.087,Life on Land,0.4348,"Peace, Justice and Strong Institutions",0.0,Partnerships for the Goals
TAS_Glenorchy_Urban_2023,2023,TAS,52,0.0,No Poverty,0.0192,Zero Hunger,0.5962,Good Health and Well-being,0.0385,Quality Education,0.0,Gender Equality,0.1154,Clean Water and Sanitation,0.0192,Affordable and Clean Energy,0.5769,Decent Work and Economic Growth,0.0769,"Industry, Innovation and Infrastructure",0.0192,Reduced Inequalities,0.5385,Sustainable Cities and Communities,0.1538,Responsible Consumption and Production,0.2308,Climate Action,0.0,Life Below Water,0.0577,Life on Land,0.3462,"Peace, Justice and Strong Institutions",0.0192,Partnerships for the Goals
TAS_Huon Valley_Rural_2023,2023,TAS,42,0.0238,No Poverty,0.0,Zero Hunger,0.5476,Good Health and Well-being,0.119,Quality Education,0.0238,Gender Equality,0.0952,Clean Water and Sanitation,0.0,Affordable and Clean Energy,0.619,Decent Work and Economic Growth,0.0476,"Industry, Innovation and Infrastructure",0.0238,Reduced Inequalities,0.2619,Sustainable Cities and Communities,0.0714,Responsible Consumption and Production,0.2381,Climate Action,0.0,Life Below Water,0.0714,Life on Land,0.4524,"Peace, Justice and Strong Institutions",0.0476,Partnerships for the Goals
TAS_Hobart_Urban_2023,2023,TAS,24,0.2083,No Poverty,0.0,Zero Hunger,0.7083,Good Health and Well-being,0.0417,Quality Education,0.0417,Gender Equality,0.1667,Clean Water and Sanitation,0.0833,Affordable and Clean Energy,0.8333,Decent Work and Economic Growth,0.0833,"Industry, Innovation and Infrastructure",0.0,Reduced Inequalities,0.8333,Sustainable Cities and Communities,0.0,Responsible Consumption and Production,0.2917,Climate Action,0.0,Life Below Water,0.0833,Life on Land,0.6667,"Peace, Justice and Strong Institutions",0.0417,Partnerships for the Goals
TAS_Kingborough_Urban_2023,2023,TAS,2,0.0,No Poverty,0.0,Zero Hunger,1.0,Good Health and Well-being,0.0,Quality Education,0.0,Gender Equality,0.0,Clean Water and Sanitation,0.0,Affordable and Clean Energy,1.0,Decent Work and Economic Growth,0.0,"Industry, Innovation and Infrastructure",0.0,Reduced Inequalities,0.5,Sustainable Cities and Communities,0.5,Responsible Consumption and Production,0.0,Climate Action,0.0,Life Below Water,0.0,Life on Land,0.0,"Peace, Justice and Strong Institutions",0.0,Partnerships for the Goals
TAS_Kentish_Rural_2023,2023,TAS,22,0.0,No Poverty,0.0455,Zero Hunger,0.2273,Good Health and Well-being,0.0909,Quality Education,0.0,Gender Equality,0.0909,Clean Water and Sanitation,0.0909,Affordable and Clean Energy,0.5909,Decent Work and Economic Growth,0.0909,"Industry, Innovation and Infrastructure",0.0,Reduced Inequalities,0.3182,Sustainable Cities and Communities,0.0909,Responsible Consumption and Production,0.1818,Climate Action,0.0,Life Below Water,0.0,Life on Land,0.0909,"Peace, Justice and Strong Institutions",0.0,Partnerships for the Goals
TAS_King Island_Rural_2023,2023,TAS,18,0.0,No Poverty,0.0,Zero Hunger,0.3333,Good Health and Well-being,0.1111,Quality Education,0.1111,Gender Equality,0.0556,Clean Water and Sanitation,0.0,Affordable and Clean Energy,0.7222,Decent Work and Economic Growth,0.0556,"Industry, Innovation and Infrastructure",0.0,Reduced Inequalities,0.4444,Sustainable Cities and Communities,0.0556,Responsible Consumption and Production,0.1111,Climate Action,0.0,Life Below Water,0.0,Life on Land,0.2222,"Peace, Justice and Strong Institutions",0.0,Partnerships for the Goals
TAS_Meander Valley_Urban_2023,2023,TAS,22,0.0,No Poverty,0.0,Zero Hunger,0.5,Good Health and Well-being,0.0455,Quality Education,0.0,Gender Equality,0.0909,Clean Water and Sanitation,0.0909,Affordable and Clean Energy,0.6364,Decent Work and Economic Growth,0.0,"Industry, Innovation and Infrastructure",0.0455,Reduced Inequalities,0.5,Sustainable Cities and Communities,0.0455,Responsible Consumption and Production,0.0909,Climate Action,0.0,Life Below Water,0.1364,Life on Land,0.1818,"Peace, Justice and Strong Institutions",0.0,Partnerships for the Goals
TAS_Launceston_Urban_2023,2023,TAS,39,0.0769,No Poverty,0.0256,Zero Hunger,0.4872,Good Health and Well-being,0.0769,Quality Education,0.0256,Gender Equality,0.0513,Clean Water and Sanitation,0.0,Affordable and Clean Energy,0.7436,Decent Work and Economic Growth,0.1026,"Industry, Innovation and Infrastructure",0.0256,Reduced Inequalities,0.5897,Sustainable Cities and Communities,0.0256,Responsible Consumption and Production,0.1282,Climate Action,0.0,Life Below Water,0.0,Life on Land,0.359,"Peace, Justice and Strong Institutions",0.0256,Partnerships for the Goals
TAS_Sorell_Urban_2023,2023,TAS,13,0.0,No Poverty,0.0,Zero Hunger,0.6154,Good Health and Well-being,0.0,Quality Education,0.0,Gender Equality,0.2308,Clean Water and Sanitation,0.0769,Affordable and Clean Energy,0.7692,Decent Work and Economic Growth,0.0,"Industry, Innovation and Infrastructure",0.0,Reduced Inequalities,0.6154,Sustainable Cities and Communities,0.2308,Responsible Consumption and Production,0.6154,Climate Action,0.0,Life Below Water,0.0,Life on Land,0.3846,"Peace, Justice and Strong Institutions",0.0,Partnerships for the Goals
TAS_Tasman_Rural_2023,2023,TAS,39,0.0,No Poverty,0.0,Zero Hunger,0.3333,Good Health and Well-being,0.0,Quality Education,0.0,Gender Equality,0.0769,Clean Water and Sanitation,0.0256,Affordable and Clean Energy,0.5641,Decent Work and Economic Growth,0.1282,"Industry, Innovation and Infrastructure",0.0,Reduced Inequalities,0.5128,Sustainable Cities and Communities,0.0513,Responsible Consumption and Production,0.1795,Climate Action,0.0256,Life Below Water,0.0769,Life on Land,0.6154,"Peace, Justice and Strong Institutions",0.0,Partnerships for the Goals
TAS_Waratah Wynyard_Rural_2023,2023,TAS,41,0.0,No Poverty,0.0,Zero Hunger,0.5122,Good Health and Well-being,0.122,Quality Education,0.0,Gender Equality,0.0732,Clean Water and Sanitation,0.0732,Affordable and Clean Energy,0.561,Decent Work and Economic Growth,0.0976,"Industry, Innovation and Infrastructure",0.0,Reduced Inequalities,0.5854,Sustainable Cities and Communities,0.0488,Responsible Consumption and Production,0.1951,Climate Action,0.0488,Life Below Water,0.1951,Life on Land,0.3415,"Peace, Justice and Strong Institutions",0.0244,Partnerships for the Goals
TAS_West Coast_Rural_2023,2023,TAS,15,0.0667,No Poverty,0.0,Zero Hunger,0.6,Good Health and Well-being,0.0667,Quality Education,0.0,Gender Equality,0.0667,Clean Water and Sanitation,0.0,Affordable and Clean Energy,0.5333,Decent Work and Economic Growth,0.0667,"Industry, Innovation and Infrastructure",0.0667,Reduced Inequalities,0.4667,Sustainable Cities and Communities,0.0667,Responsible Consumption and Production,0.0667,Climate Action,0.0,Life Below Water,0.0,Life on Land,0.3333,"Peace, Justice and Strong Institutions",0.0667,Partnerships for the Goals
TAS_Southern Midlands_Rural_2023,2023,TAS,38,0.0,No Poverty,0.0,Zero Hunger,0.3158,Good Health and Well-being,0.0263,Quality Education,0.0,Gender Equality,0.1579,Clean Water and Sanitation,0.0263,Affordable and Clean Energy,0.5526,Decent Work and Economic Growth,0.0526,"Industry, Innovation and Infrastructure",0.0789,Reduced Inequalities,0.5,Sustainable Cities and Communities,0.0789,Responsible Consumption and Production,0.1579,Climate Action,0.0,Life Below Water,0.1579,Life on Land,0.1579,"Peace, Justice and Strong Institutions",0.0,Partnerships for the Goals
TAS_West Tamar_Urban_2023,2023,TAS,27,0.0,No Poverty,0.0,Zero Hunger,0.7037,Good Health and Well-being,0.1481,Quality Education,0.1111,Gender Equality,0.0741,Clean Water and Sanitation,0.0,Affordable and Clean Energy,0.6667,Decent Work and Economic Growth,0.037,"Industry, Innovation and Infrastructure",0.0,Reduced Inequalities,0.3704,Sustainable Cities and Communities,0.1481,Responsible Consumption and Production,0.1481,Climate Action,0.0,Life Below Water,0.0741,Life on Land,0.4444,"Peace, Justice and Strong Institutions",0.0,Partnerships for the Goals
VIC_Ballarat_Urban_2023,2023,VIC,8,0.0,No Poverty,0.0,Zero Hunger,0.5,Good Health and Well-being,0.0,Quality Education,0.0,Gender Equality,0.0,Clean Water and Sanitation,0.0,Affordable and Clean Energy,0.75,Decent Work and Economic Growth,0.0,"Industry, Innovation and Infrastructure",0.0,Reduced Inequalities,0.625,Sustainable Cities and Communities,0.125,Responsible Consumption and Production,0.125,Climate Action,0.0,Life Below Water,0.0,Life on Land,0.25,"Peace, Justice and Strong Institutions",0.0,Partnerships for the Goals
VIC_Alpine_Rural_2023,2023,VIC,38,0.0,No Poverty,0.0263,Zero Hunger,0.3684,Good Health and Well-being,0.0,Quality Education,0.0789,Gender Equality,0.0526,Clean Water and Sanitation,0.0789,Affordable and Clean Energy,0.7105,Decent Work and Economic Growth,0.0526,"Industry, Innovation and Infrastructure",0.0,Reduced Inequalities,0.3158,Sustainable Cities and Communities,0.2368,Responsible Consumption and Production,0.1316,Climate Action,0.0,Life Below Water,0.0,Life on Land,0.3947,"Peace, Justice and Strong Institutions",0.0263,Partnerships for the Goals
TAS_George Town_Rural_2023,2023,TAS,26,0.0,No Poverty,0.0,Zero Hunger,0.3077,Good Health and Well-being,0.0385,Quality Education,0.0769,Gender Equality,0.0385,Clean Water and Sanitation,0.0,Affordable and Clean Energy,0.4615,Decent Work and Economic Growth,0.0385,"Industry, Innovation and Infrastructure",0.0769,Reduced Inequalities,0.2692,Sustainable Cities and Communities,0.0385,Responsible Consumption and Production,0.0,Climate Action,0.0769,Life Below Water,0.0769,Life on Land,0.3462,"Peace, Justice and Strong Institutions",0.0769,Partnerships for the Goals
VIC_Baw Baw_Urban_2023,2023,VIC,45,0.1333,No Poverty,0.0222,Zero Hunger,0.7556,Good Health and Well-being,0.2222,Quality Education,0.0444,Gender Equality,0.0667,Clean Water and Sanitation,0.0444,Affordable and Clean Energy,0.8,Decent Work and Economic Growth,0.1556,"Industry, Innovation and Infrastructure",0.0222,Reduced Inequalities,0.5333,Sustainable Cities and Communities,0.0889,Responsible Consumption and Production,0.2444,Climate Action,0.0,Life Below Water,0.0444,Life on Land,0.4444,"Peace, Justice and Strong Institutions",0.0222,Partnerships for the Goals
VIC_Banyule_Urban_2023,2023,VIC,65,0.0769,No Poverty,0.0154,Zero Hunger,0.5538,Good Health and Well-being,0.0462,Quality Education,0.1077,Gender Equality,0.0462,Clean Water and Sanitation,0.0615,Affordable and Clean Energy,0.6154,Decent Work and Economic Growth,0.0923,"Industry, Innovation and Infrastructure",0.0154,Reduced Inequalities,0.4615,Sustainable Cities and Communities,0.0,Responsible Consumption and Production,0.1385,Climate Action,0.0154,Life Below Water,0.0154,Life on Land,0.4462,"Peace, Justice and Strong Institutions",0.0308,Partnerships for the Goals
VIC_Benalla_Rural_2023,2023,VIC,9,0.0,No Poverty,0.0,Zero Hunger,0.5556,Good Health and Well-being,0.1111,Quality Education,0.0,Gender Equality,0.1111,Clean Water and Sanitation,0.0,Affordable and Clean Energy,0.5556,Decent Work and Economic Growth,0.0,"Industry, Innovation and Infrastructure",0.0,Reduced Inequalities,0.5556,Sustainable Cities and Communities,0.0,Responsible Consumption and Production,0.2222,Climate Action,0.0,Life Below Water,0.0,Life on Land,0.2222,"Peace, Justice and Strong Institutions",0.0,Partnerships for the Goals
VIC_Bayside_Urban_2023,2023,VIC,50,0.16,No Poverty,0.0,Zero Hunger,0.56,Good Health and Well-being,0.08,Quality Education,0.12,Gender Equality,0.02,Clean Water and Sanitation,0.0,Affordable and Clean Energy,0.62,Decent Work and Economic Growth,0.04,"Industry, Innovation and Infrastructure",0.02,Reduced Inequalities,0.46,Sustainable Cities and Communities,0.02,Responsible Consumption and Production,0.14,Climate Action,0.0,Life Below Water,0.14,Life on Land,0.58,"Peace, Justice and Strong Institutions",0.04,Partnerships for the Goals
VIC_Bendigo_Urban_2023,2023,VIC,38,0.0263,No Poverty,0.0,Zero Hunger,0.5789,Good Health and Well-being,0.0789,Quality Education,0.0,Gender Equality,0.0789,Clean Water and Sanitation,0.0789,Affordable and Clean Energy,0.7105,Decent Work and Economic Growth,0.0789,"Industry, Innovation and Infrastructure",0.0,Reduced Inequalities,0.5,Sustainable Cities and Communities,0.0526,Responsible Consumption and Production,0.3158,Climate Action,0.0,Life Below Water,0.1842,Life on Land,0.4211,"Peace, Justice and Strong Institutions",0.0789,Partnerships for the Goals
TAS_Burnie_Urban_2023,2023,TAS,37,0.0,No Poverty,0.0541,Zero Hunger,0.5405,Good Health and Well-being,0.0541,Quality Education,0.027,Gender Equality,0.0541,Clean Water and Sanitation,0.1351,Affordable and Clean Energy,0.7297,Decent Work and Economic Growth,0.1351,"Industry, Innovation and Infrastructure",0.0,Reduced Inequalities,0.5405,Sustainable Cities and Communities,0.0,Responsible Consumption and Production,0.1892,Climate Action,0.0541,Life Below Water,0.1081,Life on Land,0.2973,"Peace, Justice and Strong Institutions",0.027,Partnerships for the Goals
VIC_Buloke_Rural_2023,2023,VIC,50,0.12,No Poverty,0.06,Zero Hunger,0.6,Good Health and Well-being,0.06,Quality Education,0.06,Gender Equality,0.16,Clean Water and Sanitation,0.04,Affordable and Clean Energy,0.64,Decent Work and Economic Growth,0.08,"Industry, Innovation and Infrastructure",0.0,Reduced Inequalities,0.44,Sustainable Cities and Communities,0.0,Responsible Consumption and Production,0.46,Climate Action,0.0,Life Below Water,0.1,Life on Land,0.26,"Peace, Justice and Strong Institutions",0.04,Partnerships for the Goals
VIC_Brimbank_Urban_2023,2023,VIC,38,0.1316,No Poverty,0.0263,Zero Hunger,0.6579,Good Health and Well-being,0.1316,Quality Education,0.0789,Gender Equality,0.0263,Clean Water and Sanitation,0.0263,Affordable and Clean Energy,0.7895,Decent Work and Economic Growth,0.0263,"Industry, Innovation and Infrastructure",0.0263,Reduced Inequalities,0.4474,Sustainable Cities and Communities,0.0789,Responsible Consumption and Production,0.2895,Climate Action,0.0,Life Below Water,0.1316,Life on Land,0.4474,"Peace, Justice and Strong Institutions",0.0263,Partnerships for the Goals
VIC_Boroondara_Urban_2023,2023,VIC,96,0.0312,No Poverty,0.0104,Zero Hunger,0.4479,Good Health and Well-being,0.0833,Quality Education,0.0521,Gender Equality,0.0417,Clean Water and Sanitation,0.0104,Affordable and Clean Energy,0.6354,Decent Work and Economic Growth,0.0938,"Industry, Innovation and Infrastructure",0.0208,Reduced Inequalities,0.4583,Sustainable Cities and Communities,0.1042,Responsible Consumption and Production,0.125,Climate Action,0.0,Life Below Water,0.0729,Life on Land,0.25,"Peace, Justice and Strong Institutions",0.0312,Partnerships for the Goals
VIC_Campaspe_Urban_2023,2023,VIC,34,0.0588,No Poverty,0.0,Zero Hunger,0.3529,Good Health and Well-being,0.0588,Quality Education,0.0588,Gender Equality,0.1176,Clean Water and Sanitation,0.0,Affordable and Clean Energy,0.5,Decent Work and Economic Growth,0.0588,"Industry, Innovation and Infrastructure",0.0,Reduced Inequalities,0.2059,Sustainable Cities and Communities,0.0882,Responsible Consumption and Production,0.2941,Climate Action,0.0882,Life Below Water,0.0588,Life on Land,0.3235,"Peace, Justice and Strong Institutions",0.0588,Partnerships for the Goals
VIC_Cardinia_Urban_2023,2023,VIC,69,0.087,No Poverty,0.0435,Zero Hunger,0.6087,Good Health and Well-being,0.1304,Quality Education,0.058,Gender Equality,0.0725,Clean Water and Sanitation,0.0,Affordable and Clean Energy,0.6957,Decent Work and Economic Growth,0.058,"Industry, Innovation and Infrastructure",0.029,Reduced Inequalities,0.5072,Sustainable Cities and Communities,0.0,Responsible Consumption and Production,0.2029,Climate Action,0.0,Life Below Water,0.1594,Life on Land,0.2464,"Peace, Justice and Strong Institutions",0.029,Partnerships for the Goals
VIC_Casey_Urban_2023,2023,VIC,90,0.1,No Poverty,0.0,Zero Hunger,0.6667,Good Health and Well-being,0.1111,Quality Education,0.0444,Gender Equality,0.0111,Clean Water and Sanitation,0.0111,Affordable and Clean Energy,0.6667,Decent Work and Economic Growth,0.1444,"Industry, Innovation and Infrastructure",0.0111,Reduced Inequalities,0.4778,Sustainable Cities and Communities,0.1222,Responsible Consumption and Production,0.1222,Climate Action,0.0,Life Below Water,0.0889,Life on Land,0.4111,"Peace, Justice and Strong Institutions",0.0333,Partnerships for the Goals
VIC_Colac Otway_Urban_2023,2023,VIC,63,0.0635,No Poverty,0.0,Zero Hunger,0.4286,Good Health and Well-being,0.0476,Quality Education,0.0635,Gender Equality,0.0952,Clean Water and Sanitation,0.1429,Affordable and Clean Energy,0.6508,Decent Work and Economic Growth,0.1111,"Industry, Innovation and Infrastructure",0.0317,Reduced Inequalities,0.3333,Sustainable Cities and Communities,0.1111,Responsible Consumption and Production,0.3651,Climate Action,0.0317,Life Below Water,0.0952,Life on Land,0.3333,"Peace, Justice and Strong Institutions",0.0317,Partnerships for the Goals
VIC_East Gippsland_Urban_2023,2023,VIC,1,0.0,No Poverty,1.0,Zero Hunger,0.0,Good Health and Well-being,0.0,Quality Education,0.0,Gender Equality,0.0,Clean Water and Sanitation,0.0,Affordable and Clean Energy,1.0,Decent Work and Economic Growth,0.0,"Industry, Innovation and Infrastructure",0.0,Reduced Inequalities,0.0,Sustainable Cities and Communities,0.0,Responsible Consumption and Production,0.0,Climate Action,0.0,Life Below Water,0.0,Life on Land,1.0,"Peace, Justice and Strong Institutions",0.0,Partnerships for the Goals
VIC_Dandenong_Urban_2023,2023,VIC,64,0.1719,No Poverty,0.0,Zero Hunger,0.6719,Good Health and Well-being,0.0625,Quality Education,0.1094,Gender Equality,0.0312,Clean Water and Sanitation,0.0625,Affordable and Clean Energy,0.7344,Decent Work and Economic Growth,0.0312,"Industry, Innovation and Infrastructure",0.0312,Reduced Inequalities,0.4531,Sustainable Cities and Communities,0.0781,Responsible Consumption and Production,0.25,Climate Action,0.0,Life Below Water,0.0312,Life on Land,0.4844,"Peace, Justice and Strong Institutions",0.0312,Partnerships for the Goals
VIC_Gannawarra_Rural_2023,2023,VIC,41,0.0976,No Poverty,0.0244,Zero Hunger,0.4634,Good Health and Well-being,0.0488,Quality Education,0.122,Gender Equality,0.122,Clean Water and Sanitation,0.0976,Affordable and Clean Energy,0.6341,Decent Work and Economic Growth,0.0488,"Industry, Innovation and Infrastructure",0.0,Reduced Inequalities,0.3902,Sustainable Cities and Communities,0.0732,Responsible Consumption and Production,0.3171,Climate Action,0.0244,Life Below Water,0.0732,Life on Land,0.4878,"Peace, Justice and Strong Institutions",0.0,Partnerships for the Goals
VIC_Bass Coast_Urban_2023,2023,VIC,19,0.0526,No Poverty,0.0,Zero Hunger,0.6842,Good Health and Well-being,0.1053,Quality Education,0.0,Gender Equality,0.0,Clean Water and Sanitation,0.1579,Affordable and Clean Energy,0.7368,Decent Work and Economic Growth,0.1053,"Industry, Innovation and Infrastructure",0.0,Reduced Inequalities,0.5263,Sustainable Cities and Communities,0.0,Responsible Consumption and Production,0.2105,Climate Action,0.0,Life Below Water,0.1053,Life on Land,0.5263,"Peace, Justice and Strong Institutions",0.0,Partnerships for the Goals
VIC_Geelong_Urban_2023,2023,VIC,61,0.1311,No Poverty,0.0492,Zero Hunger,0.7377,Good Health and Well-being,0.1311,Quality Education,0.0328,Gender Equality,0.0164,Clean Water and Sanitation,0.0328,Affordable and Clean Energy,0.7049,Decent Work and Economic Growth,0.1475,"Industry, Innovation and Infrastructure",0.0328,Reduced Inequalities,0.2131,Sustainable Cities and Communities,0.0492,Responsible Consumption and Production,0.2295,Climate Action,0.0164,Life Below Water,0.0492,Life on Land,0.3934,"Peace, Justice and Strong Institutions",0.0,Partnerships for the Goals
VIC_Glenelg_Urban_2023,2023,VIC,30,0.0667,No Poverty,0.0,Zero Hunger,0.4333,Good Health and Well-being,0.2667,Quality Education,0.1333,Gender Equality,0.0667,Clean Water and Sanitation,0.0667,Affordable and Clean Energy,0.6333,Decent Work and Economic Growth,0.1333,"Industry, Innovation and Infrastructure",0.0333,Reduced Inequalities,0.2667,Sustainable Cities and Communities,0.0333,Responsible Consumption and Production,0.1,Climate Action,0.0,Life Below Water,0.0667,Life on Land,0.3667,"Peace, Justice and Strong Institutions",0.0667,Partnerships for the Goals
VIC_Glen Eira_Urban_2023,2023,VIC,100,0.07,No Poverty,0.0,Zero Hunger,0.51,Good Health and Well-being,0.12,Quality Education,0.06,Gender Equality,0.04,Clean Water and Sanitation,0.09,Affordable and Clean Energy,0.52,Decent Work and Economic Growth,0.09,"Industry, Innovation and Infrastructure",0.0,Reduced Inequalities,0.4,Sustainable Cities and Communities,0.06,Responsible Consumption and Production,0.22,Climate Action,0.02,Life Below Water,0.11,Life on Land,0.28,"Peace, Justice and Strong Institutions",0.02,Partnerships for the Goals
VIC_Hepburn_Rural_2023,2023,VIC,76,0.0789,No Poverty,0.0395,Zero Hunger,0.4605,Good Health and Well-being,0.0658,Quality Education,0.1184,Gender Equality,0.0263,Clean Water and Sanitation,0.0395,Affordable and Clean Energy,0.6579,Decent Work and Economic Growth,0.1053,"Industry, Innovation and Infrastructure",0.0263,Reduced Inequalities,0.4079,Sustainable Cities and Communities,0.0789,Responsible Consumption and Production,0.2105,Climate Action,0.0,Life Below Water,0.1053,Life on Land,0.3553,"Peace, Justice and Strong Institutions",0.0132,Partnerships for the Goals
VIC_Golden Plains_Urban_2023,2023,VIC,107,0.0561,No Poverty,0.0,Zero Hunger,0.5701,Good Health and Well-being,0.1215,Quality Education,0.0935,Gender Equality,0.0561,Clean Water and Sanitation,0.0467,Affordable and Clean Energy,0.6916,Decent Work and Economic Growth,0.1215,"Industry, Innovation and Infrastructure",0.0,Reduced Inequalities,0.3925,Sustainable Cities and Communities,0.0561,Responsible Consumption and Production,0.1402,Climate Action,0.0,Life Below Water,0.0935,Life on Land,0.3458,"Peace, Justice and Strong Institutions",0.028,Partnerships for the Goals
VIC_Hume_Urban_2023,2023,VIC,17,0.0588,No Poverty,0.0,Zero Hunger,0.5294,Good Health and Well-being,0.2353,Quality Education,0.0,Gender Equality,0.0,Clean Water and Sanitation,0.0,Affordable and Clean Energy,0.8824,Decent Work and Economic Growth,0.1176,"Industry, Innovation and Infrastructure",0.0588,Reduced Inequalities,0.3529,Sustainable Cities and Communities,0.0588,Responsible Consumption and Production,0.0588,Climate Action,0.0588,Life Below Water,0.0588,Life on Land,0.2941,"Peace, Justice and Strong Institutions",0.0,Partnerships for the Goals
VIC_Hobsons Bay_Urban_2023,2023,VIC,74,0.0811,No Poverty,0.0,Zero Hunger,0.5946,Good Health and Well-being,0.1486,Quality Education,0.0811,Gender Equality,0.0405,Clean Water and Sanitation,0.0541,Affordable and Clean Energy,0.7027,Decent Work and Economic Growth,0.1216,"Industry, Innovation and Infrastructure",0.0135,Reduced Inequalities,0.4189,Sustainable Cities and Communities,0.0405,Responsible Consumption and Production,0.1622,Climate Action,0.0,Life Below Water,0.0946,Life on Land,0.3649,"Peace, Justice and Strong Institutions",0.027,Partnerships for the Goals
VIC_Horsham_Urban_2023,2023,VIC,50,0.12,No Poverty,0.0,Zero Hunger,0.68,Good Health and Well-being,0.1,Quality Education,0.06,Gender Equality,0.06,Clean Water and Sanitation,0.02,Affordable and Clean Energy,0.68,Decent Work and Economic Growth,0.02,"Industry, Innovation and Infrastructure",0.02,Reduced Inequalities,0.6,Sustainable Cities and Communities,0.12,Responsible Consumption and Production,0.28,Climate Action,0.0,Life Below Water,0.04,Life on Land,0.3,"Peace, Justice and Strong Institutions",0.0,Partnerships for the Goals
VIC_Indigo_Rural_2023,2023,VIC,19,0.0,No Poverty,0.0,Zero Hunger,0.6316,Good Health and Well-being,0.0526,Quality Education,0.0,Gender Equality,0.0526,Clean Water and Sanitation,0.1053,Affordable and Clean Energy,0.6316,Decent Work and Economic Growth,0.0526,"Industry, Innovation and Infrastructure",0.0,Reduced Inequalities,0.4737,Sustainable Cities and Communities,0.0526,Responsible Consumption and Production,0.3684,Climate Action,0.0526,Life Below Water,0.2632,Life on Land,0.6316,"Peace, Justice and Strong Institutions",0.0,Partnerships for the Goals
VIC_Latrobe_Urban_2023,2023,VIC,45,0.0667,No Poverty,0.0,Zero Hunger,0.5556,Good Health and Well-being,0.0667,Quality Education,0.0222,Gender Equality,0.0667,Clean Water and Sanitation,0.0667,Affordable and Clean Energy,0.7778,Decent Work and Economic Growth,0.1333,"Industry, Innovation and Infrastructure",0.0,Reduced Inequalities,0.4667,Sustainable Cities and Communities,0.0222,Responsible Consumption and Production,0.1778,Climate Action,0.0,Life Below Water,0.1778,Life on Land,0.1778,"Peace, Justice and Strong Institutions",0.0222,Partnerships for the Goals
VIC_Knox_Urban_2023,2023,VIC,82,0.1341,No Poverty,0.0,Zero Hunger,0.5854,Good Health and Well-being,0.0976,Quality Education,0.0488,Gender Equality,0.0244,Clean Water and Sanitation,0.0244,Affordable and Clean Energy,0.6341,Decent Work and Economic Growth,0.061,"Industry, Innovation and Infrastructure",0.0122,Reduced Inequalities,0.4878,Sustainable Cities and Communities,0.0732,Responsible Consumption and Production,0.0976,Climate Action,0.0122,Life Below Water,0.0976,Life on Land,0.4634,"Peace, Justice and Strong Institutions",0.0122,Partnerships for the Goals
VIC_Macedon Ranges_Urban_2023,2023,VIC,16,0.0625,No Poverty,0.0,Zero Hunger,0.625,Good Health and Well-being,0.0,Quality Education,0.0625,Gender Equality,0.0625,Clean Water and Sanitation,0.0,Affordable and Clean Energy,0.5,Decent Work and Economic Growth,0.0,"Industry, Innovation and Infrastructure",0.0,Reduced Inequalities,0.625,Sustainable Cities and Communities,0.0,Responsible Consumption and Production,0.25,Climate Action,0.0,Life Below Water,0.1875,Life on Land,0.125,"Peace, Justice and Strong Institutions",0.0,Partnerships for the Goals
VIC_Loddon_Rural_2023,2023,VIC,103,0.1165,No Poverty,0.0194,Zero Hunger,0.6117,Good Health and Well-being,0.1068,Quality Education,0.0194,Gender Equality,0.1456,Clean Water and Sanitation,0.0097,Affordable and Clean Energy,0.6893,Decent Work and Economic Growth,0.1165,"Industry, Innovation and Infrastructure",0.0,Reduced Inequalities,0.5243,Sustainable Cities and Communities,0.0583,Responsible Consumption and Production,0.2233,Climate Action,0.0097,Life Below Water,0.0777,Life on Land,0.3981,"Peace, Justice and Strong Institutions",0.0194,Partnerships for the Goals
VIC_Mansfield_Rural_2023,2023,VIC,32,0.0938,No Poverty,0.0,Zero Hunger,0.6875,Good Health and Well-being,0.1875,Quality Education,0.125,Gender Equality,0.0625,Clean Water and Sanitation,0.0312,Affordable and Clean Energy,0.8125,Decent Work and Economic Growth,0.0938,"Industry, Innovation and Infrastructure",0.0,Reduced Inequalities,0.375,Sustainable Cities and Communities,0.0312,Responsible Consumption and Production,0.0,Climate Action,0.0625,Life Below Water,0.0312,Life on Land,0.4688,"Peace, Justice and Strong Institutions",0.0,Partnerships for the Goals
VIC_Manningham_Urban_2023,2023,VIC,112,0.0982,No Poverty,0.0357,Zero Hunger,0.6071,Good Health and Well-being,0.0536,Quality Education,0.0625,Gender Equality,0.0536,Clean Water and Sanitation,0.0446,Affordable and Clean Energy,0.5446,Decent Work and Economic Growth,0.0536,"Industry, Innovation and Infrastructure",0.0179,Reduced Inequalities,0.2768,Sustainable Cities and Communities,0.0536,Responsible Consumption and Production,0.1607,Climate Action,0.0,Life Below Water,0.1607,Life on Land,0.2946,"Peace, Justice and Strong Institutions",0.0179,Partnerships for the Goals
TAS_Northern Midlands_Rural_2023,2023,TAS,39,0.1026,No Poverty,0.0,Zero Hunger,0.6154,Good Health and Well-being,0.1282,Quality Education,0.0,Gender Equality,0.1282,Clean Water and Sanitation,0.0,Affordable and Clean Energy,0.7436,Decent Work and Economic Growth,0.1282,"Industry, Innovation and Infrastructure",0.0,Reduced Inequalities,0.6154,Sustainable Cities and Communities,0.0769,Responsible Consumption and Production,0.2308,Climate Action,0.0256,Life Below Water,0.0256,Life on Land,0.3846,"Peace, Justice and Strong Institutions",0.0769,Partnerships for the Goals
NSW_Singleton_Urban_2023,2023,NSW,92,0.1304,No Poverty,0.0,Zero Hunger,0.6087,Good Health and Well-being,0.0652,Quality Education,0.0109,Gender Equality,0.1304,Clean Water and Sanitation,0.0543,Affordable and Clean Energy,0.8913,Decent Work and Economic Growth,0.2609,"Industry, Innovation and Infrastructure",0.0326,Reduced Inequalities,0.3587,Sustainable Cities and Communities,0.1196,Responsible Consumption and Production,0.2717,Climate Action,0.0109,Life Below Water,0.0652,Life on Land,0.3478,"Peace, Justice and Strong Institutions",0.0652,Partnerships for the Goals
VIC_Melbourne_Urban_2023,2023,VIC,66,0.1212,No Poverty,0.0606,Zero Hunger,0.6515,Good Health and Well-being,0.0909,Quality Education,0.0909,Gender Equality,0.0152,Clean Water and Sanitation,0.0455,Affordable and Clean Energy,0.6667,Decent Work and Economic Growth,0.1061,"Industry, Innovation and Infrastructure",0.0,Reduced Inequalities,0.5152,Sustainable Cities and Communities,0.0152,Responsible Consumption and Production,0.1515,Climate Action,0.0152,Life Below Water,0.0758,Life on Land,0.2121,"Peace, Justice and Strong Institutions",0.0606,Partnerships for the Goals
VIC_Mildura_Urban_2023,2023,VIC,50,0.06,No Poverty,0.0,Zero Hunger,0.58,Good Health and Well-being,0.12,Quality Education,0.02,Gender Equality,0.1,Clean Water and Sanitation,0.1,Affordable and Clean Energy,0.58,Decent Work and Economic Growth,0.1,"Industry, Innovation and Infrastructure",0.0,Reduced Inequalities,0.4,Sustainable Cities and Communities,0.06,Responsible Consumption and Production,0.3,Climate Action,0.0,Life Below Water,0.04,Life on Land,0.22,"Peace, Justice and Strong Institutions",0.02,Partnerships for the Goals
VIC_Maroondah_Urban_2023,2023,VIC,128,0.0625,No Poverty,0.0078,Zero Hunger,0.6406,Good Health and Well-being,0.0938,Quality Education,0.0859,Gender Equality,0.0469,Clean Water and Sanitation,0.0625,Affordable and Clean Energy,0.6172,Decent Work and Economic Growth,0.0469,"Industry, Innovation and Infrastructure",0.0078,Reduced Inequalities,0.4453,Sustainable Cities and Communities,0.0391,Responsible Consumption and Production,0.1797,Climate Action,0.0,Life Below Water,0.1328,Life on Land,0.2656,"Peace, Justice and Strong Institutions",0.1094,Partnerships for the Goals
VIC_Merri Bek_Urban_2023,2023,VIC,129,0.0698,No Poverty,0.0078,Zero Hunger,0.5581,Good Health and Well-being,0.1163,Quality Education,0.1008,Gender Equality,0.031,Clean Water and Sanitation,0.0233,Affordable and Clean Energy,0.6589,Decent Work and Economic Growth,0.1085,"Industry, Innovation and Infrastructure",0.0155,Reduced Inequalities,0.3721,Sustainable Cities and Communities,0.0853,Responsible Consumption and Production,0.2326,Climate Action,0.0078,Life Below Water,0.062,Life on Land,0.3256,"Peace, Justice and Strong Institutions",0.0078,Partnerships for the Goals
VIC_Moira_Urban_2023,2023,VIC,50,0.04,No Poverty,0.0,Zero Hunger,0.6,Good Health and Well-being,0.08,Quality Education,0.06,Gender Equality,0.06,Clean Water and Sanitation,0.02,Affordable and Clean Energy,0.7,Decent Work and Economic Growth,0.04,"Industry, Innovation and Infrastructure",0.02,Reduced Inequalities,0.34,Sustainable Cities and Communities,0.1,Responsible Consumption and Production,0.16,Climate Action,0.02,Life Below Water,0.06,Life on Land,0.44,"Peace, Justice and Strong Institutions",0.04,Partnerships for the Goals
VIC_Mitchell_Urban_2023,2023,VIC,52,0.1346,No Poverty,0.0,Zero Hunger,0.5769,Good Health and Well-being,0.0577,Quality Education,0.1731,Gender Equality,0.0769,Clean Water and Sanitation,0.0,Affordable and Clean Energy,0.6731,Decent Work and Economic Growth,0.0577,"Industry, Innovation and Infrastructure",0.0,Reduced Inequalities,0.4231,Sustainable Cities and Communities,0.0769,Responsible Consumption and Production,0.2885,Climate Action,0.0,Life Below Water,0.0385,Life on Land,0.2692,"Peace, Justice and Strong Institutions",0.0577,Partnerships for the Goals
VIC_Monash_Urban_2023,2023,VIC,78,0.1154,No Poverty,0.0128,Zero Hunger,0.5513,Good Health and Well-being,0.1026,Quality Education,0.1667,Gender Equality,0.0385,Clean Water and Sanitation,0.1026,Affordable and Clean Energy,0.5,Decent Work and Economic Growth,0.0128,"Industry, Innovation and Infrastructure",0.0128,Reduced Inequalities,0.359,Sustainable Cities and Communities,0.0897,Responsible Consumption and Production,0.1795,Climate Action,0.0,Life Below Water,0.0897,Life on Land,0.3846,"Peace, Justice and Strong Institutions",0.0128,Partnerships for the Goals
TAS_Latrobe_Rural_2023,2023,TAS,35,0.1429,No Poverty,0.0,Zero Hunger,0.6,Good Health and Well-being,0.0571,Quality Education,0.0286,Gender Equality,0.1429,Clean Water and Sanitation,0.0,Affordable and Clean Energy,0.6286,Decent Work and Economic Growth,0.0857,"Industry, Innovation and Infrastructure",0.0,Reduced Inequalities,0.6,Sustainable Cities and Communities,0.0857,Responsible Consumption and Production,0.3429,Climate Action,0.0,Life Below Water,0.1143,Life on Land,0.5143,"Peace, Justice and Strong Institutions",0.0286,Partnerships for the Goals
VIC_Moonee Valley_Urban_2023,2023,VIC,69,0.1449,No Poverty,0.029,Zero Hunger,0.6087,Good Health and Well-being,0.1014,Quality Education,0.1449,Gender Equality,0.029,Clean Water and Sanitation,0.0435,Affordable and Clean Energy,0.6232,Decent Work and Economic Growth,0.0435,"Industry, Innovation and Infrastructure",0.0145,Reduced Inequalities,0.4348,Sustainable Cities and Communities,0.0435,Responsible Consumption and Production,0.2174,Climate Action,0.0,Life Below Water,0.058,Life on Land,0.5942,"Peace, Justice and Strong Institutions",0.058,Partnerships for the Goals
VIC_Mount Alexander_Urban_2023,2023,VIC,29,0.1034,No Poverty,0.0,Zero Hunger,0.4483,Good Health and Well-being,0.069,Quality Education,0.0345,Gender Equality,0.069,Clean Water and Sanitation,0.0,Affordable and Clean Energy,0.4828,Decent Work and Economic Growth,0.0345,"Industry, Innovation and Infrastructure",0.069,Reduced Inequalities,0.4138,Sustainable Cities and Communities,0.1034,Responsible Consumption and Production,0.2759,Climate Action,0.0,Life Below Water,0.0345,Life on Land,0.4483,"Peace, Justice and Strong Institutions",0.0345,Partnerships for the Goals
VIC_Moyne_Rural_2023,2023,VIC,31,0.0323,No Poverty,0.0,Zero Hunger,0.6129,Good Health and Well-being,0.0323,Quality Education,0.129,Gender Equality,0.0,Clean Water and Sanitation,0.0323,Affordable and Clean Energy,0.7742,Decent Work and Economic Growth,0.0968,"Industry, Innovation and Infrastructure",0.0,Reduced Inequalities,0.3871,Sustainable Cities and Communities,0.0968,Responsible Consumption and Production,0.129,Climate Action,0.0,Life Below Water,0.0,Life on Land,0.3871,"Peace, Justice and Strong Institutions",0.0,Partnerships for the Goals
VIC_Mornington Peninsula_Urban_2023,2023,VIC,148,0.1081,No Poverty,0.0946,Zero Hunger,0.5541,Good Health and Well-being,0.1014,Quality Education,0.0405,Gender Equality,0.0405,Clean Water and Sanitation,0.0405,Affordable and Clean Energy,0.723,Decent Work and Economic Growth,0.0405,"Industry, Innovation and Infrastructure",0.0,Reduced Inequalities,0.3919,Sustainable Cities and Communities,0.0541,Responsible Consumption and Production,0.1959,Climate Action,0.027,Life Below Water,0.0878,Life on Land,0.2162,"Peace, Justice and Strong Institutions",0.0743,Partnerships for the Goals
VIC_Northern Grampians_Rural_2023,2023,VIC,63,0.0317,No Poverty,0.0,Zero Hunger,0.5556,Good Health and Well-being,0.0794,Quality Education,0.0794,Gender Equality,0.0159,Clean Water and Sanitation,0.0317,Affordable and Clean Energy,0.5714,Decent Work and Economic Growth,0.2063,"Industry, Innovation and Infrastructure",0.0159,Reduced Inequalities,0.4127,Sustainable Cities and Communities,0.0476,Responsible Consumption and Production,0.1587,Climate Action,0.0,Life Below Water,0.1111,Life on Land,0.1905,"Peace, Justice and Strong Institutions",0.0159,Partnerships for the Goals
VIC_Port Phillip_Urban_2023,2023,VIC,12,0.1667,No Poverty,0.0,Zero Hunger,1.0,Good Health and Well-being,0.0833,Quality Education,0.0,Gender Equality,0.0833,Clean Water and Sanitation,0.0,Affordable and Clean Energy,0.9167,Decent Work and Economic Growth,0.1667,"Industry, Innovation and Infrastructure",0.0,Reduced Inequalities,0.6667,Sustainable Cities and Communities,0.1667,Responsible Consumption and Production,0.1667,Climate Action,0.0,Life Below Water,0.0,Life on Land,0.1667,"Peace, Justice and Strong Institutions",0.0,Partnerships for the Goals
VIC_Nillumbik_Urban_2023,2023,VIC,79,0.0886,No Poverty,0.0,Zero Hunger,0.6582,Good Health and Well-being,0.1013,Quality Education,0.1392,Gender Equality,0.038,Clean Water and Sanitation,0.0506,Affordable and Clean Energy,0.6835,Decent Work and Economic Growth,0.038,"Industry, Innovation and Infrastructure",0.0127,Reduced Inequalities,0.4557,Sustainable Cities and Communities,0.0127,Responsible Consumption and Production,0.2278,Climate Action,0.0,Life Below Water,0.1392,Life on Land,0.4177,"Peace, Justice and Strong Institutions",0.0253,Partnerships for the Goals
VIC_Pyrenees_Rural_2023,2023,VIC,55,0.0727,No Poverty,0.0182,Zero Hunger,0.5091,Good Health and Well-being,0.1091,Quality Education,0.0727,Gender Equality,0.1273,Clean Water and Sanitation,0.0727,Affordable and Clean Energy,0.6,Decent Work and Economic Growth,0.1091,"Industry, Innovation and Infrastructure",0.0182,Reduced Inequalities,0.4545,Sustainable Cities and Communities,0.0364,Responsible Consumption and Production,0.2909,Climate Action,0.0,Life Below Water,0.0727,Life on Land,0.2182,"Peace, Justice and Strong Institutions",0.0,Partnerships for the Goals
VIC_Queenscliffe_Urban_2023,2023,VIC,16,0.125,No Poverty,0.0,Zero Hunger,0.5625,Good Health and Well-being,0.0,Quality Education,0.1875,Gender Equality,0.0,Clean Water and Sanitation,0.0625,Affordable and Clean Energy,0.5,Decent Work and Economic Growth,0.0625,"Industry, Innovation and Infrastructure",0.0,Reduced Inequalities,0.4375,Sustainable Cities and Communities,0.125,Responsible Consumption and Production,0.125,Climate Action,0.0,Life Below Water,0.0,Life on Land,0.4375,"Peace, Justice and Strong Institutions",0.0625,Partnerships for the Goals
VIC_Shepparton_Urban_2023,2023,VIC,46,0.1304,No Poverty,0.0,Zero Hunger,0.6522,Good Health and Well-being,0.087,Quality Education,0.0217,Gender Equality,0.0652,Clean Water and Sanitation,0.1304,Affordable and Clean Energy,0.7174,Decent Work and Economic Growth,0.1087,"Industry, Innovation and Infrastructure",0.0,Reduced Inequalities,0.3913,Sustainable Cities and Communities,0.1522,Responsible Consumption and Production,0.3696,Climate Action,0.0,Life Below Water,0.0652,Life on Land,0.2609,"Peace, Justice and Strong Institutions",0.0,Partnerships for the Goals
VIC_Southern Grampians_Rural_2023,2023,VIC,58,0.0517,No Poverty,0.0,Zero Hunger,0.5172,Good Health and Well-being,0.0345,Quality Education,0.0517,Gender Equality,0.0345,Clean Water and Sanitation,0.0517,Affordable and Clean Energy,0.6897,Decent Work and Economic Growth,0.0517,"Industry, Innovation and Infrastructure",0.0172,Reduced Inequalities,0.5345,Sustainable Cities and Communities,0.0345,Responsible Consumption and Production,0.1897,Climate Action,0.0,Life Below Water,0.0345,Life on Land,0.3621,"Peace, Justice and Strong Institutions",0.0,Partnerships for the Goals
NSW_Newcastle_Urban_2023,2023,NSW,92,0.0109,No Poverty,0.0,Zero Hunger,0.5435,Good Health and Well-being,0.1087,Quality Education,0.0543,Gender Equality,0.1957,Clean Water and Sanitation,0.1304,Affordable and Clean Energy,0.7065,Decent Work and Economic Growth,0.1739,"Industry, Innovation and Infrastructure",0.0109,Reduced Inequalities,0.2717,Sustainable Cities and Communities,0.0761,Responsible Consumption and Production,0.3261,Climate Action,0.0761,Life Below Water,0.163,Life on Land,0.1957,"Peace, Justice and Strong Institutions",0.0109,Partnerships for the Goals
VIC_Stonnington_Urban_2023,2023,VIC,33,0.0606,No Poverty,0.0,Zero Hunger,0.697,Good Health and Well-being,0.0303,Quality Education,0.0606,Gender Equality,0.0303,Clean Water and Sanitation,0.0,Affordable and Clean Energy,0.8182,Decent Work and Economic Growth,0.1515,"Industry, Innovation and Infrastructure",0.0,Reduced Inequalities,0.697,Sustainable Cities and Communities,0.0303,Responsible Consumption and Production,0.2424,Climate Action,0.0,Life Below Water,0.0303,Life on Land,0.303,"Peace, Justice and Strong Institutions",0.0,Partnerships for the Goals
VIC_Strathbogie_Rural_2023,2023,VIC,73,0.0274,No Poverty,0.0,Zero Hunger,0.3836,Good Health and Well-being,0.1233,Quality Education,0.0685,Gender Equality,0.0411,Clean Water and Sanitation,0.0685,Affordable and Clean Energy,0.4795,Decent Work and Economic Growth,0.0685,"Industry, Innovation and Infrastructure",0.0137,Reduced Inequalities,0.3699,Sustainable Cities and Communities,0.0685,Responsible Consumption and Production,0.1918,Climate Action,0.0,Life Below Water,0.0822,Life on Land,0.3014,"Peace, Justice and Strong Institutions",0.0137,Partnerships for the Goals
VIC_Towong_Rural_2023,2023,VIC,39,0.1538,No Poverty,0.0,Zero Hunger,0.5128,Good Health and Well-being,0.0256,Quality Education,0.0256,Gender Equality,0.0769,Clean Water and Sanitation,0.0256,Affordable and Clean Energy,0.641,Decent Work and Economic Growth,0.1538,"Industry, Innovation and Infrastructure",0.0769,Reduced Inequalities,0.5641,Sustainable Cities and Communities,0.0769,Responsible Consumption and Production,0.2051,Climate Action,0.0,Life Below Water,0.1026,Life on Land,0.3077,"Peace, Justice and Strong Institutions",0.0256,Partnerships for the Goals
VIC_Wangaratta_Urban_2023,2023,VIC,46,0.1087,No Poverty,0.0,Zero Hunger,0.6087,Good Health and Well-being,0.1304,Quality Education,0.0,Gender Equality,0.0217,Clean Water and Sanitation,0.0652,Affordable and Clean Energy,0.7391,Decent Work and Economic Growth,0.1739,"Industry, Innovation and Infrastructure",0.0,Reduced Inequalities,0.5435,Sustainable Cities and Communities,0.0435,Responsible Consumption and Production,0.1087,Climate Action,0.0,Life Below Water,0.0,Life on Land,0.3261,"Peace, Justice and Strong Institutions",0.0,Partnerships for the Goals
VIC_Warrnambool_Urban_2023,2023,VIC,49,0.0612,No Poverty,0.0,Zero Hunger,0.7143,Good Health and Well-being,0.0816,Quality Education,0.102,Gender Equality,0.0816,Clean Water and Sanitation,0.0612,Affordable and Clean Energy,0.7551,Decent Work and Economic Growth,0.0612,"Industry, Innovation and Infrastructure",0.0,Reduced Inequalities,0.4082,Sustainable Cities and Communities,0.0612,Responsible Consumption and Production,0.102,Climate Action,0.0816,Life Below Water,0.0408,Life on Land,0.2449,"Peace, Justice and Strong Institutions",0.0816,Partnerships for the Goals
VIC_Hindmarsh_Rural_2023,2023,VIC,31,0.1613,No Poverty,0.0,Zero Hunger,0.5484,Good Health and Well-being,0.0645,Quality Education,0.1613,Gender Equality,0.0323,Clean Water and Sanitation,0.0645,Affordable and Clean Energy,0.7097,Decent Work and Economic Growth,0.0645,"Industry, Innovation and Infrastructure",0.0323,Reduced Inequalities,0.3871,Sustainable Cities and Communities,0.0645,Responsible Consumption and Production,0.1613,Climate Action,0.0,Life Below Water,0.0645,Life on Land,0.5161,"Peace, Justice and Strong Institutions",0.0,Partnerships for the Goals
VIC_Wellington_Urban_2023,2023,VIC,50,0.06,No Poverty,0.02,Zero Hunger,0.42,Good Health and Well-being,0.1,Quality Education,0.04,Gender Equality,0.02,Clean Water and Sanitation,0.1,Affordable and Clean Energy,0.62,Decent Work and Economic Growth,0.04,"Industry, Innovation and Infrastructure",0.0,Reduced Inequalities,0.42,Sustainable Cities and Communities,0.02,Responsible Consumption and Production,0.18,Climate Action,0.0,Life Below Water,0.06,Life on Land,0.32,"Peace, Justice and Strong Institutions",0.02,Partnerships for the Goals
VIC_Whitehorse_Urban_2023,2023,VIC,15,0.0667,No Poverty,0.0,Zero Hunger,0.7333,Good Health and Well-being,0.1333,Quality Education,0.2,Gender Equality,0.0,Clean Water and Sanitation,0.0,Affordable and Clean Energy,0.6667,Decent Work and Economic Growth,0.1333,"Industry, Innovation and Infrastructure",0.0,Reduced Inequalities,0.2,Sustainable Cities and Communities,0.0667,Responsible Consumption and Production,0.2667,Climate Action,0.0,Life Below Water,0.0667,Life on Land,0.5333,"Peace, Justice and Strong Institutions",0.0,Partnerships for the Goals
VIC_Wodonga_Urban_2023,2023,VIC,43,0.0698,No Poverty,0.0,Zero Hunger,0.7209,Good Health and Well-being,0.1395,Quality Education,0.0698,Gender Equality,0.0465,Clean Water and Sanitation,0.0233,Affordable and Clean Energy,0.7442,Decent Work and Economic Growth,0.093,"Industry, Innovation and Infrastructure",0.0,Reduced Inequalities,0.4419,Sustainable Cities and Communities,0.0465,Responsible Consumption and Production,0.0465,Climate Action,0.0233,Life Below Water,0.0,Life on Land,0.4419,"Peace, Justice and Strong Institutions",0.0465,Partnerships for the Goals
VIC_Swan Hill_Urban_2023,2023,VIC,55,0.0909,No Poverty,0.0727,Zero Hunger,0.5818,Good Health and Well-being,0.0182,Quality Education,0.0727,Gender Equality,0.0909,Clean Water and Sanitation,0.0545,Affordable and Clean Energy,0.6909,Decent Work and Economic Growth,0.0909,"Industry, Innovation and Infrastructure",0.0,Reduced Inequalities,0.5636,Sustainable Cities and Communities,0.0182,Responsible Consumption and Production,0.1091,Climate Action,0.0,Life Below Water,0.0182,Life on Land,0.4727,"Peace, Justice and Strong Institutions",0.0364,Partnerships for the Goals
VIC_Whittlesea_Urban_2023,2023,VIC,68,0.1324,No Poverty,0.0147,Zero Hunger,0.5147,Good Health and Well-being,0.1324,Quality Education,0.0294,Gender Equality,0.0294,Clean Water and Sanitation,0.0,Affordable and Clean Energy,0.7206,Decent Work and Economic Growth,0.0882,"Industry, Innovation and Infrastructure",0.0441,Reduced Inequalities,0.3676,Sustainable Cities and Communities,0.0735,Responsible Consumption and Production,0.0735,Climate Action,0.0,Life Below Water,0.1324,Life on Land,0.3088,"Peace, Justice and Strong Institutions",0.0147,Partnerships for the Goals
VIC_Moorabool_Urban_2023,2023,VIC,24,0.125,No Poverty,0.0417,Zero Hunger,0.6667,Good Health and Well-being,0.0417,Quality Education,0.0,Gender Equality,0.0833,Clean Water and Sanitation,0.0,Affordable and Clean Energy,0.75,Decent Work and Economic Growth,0.0417,"Industry, Innovation and Infrastructure",0.0417,Reduced Inequalities,0.625,Sustainable Cities and Communities,0.0417,Responsible Consumption and Production,0.0833,Climate Action,0.0,Life Below Water,0.1667,Life on Land,0.4167,"Peace, Justice and Strong Institutions",0.0,Partnerships for the Goals
WA_Armadale_Urban_2023,2023,WA,1,0.0,No Poverty,0.0,Zero Hunger,0.0,Good Health and Well-being,0.0,Quality Education,1.0,Gender Equality,0.0,Clean Water and Sanitation,0.0,Affordable and Clean Energy,1.0,Decent Work and Economic Growth,0.0,"Industry, Innovation and Infrastructure",0.0,Reduced Inequalities,0.0,Sustainable Cities and Communities,0.0,Responsible Consumption and Production,0.0,Climate Action,0.0,Life Below Water,0.0,Life on Land,1.0,"Peace, Justice and Strong Institutions",0.0,Partnerships for the Goals
WA_Albany_Urban_2023,2023,WA,27,0.0,No Poverty,0.0,Zero Hunger,0.4074,Good Health and Well-being,0.0741,Quality Education,0.0,Gender Equality,0.037,Clean Water and Sanitation,0.037,Affordable and Clean Energy,0.5926,Decent Work and Economic Growth,0.0741,"Industry, Innovation and Infrastructure",0.037,Reduced Inequalities,0.7037,Sustainable Cities and Communities,0.0,Responsible Consumption and Production,0.037,Climate Action,0.037,Life Below Water,0.0,Life on Land,0.2593,"Peace, Justice and Strong Institutions",0.037,Partnerships for the Goals
VIC_Yarriambiack_Rural_2023,2023,VIC,34,0.0294,No Poverty,0.0,Zero Hunger,0.3235,Good Health and Well-being,0.1471,Quality Education,0.0294,Gender Equality,0.0294,Clean Water and Sanitation,0.0294,Affordable and Clean Energy,0.6471,Decent Work and Economic Growth,0.1471,"Industry, Innovation and Infrastructure",0.0,Reduced Inequalities,0.5882,Sustainable Cities and Communities,0.0588,Responsible Consumption and Production,0.0588,Climate Action,0.0,Life Below Water,0.0294,Life on Land,0.3235,"Peace, Justice and Strong Institutions",0.0882,Partnerships for the Goals
WA_Ashburton_Rural_2023,2023,WA,13,0.0,No Poverty,0.0,Zero Hunger,0.6923,Good Health and Well-being,0.1538,Quality Education,0.0,Gender Equality,0.0769,Clean Water and Sanitation,0.0769,Affordable and Clean Energy,0.6154,Decent Work and Economic Growth,0.0,"Industry, Innovation and Infrastructure",0.0,Reduced Inequalities,0.3077,Sustainable Cities and Communities,0.0,Responsible Consumption and Production,0.0,Climate Action,0.0,Life Below Water,0.0,Life on Land,0.3077,"Peace, Justice and Strong Institutions",0.0769,Partnerships for the Goals
VIC_Yarra_Urban_2023,2023,VIC,82,0.0854,No Poverty,0.0122,Zero Hunger,0.6098,Good Health and Well-being,0.122,Quality Education,0.061,Gender Equality,0.0854,Clean Water and Sanitation,0.122,Affordable and Clean Energy,0.7317,Decent Work and Economic Growth,0.0854,"Industry, Innovation and Infrastructure",0.0122,Reduced Inequalities,0.4024,Sustainable Cities and Communities,0.061,Responsible Consumption and Production,0.2073,Climate Action,0.0366,Life Below Water,0.1341,Life on Land,0.2683,"Peace, Justice and Strong Institutions",0.0854,Partnerships for the Goals
WA_Augusta Margaret River_Rural_2023,2023,WA,30,0.1,No Poverty,0.0,Zero Hunger,0.7667,Good Health and Well-being,0.0667,Quality Education,0.0,Gender Equality,0.0667,Clean Water and Sanitation,0.0,Affordable and Clean Energy,0.7333,Decent Work and Economic Growth,0.0333,"Industry, Innovation and Infrastructure",0.0,Reduced Inequalities,0.6667,Sustainable Cities and Communities,0.0667,Responsible Consumption and Production,0.2,Climate Action,0.0333,Life Below Water,0.3333,Life on Land,0.2667,"Peace, Justice and Strong Institutions",0.0,Partnerships for the Goals
WA_Bayswater_Urban_2023,2023,WA,8,0.0,No Poverty,0.0,Zero Hunger,0.75,Good Health and Well-being,0.0,Quality Education,0.0,Gender Equality,0.0,Clean Water and Sanitation,0.0,Affordable and Clean Energy,0.75,Decent Work and Economic Growth,0.0,"Industry, Innovation and Infrastructure",0.0,Reduced Inequalities,0.875,Sustainable Cities and Communities,0.0,Responsible Consumption and Production,0.125,Climate Action,0.0,Life Below Water,0.125,Life on Land,0.25,"Peace, Justice and Strong Institutions",0.0,Partnerships for the Goals
WA_Bassendean_Urban_2023,2023,WA,9,0.0,No Poverty,0.0,Zero Hunger,0.7778,Good Health and Well-being,0.1111,Quality Education,0.0,Gender Equality,0.0,Clean Water and Sanitation,0.1111,Affordable and Clean Energy,0.6667,Decent Work and Economic Growth,0.2222,"Industry, Innovation and Infrastructure",0.0,Reduced Inequalities,0.6667,Sustainable Cities and Communities,0.1111,Responsible Consumption and Production,0.1111,Climate Action,0.0,Life Below Water,0.1111,Life on Land,0.5556,"Peace, Justice and Strong Institutions",0.1111,Partnerships for the Goals
WA_Beverley_Rural_2023,2023,WA,17,0.0588,No Poverty,0.0,Zero Hunger,0.5882,Good Health and Well-being,0.0,Quality Education,0.0,Gender Equality,0.0588,Clean Water and Sanitation,0.0588,Affordable and Clean Energy,0.8235,Decent Work and Economic Growth,0.0,"Industry, Innovation and Infrastructure",0.0,Reduced Inequalities,0.7059,Sustainable Cities and Communities,0.0588,Responsible Consumption and Production,0.1176,Climate Action,0.0,Life Below Water,0.0588,Life on Land,0.4118,"Peace, Justice and Strong Institutions",0.0588,Partnerships for the Goals
WA_Belmont_Urban_2023,2023,WA,24,0.0417,No Poverty,0.0,Zero Hunger,0.4583,Good Health and Well-being,0.0417,Quality Education,0.0,Gender Equality,0.0417,Clean Water and Sanitation,0.0417,Affordable and Clean Energy,0.5833,Decent Work and Economic Growth,0.0417,"Industry, Innovation and Infrastructure",0.0,Reduced Inequalities,0.7917,Sustainable Cities and Communities,0.0417,Responsible Consumption and Production,0.3333,Climate Action,0.0,Life Below Water,0.2083,Life on Land,0.4167,"Peace, Justice and Strong Institutions",0.0417,Partnerships for the Goals
WA_Boddington_Rural_2023,2023,WA,26,0.0769,No Poverty,0.0,Zero Hunger,0.5385,Good Health and Well-being,0.0769,Quality Education,0.0385,Gender Equality,0.0385,Clean Water and Sanitation,0.1154,Affordable and Clean Energy,0.6154,Decent Work and Economic Growth,0.0769,"Industry, Innovation and Infrastructure",0.0,Reduced Inequalities,0.5769,Sustainable Cities and Communities,0.0,Responsible Consumption and Production,0.1538,Climate Action,0.0,Life Below Water,0.0769,Life on Land,0.1923,"Peace, Justice and Strong Institutions",0.0,Partnerships for the Goals
VIC_Murrindindi_Rural_2023,2023,VIC,46,0.087,No Poverty,0.0,Zero Hunger,0.4783,Good Health and Well-being,0.1739,Quality Education,0.087,Gender Equality,0.0,Clean Water and Sanitation,0.0435,Affordable and Clean Energy,0.6304,Decent Work and Economic Growth,0.0652,"Industry, Innovation and Infrastructure",0.0,Reduced Inequalities,0.2826,Sustainable Cities and Communities,0.087,Responsible Consumption and Production,0.3043,Climate Action,0.0,Life Below Water,0.1304,Life on Land,0.3043,"Peace, Justice and Strong Institutions",0.0435,Partnerships for the Goals
WA_Boyup Brooke_Rural_2023,2023,WA,19,0.0526,No Poverty,0.0,Zero Hunger,0.6316,Good Health and Well-being,0.1053,Quality Education,0.1053,Gender Equality,0.2632,Clean Water and Sanitation,0.0526,Affordable and Clean Energy,0.5263,Decent Work and Economic Growth,0.0526,"Industry, Innovation and Infrastructure",0.0,Reduced Inequalities,0.4737,Sustainable Cities and Communities,0.1053,Responsible Consumption and Production,0.1579,Climate Action,0.0,Life Below Water,0.1053,Life on Land,0.3158,"Peace, Justice and Strong Institutions",0.0526,Partnerships for the Goals
WA_Bridgetown Greenbushes_Rural_2023,2023,WA,13,0.0,No Poverty,0.0,Zero Hunger,0.6154,Good Health and Well-being,0.0769,Quality Education,0.0,Gender Equality,0.0,Clean Water and Sanitation,0.0,Affordable and Clean Energy,0.4615,Decent Work and Economic Growth,0.0,"Industry, Innovation and Infrastructure",0.0,Reduced Inequalities,0.6923,Sustainable Cities and Communities,0.0,Responsible Consumption and Production,0.2308,Climate Action,0.0,Life Below Water,0.3077,Life on Land,0.1538,"Peace, Justice and Strong Institutions",0.0769,Partnerships for the Goals
VIC_West Wimmera_Rural_2023,2023,VIC,67,0.0896,No Poverty,0.0149,Zero Hunger,0.6119,Good Health and Well-being,0.0896,Quality Education,0.0,Gender Equality,0.0149,Clean Water and Sanitation,0.0149,Affordable and Clean Energy,0.6418,Decent Work and Economic Growth,0.1791,"Industry, Innovation and Infrastructure",0.0149,Reduced Inequalities,0.4925,Sustainable Cities and Communities,0.0448,Responsible Consumption and Production,0.0448,Climate Action,0.0,Life Below Water,0.0597,Life on Land,0.3134,"Peace, Justice and Strong Institutions",0.0149,Partnerships for the Goals
WA_Broome_Rural_2023,2023,WA,34,0.0294,No Poverty,0.0,Zero Hunger,0.7353,Good Health and Well-being,0.0,Quality Education,0.0294,Gender Equality,0.0,Clean Water and Sanitation,0.0,Affordable and Clean Energy,0.5588,Decent Work and Economic Growth,0.0,"Industry, Innovation and Infrastructure",0.0,Reduced Inequalities,0.5588,Sustainable Cities and Communities,0.0588,Responsible Consumption and Production,0.0588,Climate Action,0.0294,Life Below Water,0.0,Life on Land,0.5294,"Peace, Justice and Strong Institutions",0.0588,Partnerships for the Goals
WA_Broomehill Tambellup_Rural_2023,2023,WA,10,0.1,No Poverty,0.0,Zero Hunger,0.5,Good Health and Well-being,0.1,Quality Education,0.0,Gender Equality,0.1,Clean Water and Sanitation,0.0,Affordable and Clean Energy,0.5,Decent Work and Economic Growth,0.0,"Industry, Innovation and Infrastructure",0.0,Reduced Inequalities,0.6,Sustainable Cities and Communities,0.1,Responsible Consumption and Production,0.2,Climate Action,0.0,Life Below Water,0.1,Life on Land,0.5,"Peace, Justice and Strong Institutions",0.0,Partnerships for the Goals
WA_Brookton_Rural_2023,2023,WA,14,0.0,No Poverty,0.0,Zero Hunger,0.3571,Good Health and Well-being,0.0714,Quality Education,0.0,Gender Equality,0.0,Clean Water and Sanitation,0.1429,Affordable and Clean Energy,0.4286,Decent Work and Economic Growth,0.1429,"Industry, Innovation and Infrastructure",0.0,Reduced Inequalities,0.8571,Sustainable Cities and Communities,0.0,Responsible Consumption and Production,0.1429,Climate Action,0.0,Life Below Water,0.0,Life on Land,0.3571,"Peace, Justice and Strong Institutions",0.0,Partnerships for the Goals
WA_Busselton_Urban_2023,2023,WA,19,0.0,No Poverty,0.0,Zero Hunger,0.6842,Good Health and Well-being,0.0,Quality Education,0.0526,Gender Equality,0.1053,Clean Water and Sanitation,0.1053,Affordable and Clean Energy,0.6316,Decent Work and Economic Growth,0.0,"Industry, Innovation and Infrastructure",0.0,Reduced Inequalities,0.6842,Sustainable Cities and Communities,0.0526,Responsible Consumption and Production,0.1579,Climate Action,0.0526,Life Below Water,0.2105,Life on Land,0.2105,"Peace, Justice and Strong Institutions",0.1053,Partnerships for the Goals
WA_Bunbury_Urban_2023,2023,WA,48,0.0208,No Poverty,0.0417,Zero Hunger,0.6875,Good Health and Well-being,0.0625,Quality Education,0.0,Gender Equality,0.0208,Clean Water and Sanitation,0.0625,Affordable and Clean Energy,0.8125,Decent Work and Economic Growth,0.1458,"Industry, Innovation and Infrastructure",0.0,Reduced Inequalities,0.6667,Sustainable Cities and Communities,0.0417,Responsible Consumption and Production,0.1042,Climate Action,0.0,Life Below Water,0.0625,Life on Land,0.1458,"Peace, Justice and Strong Institutions",0.0417,Partnerships for the Goals
WA_Cambridge_Urban_2023,2023,WA,21,0.0,No Poverty,0.0,Zero Hunger,0.5714,Good Health and Well-being,0.0,Quality Education,0.0,Gender Equality,0.1905,Clean Water and Sanitation,0.0,Affordable and Clean Energy,0.619,Decent Work and Economic Growth,0.0952,"Industry, Innovation and Infrastructure",0.0,Reduced Inequalities,0.5238,Sustainable Cities and Communities,0.1429,Responsible Consumption and Production,0.2381,Climate Action,0.0476,Life Below Water,0.0952,Life on Land,0.2857,"Peace, Justice and Strong Institutions",0.0,Partnerships for the Goals
WA_Bruce Rock_Rural_2023,2023,WA,13,0.0769,No Poverty,0.0,Zero Hunger,0.4615,Good Health and Well-being,0.0,Quality Education,0.0,Gender Equality,0.0,Clean Water and Sanitation,0.0769,Affordable and Clean Energy,0.6154,Decent Work and Economic Growth,0.0769,"Industry, Innovation and Infrastructure",0.0,Reduced Inequalities,0.4615,Sustainable Cities and Communities,0.0769,Responsible Consumption and Production,0.0,Climate Action,0.0,Life Below Water,0.0769,Life on Land,0.4615,"Peace, Justice and Strong Institutions",0.0769,Partnerships for the Goals
WA_Capel_Rural_2023,2023,WA,42,0.0238,No Poverty,0.0,Zero Hunger,0.5238,Good Health and Well-being,0.1905,Quality Education,0.0,Gender Equality,0.0238,Clean Water and Sanitation,0.0238,Affordable and Clean Energy,0.5714,Decent Work and Economic Growth,0.0952,"Industry, Innovation and Infrastructure",0.0,Reduced Inequalities,0.381,Sustainable Cities and Communities,0.0714,Responsible Consumption and Production,0.1429,Climate Action,0.0238,Life Below Water,0.0714,Life on Land,0.2143,"Peace, Justice and Strong Institutions",0.0476,Partnerships for the Goals
WA_Chittering_Rural_2023,2023,WA,1,0.0,No Poverty,0.0,Zero Hunger,1.0,Good Health and Well-being,0.0,Quality Education,0.0,Gender Equality,0.0,Clean Water and Sanitation,0.0,Affordable and Clean Energy,1.0,Decent Work and Economic Growth,0.0,"Industry, Innovation and Infrastructure",0.0,Reduced Inequalities,0.0,Sustainable Cities and Communities,0.0,Responsible Consumption and Production,0.0,Climate Action,0.0,Life Below Water,0.0,Life on Land,1.0,"Peace, Justice and Strong Institutions",0.0,Partnerships for the Goals
WA_Chapman Valley_Rural_2023,2023,WA,7,0.0,No Poverty,0.0,Zero Hunger,0.8571,Good Health and Well-being,0.1429,Quality Education,0.0,Gender Equality,0.0,Clean Water and Sanitation,0.0,Affordable and Clean Energy,0.7143,Decent Work and Economic Growth,0.0,"Industry, Innovation and Infrastructure",0.0,Reduced Inequalities,0.4286,Sustainable Cities and Communities,0.0,Responsible Consumption and Production,0.1429,Climate Action,0.0,Life Below Water,0.0,Life on Land,0.7143,"Peace, Justice and Strong Institutions",0.0,Partnerships for the Goals
WA_Carnarvon_Rural_2023,2023,WA,14,0.0714,No Poverty,0.0,Zero Hunger,0.3571,Good Health and Well-being,0.2857,Quality Education,0.0,Gender Equality,0.0714,Clean Water and Sanitation,0.0714,Affordable and Clean Energy,0.6429,Decent Work and Economic Growth,0.3571,"Industry, Innovation and Infrastructure",0.0,Reduced Inequalities,0.5,Sustainable Cities and Communities,0.0714,Responsible Consumption and Production,0.0714,Climate Action,0.0714,Life Below Water,0.0714,Life on Land,0.4286,"Peace, Justice and Strong Institutions",0.0,Partnerships for the Goals
WA_Cockburn_Urban_2023,2023,WA,19,0.1053,No Poverty,0.0,Zero Hunger,0.4211,Good Health and Well-being,0.0,Quality Education,0.0,Gender Equality,0.0526,Clean Water and Sanitation,0.0526,Affordable and Clean Energy,0.8421,Decent Work and Economic Growth,0.0,"Industry, Innovation and Infrastructure",0.0,Reduced Inequalities,0.8421,Sustainable Cities and Communities,0.0526,Responsible Consumption and Production,0.0526,Climate Action,0.0,Life Below Water,0.0,Life on Land,0.3684,"Peace, Justice and Strong Institutions",0.0,Partnerships for the Goals
WA_Coolgardie_Rural_2023,2023,WA,27,0.0741,No Poverty,0.037,Zero Hunger,0.5926,Good Health and Well-being,0.1481,Quality Education,0.0741,Gender Equality,0.1481,Clean Water and Sanitation,0.037,Affordable and Clean Energy,0.5185,Decent Work and Economic Growth,0.0741,"Industry, Innovation and Infrastructure",0.037,Reduced Inequalities,0.3704,Sustainable Cities and Communities,0.037,Responsible Consumption and Production,0.0741,Climate Action,0.037,Life Below Water,0.0,Life on Land,0.2222,"Peace, Justice and Strong Institutions",0.0741,Partnerships for the Goals
WA_Corrigin_Rural_2023,2023,WA,19,0.0,No Poverty,0.0,Zero Hunger,0.5789,Good Health and Well-being,0.0526,Quality Education,0.1053,Gender Equality,0.0526,Clean Water and Sanitation,0.0,Affordable and Clean Energy,0.6316,Decent Work and Economic Growth,0.0526,"Industry, Innovation and Infrastructure",0.0,Reduced Inequalities,0.5789,Sustainable Cities and Communities,0.0526,Responsible Consumption and Production,0.1053,Climate Action,0.0,Life Below Water,0.0,Life on Land,0.3684,"Peace, Justice and Strong Institutions",0.0,Partnerships for the Goals
WA_Coorow_Rural_2023,2023,WA,4,0.0,No Poverty,0.0,Zero Hunger,0.75,Good Health and Well-being,0.0,Quality Education,0.0,Gender Equality,0.0,Clean Water and Sanitation,0.0,Affordable and Clean Energy,1.0,Decent Work and Economic Growth,0.0,"Industry, Innovation and Infrastructure",0.0,Reduced Inequalities,1.0,Sustainable Cities and Communities,0.0,Responsible Consumption and Production,0.0,Climate Action,0.0,Life Below Water,0.0,Life on Land,0.25,"Peace, Justice and Strong Institutions",0.0,Partnerships for the Goals
WA_Cottesloe_Urban_2023,2023,WA,20,0.0,No Poverty,0.0,Zero Hunger,0.65,Good Health and Well-being,0.05,Quality Education,0.0,Gender Equality,0.2,Clean Water and Sanitation,0.05,Affordable and Clean Energy,0.75,Decent Work and Economic Growth,0.05,"Industry, Innovation and Infrastructure",0.05,Reduced Inequalities,0.75,Sustainable Cities and Communities,0.0,Responsible Consumption and Production,0.3,Climate Action,0.05,Life Below Water,0.1,Life on Land,0.4,"Peace, Justice and Strong Institutions",0.0,Partnerships for the Goals
WA_Claremont_Urban_2023,2023,WA,28,0.0,No Poverty,0.0,Zero Hunger,0.4286,Good Health and Well-being,0.0714,Quality Education,0.0357,Gender Equality,0.1071,Clean Water and Sanitation,0.0357,Affordable and Clean Energy,0.5357,Decent Work and Economic Growth,0.0357,"Industry, Innovation and Infrastructure",0.0,Reduced Inequalities,0.5,Sustainable Cities and Communities,0.0357,Responsible Consumption and Production,0.1429,Climate Action,0.0,Life Below Water,0.25,Life on Land,0.25,"Peace, Justice and Strong Institutions",0.0,Partnerships for the Goals
WA_Collie_Rural_2023,2023,WA,16,0.0625,No Poverty,0.0,Zero Hunger,0.4375,Good Health and Well-being,0.0,Quality Education,0.0,Gender Equality,0.0,Clean Water and Sanitation,0.125,Affordable and Clean Energy,0.6875,Decent Work and Economic Growth,0.1875,"Industry, Innovation and Infrastructure",0.0,Reduced Inequalities,0.5,Sustainable Cities and Communities,0.0625,Responsible Consumption and Production,0.125,Climate Action,0.0,Life Below Water,0.0625,Life on Land,0.3125,"Peace, Justice and Strong Institutions",0.0625,Partnerships for the Goals
WA_Cunderdin_Rural_2023,2023,WA,3,0.0,No Poverty,0.0,Zero Hunger,0.3333,Good Health and Well-being,0.0,Quality Education,0.0,Gender Equality,0.3333,Clean Water and Sanitation,0.0,Affordable and Clean Energy,1.0,Decent Work and Economic Growth,0.0,"Industry, Innovation and Infrastructure",0.0,Reduced Inequalities,0.3333,Sustainable Cities and Communities,0.3333,Responsible Consumption and Production,0.3333,Climate Action,0.0,Life Below Water,0.0,Life on Land,0.3333,"Peace, Justice and Strong Institutions",0.0,Partnerships for the Goals
WA_Cue_Rural_2023,2023,WA,11,0.1818,No Poverty,0.0,Zero Hunger,0.6364,Good Health and Well-being,0.2727,Quality Education,0.0,Gender Equality,0.0,Clean Water and Sanitation,0.1818,Affordable and Clean Energy,0.7273,Decent Work and Economic Growth,0.1818,"Industry, Innovation and Infrastructure",0.0,Reduced Inequalities,0.4545,Sustainable Cities and Communities,0.0,Responsible Consumption and Production,0.2727,Climate Action,0.0,Life Below Water,0.0909,Life on Land,0.1818,"Peace, Justice and Strong Institutions",0.0,Partnerships for the Goals
WA_Dandaragan_Rural_2023,2023,WA,30,0.0667,No Poverty,0.0333,Zero Hunger,0.5667,Good Health and Well-being,0.1,Quality Education,0.0,Gender Equality,0.0333,Clean Water and Sanitation,0.1667,Affordable and Clean Energy,0.7667,Decent Work and Economic Growth,0.1,"Industry, Innovation and Infrastructure",0.0,Reduced Inequalities,0.5,Sustainable Cities and Communities,0.0,Responsible Consumption and Production,0.2667,Climate Action,0.0667,Life Below Water,0.0667,Life on Land,0.1333,"Peace, Justice and Strong Institutions",0.0,Partnerships for the Goals
WA_Dardanup_Rural_2023,2023,WA,18,0.0556,No Poverty,0.0,Zero Hunger,0.5556,Good Health and Well-being,0.0556,Quality Education,0.0,Gender Equality,0.0,Clean Water and Sanitation,0.0,Affordable and Clean Energy,0.6667,Decent Work and Economic Growth,0.1111,"Industry, Innovation and Infrastructure",0.0,Reduced Inequalities,0.5556,Sustainable Cities and Communities,0.1667,Responsible Consumption and Production,0.1111,Climate Action,0.0,Life Below Water,0.0556,Life on Land,0.3333,"Peace, Justice and Strong Institutions",0.0,Partnerships for the Goals
WA_Carnamah_Rural_2023,2023,WA,14,0.0,No Poverty,0.0,Zero Hunger,0.5714,Good Health and Well-being,0.0714,Quality Education,0.0,Gender Equality,0.0,Clean Water and Sanitation,0.0714,Affordable and Clean Energy,0.8571,Decent Work and Economic Growth,0.1429,"Industry, Innovation and Infrastructure",0.0,Reduced Inequalities,0.5,Sustainable Cities and Communities,0.0,Responsible Consumption and Production,0.1429,Climate Action,0.0,Life Below Water,0.0,Life on Land,0.4286,"Peace, Justice and Strong Institutions",0.0,Partnerships for the Goals
WA_Derby West Kimberley_Rural_2023,2023,WA,55,0.0909,No Poverty,0.0,Zero Hunger,0.5455,Good Health and Well-being,0.0545,Quality Education,0.0,Gender Equality,0.0727,Clean Water and Sanitation,0.0364,Affordable and Clean Energy,0.6909,Decent Work and Economic Growth,0.0182,"Industry, Innovation and Infrastructure",0.0182,Reduced Inequalities,0.5455,Sustainable Cities and Communities,0.0364,Responsible Consumption and Production,0.2727,Climate Action,0.0,Life Below Water,0.0727,Life on Land,0.2545,"Peace, Justice and Strong Institutions",0.0182,Partnerships for the Goals
WA_Donnybrook Balingup_Rural_2023,2023,WA,23,0.087,No Poverty,0.0,Zero Hunger,0.6087,Good Health and Well-being,0.087,Quality Education,0.0,Gender Equality,0.0435,Clean Water and Sanitation,0.0435,Affordable and Clean Energy,0.4783,Decent Work and Economic Growth,0.2174,"Industry, Innovation and Infrastructure",0.0,Reduced Inequalities,0.5217,Sustainable Cities and Communities,0.0,Responsible Consumption and Production,0.1739,Climate Action,0.0,Life Below Water,0.3043,Life on Land,0.3478,"Peace, Justice and Strong Institutions",0.0435,Partnerships for the Goals
WA_Cuballing_Rural_2023,2023,WA,16,0.0625,No Poverty,0.0,Zero Hunger,0.4375,Good Health and Well-being,0.0625,Quality Education,0.0625,Gender Equality,0.0625,Clean Water and Sanitation,0.125,Affordable and Clean Energy,0.6875,Decent Work and Economic Growth,0.1875,"Industry, Innovation and Infrastructure",0.0,Reduced Inequalities,0.5,Sustainable Cities and Communities,0.0,Responsible Consumption and Production,0.0,Climate Action,0.0,Life Below Water,0.0625,Life on Land,0.125,"Peace, Justice and Strong Institutions",0.0,Partnerships for the Goals
WA_Dumbleyung_Rural_2023,2023,WA,18,0.0556,No Poverty,0.0,Zero Hunger,0.6111,Good Health and Well-being,0.0,Quality Education,0.0,Gender Equality,0.2222,Clean Water and Sanitation,0.0556,Affordable and Clean Energy,0.5556,Decent Work and Economic Growth,0.1111,"Industry, Innovation and Infrastructure",0.0,Reduced Inequalities,0.7222,Sustainable Cities and Communities,0.0,Responsible Consumption and Production,0.2222,Climate Action,0.0,Life Below Water,0.0,Life on Land,0.5,"Peace, Justice and Strong Institutions",0.1111,Partnerships for the Goals
WA_Dalwallinu_Rural_2023,2023,WA,25,0.0,No Poverty,0.0,Zero Hunger,0.56,Good Health and Well-being,0.24,Quality Education,0.16,Gender Equality,0.04,Clean Water and Sanitation,0.08,Affordable and Clean Energy,0.64,Decent Work and Economic Growth,0.0,"Industry, Innovation and Infrastructure",0.0,Reduced Inequalities,0.28,Sustainable Cities and Communities,0.0,Responsible Consumption and Production,0.08,Climate Action,0.0,Life Below Water,0.12,Life on Land,0.4,"Peace, Justice and Strong Institutions",0.0,Partnerships for the Goals
WA_East Pilbara_Rural_2023,2023,WA,14,0.0714,No Poverty,0.0,Zero Hunger,0.6429,Good Health and Well-being,0.0,Quality Education,0.0714,Gender Equality,0.0714,Clean Water and Sanitation,0.0,Affordable and Clean Energy,0.7143,Decent Work and Economic Growth,0.2857,"Industry, Innovation and Infrastructure",0.0,Reduced Inequalities,0.5714,Sustainable Cities and Communities,0.0,Responsible Consumption and Production,0.2143,Climate Action,0.0,Life Below Water,0.0,Life on Land,0.4286,"Peace, Justice and Strong Institutions",0.0,Partnerships for the Goals
WA_East Fremantle_Urban_2023,2023,WA,19,0.1053,No Poverty,0.0,Zero Hunger,0.6316,Good Health and Well-being,0.0526,Quality Education,0.0,Gender Equality,0.1053,Clean Water and Sanitation,0.0,Affordable and Clean Energy,0.5263,Decent Work and Economic Growth,0.0526,"Industry, Innovation and Infrastructure",0.0526,Reduced Inequalities,0.6316,Sustainable Cities and Communities,0.0526,Responsible Consumption and Production,0.3684,Climate Action,0.0,Life Below Water,0.1053,Life on Land,0.2105,"Peace, Justice and Strong Institutions",0.0,Partnerships for the Goals
WA_Exmouth_Rural_2023,2023,WA,15,0.0,No Poverty,0.0,Zero Hunger,0.4,Good Health and Well-being,0.0,Quality Education,0.0,Gender Equality,0.0667,Clean Water and Sanitation,0.0,Affordable and Clean Energy,0.6,Decent Work and Economic Growth,0.0667,"Industry, Innovation and Infrastructure",0.0,Reduced Inequalities,0.6,Sustainable Cities and Communities,0.0,Responsible Consumption and Production,0.2,Climate Action,0.0,Life Below Water,0.0667,Life on Land,0.4,"Peace, Justice and Strong Institutions",0.0667,Partnerships for the Goals
WA_Dowerin_Rural_2023,2023,WA,19,0.0526,No Poverty,0.0,Zero Hunger,0.8421,Good Health and Well-being,0.0,Quality Education,0.0,Gender Equality,0.1579,Clean Water and Sanitation,0.0,Affordable and Clean Energy,0.6842,Decent Work and Economic Growth,0.1579,"Industry, Innovation and Infrastructure",0.0,Reduced Inequalities,0.6316,Sustainable Cities and Communities,0.0526,Responsible Consumption and Production,0.2105,Climate Action,0.0,Life Below Water,0.0526,Life on Land,0.3158,"Peace, Justice and Strong Institutions",0.0526,Partnerships for the Goals
WA_Esperance_Rural_2023,2023,WA,67,0.0448,No Poverty,0.0299,Zero Hunger,0.3881,Good Health and Well-being,0.0746,Quality Education,0.0149,Gender Equality,0.0149,Clean Water and Sanitation,0.0299,Affordable and Clean Energy,0.6119,Decent Work and Economic Growth,0.1045,"Industry, Innovation and Infrastructure",0.0,Reduced Inequalities,0.3881,Sustainable Cities and Communities,0.1642,Responsible Consumption and Production,0.1045,Climate Action,0.0149,Life Below Water,0.1343,Life on Land,0.1642,"Peace, Justice and Strong Institutions",0.0149,Partnerships for the Goals
WA_Denmark_Rural_2023,2023,WA,21,0.0476,No Poverty,0.0476,Zero Hunger,0.4286,Good Health and Well-being,0.0952,Quality Education,0.0476,Gender Equality,0.0476,Clean Water and Sanitation,0.0952,Affordable and Clean Energy,0.4762,Decent Work and Economic Growth,0.0,"Industry, Innovation and Infrastructure",0.0,Reduced Inequalities,0.3333,Sustainable Cities and Communities,0.1905,Responsible Consumption and Production,0.1905,Climate Action,0.0,Life Below Water,0.1429,Life on Land,0.1905,"Peace, Justice and Strong Institutions",0.0,Partnerships for the Goals
WA_Geraldton_Urban_2023,2023,WA,13,0.1538,No Poverty,0.0,Zero Hunger,0.5385,Good Health and Well-being,0.0769,Quality Education,0.0,Gender Equality,0.1538,Clean Water and Sanitation,0.1538,Affordable and Clean Energy,0.6923,Decent Work and Economic Growth,0.0769,"Industry, Innovation and Infrastructure",0.0,Reduced Inequalities,0.6154,Sustainable Cities and Communities,0.0,Responsible Consumption and Production,0.3077,Climate Action,0.1538,Life Below Water,0.0,Life on Land,0.0,"Peace, Justice and Strong Institutions",0.0,Partnerships for the Goals
WA_Gingin_Rural_2023,2023,WA,11,0.0,No Poverty,0.0,Zero Hunger,0.6364,Good Health and Well-being,0.0,Quality Education,0.0,Gender Equality,0.0909,Clean Water and Sanitation,0.0,Affordable and Clean Energy,0.8182,Decent Work and Economic Growth,0.0909,"Industry, Innovation and Infrastructure",0.0,Reduced Inequalities,0.3636,Sustainable Cities and Communities,0.0909,Responsible Consumption and Production,0.1818,Climate Action,0.0909,Life Below Water,0.0909,Life on Land,0.2727,"Peace, Justice and Strong Institutions",0.0909,Partnerships for the Goals
WA_Gnowangerup_Rural_2023,2023,WA,14,0.0,No Poverty,0.0,Zero Hunger,0.4286,Good Health and Well-being,0.0714,Quality Education,0.0,Gender Equality,0.0714,Clean Water and Sanitation,0.0,Affordable and Clean Energy,0.7143,Decent Work and Economic Growth,0.0,"Industry, Innovation and Infrastructure",0.0,Reduced Inequalities,0.5714,Sustainable Cities and Communities,0.0714,Responsible Consumption and Production,0.0714,Climate Action,0.0,Life Below Water,0.0714,Life on Land,0.2143,"Peace, Justice and Strong Institutions",0.0,Partnerships for the Goals
WA_Goomalling_Rural_2023,2023,WA,5,0.0,No Poverty,0.0,Zero Hunger,0.2,Good Health and Well-being,0.0,Quality Education,0.0,Gender Equality,0.0,Clean Water and Sanitation,0.0,Affordable and Clean Energy,0.4,Decent Work and Economic Growth,0.0,"Industry, Innovation and Infrastructure",0.0,Reduced Inequalities,0.4,Sustainable Cities and Communities,0.2,Responsible Consumption and Production,0.0,Climate Action,0.0,Life Below Water,0.2,Life on Land,0.2,"Peace, Justice and Strong Institutions",0.0,Partnerships for the Goals
WA_Fremantle_Urban_2023,2023,WA,60,0.1333,No Poverty,0.0,Zero Hunger,0.6667,Good Health and Well-being,0.1167,Quality Education,0.0333,Gender Equality,0.05,Clean Water and Sanitation,0.05,Affordable and Clean Energy,0.7,Decent Work and Economic Growth,0.0667,"Industry, Innovation and Infrastructure",0.0,Reduced Inequalities,0.7167,Sustainable Cities and Communities,0.0167,Responsible Consumption and Production,0.0333,Climate Action,0.0333,Life Below Water,0.0333,Life on Land,0.2667,"Peace, Justice and Strong Institutions",0.05,Partnerships for the Goals
WA_Gosnells_Urban_2023,2023,WA,10,0.2,No Poverty,0.0,Zero Hunger,1.0,Good Health and Well-being,0.2,Quality Education,0.0,Gender Equality,0.0,Clean Water and Sanitation,0.0,Affordable and Clean Energy,0.8,Decent Work and Economic Growth,0.0,"Industry, Innovation and Infrastructure",0.0,Reduced Inequalities,0.8,Sustainable Cities and Communities,0.0,Responsible Consumption and Production,0.0,Climate Action,0.0,Life Below Water,0.0,Life on Land,0.4,"Peace, Justice and Strong Institutions",0.0,Partnerships for the Goals
WA_Dundas_Rural_2023,2023,WA,23,0.087,No Poverty,0.0435,Zero Hunger,0.6087,Good Health and Well-being,0.0,Quality Education,0.087,Gender Equality,0.0,Clean Water and Sanitation,0.087,Affordable and Clean Energy,0.5217,Decent Work and Economic Growth,0.0,"Industry, Innovation and Infrastructure",0.0,Reduced Inequalities,0.3913,Sustainable Cities and Communities,0.0,Responsible Consumption and Production,0.1739,Climate Action,0.0,Life Below Water,0.0435,Life on Land,0.2609,"Peace, Justice and Strong Institutions",0.0,Partnerships for the Goals
WA_Irwin_Rural_2023,2023,WA,14,0.1429,No Poverty,0.0,Zero Hunger,0.3571,Good Health and Well-being,0.0714,Quality Education,0.0,Gender Equality,0.0,Clean Water and Sanitation,0.1429,Affordable and Clean Energy,0.7143,Decent Work and Economic Growth,0.1429,"Industry, Innovation and Infrastructure",0.0,Reduced Inequalities,0.5714,Sustainable Cities and Communities,0.0714,Responsible Consumption and Production,0.1429,Climate Action,0.0714,Life Below Water,0.0714,Life on Land,0.2143,"Peace, Justice and Strong Institutions",0.0,Partnerships for the Goals
WA_Kalamunda_Urban_2023,2023,WA,4,0.0,No Poverty,0.0,Zero Hunger,1.0,Good Health and Well-being,0.0,Quality Education,0.0,Gender Equality,0.25,Clean Water and Sanitation,0.0,Affordable and Clean Energy,1.0,Decent Work and Economic Growth,0.0,"Industry, Innovation and Infrastructure",0.25,Reduced Inequalities,0.75,Sustainable Cities and Communities,0.0,Responsible Consumption and Production,0.25,Climate Action,0.0,Life Below Water,0.0,Life on Land,0.25,"Peace, Justice and Strong Institutions",0.0,Partnerships for the Goals
WA_Canning_Urban_2023,2023,WA,52,0.1538,No Poverty,0.0192,Zero Hunger,0.7115,Good Health and Well-being,0.0769,Quality Education,0.0,Gender Equality,0.1154,Clean Water and Sanitation,0.0385,Affordable and Clean Energy,0.9423,Decent Work and Economic Growth,0.0577,"Industry, Innovation and Infrastructure",0.0,Reduced Inequalities,0.75,Sustainable Cities and Communities,0.0577,Responsible Consumption and Production,0.1154,Climate Action,0.0,Life Below Water,0.0962,Life on Land,0.4231,"Peace, Justice and Strong Institutions",0.0385,Partnerships for the Goals
WA_Harvey_Urban_2023,2023,WA,40,0.0,No Poverty,0.0,Zero Hunger,0.525,Good Health and Well-being,0.175,Quality Education,0.0,Gender Equality,0.075,Clean Water and Sanitation,0.1,Affordable and Clean Energy,0.65,Decent Work and Economic Growth,0.075,"Industry, Innovation and Infrastructure",0.0,Reduced Inequalities,0.425,Sustainable Cities and Communities,0.05,Responsible Consumption and Production,0.125,Climate Action,0.0,Life Below Water,0.075,Life on Land,0.275,"Peace, Justice and Strong Institutions",0.075,Partnerships for the Goals
WA_Kalgoorlie Boulder_Urban_2023,2023,WA,44,0.0227,No Poverty,0.0227,Zero Hunger,0.5909,Good Health and Well-being,0.1136,Quality Education,0.0,Gender Equality,0.1591,Clean Water and Sanitation,0.0,Affordable and Clean Energy,0.75,Decent Work and Economic Growth,0.0682,"Industry, Innovation and Infrastructure",0.0,Reduced Inequalities,0.6591,Sustainable Cities and Communities,0.0909,Responsible Consumption and Production,0.2045,Climate Action,0.0,Life Below Water,0.0,Life on Land,0.2727,"Peace, Justice and Strong Institutions",0.0455,Partnerships for the Goals
WA_Karratha_Urban_2023,2023,WA,59,0.1017,No Poverty,0.0,Zero Hunger,0.5932,Good Health and Well-being,0.0508,Quality Education,0.0,Gender Equality,0.1017,Clean Water and Sanitation,0.0169,Affordable and Clean Energy,0.7288,Decent Work and Economic Growth,0.0508,"Industry, Innovation and Infrastructure",0.0,Reduced Inequalities,0.7119,Sustainable Cities and Communities,0.0508,Responsible Consumption and Production,0.1356,Climate Action,0.0,Life Below Water,0.0339,Life on Land,0.2203,"Peace, Justice and Strong Institutions",0.1356,Partnerships for the Goals
WA_Katanning_Rural_2023,2023,WA,27,0.0741,No Poverty,0.0,Zero Hunger,0.4815,Good Health and Well-being,0.037,Quality Education,0.037,Gender Equality,0.037,Clean Water and Sanitation,0.037,Affordable and Clean Energy,0.7407,Decent Work and Economic Growth,0.0741,"Industry, Innovation and Infrastructure",0.037,Reduced Inequalities,0.4815,Sustainable Cities and Communities,0.0,Responsible Consumption and Production,0.1852,Climate Action,0.0,Life Below Water,0.0741,Life on Land,0.4444,"Peace, Justice and Strong Institutions",0.037,Partnerships for the Goals
WA_Kent_Rural_2023,2023,WA,2,0.0,No Poverty,0.0,Zero Hunger,0.5,Good Health and Well-being,0.0,Quality Education,0.0,Gender Equality,0.0,Clean Water and Sanitation,0.0,Affordable and Clean Energy,0.0,Decent Work and Economic Growth,0.0,"Industry, Innovation and Infrastructure",0.0,Reduced Inequalities,0.5,Sustainable Cities and Communities,0.0,Responsible Consumption and Production,0.0,Climate Action,0.0,Life Below Water,0.0,Life on Land,1.0,"Peace, Justice and Strong Institutions",0.0,Partnerships for the Goals
WA_Joondalup_Urban_2023,2023,WA,39,0.0256,No Poverty,0.0,Zero Hunger,0.641,Good Health and Well-being,0.0513,Quality Education,0.0,Gender Equality,0.2051,Clean Water and Sanitation,0.1282,Affordable and Clean Energy,0.5897,Decent Work and Economic Growth,0.0769,"Industry, Innovation and Infrastructure",0.0256,Reduced Inequalities,0.4872,Sustainable Cities and Communities,0.0769,Responsible Consumption and Production,0.2821,Climate Action,0.0769,Life Below Water,0.2051,Life on Land,0.2564,"Peace, Justice and Strong Institutions",0.0513,Partnerships for the Goals
WA_Kondinin_Urban_2023,2023,WA,9,0.0,No Poverty,0.0,Zero Hunger,0.6667,Good Health and Well-being,0.1111,Quality Education,0.0,Gender Equality,0.1111,Clean Water and Sanitation,0.0,Affordable and Clean Energy,0.6667,Decent Work and Economic Growth,0.1111,"Industry, Innovation and Infrastructure",0.0,Reduced Inequalities,0.4444,Sustainable Cities and Communities,0.0,Responsible Consumption and Production,0.1111,Climate Action,0.0,Life Below Water,0.0,Life on Land,0.3333,"Peace, Justice and Strong Institutions",0.0,Partnerships for the Goals
WA_Koorda_Rural_2023,2023,WA,7,0.0,No Poverty,0.0,Zero Hunger,0.7143,Good Health and Well-being,0.0,Quality Education,0.0,Gender Equality,0.0,Clean Water and Sanitation,0.0,Affordable and Clean Energy,0.5714,Decent Work and Economic Growth,0.1429,"Industry, Innovation and Infrastructure",0.0,Reduced Inequalities,1.0,Sustainable Cities and Communities,0.0,Responsible Consumption and Production,0.2857,Climate Action,0.0,Life Below Water,0.0,Life on Land,0.7143,"Peace, Justice and Strong Institutions",0.0,Partnerships for the Goals
WA_Kulin_Rural_2023,2023,WA,4,0.0,No Poverty,0.0,Zero Hunger,0.5,Good Health and Well-being,0.0,Quality Education,0.0,Gender Equality,0.0,Clean Water and Sanitation,0.0,Affordable and Clean Energy,0.75,Decent Work and Economic Growth,0.25,"Industry, Innovation and Infrastructure",0.0,Reduced Inequalities,0.75,Sustainable Cities and Communities,0.0,Responsible Consumption and Production,0.0,Climate Action,0.0,Life Below Water,0.0,Life on Land,0.5,"Peace, Justice and Strong Institutions",0.0,Partnerships for the Goals
WA_Lake Grace_Rural_2023,2023,WA,12,0.0,No Poverty,0.0,Zero Hunger,0.5833,Good Health and Well-being,0.0,Quality Education,0.0,Gender Equality,0.4167,Clean Water and Sanitation,0.0,Affordable and Clean Energy,0.4167,Decent Work and Economic Growth,0.0833,"Industry, Innovation and Infrastructure",0.0,Reduced Inequalities,0.4167,Sustainable Cities and Communities,0.0833,Responsible Consumption and Production,0.0,Climate Action,0.0,Life Below Water,0.0,Life on Land,0.25,"Peace, Justice and Strong Institutions",0.0,Partnerships for the Goals
WA_Halls Creek_Rural_2023,2023,WA,7,0.2857,No Poverty,0.0,Zero Hunger,0.8571,Good Health and Well-being,0.2857,Quality Education,0.0,Gender Equality,0.0,Clean Water and Sanitation,0.0,Affordable and Clean Energy,1.0,Decent Work and Economic Growth,0.0,"Industry, Innovation and Infrastructure",0.0,Reduced Inequalities,0.5714,Sustainable Cities and Communities,0.0,Responsible Consumption and Production,0.4286,Climate Action,0.0,Life Below Water,0.0,Life on Land,0.5714,"Peace, Justice and Strong Institutions",0.0,Partnerships for the Goals
WA_Leonora_Rural_2023,2023,WA,12,0.0833,No Poverty,0.0,Zero Hunger,0.4167,Good Health and Well-being,0.0,Quality Education,0.0,Gender Equality,0.1667,Clean Water and Sanitation,0.0833,Affordable and Clean Energy,0.6667,Decent Work and Economic Growth,0.0833,"Industry, Innovation and Infrastructure",0.0,Reduced Inequalities,0.5,Sustainable Cities and Communities,0.0,Responsible Consumption and Production,0.0833,Climate Action,0.0,Life Below Water,0.0,Life on Land,0.4167,"Peace, Justice and Strong Institutions",0.0,Partnerships for the Goals
WA_Kellerberrin_Rural_2023,2023,WA,8,0.125,No Poverty,0.0,Zero Hunger,0.25,Good Health and Well-being,0.0,Quality Education,0.125,Gender Equality,0.125,Clean Water and Sanitation,0.0,Affordable and Clean Energy,0.375,Decent Work and Economic Growth,0.0,"Industry, Innovation and Infrastructure",0.0,Reduced Inequalities,0.625,Sustainable Cities and Communities,0.125,Responsible Consumption and Production,0.0,Climate Action,0.0,Life Below Water,0.0,Life on Land,0.625,"Peace, Justice and Strong Institutions",0.0,Partnerships for the Goals
WA_Manjimup_Rural_2023,2023,WA,10,0.0,No Poverty,0.2,Zero Hunger,0.3,Good Health and Well-being,0.0,Quality Education,0.0,Gender Equality,0.0,Clean Water and Sanitation,0.0,Affordable and Clean Energy,0.6,Decent Work and Economic Growth,0.0,"Industry, Innovation and Infrastructure",0.0,Reduced Inequalities,0.5,Sustainable Cities and Communities,0.3,Responsible Consumption and Production,0.1,Climate Action,0.0,Life Below Water,0.2,Life on Land,0.3,"Peace, Justice and Strong Institutions",0.0,Partnerships for the Goals
WA_Meekatharra_Rural_2023,2023,WA,15,0.2,No Poverty,0.0,Zero Hunger,0.6,Good Health and Well-being,0.0,Quality Education,0.0,Gender Equality,0.0,Clean Water and Sanitation,0.0667,Affordable and Clean Energy,0.6667,Decent Work and Economic Growth,0.0,"Industry, Innovation and Infrastructure",0.0,Reduced Inequalities,0.8,Sustainable Cities and Communities,0.1333,Responsible Consumption and Production,0.0,Climate Action,0.0,Life Below Water,0.0,Life on Land,0.2667,"Peace, Justice and Strong Institutions",0.0667,Partnerships for the Goals
WA_Mandurah_Urban_2023,2023,WA,39,0.1282,No Poverty,0.0,Zero Hunger,0.641,Good Health and Well-being,0.1026,Quality Education,0.0,Gender Equality,0.2821,Clean Water and Sanitation,0.0256,Affordable and Clean Energy,0.9487,Decent Work and Economic Growth,0.1282,"Industry, Innovation and Infrastructure",0.0,Reduced Inequalities,0.6667,Sustainable Cities and Communities,0.0513,Responsible Consumption and Production,0.2564,Climate Action,0.1282,Life Below Water,0.0513,Life on Land,0.2564,"Peace, Justice and Strong Institutions",0.0513,Partnerships for the Goals
WA_Kojonup_Rural_2023,2023,WA,13,0.1538,No Poverty,0.0,Zero Hunger,0.5385,Good Health and Well-being,0.0,Quality Education,0.0,Gender Equality,0.0,Clean Water and Sanitation,0.0769,Affordable and Clean Energy,0.8462,Decent Work and Economic Growth,0.2308,"Industry, Innovation and Infrastructure",0.0769,Reduced Inequalities,0.2308,Sustainable Cities and Communities,0.0769,Responsible Consumption and Production,0.1538,Climate Action,0.0,Life Below Water,0.0,Life on Land,0.3846,"Peace, Justice and Strong Institutions",0.0,Partnerships for the Goals
WA_Mingenew_Rural_2023,2023,WA,14,0.0,No Poverty,0.0,Zero Hunger,0.6429,Good Health and Well-being,0.0,Quality Education,0.0,Gender Equality,0.0,Clean Water and Sanitation,0.0,Affordable and Clean Energy,0.7857,Decent Work and Economic Growth,0.2143,"Industry, Innovation and Infrastructure",0.0,Reduced Inequalities,0.7143,Sustainable Cities and Communities,0.0714,Responsible Consumption and Production,0.1429,Climate Action,0.0,Life Below Water,0.0,Life on Land,0.4286,"Peace, Justice and Strong Institutions",0.0,Partnerships for the Goals
WA_Melville_Urban_2023,2023,WA,46,0.0652,No Poverty,0.0,Zero Hunger,0.6739,Good Health and Well-being,0.1957,Quality Education,0.0435,Gender Equality,0.0217,Clean Water and Sanitation,0.0435,Affordable and Clean Energy,0.7826,Decent Work and Economic Growth,0.0435,"Industry, Innovation and Infrastructure",0.0,Reduced Inequalities,0.3913,Sustainable Cities and Communities,0.087,Responsible Consumption and Production,0.1087,Climate Action,0.0217,Life Below Water,0.0652,Life on Land,0.2826,"Peace, Justice and Strong Institutions",0.0,Partnerships for the Goals
WA_Laverton_Rural_2023,2023,WA,10,0.0,No Poverty,0.0,Zero Hunger,0.6,Good Health and Well-being,0.1,Quality Education,0.0,Gender Equality,0.0,Clean Water and Sanitation,0.0,Affordable and Clean Energy,0.8,Decent Work and Economic Growth,0.2,"Industry, Innovation and Infrastructure",0.0,Reduced Inequalities,0.5,Sustainable Cities and Communities,0.0,Responsible Consumption and Production,0.0,Climate Action,0.0,Life Below Water,0.0,Life on Land,0.1,"Peace, Justice and Strong Institutions",0.0,Partnerships for the Goals
WA_Mosman Park_Urban_2023,2023,WA,10,0.0,No Poverty,0.0,Zero Hunger,0.7,Good Health and Well-being,0.0,Quality Education,0.2,Gender Equality,0.1,Clean Water and Sanitation,0.0,Affordable and Clean Energy,0.6,Decent Work and Economic Growth,0.2,"Industry, Innovation and Infrastructure",0.1,Reduced Inequalities,0.4,Sustainable Cities and Communities,0.2,Responsible Consumption and Production,0.1,Climate Action,0.0,Life Below Water,0.1,Life on Land,0.3,"Peace, Justice and Strong Institutions",0.0,Partnerships for the Goals
WA_Mount Magnet_Rural_2023,2023,WA,15,0.0,No Poverty,0.0,Zero Hunger,0.4,Good Health and Well-being,0.3333,Quality Education,0.0,Gender Equality,0.0667,Clean Water and Sanitation,0.0,Affordable and Clean Energy,0.4667,Decent Work and Economic Growth,0.0667,"Industry, Innovation and Infrastructure",0.0,Reduced Inequalities,0.4,Sustainable Cities and Communities,0.0,Responsible Consumption and Production,0.0667,Climate Action,0.0,Life Below Water,0.1333,Life on Land,0.2,"Peace, Justice and Strong Institutions",0.0,Partnerships for the Goals
WA_Mt Marshall_Rural_2023,2023,WA,9,0.2222,No Poverty,0.0,Zero Hunger,0.6667,Good Health and Well-being,0.0,Quality Education,0.1111,Gender Equality,0.0,Clean Water and Sanitation,0.0,Affordable and Clean Energy,0.6667,Decent Work and Economic Growth,0.1111,"Industry, Innovation and Infrastructure",0.0,Reduced Inequalities,0.6667,Sustainable Cities and Communities,0.0,Responsible Consumption and Production,0.2222,Climate Action,0.0,Life Below Water,0.1111,Life on Land,0.2222,"Peace, Justice and Strong Institutions",0.0,Partnerships for the Goals
WA_Mukinbudin_Rural_2023,2023,WA,5,0.0,No Poverty,0.0,Zero Hunger,0.6,Good Health and Well-being,0.0,Quality Education,0.0,Gender Equality,0.0,Clean Water and Sanitation,0.0,Affordable and Clean Energy,1.0,Decent Work and Economic Growth,0.2,"Industry, Innovation and Infrastructure",0.0,Reduced Inequalities,0.8,Sustainable Cities and Communities,0.0,Responsible Consumption and Production,0.0,Climate Action,0.0,Life Below Water,0.0,Life on Land,0.4,"Peace, Justice and Strong Institutions",0.0,Partnerships for the Goals
WA_Mundaring_Rural_2023,2023,WA,31,0.1613,No Poverty,0.0,Zero Hunger,0.6452,Good Health and Well-being,0.0645,Quality Education,0.0645,Gender Equality,0.0645,Clean Water and Sanitation,0.0,Affordable and Clean Energy,0.7097,Decent Work and Economic Growth,0.0,"Industry, Innovation and Infrastructure",0.0645,Reduced Inequalities,0.6452,Sustainable Cities and Communities,0.0,Responsible Consumption and Production,0.0323,Climate Action,0.0,Life Below Water,0.0645,Life on Land,0.2581,"Peace, Justice and Strong Institutions",0.0323,Partnerships for the Goals
WA_Morawa_Rural_2023,2023,WA,10,0.1,No Poverty,0.0,Zero Hunger,0.8,Good Health and Well-being,0.0,Quality Education,0.3,Gender Equality,0.1,Clean Water and Sanitation,0.0,Affordable and Clean Energy,0.8,Decent Work and Economic Growth,0.0,"Industry, Innovation and Infrastructure",0.0,Reduced Inequalities,0.5,Sustainable Cities and Communities,0.1,Responsible Consumption and Production,0.2,Climate Action,0.0,Life Below Water,0.0,Life on Land,0.4,"Peace, Justice and Strong Institutions",0.0,Partnerships for the Goals
WA_Murchison_Rural_2023,2023,WA,9,0.1111,No Poverty,0.0,Zero Hunger,0.4444,Good Health and Well-being,0.0,Quality Education,0.0,Gender Equality,0.2222,Clean Water and Sanitation,0.0,Affordable and Clean Energy,0.8889,Decent Work and Economic Growth,0.1111,"Industry, Innovation and Infrastructure",0.0,Reduced Inequalities,0.8889,Sustainable Cities and Communities,0.0,Responsible Consumption and Production,0.4444,Climate Action,0.0,Life Below Water,0.0,Life on Land,0.2222,"Peace, Justice and Strong Institutions",0.0,Partnerships for the Goals
WA_Murray_Rural_2023,2023,WA,22,0.0909,No Poverty,0.0455,Zero Hunger,0.6364,Good Health and Well-being,0.0455,Quality Education,0.0,Gender Equality,0.0909,Clean Water and Sanitation,0.0,Affordable and Clean Energy,0.7727,Decent Work and Economic Growth,0.2273,"Industry, Innovation and Infrastructure",0.0,Reduced Inequalities,0.5455,Sustainable Cities and Communities,0.0909,Responsible Consumption and Production,0.1364,Climate Action,0.0455,Life Below Water,0.1364,Life on Land,0.1364,"Peace, Justice and Strong Institutions",0.0,Partnerships for the Goals
WA_Narembeen_Rural_2023,2023,WA,7,0.1429,No Poverty,0.0,Zero Hunger,0.8571,Good Health and Well-being,0.0,Quality Education,0.0,Gender Equality,0.0,Clean Water and Sanitation,0.0,Affordable and Clean Energy,0.7143,Decent Work and Economic Growth,0.0,"Industry, Innovation and Infrastructure",0.0,Reduced Inequalities,0.7143,Sustainable Cities and Communities,0.1429,Responsible Consumption and Production,0.0,Climate Action,0.0,Life Below Water,0.0,Life on Land,0.2857,"Peace, Justice and Strong Institutions",0.0,Partnerships for the Goals
VIC_Kingston_Urban_2023,2023,VIC,75,0.0267,No Poverty,0.04,Zero Hunger,0.72,Good Health and Well-being,0.1467,Quality Education,0.1067,Gender Equality,0.04,Clean Water and Sanitation,0.0667,Affordable and Clean Energy,0.6533,Decent Work and Economic Growth,0.08,"Industry, Innovation and Infrastructure",0.0133,Reduced Inequalities,0.32,Sustainable Cities and Communities,0.04,Responsible Consumption and Production,0.1733,Climate Action,0.0533,Life Below Water,0.0933,Life on Land,0.4267,"Peace, Justice and Strong Institutions",0.0267,Partnerships for the Goals
WA_Narrogin_Rural_2023,2023,WA,35,0.1143,No Poverty,0.0,Zero Hunger,0.5714,Good Health and Well-being,0.1429,Quality Education,0.0286,Gender Equality,0.0,Clean Water and Sanitation,0.0571,Affordable and Clean Energy,0.7143,Decent Work and Economic Growth,0.0571,"Industry, Innovation and Infrastructure",0.0,Reduced Inequalities,0.4286,Sustainable Cities and Communities,0.0857,Responsible Consumption and Production,0.0571,Climate Action,0.0,Life Below Water,0.1143,Life on Land,0.2571,"Peace, Justice and Strong Institutions",0.0286,Partnerships for the Goals
WA_Northampton_Rural_2023,2023,WA,7,0.0,No Poverty,0.0,Zero Hunger,0.1429,Good Health and Well-being,0.0,Quality Education,0.0,Gender Equality,0.0,Clean Water and Sanitation,0.0,Affordable and Clean Energy,0.5714,Decent Work and Economic Growth,0.0,"Industry, Innovation and Infrastructure",0.0,Reduced Inequalities,0.5714,Sustainable Cities and Communities,0.0,Responsible Consumption and Production,0.0,Climate Action,0.0,Life Below Water,0.0,Life on Land,0.5714,"Peace, Justice and Strong Institutions",0.0,Partnerships for the Goals
WA_Nungarin_Rural_2023,2023,WA,15,0.0667,No Poverty,0.0,Zero Hunger,0.4,Good Health and Well-being,0.0,Quality Education,0.0,Gender Equality,0.0667,Clean Water and Sanitation,0.0667,Affordable and Clean Energy,0.4,Decent Work and Economic Growth,0.0667,"Industry, Innovation and Infrastructure",0.0,Reduced Inequalities,0.6667,Sustainable Cities and Communities,0.0667,Responsible Consumption and Production,0.0667,Climate Action,0.0,Life Below Water,0.0,Life on Land,0.4667,"Peace, Justice and Strong Institutions",0.0,Partnerships for the Goals
WA_Nedlands_Urban_2023,2023,WA,38,0.0526,No Poverty,0.0,Zero Hunger,0.7105,Good Health and Well-being,0.0526,Quality Education,0.0263,Gender Equality,0.1053,Clean Water and Sanitation,0.0,Affordable and Clean Energy,0.7895,Decent Work and Economic Growth,0.0526,"Industry, Innovation and Infrastructure",0.0526,Reduced Inequalities,0.6053,Sustainable Cities and Communities,0.0263,Responsible Consumption and Production,0.1842,Climate Action,0.0526,Life Below Water,0.1579,Life on Land,0.3684,"Peace, Justice and Strong Institutions",0.0789,Partnerships for the Goals
WA_Northam_Rural_2023,2023,WA,21,0.0476,No Poverty,0.0476,Zero Hunger,0.6667,Good Health and Well-being,0.0952,Quality Education,0.0476,Gender Equality,0.1429,Clean Water and Sanitation,0.1429,Affordable and Clean Energy,0.8095,Decent Work and Economic Growth,0.0476,"Industry, Innovation and Infrastructure",0.0,Reduced Inequalities,0.4286,Sustainable Cities and Communities,0.0952,Responsible Consumption and Production,0.2381,Climate Action,0.0,Life Below Water,0.1429,Life on Land,0.3333,"Peace, Justice and Strong Institutions",0.0476,Partnerships for the Goals
WA_Perenjori_Rural_2023,2023,WA,20,0.1,No Poverty,0.0,Zero Hunger,0.55,Good Health and Well-being,0.05,Quality Education,0.05,Gender Equality,0.05,Clean Water and Sanitation,0.1,Affordable and Clean Energy,0.6,Decent Work and Economic Growth,0.05,"Industry, Innovation and Infrastructure",0.0,Reduced Inequalities,0.6,Sustainable Cities and Communities,0.0,Responsible Consumption and Production,0.15,Climate Action,0.0,Life Below Water,0.1,Life on Land,0.3,"Peace, Justice and Strong Institutions",0.0,Partnerships for the Goals
WA_Pingelly_Rural_2023,2023,WA,13,0.0,No Poverty,0.0,Zero Hunger,0.5385,Good Health and Well-being,0.1538,Quality Education,0.0,Gender Equality,0.0,Clean Water and Sanitation,0.0,Affordable and Clean Energy,0.6923,Decent Work and Economic Growth,0.0,"Industry, Innovation and Infrastructure",0.0,Reduced Inequalities,0.4615,Sustainable Cities and Communities,0.0769,Responsible Consumption and Production,0.0,Climate Action,0.0,Life Below Water,0.0,Life on Land,0.3846,"Peace, Justice and Strong Institutions",0.1538,Partnerships for the Goals
WA_Peppermint Grove_Urban_2023,2023,WA,19,0.0526,No Poverty,0.0,Zero Hunger,0.4737,Good Health and Well-being,0.0526,Quality Education,0.0,Gender Equality,0.0,Clean Water and Sanitation,0.0526,Affordable and Clean Energy,0.4737,Decent Work and Economic Growth,0.1053,"Industry, Innovation and Infrastructure",0.0526,Reduced Inequalities,0.5263,Sustainable Cities and Communities,0.0,Responsible Consumption and Production,0.0526,Climate Action,0.0526,Life Below Water,0.2632,Life on Land,0.4211,"Peace, Justice and Strong Institutions",0.0526,Partnerships for the Goals
WA_Plantagenet_Rural_2023,2023,WA,16,0.0,No Poverty,0.0,Zero Hunger,0.5625,Good Health and Well-being,0.125,Quality Education,0.0,Gender Equality,0.125,Clean Water and Sanitation,0.125,Affordable and Clean Energy,0.5625,Decent Work and Economic Growth,0.0,"Industry, Innovation and Infrastructure",0.0,Reduced Inequalities,0.4375,Sustainable Cities and Communities,0.1875,Responsible Consumption and Production,0.1875,Climate Action,0.0,Life Below Water,0.0,Life on Land,0.1875,"Peace, Justice and Strong Institutions",0.0,Partnerships for the Goals
WA_Ngaanyatjarraku_Rural_2023,2023,WA,17,0.1176,No Poverty,0.0,Zero Hunger,0.5882,Good Health and Well-being,0.0588,Quality Education,0.0,Gender Equality,0.0,Clean Water and Sanitation,0.1176,Affordable and Clean Energy,0.7059,Decent Work and Economic Growth,0.0588,"Industry, Innovation and Infrastructure",0.0588,Reduced Inequalities,0.7647,Sustainable Cities and Communities,0.0588,Responsible Consumption and Production,0.1765,Climate Action,0.0,Life Below Water,0.1176,Life on Land,0.4706,"Peace, Justice and Strong Institutions",0.0588,Partnerships for the Goals
WA_Port Hedland_Rural_2023,2023,WA,25,0.12,No Poverty,0.0,Zero Hunger,0.64,Good Health and Well-being,0.08,Quality Education,0.08,Gender Equality,0.0,Clean Water and Sanitation,0.04,Affordable and Clean Energy,0.68,Decent Work and Economic Growth,0.04,"Industry, Innovation and Infrastructure",0.0,Reduced Inequalities,0.52,Sustainable Cities and Communities,0.0,Responsible Consumption and Production,0.04,Climate Action,0.0,Life Below Water,0.0,Life on Land,0.36,"Peace, Justice and Strong Institutions",0.04,Partnerships for the Goals
WA_Ravensthorpe_Rural_2023,2023,WA,15,0.1333,No Poverty,0.0,Zero Hunger,0.4,Good Health and Well-being,0.2,Quality Education,0.0,Gender Equality,0.0,Clean Water and Sanitation,0.0667,Affordable and Clean Energy,0.6667,Decent Work and Economic Growth,0.0667,"Industry, Innovation and Infrastructure",0.0,Reduced Inequalities,0.4,Sustainable Cities and Communities,0.0,Responsible Consumption and Production,0.2667,Climate Action,0.0667,Life Below Water,0.1333,Life on Land,0.0667,"Peace, Justice and Strong Institutions",0.1333,Partnerships for the Goals
WA_Quairading_Rural_2023,2023,WA,34,0.0882,No Poverty,0.0,Zero Hunger,0.4706,Good Health and Well-being,0.0882,Quality Education,0.0882,Gender Equality,0.0882,Clean Water and Sanitation,0.0882,Affordable and Clean Energy,0.5588,Decent Work and Economic Growth,0.0588,"Industry, Innovation and Infrastructure",0.0294,Reduced Inequalities,0.3529,Sustainable Cities and Communities,0.0588,Responsible Consumption and Production,0.2059,Climate Action,0.0,Life Below Water,0.0882,Life on Land,0.2353,"Peace, Justice and Strong Institutions",0.0,Partnerships for the Goals
WA_Serpentine Jarrahdale_Urban_2023,2023,WA,11,0.0,No Poverty,0.0,Zero Hunger,0.7273,Good Health and Well-being,0.0,Quality Education,0.0,Gender Equality,0.0909,Clean Water and Sanitation,0.0909,Affordable and Clean Energy,0.7273,Decent Work and Economic Growth,0.0,"Industry, Innovation and Infrastructure",0.0,Reduced Inequalities,0.6364,Sustainable Cities and Communities,0.2727,Responsible Consumption and Production,0.2727,Climate Action,0.0,Life Below Water,0.0,Life on Land,0.1818,"Peace, Justice and Strong Institutions",0.0,Partnerships for the Goals
WA_Nannup_Rural_2023,2023,WA,27,0.0741,No Poverty,0.0,Zero Hunger,0.8148,Good Health and Well-being,0.0741,Quality Education,0.0741,Gender Equality,0.0741,Clean Water and Sanitation,0.0741,Affordable and Clean Energy,0.7037,Decent Work and Economic Growth,0.037,"Industry, Innovation and Infrastructure",0.0,Reduced Inequalities,0.5556,Sustainable Cities and Communities,0.0,Responsible Consumption and Production,0.0741,Climate Action,0.0,Life Below Water,0.2593,Life on Land,0.2222,"Peace, Justice and Strong Institutions",0.1111,Partnerships for the Goals
WA_South Perth_Urban_2023,2023,WA,47,0.0426,No Poverty,0.0,Zero Hunger,0.7447,Good Health and Well-being,0.0851,Quality Education,0.0,Gender Equality,0.1277,Clean Water and Sanitation,0.0851,Affordable and Clean Energy,0.6383,Decent Work and Economic Growth,0.1489,"Industry, Innovation and Infrastructure",0.0,Reduced Inequalities,0.7021,Sustainable Cities and Communities,0.0213,Responsible Consumption and Production,0.1277,Climate Action,0.0,Life Below Water,0.1277,Life on Land,0.2128,"Peace, Justice and Strong Institutions",0.0213,Partnerships for the Goals
WA_Subiaco_Urban_2023,2023,WA,9,0.0,No Poverty,0.0,Zero Hunger,0.4444,Good Health and Well-being,0.0,Quality Education,0.0,Gender Equality,0.0,Clean Water and Sanitation,0.0,Affordable and Clean Energy,0.8889,Decent Work and Economic Growth,0.0,"Industry, Innovation and Infrastructure",0.0,Reduced Inequalities,0.8889,Sustainable Cities and Communities,0.1111,Responsible Consumption and Production,0.0,Climate Action,0.0,Life Below Water,0.0,Life on Land,0.4444,"Peace, Justice and Strong Institutions",0.0,Partnerships for the Goals
WA_Shark Bay_Rural_2023,2023,WA,44,0.0455,No Poverty,0.0,Zero Hunger,0.5227,Good Health and Well-being,0.0455,Quality Education,0.0,Gender Equality,0.0227,Clean Water and Sanitation,0.0,Affordable and Clean Energy,0.4773,Decent Work and Economic Growth,0.0909,"Industry, Innovation and Infrastructure",0.0227,Reduced Inequalities,0.2727,Sustainable Cities and Communities,0.1364,Responsible Consumption and Production,0.1136,Climate Action,0.1364,Life Below Water,0.0,Life on Land,0.0682,"Peace, Justice and Strong Institutions",0.0909,Partnerships for the Goals
WA_Swan_Urban_2023,2023,WA,82,0.0732,No Poverty,0.0,Zero Hunger,0.7073,Good Health and Well-being,0.0244,Quality Education,0.0244,Gender Equality,0.061,Clean Water and Sanitation,0.0488,Affordable and Clean Energy,0.6585,Decent Work and Economic Growth,0.0244,"Industry, Innovation and Infrastructure",0.0,Reduced Inequalities,0.7927,Sustainable Cities and Communities,0.0122,Responsible Consumption and Production,0.1585,Climate Action,0.0,Life Below Water,0.0366,Life on Land,0.2683,"Peace, Justice and Strong Institutions",0.0488,Partnerships for the Goals
WA_Stirling_Urban_2023,2023,WA,146,0.0479,No Poverty,0.0,Zero Hunger,0.6233,Good Health and Well-being,0.0616,Quality Education,0.0342,Gender Equality,0.1301,Clean Water and Sanitation,0.0479,Affordable and Clean Energy,0.6918,Decent Work and Economic Growth,0.0479,"Industry, Innovation and Infrastructure",0.0068,Reduced Inequalities,0.6644,Sustainable Cities and Communities,0.0342,Responsible Consumption and Production,0.274,Climate Action,0.0205,Life Below Water,0.1164,Life on Land,0.3767,"Peace, Justice and Strong Institutions",0.0616,Partnerships for the Goals
WA_Toodyay_Rural_2023,2023,WA,26,0.0,No Poverty,0.0385,Zero Hunger,0.4615,Good Health and Well-being,0.0769,Quality Education,0.0769,Gender Equality,0.0,Clean Water and Sanitation,0.1154,Affordable and Clean Energy,0.3846,Decent Work and Economic Growth,0.0385,"Industry, Innovation and Infrastructure",0.0,Reduced Inequalities,0.2308,Sustainable Cities and Communities,0.0,Responsible Consumption and Production,0.0769,Climate Action,0.0,Life Below Water,0.1923,Life on Land,0.3846,"Peace, Justice and Strong Institutions",0.0,Partnerships for the Goals
WA_Sandstone_Rural_2023,2023,WA,6,0.0,No Poverty,0.0,Zero Hunger,0.6667,Good Health and Well-being,0.0,Quality Education,0.0,Gender Equality,0.1667,Clean Water and Sanitation,0.0,Affordable and Clean Energy,0.6667,Decent Work and Economic Growth,0.0,"Industry, Innovation and Infrastructure",0.0,Reduced Inequalities,0.5,Sustainable Cities and Communities,0.1667,Responsible Consumption and Production,0.1667,Climate Action,0.0,Life Below Water,0.1667,Life on Land,0.8333,"Peace, Justice and Strong Institutions",0.0,Partnerships for the Goals
WA_Three Springs_Rural_2023,2023,WA,6,0.1667,No Poverty,0.0,Zero Hunger,0.8333,Good Health and Well-being,0.0,Quality Education,0.1667,Gender Equality,0.0,Clean Water and Sanitation,0.1667,Affordable and Clean Energy,0.8333,Decent Work and Economic Growth,0.0,"Industry, Innovation and Infrastructure",0.0,Reduced Inequalities,0.8333,Sustainable Cities and Communities,0.0,Responsible Consumption and Production,0.3333,Climate Action,0.0,Life Below Water,0.0,Life on Land,0.8333,"Peace, Justice and Strong Institutions",0.1667,Partnerships for the Goals
WA_Kwinana_Urban_2023,2023,WA,81,0.1235,No Poverty,0.0,Zero Hunger,0.6667,Good Health and Well-being,0.0494,Quality Education,0.0494,Gender Equality,0.0741,Clean Water and Sanitation,0.0988,Affordable and Clean Energy,0.8148,Decent Work and Economic Growth,0.0617,"Industry, Innovation and Infrastructure",0.0123,Reduced Inequalities,0.7531,Sustainable Cities and Communities,0.0494,Responsible Consumption and Production,0.1852,Climate Action,0.0,Life Below Water,0.037,Life on Land,0.3457,"Peace, Justice and Strong Institutions",0.0,Partnerships for the Goals
WA_Trayning_Rural_2023,2023,WA,1,0.0,No Poverty,0.0,Zero Hunger,1.0,Good Health and Well-being,0.0,Quality Education,0.0,Gender Equality,0.0,Clean Water and Sanitation,0.0,Affordable and Clean Energy,1.0,Decent Work and Economic Growth,0.0,"Industry, Innovation and Infrastructure",0.0,Reduced Inequalities,1.0,Sustainable Cities and Communities,0.0,Responsible Consumption and Production,0.0,Climate Action,0.0,Life Below Water,0.0,Life on Land,1.0,"Peace, Justice and Strong Institutions",0.0,Partnerships for the Goals
WA_Victoria Park_Urban_2023,2023,WA,10,0.1,No Poverty,0.0,Zero Hunger,0.7,Good Health and Well-being,0.0,Quality Education,0.1,Gender Equality,0.0,Clean Water and Sanitation,0.2,Affordable and Clean Energy,1.0,Decent Work and Economic Growth,0.2,"Industry, Innovation and Infrastructure",0.1,Reduced Inequalities,0.5,Sustainable Cities and Communities,0.0,Responsible Consumption and Production,0.5,Climate Action,0.0,Life Below Water,0.2,Life on Land,0.2,"Peace, Justice and Strong Institutions",0.1,Partnerships for the Goals
WA_Victoria Plains_Rural_2023,2023,WA,27,0.037,No Poverty,0.037,Zero Hunger,0.4074,Good Health and Well-being,0.0741,Quality Education,0.037,Gender Equality,0.037,Clean Water and Sanitation,0.0741,Affordable and Clean Energy,0.5556,Decent Work and Economic Growth,0.037,"Industry, Innovation and Infrastructure",0.037,Reduced Inequalities,0.5185,Sustainable Cities and Communities,0.1111,Responsible Consumption and Production,0.1852,Climate Action,0.0,Life Below Water,0.0741,Life on Land,0.3333,"Peace, Justice and Strong Institutions",0.0,Partnerships for the Goals
WA_Wagin_Rural_2023,2023,WA,27,0.1481,No Poverty,0.0,Zero Hunger,0.6296,Good Health and Well-being,0.037,Quality Education,0.037,Gender Equality,0.1111,Clean Water and Sanitation,0.0741,Affordable and Clean Energy,0.5185,Decent Work and Economic Growth,0.0741,"Industry, Innovation and Infrastructure",0.0,Reduced Inequalities,0.4444,Sustainable Cities and Communities,0.0741,Responsible Consumption and Production,0.1111,Climate Action,0.0,Life Below Water,0.1111,Life on Land,0.1481,"Peace, Justice and Strong Institutions",0.1481,Partnerships for the Goals
WA_Vincent_Urban_2023,2023,WA,28,0.0,No Poverty,0.0,Zero Hunger,0.6429,Good Health and Well-being,0.0714,Quality Education,0.0357,Gender Equality,0.1071,Clean Water and Sanitation,0.1071,Affordable and Clean Energy,0.6071,Decent Work and Economic Growth,0.0714,"Industry, Innovation and Infrastructure",0.0357,Reduced Inequalities,0.7143,Sustainable Cities and Communities,0.0357,Responsible Consumption and Production,0.1786,Climate Action,0.0,Life Below Water,0.0357,Life on Land,0.1786,"Peace, Justice and Strong Institutions",0.0357,Partnerships for the Goals
WA_Wanneroo_Urban_2023,2023,WA,1,1.0,No Poverty,0.0,Zero Hunger,1.0,Good Health and Well-being,1.0,Quality Education,1.0,Gender Equality,0.0,Clean Water and Sanitation,0.0,Affordable and Clean Energy,1.0,Decent Work and Economic Growth,0.0,"Industry, Innovation and Infrastructure",0.0,Reduced Inequalities,1.0,Sustainable Cities and Communities,0.0,Responsible Consumption and Production,0.0,Climate Action,0.0,Life Below Water,0.0,Life on Land,1.0,"Peace, Justice and Strong Institutions",0.0,Partnerships for the Goals
WA_Tammin_Rural_2023,2023,WA,6,0.3333,No Poverty,0.0,Zero Hunger,0.6667,Good Health and Well-being,0.0,Quality Education,0.0,Gender Equality,0.0,Clean Water and Sanitation,0.0,Affordable and Clean Energy,0.8333,Decent Work and Economic Growth,0.0,"Industry, Innovation and Infrastructure",0.0,Reduced Inequalities,0.6667,Sustainable Cities and Communities,0.0,Responsible Consumption and Production,0.0,Climate Action,0.0,Life Below Water,0.0,Life on Land,0.3333,"Peace, Justice and Strong Institutions",0.0,Partnerships for the Goals
WA_Wandering_Rural_2023,2023,WA,12,0.0833,No Poverty,0.0,Zero Hunger,0.4167,Good Health and Well-being,0.0,Quality Education,0.0833,Gender Equality,0.0833,Clean Water and Sanitation,0.0833,Affordable and Clean Energy,0.75,Decent Work and Economic Growth,0.0833,"Industry, Innovation and Infrastructure",0.0,Reduced Inequalities,0.4167,Sustainable Cities and Communities,0.1667,Responsible Consumption and Production,0.1667,Climate Action,0.0,Life Below Water,0.0,Life on Land,0.5,"Peace, Justice and Strong Institutions",0.0833,Partnerships for the Goals
WA_Wickepin_Rural_2023,2023,WA,18,0.0,No Poverty,0.0,Zero Hunger,0.3889,Good Health and Well-being,0.0,Quality Education,0.0,Gender Equality,0.0,Clean Water and Sanitation,0.1111,Affordable and Clean Energy,0.6111,Decent Work and Economic Growth,0.1667,"Industry, Innovation and Infrastructure",0.0,Reduced Inequalities,0.5,Sustainable Cities and Communities,0.0,Responsible Consumption and Production,0.0556,Climate Action,0.0,Life Below Water,0.0,Life on Land,0.5,"Peace, Justice and Strong Institutions",0.0,Partnerships for the Goals
WA_West Arthur_Rural_2023,2023,WA,27,0.0,No Poverty,0.037,Zero Hunger,0.3333,Good Health and Well-being,0.0,Quality Education,0.0,Gender Equality,0.0,Clean Water and Sanitation,0.0741,Affordable and Clean Energy,0.5556,Decent Work and Economic Growth,0.0741,"Industry, Innovation and Infrastructure",0.0,Reduced Inequalities,0.5556,Sustainable Cities and Communities,0.037,Responsible Consumption and Production,0.1852,Climate Action,0.0,Life Below Water,0.1852,Life on Land,0.1852,"Peace, Justice and Strong Institutions",0.0,Partnerships for the Goals
WA_Waroona_Rural_2023,2023,WA,48,0.0208,No Poverty,0.0,Zero Hunger,0.5625,Good Health and Well-being,0.0625,Quality Education,0.0208,Gender Equality,0.125,Clean Water and Sanitation,0.0417,Affordable and Clean Energy,0.6042,Decent Work and Economic Growth,0.0417,"Industry, Innovation and Infrastructure",0.0,Reduced Inequalities,0.3542,Sustainable Cities and Communities,0.0208,Responsible Consumption and Production,0.1667,Climate Action,0.0417,Life Below Water,0.25,Life on Land,0.3125,"Peace, Justice and Strong Institutions",0.0,Partnerships for the Goals
WA_Woodanilling_Rural_2023,2023,WA,9,0.0,No Poverty,0.0,Zero Hunger,0.3333,Good Health and Well-being,0.0,Quality Education,0.0,Gender Equality,0.1111,Clean Water and Sanitation,0.0,Affordable and Clean Energy,0.3333,Decent Work and Economic Growth,0.1111,"Industry, Innovation and Infrastructure",0.0,Reduced Inequalities,0.3333,Sustainable Cities and Communities,0.0,Responsible Consumption and Production,0.0,Climate Action,0.0,Life Below Water,0.3333,Life on Land,0.4444,"Peace, Justice and Strong Institutions",0.5556,Partnerships for the Goals
WA_Wongan Ballidu_Rural_2023,2023,WA,23,0.0,No Poverty,0.0,Zero Hunger,0.5217,Good Health and Well-being,0.0435,Quality Education,0.0,Gender Equality,0.0,Clean Water and Sanitation,0.0,Affordable and Clean Energy,0.6522,Decent Work and Economic Growth,0.2174,"Industry, Innovation and Infrastructure",0.0,Reduced Inequalities,0.4783,Sustainable Cities and Communities,0.0,Responsible Consumption and Production,0.0435,Climate Action,0.0435,Life Below Water,0.0435,Life on Land,0.1739,"Peace, Justice and Strong Institutions",0.0,Partnerships for the Goals
WA_Wyalkatchem_Rural_2023,2023,WA,33,0.0909,No Poverty,0.0303,Zero Hunger,0.5455,Good Health and Well-being,0.0,Quality Education,0.0,Gender Equality,0.0909,Clean Water and Sanitation,0.0909,Affordable and Clean Energy,0.5758,Decent Work and Economic Growth,0.0606,"Industry, Innovation and Infrastructure",0.0606,Reduced Inequalities,0.4848,Sustainable Cities and Communities,0.0303,Responsible Consumption and Production,0.303,Climate Action,0.0,Life Below Water,0.0606,Life on Land,0.2121,"Peace, Justice and Strong Institutions",0.0909,Partnerships for the Goals
WA_Yilgarn_Rural_2023,2023,WA,7,0.0,No Poverty,0.0,Zero Hunger,0.5714,Good Health and Well-being,0.1429,Quality Education,0.0,Gender Equality,0.0,Clean Water and Sanitation,0.0,Affordable and Clean Energy,0.7143,Decent Work and Economic Growth,0.0,"Industry, Innovation and Infrastructure",0.0,Reduced Inequalities,0.4286,Sustainable Cities and Communities,0.1429,Responsible Consumption and Production,0.1429,Climate Action,0.0,Life Below Water,0.1429,Life on Land,0.4286,"Peace, Justice and Strong Institutions",0.1429,Partnerships for the Goals
NSW_Balranald_Rural_2024,2024,NSW,51,0.0392,No Poverty,0.0196,Zero Hunger,0.3922,Good Health and Well-being,0.1569,Quality Education,0.0196,Gender Equality,0.1373,Clean Water and Sanitation,0.0,Affordable and Clean Energy,0.6471,Decent Work and Economic Growth,0.0784,"Industry, Innovation and Infrastructure",0.0,Reduced Inequalities,0.4118,Sustainable Cities and Communities,0.0196,Responsible Consumption and Production,0.1961,Climate Action,0.0,Life Below Water,0.0196,Life on Land,0.2353,"Peace, Justice and Strong Institutions",0.0392,Partnerships for the Goals
NSW_Ballina_Urban_2024,2024,NSW,9,0.2222,No Poverty,0.0,Zero Hunger,0.6667,Good Health and Well-being,0.0,Quality Education,0.0,Gender Equality,0.1111,Clean Water and Sanitation,0.0,Affordable and Clean Energy,0.8889,Decent Work and Economic Growth,0.2222,"Industry, Innovation and Infrastructure",0.0,Reduced Inequalities,0.7778,Sustainable Cities and Communities,0.0,Responsible Consumption and Production,0.2222,Climate Action,0.0,Life Below Water,0.0,Life on Land,0.3333,"Peace, Justice and Strong Institutions",0.0,Partnerships for the Goals
WA_Rockingham_Urban_2023,2023,WA,43,0.0233,No Poverty,0.0,Zero Hunger,0.6512,Good Health and Well-being,0.0,Quality Education,0.0233,Gender Equality,0.0,Clean Water and Sanitation,0.0,Affordable and Clean Energy,0.7907,Decent Work and Economic Growth,0.0,"Industry, Innovation and Infrastructure",0.0,Reduced Inequalities,0.7907,Sustainable Cities and Communities,0.0233,Responsible Consumption and Production,0.0698,Climate Action,0.0465,Life Below Water,0.0,Life on Land,0.3023,"Peace, Justice and Strong Institutions",0.0,Partnerships for the Goals
WA_Williams_Rural_2023,2023,WA,8,0.0,No Poverty,0.0,Zero Hunger,0.375,Good Health and Well-being,0.0,Quality Education,0.0,Gender Equality,0.125,Clean Water and Sanitation,0.0,Affordable and Clean Energy,0.5,Decent Work and Economic Growth,0.0,"Industry, Innovation and Infrastructure",0.0,Reduced Inequalities,0.75,Sustainable Cities and Communities,0.0,Responsible Consumption and Production,0.0,Climate Action,0.0,Life Below Water,0.0,Life on Land,0.25,"Peace, Justice and Strong Institutions",0.0,Partnerships for the Goals
WA_York_Rural_2023,2023,WA,10,0.0,No Poverty,0.0,Zero Hunger,0.8,Good Health and Well-being,0.1,Quality Education,0.0,Gender Equality,0.1,Clean Water and Sanitation,0.0,Affordable and Clean Energy,0.8,Decent Work and Economic Growth,0.0,"Industry, Innovation and Infrastructure",0.0,Reduced Inequalities,0.5,Sustainable Cities and Communities,0.2,Responsible Consumption and Production,0.2,Climate Action,0.0,Life Below Water,0.0,Life on Land,0.4,"Peace, Justice and Strong Institutions",0.0,Partnerships for the Goals
NSW_Bathurst_Urban_2024,2024,NSW,101,0.0495,No Poverty,0.0099,Zero Hunger,0.5248,Good Health and Well-being,0.1089,Quality Education,0.0198,Gender Equality,0.1089,Clean Water and Sanitation,0.0,Affordable and Clean Energy,0.6634,Decent Work and Economic Growth,0.1485,"Industry, Innovation and Infrastructure",0.0198,Reduced Inequalities,0.2772,Sustainable Cities and Communities,0.0495,Responsible Consumption and Production,0.1386,Climate Action,0.0099,Life Below Water,0.0891,Life on Land,0.3069,"Peace, Justice and Strong Institutions",0.0495,Partnerships for the Goals
NSW_Bellingen_Rural_2024,2024,NSW,4,0.0,No Poverty,0.0,Zero Hunger,1.0,Good Health and Well-being,0.0,Quality Education,0.0,Gender Equality,0.0,Clean Water and Sanitation,0.0,Affordable and Clean Energy,1.0,Decent Work and Economic Growth,0.25,"Industry, Innovation and Infrastructure",0.0,Reduced Inequalities,0.75,Sustainable Cities and Communities,0.0,Responsible Consumption and Production,0.0,Climate Action,0.0,Life Below Water,0.0,Life on Land,0.0,"Peace, Justice and Strong Institutions",0.25,Partnerships for the Goals
NSW_Bland_Rural_2024,2024,NSW,7,0.1429,No Poverty,0.1429,Zero Hunger,0.5714,Good Health and Well-being,0.1429,Quality Education,0.0,Gender Equality,0.1429,Clean Water and Sanitation,0.0,Affordable and Clean Energy,0.5714,Decent Work and Economic Growth,0.0,"Industry, Innovation and Infrastructure",0.0,Reduced Inequalities,0.5714,Sustainable Cities and Communities,0.0,Responsible Consumption and Production,0.0,Climate Action,0.1429,Life Below Water,0.2857,Life on Land,0.2857,"Peace, Justice and Strong Institutions",0.1429,Partnerships for the Goals
NSW_Berrigan_Rural_2024,2024,NSW,32,0.0,No Poverty,0.0,Zero Hunger,0.5312,Good Health and Well-being,0.0625,Quality Education,0.0312,Gender Equality,0.0938,Clean Water and Sanitation,0.0312,Affordable and Clean Energy,0.6875,Decent Work and Economic Growth,0.2188,"Industry, Innovation and Infrastructure",0.0625,Reduced Inequalities,0.375,Sustainable Cities and Communities,0.0,Responsible Consumption and Production,0.1562,Climate Action,0.0,Life Below Water,0.0938,Life on Land,0.3438,"Peace, Justice and Strong Institutions",0.0625,Partnerships for the Goals
NSW_Bayside_Urban_2024,2024,NSW,79,0.0633,No Poverty,0.0127,Zero Hunger,0.7468,Good Health and Well-being,0.0506,Quality Education,0.038,Gender Equality,0.1519,Clean Water and Sanitation,0.0127,Affordable and Clean Energy,0.5696,Decent Work and Economic Growth,0.038,"Industry, Innovation and Infrastructure",0.0127,Reduced Inequalities,0.5063,Sustainable Cities and Communities,0.0886,Responsible Consumption and Production,0.2152,Climate Action,0.0506,Life Below Water,0.1519,Life on Land,0.4051,"Peace, Justice and Strong Institutions",0.0127,Partnerships for the Goals
WA_Merredin_Rural_2023,2023,WA,54,0.0185,No Poverty,0.0185,Zero Hunger,0.5556,Good Health and Well-being,0.0185,Quality Education,0.0,Gender Equality,0.1481,Clean Water and Sanitation,0.1111,Affordable and Clean Energy,0.6481,Decent Work and Economic Growth,0.037,"Industry, Innovation and Infrastructure",0.0,Reduced Inequalities,0.5556,Sustainable Cities and Communities,0.0741,Responsible Consumption and Production,0.1481,Climate Action,0.0,Life Below Water,0.0556,Life on Land,0.2778,"Peace, Justice and Strong Institutions",0.0,Partnerships for the Goals
NSW_Blayney_Rural_2024,2024,NSW,21,0.0,No Poverty,0.0,Zero Hunger,0.381,Good Health and Well-being,0.0476,Quality Education,0.0,Gender Equality,0.1429,Clean Water and Sanitation,0.0476,Affordable and Clean Energy,0.619,Decent Work and Economic Growth,0.3333,"Industry, Innovation and Infrastructure",0.0952,Reduced Inequalities,0.619,Sustainable Cities and Communities,0.0476,Responsible Consumption and Production,0.1905,Climate Action,0.0,Life Below Water,0.0952,Life on Land,0.2857,"Peace, Justice and Strong Institutions",0.0,Partnerships for the Goals
NSW_Bogan_Rural_2024,2024,NSW,11,0.2727,No Poverty,0.0,Zero Hunger,0.5455,Good Health and Well-being,0.0,Quality Education,0.0909,Gender Equality,0.0909,Clean Water and Sanitation,0.0,Affordable and Clean Energy,0.5455,Decent Work and Economic Growth,0.0,"Industry, Innovation and Infrastructure",0.0909,Reduced Inequalities,0.9091,Sustainable Cities and Communities,0.0,Responsible Consumption and Production,0.1818,Climate Action,0.0,Life Below Water,0.0909,Life on Land,0.5455,"Peace, Justice and Strong Institutions",0.0,Partnerships for the Goals
NSW_Bourke_Rural_2024,2024,NSW,38,0.0263,No Poverty,0.0526,Zero Hunger,0.4737,Good Health and Well-being,0.0526,Quality Education,0.0263,Gender Equality,0.1842,Clean Water and Sanitation,0.0263,Affordable and Clean Energy,0.5,Decent Work and Economic Growth,0.0789,"Industry, Innovation and Infrastructure",0.0,Reduced Inequalities,0.4474,Sustainable Cities and Communities,0.0526,Responsible Consumption and Production,0.1316,Climate Action,0.0263,Life Below Water,0.0789,Life on Land,0.2895,"Peace, Justice and Strong Institutions",0.0263,Partnerships for the Goals
NSW_Bega Valley_Urban_2024,2024,NSW,142,0.1197,No Poverty,0.0,Zero Hunger,0.5845,Good Health and Well-being,0.1268,Quality Education,0.0352,Gender Equality,0.1479,Clean Water and Sanitation,0.0493,Affordable and Clean Energy,0.7746,Decent Work and Economic Growth,0.0986,"Industry, Innovation and Infrastructure",0.0211,Reduced Inequalities,0.4085,Sustainable Cities and Communities,0.0986,Responsible Consumption and Production,0.3239,Climate Action,0.0211,Life Below Water,0.1127,Life on Land,0.3521,"Peace, Justice and Strong Institutions",0.0352,Partnerships for the Goals
NSW_Burwood_Urban_2024,2024,NSW,56,0.1429,No Poverty,0.0,Zero Hunger,0.75,Good Health and Well-being,0.1607,Quality Education,0.0357,Gender Equality,0.0179,Clean Water and Sanitation,0.1071,Affordable and Clean Energy,0.8393,Decent Work and Economic Growth,0.125,"Industry, Innovation and Infrastructure",0.0536,Reduced Inequalities,0.4821,Sustainable Cities and Communities,0.0714,Responsible Consumption and Production,0.1607,Climate Action,0.0,Life Below Water,0.1429,Life on Land,0.2321,"Peace, Justice and Strong Institutions",0.0179,Partnerships for the Goals
NSW_Blue Mountains_Urban_2024,2024,NSW,124,0.0565,No Poverty,0.0,Zero Hunger,0.621,Good Health and Well-being,0.0484,Quality Education,0.0242,Gender Equality,0.0887,Clean Water and Sanitation,0.0565,Affordable and Clean Energy,0.629,Decent Work and Economic Growth,0.1129,"Industry, Innovation and Infrastructure",0.0081,Reduced Inequalities,0.5645,Sustainable Cities and Communities,0.0323,Responsible Consumption and Production,0.3468,Climate Action,0.0081,Life Below Water,0.2581,Life on Land,0.2177,"Peace, Justice and Strong Institutions",0.0323,Partnerships for the Goals
NSW_Broken Hill_Urban_2024,2024,NSW,84,0.0357,No Poverty,0.0119,Zero Hunger,0.3929,Good Health and Well-being,0.131,Quality Education,0.0,Gender Equality,0.0357,Clean Water and Sanitation,0.0238,Affordable and Clean Energy,0.5833,Decent Work and Economic Growth,0.1071,"Industry, Innovation and Infrastructure",0.0119,Reduced Inequalities,0.5595,Sustainable Cities and Communities,0.0119,Responsible Consumption and Production,0.0833,Climate Action,0.0119,Life Below Water,0.119,Life on Land,0.2024,"Peace, Justice and Strong Institutions",0.0119,Partnerships for the Goals
NSW_Brewarrina_Rural_2024,2024,NSW,67,0.0149,No Poverty,0.0149,Zero Hunger,0.6418,Good Health and Well-being,0.1493,Quality Education,0.0149,Gender Equality,0.0299,Clean Water and Sanitation,0.0448,Affordable and Clean Energy,0.7761,Decent Work and Economic Growth,0.1343,"Industry, Innovation and Infrastructure",0.0,Reduced Inequalities,0.3881,Sustainable Cities and Communities,0.0149,Responsible Consumption and Production,0.0896,Climate Action,0.0,Life Below Water,0.0,Life on Land,0.3284,"Peace, Justice and Strong Institutions",0.0597,Partnerships for the Goals
NSW_Blacktown_Urban_2024,2024,NSW,234,0.0299,No Poverty,0.0,Zero Hunger,0.5342,Good Health and Well-being,0.0812,Quality Education,0.047,Gender Equality,0.0641,Clean Water and Sanitation,0.1496,Affordable and Clean Energy,0.6453,Decent Work and Economic Growth,0.1154,"Industry, Innovation and Infrastructure",0.0043,Reduced Inequalities,0.4231,Sustainable Cities and Communities,0.0769,Responsible Consumption and Production,0.2222,Climate Action,0.0085,Life Below Water,0.1239,Life on Land,0.2521,"Peace, Justice and Strong Institutions",0.0214,Partnerships for the Goals
NSW_Armidale_Urban_2024,2024,NSW,18,0.1111,No Poverty,0.0,Zero Hunger,0.5556,Good Health and Well-being,0.0556,Quality Education,0.0,Gender Equality,0.1667,Clean Water and Sanitation,0.0,Affordable and Clean Energy,0.5556,Decent Work and Economic Growth,0.1667,"Industry, Innovation and Infrastructure",0.0556,Reduced Inequalities,0.5556,Sustainable Cities and Communities,0.0,Responsible Consumption and Production,0.1667,Climate Action,0.0,Life Below Water,0.0,Life on Land,0.3333,"Peace, Justice and Strong Institutions",0.0,Partnerships for the Goals
NSW_Byron_Urban_2024,2024,NSW,35,0.1143,No Poverty,0.0,Zero Hunger,0.6571,Good Health and Well-being,0.1429,Quality Education,0.0571,Gender Equality,0.1143,Clean Water and Sanitation,0.0571,Affordable and Clean Energy,0.6571,Decent Work and Economic Growth,0.1143,"Industry, Innovation and Infrastructure",0.0286,Reduced Inequalities,0.4,Sustainable Cities and Communities,0.0571,Responsible Consumption and Production,0.4,Climate Action,0.0,Life Below Water,0.2286,Life on Land,0.3429,"Peace, Justice and Strong Institutions",0.0857,Partnerships for the Goals
NSW_Campbelltown_Urban_2024,2024,NSW,64,0.0,No Poverty,0.0156,Zero Hunger,0.5312,Good Health and Well-being,0.0781,Quality Education,0.0781,Gender Equality,0.0469,Clean Water and Sanitation,0.0781,Affordable and Clean Energy,0.7031,Decent Work and Economic Growth,0.1094,"Industry, Innovation and Infrastructure",0.0156,Reduced Inequalities,0.4531,Sustainable Cities and Communities,0.0469,Responsible Consumption and Production,0.1562,Climate Action,0.0,Life Below Water,0.1094,Life on Land,0.2188,"Peace, Justice and Strong Institutions",0.0312,Partnerships for the Goals
NSW_Carrathool_Rural_2024,2024,NSW,12,0.0833,No Poverty,0.0,Zero Hunger,0.5833,Good Health and Well-being,0.1667,Quality Education,0.0,Gender Equality,0.25,Clean Water and Sanitation,0.0,Affordable and Clean Energy,0.6667,Decent Work and Economic Growth,0.0,"Industry, Innovation and Infrastructure",0.0,Reduced Inequalities,0.4167,Sustainable Cities and Communities,0.0,Responsible Consumption and Production,0.1667,Climate Action,0.0,Life Below Water,0.0,Life on Land,0.1667,"Peace, Justice and Strong Institutions",0.0,Partnerships for the Goals
NSW_Central Darling_Rural_2024,2024,NSW,19,0.1053,No Poverty,0.0,Zero Hunger,0.6316,Good Health and Well-being,0.0,Quality Education,0.0,Gender Equality,0.1579,Clean Water and Sanitation,0.0,Affordable and Clean Energy,0.7895,Decent Work and Economic Growth,0.0,"Industry, Innovation and Infrastructure",0.0,Reduced Inequalities,0.7895,Sustainable Cities and Communities,0.0,Responsible Consumption and Production,0.1579,Climate Action,0.0,Life Below Water,0.0526,Life on Land,0.2632,"Peace, Justice and Strong Institutions",0.0,Partnerships for the Goals
NSW_Canada Bay_Urban_2024,2024,NSW,49,0.0408,No Poverty,0.0612,Zero Hunger,0.6122,Good Health and Well-being,0.0612,Quality Education,0.0408,Gender Equality,0.102,Clean Water and Sanitation,0.0408,Affordable and Clean Energy,0.6735,Decent Work and Economic Growth,0.1633,"Industry, Innovation and Infrastructure",0.0816,Reduced Inequalities,0.449,Sustainable Cities and Communities,0.0612,Responsible Consumption and Production,0.1429,Climate Action,0.0,Life Below Water,0.0816,Life on Land,0.3469,"Peace, Justice and Strong Institutions",0.0,Partnerships for the Goals
NSW_Cessnock_Urban_2024,2024,NSW,17,0.0,No Poverty,0.0,Zero Hunger,0.4118,Good Health and Well-being,0.0,Quality Education,0.0588,Gender Equality,0.1765,Clean Water and Sanitation,0.0588,Affordable and Clean Energy,0.5882,Decent Work and Economic Growth,0.2353,"Industry, Innovation and Infrastructure",0.0588,Reduced Inequalities,0.4706,Sustainable Cities and Communities,0.0588,Responsible Consumption and Production,0.4118,Climate Action,0.0,Life Below Water,0.0588,Life on Land,0.4118,"Peace, Justice and Strong Institutions",0.0,Partnerships for the Goals
NSW_Central Coast_Urban_2024,2024,NSW,35,0.0286,No Poverty,0.0,Zero Hunger,0.5714,Good Health and Well-being,0.0571,Quality Education,0.0,Gender Equality,0.2286,Clean Water and Sanitation,0.1143,Affordable and Clean Energy,0.6857,Decent Work and Economic Growth,0.0,"Industry, Innovation and Infrastructure",0.0,Reduced Inequalities,0.4857,Sustainable Cities and Communities,0.0857,Responsible Consumption and Production,0.3429,Climate Action,0.0857,Life Below Water,0.1714,Life on Land,0.2,"Peace, Justice and Strong Institutions",0.0571,Partnerships for the Goals
NSW_Clarence Valley_Urban_2024,2024,NSW,15,0.0,No Poverty,0.0,Zero Hunger,0.3333,Good Health and Well-being,0.0667,Quality Education,0.1333,Gender Equality,0.1333,Clean Water and Sanitation,0.1333,Affordable and Clean Energy,0.5333,Decent Work and Economic Growth,0.0,"Industry, Innovation and Infrastructure",0.0667,Reduced Inequalities,0.5333,Sustainable Cities and Communities,0.0,Responsible Consumption and Production,0.0667,Climate Action,0.0,Life Below Water,0.0,Life on Land,0.4,"Peace, Justice and Strong Institutions",0.0,Partnerships for the Goals
NSW_Coolamon_Rural_2024,2024,NSW,6,0.0,No Poverty,0.0,Zero Hunger,0.3333,Good Health and Well-being,0.0,Quality Education,0.0,Gender Equality,0.0,Clean Water and Sanitation,0.0,Affordable and Clean Energy,0.3333,Decent Work and Economic Growth,0.0,"Industry, Innovation and Infrastructure",0.0,Reduced Inequalities,1.0,Sustainable Cities and Communities,0.0,Responsible Consumption and Production,0.0,Climate Action,0.0,Life Below Water,0.0,Life on Land,0.6667,"Peace, Justice and Strong Institutions",0.0,Partnerships for the Goals
NSW_Coffs Harbour_Urban_2024,2024,NSW,29,0.1724,No Poverty,0.0,Zero Hunger,0.7586,Good Health and Well-being,0.069,Quality Education,0.069,Gender Equality,0.0,Clean Water and Sanitation,0.0,Affordable and Clean Energy,0.8621,Decent Work and Economic Growth,0.0345,"Industry, Innovation and Infrastructure",0.0345,Reduced Inequalities,0.7241,Sustainable Cities and Communities,0.0,Responsible Consumption and Production,0.0345,Climate Action,0.0345,Life Below Water,0.069,Life on Land,0.1379,"Peace, Justice and Strong Institutions",0.1034,Partnerships for the Goals
NSW_Camden_Urban_2024,2024,NSW,14,0.0,No Poverty,0.0,Zero Hunger,0.5714,Good Health and Well-being,0.0714,Quality Education,0.1429,Gender Equality,0.0,Clean Water and Sanitation,0.0,Affordable and Clean Energy,0.6429,Decent Work and Economic Growth,0.0714,"Industry, Innovation and Infrastructure",0.0714,Reduced Inequalities,0.3571,Sustainable Cities and Communities,0.1429,Responsible Consumption and Production,0.2857,Climate Action,0.0,Life Below Water,0.1429,Life on Land,0.6429,"Peace, Justice and Strong Institutions",0.0,Partnerships for the Goals
NSW_Cumberland_Urban_2024,2024,NSW,10,0.1,No Poverty,0.0,Zero Hunger,0.8,Good Health and Well-being,0.0,Quality Education,0.1,Gender Equality,0.2,Clean Water and Sanitation,0.0,Affordable and Clean Energy,0.8,Decent Work and Economic Growth,0.0,"Industry, Innovation and Infrastructure",0.0,Reduced Inequalities,0.6,Sustainable Cities and Communities,0.0,Responsible Consumption and Production,0.2,Climate Action,0.0,Life Below Water,0.2,Life on Land,0.4,"Peace, Justice and Strong Institutions",0.0,Partnerships for the Goals
NSW_Coonamble_Rural_2024,2024,NSW,34,0.1471,No Poverty,0.0,Zero Hunger,0.5882,Good Health and Well-being,0.1765,Quality Education,0.0588,Gender Equality,0.0588,Clean Water and Sanitation,0.0882,Affordable and Clean Energy,0.8235,Decent Work and Economic Growth,0.1765,"Industry, Innovation and Infrastructure",0.0294,Reduced Inequalities,0.3235,Sustainable Cities and Communities,0.0588,Responsible Consumption and Production,0.1765,Climate Action,0.0,Life Below Water,0.0588,Life on Land,0.2941,"Peace, Justice and Strong Institutions",0.0294,Partnerships for the Goals
NSW_Cootamundra Gundagai_Rural_2024,2024,NSW,29,0.1724,No Poverty,0.0345,Zero Hunger,0.7241,Good Health and Well-being,0.0345,Quality Education,0.1034,Gender Equality,0.069,Clean Water and Sanitation,0.0,Affordable and Clean Energy,0.7241,Decent Work and Economic Growth,0.1379,"Industry, Innovation and Infrastructure",0.0,Reduced Inequalities,0.4828,Sustainable Cities and Communities,0.0345,Responsible Consumption and Production,0.1379,Climate Action,0.0,Life Below Water,0.069,Life on Land,0.4828,"Peace, Justice and Strong Institutions",0.0,Partnerships for the Goals
NSW_Dungog_Rural_2024,2024,NSW,8,0.0,No Poverty,0.0,Zero Hunger,0.5,Good Health and Well-being,0.0,Quality Education,0.125,Gender Equality,0.125,Clean Water and Sanitation,0.0,Affordable and Clean Energy,0.625,Decent Work and Economic Growth,0.0,"Industry, Innovation and Infrastructure",0.0,Reduced Inequalities,0.25,Sustainable Cities and Communities,0.125,Responsible Consumption and Production,0.125,Climate Action,0.0,Life Below Water,0.0,Life on Land,0.5,"Peace, Justice and Strong Institutions",0.0,Partnerships for the Goals
NSW_Edward River_Rural_2024,2024,NSW,4,0.0,No Poverty,0.0,Zero Hunger,0.75,Good Health and Well-being,0.0,Quality Education,0.0,Gender Equality,0.0,Clean Water and Sanitation,0.25,Affordable and Clean Energy,1.0,Decent Work and Economic Growth,0.5,"Industry, Innovation and Infrastructure",0.0,Reduced Inequalities,0.75,Sustainable Cities and Communities,0.0,Responsible Consumption and Production,1.0,Climate Action,0.0,Life Below Water,0.0,Life on Land,0.75,"Peace, Justice and Strong Institutions",0.0,Partnerships for the Goals
NSW_Dubbo_Urban_2024,2024,NSW,44,0.0,No Poverty,0.0,Zero Hunger,0.5455,Good Health and Well-being,0.1136,Quality Education,0.0,Gender Equality,0.1818,Clean Water and Sanitation,0.0909,Affordable and Clean Energy,0.7045,Decent Work and Economic Growth,0.0455,"Industry, Innovation and Infrastructure",0.0455,Reduced Inequalities,0.3636,Sustainable Cities and Communities,0.0909,Responsible Consumption and Production,0.2045,Climate Action,0.0,Life Below Water,0.0455,Life on Land,0.3182,"Peace, Justice and Strong Institutions",0.0682,Partnerships for the Goals
NSW_Georges River_Urban_2024,2024,NSW,50,0.12,No Poverty,0.0,Zero Hunger,0.64,Good Health and Well-being,0.18,Quality Education,0.1,Gender Equality,0.1,Clean Water and Sanitation,0.1,Affordable and Clean Energy,0.78,Decent Work and Economic Growth,0.14,"Industry, Innovation and Infrastructure",0.02,Reduced Inequalities,0.34,Sustainable Cities and Communities,0.08,Responsible Consumption and Production,0.2,Climate Action,0.04,Life Below Water,0.16,Life on Land,0.44,"Peace, Justice and Strong Institutions",0.02,Partnerships for the Goals
NSW_Gilgandra_Rural_2024,2024,NSW,9,0.1111,No Poverty,0.0,Zero Hunger,0.5556,Good Health and Well-being,0.0,Quality Education,0.0,Gender Equality,0.0,Clean Water and Sanitation,0.1111,Affordable and Clean Energy,0.8889,Decent Work and Economic Growth,0.0,"Industry, Innovation and Infrastructure",0.0,Reduced Inequalities,0.6667,Sustainable Cities and Communities,0.0,Responsible Consumption and Production,0.0,Climate Action,0.0,Life Below Water,0.0,Life on Land,0.5556,"Peace, Justice and Strong Institutions",0.0,Partnerships for the Goals
NSW_Fairfield_Urban_2024,2024,NSW,23,0.2174,No Poverty,0.0,Zero Hunger,0.6957,Good Health and Well-being,0.1304,Quality Education,0.0435,Gender Equality,0.0435,Clean Water and Sanitation,0.1304,Affordable and Clean Energy,0.7391,Decent Work and Economic Growth,0.0435,"Industry, Innovation and Infrastructure",0.0,Reduced Inequalities,0.4348,Sustainable Cities and Communities,0.0435,Responsible Consumption and Production,0.2174,Climate Action,0.0,Life Below Water,0.0435,Life on Land,0.4783,"Peace, Justice and Strong Institutions",0.087,Partnerships for the Goals
NSW_Glen Innes Severn_Rural_2024,2024,NSW,4,0.0,No Poverty,0.0,Zero Hunger,1.0,Good Health and Well-being,0.0,Quality Education,0.0,Gender Equality,0.25,Clean Water and Sanitation,0.0,Affordable and Clean Energy,0.5,Decent Work and Economic Growth,0.0,"Industry, Innovation and Infrastructure",0.0,Reduced Inequalities,0.5,Sustainable Cities and Communities,0.0,Responsible Consumption and Production,0.0,Climate Action,0.0,Life Below Water,0.0,Life on Land,0.25,"Peace, Justice and Strong Institutions",0.0,Partnerships for the Goals
NSW_Goulburn Mulwaree_Urban_2024,2024,NSW,5,0.0,No Poverty,0.0,Zero Hunger,0.8,Good Health and Well-being,0.0,Quality Education,0.0,Gender Equality,0.2,Clean Water and Sanitation,0.0,Affordable and Clean Energy,0.8,Decent Work and Economic Growth,0.2,"Industry, Innovation and Infrastructure",0.0,Reduced Inequalities,0.6,Sustainable Cities and Communities,0.2,Responsible Consumption and Production,0.0,Climate Action,0.0,Life Below Water,0.0,Life on Land,0.2,"Peace, Justice and Strong Institutions",0.0,Partnerships for the Goals
NSW_Gwydir_Rural_2024,2024,NSW,5,0.2,No Poverty,0.0,Zero Hunger,0.6,Good Health and Well-being,0.0,Quality Education,0.2,Gender Equality,0.2,Clean Water and Sanitation,0.4,Affordable and Clean Energy,0.8,Decent Work and Economic Growth,0.0,"Industry, Innovation and Infrastructure",0.0,Reduced Inequalities,1.0,Sustainable Cities and Communities,0.0,Responsible Consumption and Production,0.6,Climate Action,0.0,Life Below Water,0.0,Life on Land,0.6,"Peace, Justice and Strong Institutions",0.0,Partnerships for the Goals
NSW_Forbes_Rural_2024,2024,NSW,41,0.0976,No Poverty,0.0,Zero Hunger,0.4878,Good Health and Well-being,0.0488,Quality Education,0.0,Gender Equality,0.0732,Clean Water and Sanitation,0.0488,Affordable and Clean Energy,0.7073,Decent Work and Economic Growth,0.2439,"Industry, Innovation and Infrastructure",0.0488,Reduced Inequalities,0.439,Sustainable Cities and Communities,0.0488,Responsible Consumption and Production,0.1951,Climate Action,0.0,Life Below Water,0.0244,Life on Land,0.4146,"Peace, Justice and Strong Institutions",0.0,Partnerships for the Goals
NSW_Griffith_Urban_2024,2024,NSW,9,0.0,No Poverty,0.0,Zero Hunger,0.7778,Good Health and Well-being,0.1111,Quality Education,0.0,Gender Equality,0.3333,Clean Water and Sanitation,0.0,Affordable and Clean Energy,0.6667,Decent Work and Economic Growth,0.0,"Industry, Innovation and Infrastructure",0.0,Reduced Inequalities,0.7778,Sustainable Cities and Communities,0.0,Responsible Consumption and Production,0.7778,Climate Action,0.0,Life Below Water,0.1111,Life on Land,0.3333,"Peace, Justice and Strong Institutions",0.0,Partnerships for the Goals
NSW_Gunnedah_Rural_2024,2024,NSW,16,0.0,No Poverty,0.0625,Zero Hunger,0.4375,Good Health and Well-being,0.0,Quality Education,0.0,Gender Equality,0.1875,Clean Water and Sanitation,0.125,Affordable and Clean Energy,0.5625,Decent Work and Economic Growth,0.0,"Industry, Innovation and Infrastructure",0.0625,Reduced Inequalities,0.375,Sustainable Cities and Communities,0.0625,Responsible Consumption and Production,0.1875,Climate Action,0.0,Life Below Water,0.0625,Life on Land,0.3125,"Peace, Justice and Strong Institutions",0.0,Partnerships for the Goals
NSW_Hay_Rural_2024,2024,NSW,16,0.125,No Poverty,0.0,Zero Hunger,0.3125,Good Health and Well-being,0.0,Quality Education,0.0,Gender Equality,0.0625,Clean Water and Sanitation,0.0,Affordable and Clean Energy,0.5625,Decent Work and Economic Growth,0.1875,"Industry, Innovation and Infrastructure",0.0625,Reduced Inequalities,0.4375,Sustainable Cities and Communities,0.0625,Responsible Consumption and Production,0.1875,Climate Action,0.0,Life Below Water,0.0625,Life on Land,0.5,"Peace, Justice and Strong Institutions",0.0,Partnerships for the Goals
NSW_Hume_Rural_2024,2024,NSW,13,0.1538,No Poverty,0.0,Zero Hunger,0.7692,Good Health and Well-being,0.1538,Quality Education,0.0,Gender Equality,0.0,Clean Water and Sanitation,0.0,Affordable and Clean Energy,0.9231,Decent Work and Economic Growth,0.0,"Industry, Innovation and Infrastructure",0.0,Reduced Inequalities,0.6923,Sustainable Cities and Communities,0.1538,Responsible Consumption and Production,0.0,Climate Action,0.0,Life Below Water,0.0,Life on Land,0.4615,"Peace, Justice and Strong Institutions",0.0769,Partnerships for the Goals
NSW_Hunters Hill_Urban_2024,2024,NSW,34,0.0294,No Poverty,0.0,Zero Hunger,0.4412,Good Health and Well-being,0.0294,Quality Education,0.0294,Gender Equality,0.1176,Clean Water and Sanitation,0.0882,Affordable and Clean Energy,0.6765,Decent Work and Economic Growth,0.2059,"Industry, Innovation and Infrastructure",0.0588,Reduced Inequalities,0.3235,Sustainable Cities and Communities,0.0882,Responsible Consumption and Production,0.1471,Climate Action,0.0294,Life Below Water,0.2059,Life on Land,0.2941,"Peace, Justice and Strong Institutions",0.0,Partnerships for the Goals
NSW_Hawkesbury_Urban_2024,2024,NSW,76,0.0526,No Poverty,0.0,Zero Hunger,0.5921,Good Health and Well-being,0.0395,Quality Education,0.0132,Gender Equality,0.1053,Clean Water and Sanitation,0.0526,Affordable and Clean Energy,0.6316,Decent Work and Economic Growth,0.1053,"Industry, Innovation and Infrastructure",0.0263,Reduced Inequalities,0.5,Sustainable Cities and Communities,0.1053,Responsible Consumption and Production,0.2237,Climate Action,0.0395,Life Below Water,0.1053,Life on Land,0.3289,"Peace, Justice and Strong Institutions",0.0921,Partnerships for the Goals
NSW_Kempsey_Urban_2024,2024,NSW,1,0.0,No Poverty,0.0,Zero Hunger,1.0,Good Health and Well-being,0.0,Quality Education,0.0,Gender Equality,0.0,Clean Water and Sanitation,0.0,Affordable and Clean Energy,0.0,Decent Work and Economic Growth,0.0,"Industry, Innovation and Infrastructure",0.0,Reduced Inequalities,1.0,Sustainable Cities and Communities,0.0,Responsible Consumption and Production,0.0,Climate Action,0.0,Life Below Water,0.0,Life on Land,1.0,"Peace, Justice and Strong Institutions",0.0,Partnerships for the Goals
NSW_Inverell_Rural_2024,2024,NSW,24,0.0,No Poverty,0.0417,Zero Hunger,0.4583,Good Health and Well-being,0.1667,Quality Education,0.0,Gender Equality,0.125,Clean Water and Sanitation,0.0417,Affordable and Clean Energy,0.5417,Decent Work and Economic Growth,0.25,"Industry, Innovation and Infrastructure",0.0,Reduced Inequalities,0.5417,Sustainable Cities and Communities,0.0,Responsible Consumption and Production,0.1667,Climate Action,0.0417,Life Below Water,0.0833,Life on Land,0.5417,"Peace, Justice and Strong Institutions",0.0,Partnerships for the Goals
NSW_Hilltops_Rural_2024,2024,NSW,60,0.0667,No Poverty,0.05,Zero Hunger,0.4,Good Health and Well-being,0.0833,Quality Education,0.0167,Gender Equality,0.05,Clean Water and Sanitation,0.05,Affordable and Clean Energy,0.6333,Decent Work and Economic Growth,0.0833,"Industry, Innovation and Infrastructure",0.0,Reduced Inequalities,0.5667,Sustainable Cities and Communities,0.0333,Responsible Consumption and Production,0.2333,Climate Action,0.0,Life Below Water,0.15,Life on Land,0.25,"Peace, Justice and Strong Institutions",0.05,Partnerships for the Goals
NSW_Kyogle_Rural_2024,2024,NSW,21,0.0952,No Poverty,0.0,Zero Hunger,0.4286,Good Health and Well-being,0.0952,Quality Education,0.0476,Gender Equality,0.0476,Clean Water and Sanitation,0.0,Affordable and Clean Energy,0.619,Decent Work and Economic Growth,0.0476,"Industry, Innovation and Infrastructure",0.0476,Reduced Inequalities,0.4286,Sustainable Cities and Communities,0.0476,Responsible Consumption and Production,0.0952,Climate Action,0.0,Life Below Water,0.1905,Life on Land,0.3333,"Peace, Justice and Strong Institutions",0.0476,Partnerships for the Goals
NSW_Lachlan_Rural_2024,2024,NSW,5,0.4,No Poverty,0.0,Zero Hunger,0.8,Good Health and Well-being,0.0,Quality Education,0.0,Gender Equality,0.4,Clean Water and Sanitation,0.0,Affordable and Clean Energy,1.0,Decent Work and Economic Growth,0.2,"Industry, Innovation and Infrastructure",0.0,Reduced Inequalities,0.6,Sustainable Cities and Communities,0.0,Responsible Consumption and Production,0.8,Climate Action,0.0,Life Below Water,0.0,Life on Land,0.4,"Peace, Justice and Strong Institutions",0.0,Partnerships for the Goals
NSW_Inner West_Urban_2024,2024,NSW,78,0.0769,No Poverty,0.0128,Zero Hunger,0.5513,Good Health and Well-being,0.1154,Quality Education,0.0385,Gender Equality,0.0256,Clean Water and Sanitation,0.1026,Affordable and Clean Energy,0.8205,Decent Work and Economic Growth,0.1154,"Industry, Innovation and Infrastructure",0.0513,Reduced Inequalities,0.4103,Sustainable Cities and Communities,0.1282,Responsible Consumption and Production,0.141,Climate Action,0.0256,Life Below Water,0.0385,Life on Land,0.4487,"Peace, Justice and Strong Institutions",0.0256,Partnerships for the Goals
NSW_Kiama_Urban_2024,2024,NSW,80,0.0625,No Poverty,0.0125,Zero Hunger,0.675,Good Health and Well-being,0.0375,Quality Education,0.0,Gender Equality,0.0875,Clean Water and Sanitation,0.05,Affordable and Clean Energy,0.8,Decent Work and Economic Growth,0.0875,"Industry, Innovation and Infrastructure",0.05,Reduced Inequalities,0.3625,Sustainable Cities and Communities,0.075,Responsible Consumption and Production,0.3,Climate Action,0.0125,Life Below Water,0.0625,Life on Land,0.3375,"Peace, Justice and Strong Institutions",0.025,Partnerships for the Goals
NSW_Ku Ring Gai_Urban_2024,2024,NSW,61,0.0328,No Poverty,0.0,Zero Hunger,0.5738,Good Health and Well-being,0.0492,Quality Education,0.0984,Gender Equality,0.0164,Clean Water and Sanitation,0.0328,Affordable and Clean Energy,0.7213,Decent Work and Economic Growth,0.0492,"Industry, Innovation and Infrastructure",0.0,Reduced Inequalities,0.4262,Sustainable Cities and Communities,0.0984,Responsible Consumption and Production,0.1967,Climate Action,0.0,Life Below Water,0.0984,Life on Land,0.4754,"Peace, Justice and Strong Institutions",0.0164,Partnerships for the Goals
NSW_Liverpool Plains_Rural_2024,2024,NSW,5,0.2,No Poverty,0.0,Zero Hunger,0.8,Good Health and Well-being,0.0,Quality Education,0.0,Gender Equality,0.4,Clean Water and Sanitation,0.2,Affordable and Clean Energy,0.8,Decent Work and Economic Growth,0.0,"Industry, Innovation and Infrastructure",0.0,Reduced Inequalities,0.6,Sustainable Cities and Communities,0.2,Responsible Consumption and Production,0.4,Climate Action,0.0,Life Below Water,0.4,Life on Land,0.4,"Peace, Justice and Strong Institutions",0.0,Partnerships for the Goals
NSW_Lithgow_Urban_2024,2024,NSW,8,0.125,No Poverty,0.0,Zero Hunger,0.375,Good Health and Well-being,0.0,Quality Education,0.0,Gender Equality,0.125,Clean Water and Sanitation,0.125,Affordable and Clean Energy,0.75,Decent Work and Economic Growth,0.0,"Industry, Innovation and Infrastructure",0.0,Reduced Inequalities,0.75,Sustainable Cities and Communities,0.0,Responsible Consumption and Production,0.375,Climate Action,0.0,Life Below Water,0.0,Life on Land,0.125,"Peace, Justice and Strong Institutions",0.0,Partnerships for the Goals
NSW_Leeton_Rural_2024,2024,NSW,11,0.1818,No Poverty,0.0,Zero Hunger,0.7273,Good Health and Well-being,0.0909,Quality Education,0.0,Gender Equality,0.0,Clean Water and Sanitation,0.0,Affordable and Clean Energy,0.9091,Decent Work and Economic Growth,0.0,"Industry, Innovation and Infrastructure",0.0,Reduced Inequalities,0.2727,Sustainable Cities and Communities,0.0,Responsible Consumption and Production,0.0909,Climate Action,0.0,Life Below Water,0.0,Life on Land,0.5455,"Peace, Justice and Strong Institutions",0.0,Partnerships for the Goals
NSW_Lismore_Urban_2024,2024,NSW,31,0.0323,No Poverty,0.0,Zero Hunger,0.4516,Good Health and Well-being,0.0323,Quality Education,0.0,Gender Equality,0.0645,Clean Water and Sanitation,0.0,Affordable and Clean Energy,0.5484,Decent Work and Economic Growth,0.0323,"Industry, Innovation and Infrastructure",0.0,Reduced Inequalities,0.7742,Sustainable Cities and Communities,0.0,Responsible Consumption and Production,0.2903,Climate Action,0.0,Life Below Water,0.1935,Life on Land,0.0968,"Peace, Justice and Strong Institutions",0.0968,Partnerships for the Goals
NSW_Lockhart_Rural_2024,2024,NSW,16,0.1875,No Poverty,0.0,Zero Hunger,0.875,Good Health and Well-being,0.0,Quality Education,0.0,Gender Equality,0.3125,Clean Water and Sanitation,0.1875,Affordable and Clean Energy,1.0,Decent Work and Economic Growth,0.0625,"Industry, Innovation and Infrastructure",0.0625,Reduced Inequalities,0.625,Sustainable Cities and Communities,0.0,Responsible Consumption and Production,0.4375,Climate Action,0.0,Life Below Water,0.0,Life on Land,0.375,"Peace, Justice and Strong Institutions",0.0,Partnerships for the Goals
NSW_Liverpool_Urban_2024,2024,NSW,57,0.0351,No Poverty,0.0,Zero Hunger,0.5439,Good Health and Well-being,0.0877,Quality Education,0.0,Gender Equality,0.1579,Clean Water and Sanitation,0.0526,Affordable and Clean Energy,0.614,Decent Work and Economic Growth,0.1228,"Industry, Innovation and Infrastructure",0.0175,Reduced Inequalities,0.6491,Sustainable Cities and Communities,0.0,Responsible Consumption and Production,0.1754,Climate Action,0.0175,Life Below Water,0.0877,Life on Land,0.0877,"Peace, Justice and Strong Institutions",0.0526,Partnerships for the Goals
NSW_Mid Coast_Urban_2024,2024,NSW,42,0.0238,No Poverty,0.0,Zero Hunger,0.5952,Good Health and Well-being,0.0714,Quality Education,0.0,Gender Equality,0.2143,Clean Water and Sanitation,0.0714,Affordable and Clean Energy,0.8095,Decent Work and Economic Growth,0.2381,"Industry, Innovation and Infrastructure",0.0238,Reduced Inequalities,0.3571,Sustainable Cities and Communities,0.0476,Responsible Consumption and Production,0.2381,Climate Action,0.0952,Life Below Water,0.1667,Life on Land,0.3095,"Peace, Justice and Strong Institutions",0.0238,Partnerships for the Goals
NSW_Maitland_Urban_2024,2024,NSW,60,0.0667,No Poverty,0.0,Zero Hunger,0.6667,Good Health and Well-being,0.0667,Quality Education,0.0333,Gender Equality,0.0833,Clean Water and Sanitation,0.0333,Affordable and Clean Energy,0.7333,Decent Work and Economic Growth,0.15,"Industry, Innovation and Infrastructure",0.0333,Reduced Inequalities,0.25,Sustainable Cities and Communities,0.0167,Responsible Consumption and Production,0.0833,Climate Action,0.0333,Life Below Water,0.1,Life on Land,0.3667,"Peace, Justice and Strong Institutions",0.0167,Partnerships for the Goals
NSW_Moree Plains_Rural_2024,2024,NSW,40,0.05,No Poverty,0.0,Zero Hunger,0.625,Good Health and Well-being,0.05,Quality Education,0.025,Gender Equality,0.175,Clean Water and Sanitation,0.075,Affordable and Clean Energy,0.875,Decent Work and Economic Growth,0.125,"Industry, Innovation and Infrastructure",0.0,Reduced Inequalities,0.35,Sustainable Cities and Communities,0.175,Responsible Consumption and Production,0.35,Climate Action,0.025,Life Below Water,0.075,Life on Land,0.325,"Peace, Justice and Strong Institutions",0.0,Partnerships for the Goals
NSW_Mosman_Urban_2024,2024,NSW,48,0.0,No Poverty,0.0,Zero Hunger,0.6875,Good Health and Well-being,0.0833,Quality Education,0.0,Gender Equality,0.2083,Clean Water and Sanitation,0.0625,Affordable and Clean Energy,0.6667,Decent Work and Economic Growth,0.125,"Industry, Innovation and Infrastructure",0.0208,Reduced Inequalities,0.5625,Sustainable Cities and Communities,0.0417,Responsible Consumption and Production,0.1042,Climate Action,0.0,Life Below Water,0.0208,Life on Land,0.3333,"Peace, Justice and Strong Institutions",0.0,Partnerships for the Goals
NSW_Mid Western_Urban_2024,2024,NSW,119,0.042,No Poverty,0.0084,Zero Hunger,0.5714,Good Health and Well-being,0.1008,Quality Education,0.0168,Gender Equality,0.1513,Clean Water and Sanitation,0.042,Affordable and Clean Energy,0.7731,Decent Work and Economic Growth,0.1261,"Industry, Innovation and Infrastructure",0.0084,Reduced Inequalities,0.5294,Sustainable Cities and Communities,0.0336,Responsible Consumption and Production,0.1345,Climate Action,0.0,Life Below Water,0.1345,Life on Land,0.3109,"Peace, Justice and Strong Institutions",0.0504,Partnerships for the Goals
NSW_Murrumbidgee_Rural_2024,2024,NSW,7,0.4286,No Poverty,0.0,Zero Hunger,1.0,Good Health and Well-being,0.0,Quality Education,0.1429,Gender Equality,0.1429,Clean Water and Sanitation,0.1429,Affordable and Clean Energy,1.0,Decent Work and Economic Growth,0.1429,"Industry, Innovation and Infrastructure",0.0,Reduced Inequalities,0.2857,Sustainable Cities and Communities,0.0,Responsible Consumption and Production,0.5714,Climate Action,0.0,Life Below Water,0.0,Life on Land,0.4286,"Peace, Justice and Strong Institutions",0.0,Partnerships for the Goals
NSW_Murray River_Rural_2024,2024,NSW,105,0.0476,No Poverty,0.0,Zero Hunger,0.4,Good Health and Well-being,0.0762,Quality Education,0.019,Gender Equality,0.219,Clean Water and Sanitation,0.0762,Affordable and Clean Energy,0.6095,Decent Work and Economic Growth,0.0952,"Industry, Innovation and Infrastructure",0.0,Reduced Inequalities,0.381,Sustainable Cities and Communities,0.1143,Responsible Consumption and Production,0.2381,Climate Action,0.019,Life Below Water,0.0952,Life on Land,0.1619,"Peace, Justice and Strong Institutions",0.0095,Partnerships for the Goals
NSW_Narrabri_Rural_2024,2024,NSW,40,0.05,No Poverty,0.0,Zero Hunger,0.6,Good Health and Well-being,0.05,Quality Education,0.025,Gender Equality,0.1,Clean Water and Sanitation,0.1,Affordable and Clean Energy,0.675,Decent Work and Economic Growth,0.075,"Industry, Innovation and Infrastructure",0.0,Reduced Inequalities,0.5,Sustainable Cities and Communities,0.05,Responsible Consumption and Production,0.2,Climate Action,0.025,Life Below Water,0.15,Life on Land,0.4,"Peace, Justice and Strong Institutions",0.0,Partnerships for the Goals
NSW_Nambucca_Urban_2024,2024,NSW,57,0.0526,No Poverty,0.0,Zero Hunger,0.4211,Good Health and Well-being,0.0877,Quality Education,0.0175,Gender Equality,0.2281,Clean Water and Sanitation,0.0351,Affordable and Clean Energy,0.5263,Decent Work and Economic Growth,0.0702,"Industry, Innovation and Infrastructure",0.0175,Reduced Inequalities,0.4912,Sustainable Cities and Communities,0.0702,Responsible Consumption and Production,0.1754,Climate Action,0.0351,Life Below Water,0.193,Life on Land,0.2105,"Peace, Justice and Strong Institutions",0.0,Partnerships for the Goals
NSW_Narrandera_Rural_2024,2024,NSW,12,0.0833,No Poverty,0.0,Zero Hunger,0.5,Good Health and Well-being,0.0,Quality Education,0.0,Gender Equality,0.0833,Clean Water and Sanitation,0.0,Affordable and Clean Energy,0.8333,Decent Work and Economic Growth,0.25,"Industry, Innovation and Infrastructure",0.1667,Reduced Inequalities,0.4167,Sustainable Cities and Communities,0.1667,Responsible Consumption and Production,0.0833,Climate Action,0.0,Life Below Water,0.0,Life on Land,0.9167,"Peace, Justice and Strong Institutions",0.0,Partnerships for the Goals
NSW_Muswellbrook_Rural_2024,2024,NSW,51,0.0588,No Poverty,0.0,Zero Hunger,0.3725,Good Health and Well-being,0.2157,Quality Education,0.0,Gender Equality,0.0784,Clean Water and Sanitation,0.1373,Affordable and Clean Energy,0.8431,Decent Work and Economic Growth,0.1373,"Industry, Innovation and Infrastructure",0.0392,Reduced Inequalities,0.2745,Sustainable Cities and Communities,0.0588,Responsible Consumption and Production,0.2157,Climate Action,0.0,Life Below Water,0.1569,Life on Land,0.3333,"Peace, Justice and Strong Institutions",0.0,Partnerships for the Goals
NSW_Narromine_Rural_2024,2024,NSW,24,0.0833,No Poverty,0.0,Zero Hunger,0.3333,Good Health and Well-being,0.0417,Quality Education,0.0,Gender Equality,0.1667,Clean Water and Sanitation,0.0,Affordable and Clean Energy,0.5,Decent Work and Economic Growth,0.0833,"Industry, Innovation and Infrastructure",0.0,Reduced Inequalities,0.5417,Sustainable Cities and Communities,0.1667,Responsible Consumption and Production,0.0833,Climate Action,0.0,Life Below Water,0.0,Life on Land,0.2083,"Peace, Justice and Strong Institutions",0.0,Partnerships for the Goals
NSW_Cabonne_Rural_2024,2024,NSW,26,0.1154,No Poverty,0.0,Zero Hunger,0.4615,Good Health and Well-being,0.0,Quality Education,0.0769,Gender Equality,0.0769,Clean Water and Sanitation,0.0385,Affordable and Clean Energy,0.6154,Decent Work and Economic Growth,0.1538,"Industry, Innovation and Infrastructure",0.0769,Reduced Inequalities,0.4615,Sustainable Cities and Communities,0.0385,Responsible Consumption and Production,0.0769,Climate Action,0.0,Life Below Water,0.1923,Life on Land,0.1923,"Peace, Justice and Strong Institutions",0.0,Partnerships for the Goals
NSW_Oberon_Rural_2024,2024,NSW,19,0.0526,No Poverty,0.0,Zero Hunger,0.6316,Good Health and Well-being,0.1053,Quality Education,0.0526,Gender Equality,0.1053,Clean Water and Sanitation,0.0,Affordable and Clean Energy,0.6842,Decent Work and Economic Growth,0.1053,"Industry, Innovation and Infrastructure",0.0,Reduced Inequalities,0.5789,Sustainable Cities and Communities,0.0,Responsible Consumption and Production,0.0,Climate Action,0.0,Life Below Water,0.1053,Life on Land,0.0526,"Peace, Justice and Strong Institutions",0.0526,Partnerships for the Goals
NSW_North Sydney_Urban_2024,2024,NSW,115,0.0957,No Poverty,0.0,Zero Hunger,0.6522,Good Health and Well-being,0.0609,Quality Education,0.0435,Gender Equality,0.0261,Clean Water and Sanitation,0.1826,Affordable and Clean Energy,0.8,Decent Work and Economic Growth,0.1217,"Industry, Innovation and Infrastructure",0.0,Reduced Inequalities,0.513,Sustainable Cities and Communities,0.0435,Responsible Consumption and Production,0.1913,Climate Action,0.0174,Life Below Water,0.0609,Life on Land,0.3565,"Peace, Justice and Strong Institutions",0.0435,Partnerships for the Goals
NSW_Northern Beaches_Urban_2024,2024,NSW,74,0.027,No Poverty,0.0,Zero Hunger,0.6486,Good Health and Well-being,0.0676,Quality Education,0.027,Gender Equality,0.1486,Clean Water and Sanitation,0.1081,Affordable and Clean Energy,0.7297,Decent Work and Economic Growth,0.0946,"Industry, Innovation and Infrastructure",0.0135,Reduced Inequalities,0.3784,Sustainable Cities and Communities,0.1216,Responsible Consumption and Production,0.2973,Climate Action,0.1216,Life Below Water,0.2432,Life on Land,0.2162,"Peace, Justice and Strong Institutions",0.0,Partnerships for the Goals
NSW_Parkes_Rural_2024,2024,NSW,53,0.0189,No Poverty,0.0,Zero Hunger,0.5094,Good Health and Well-being,0.0377,Quality Education,0.0,Gender Equality,0.1887,Clean Water and Sanitation,0.0755,Affordable and Clean Energy,0.6226,Decent Work and Economic Growth,0.1887,"Industry, Innovation and Infrastructure",0.0,Reduced Inequalities,0.3208,Sustainable Cities and Communities,0.1321,Responsible Consumption and Production,0.2453,Climate Action,0.0377,Life Below Water,0.1321,Life on Land,0.2642,"Peace, Justice and Strong Institutions",0.0566,Partnerships for the Goals
NSW_Orange_Urban_2024,2024,NSW,53,0.0755,No Poverty,0.0,Zero Hunger,0.566,Good Health and Well-being,0.0943,Quality Education,0.0,Gender Equality,0.1132,Clean Water and Sanitation,0.0189,Affordable and Clean Energy,0.6981,Decent Work and Economic Growth,0.0566,"Industry, Innovation and Infrastructure",0.0566,Reduced Inequalities,0.6038,Sustainable Cities and Communities,0.0943,Responsible Consumption and Production,0.1132,Climate Action,0.0,Life Below Water,0.0189,Life on Land,0.283,"Peace, Justice and Strong Institutions",0.0189,Partnerships for the Goals
NSW_Penrith_Urban_2024,2024,NSW,1,0.0,No Poverty,0.0,Zero Hunger,1.0,Good Health and Well-being,0.0,Quality Education,0.0,Gender Equality,0.0,Clean Water and Sanitation,0.0,Affordable and Clean Energy,1.0,Decent Work and Economic Growth,0.0,"Industry, Innovation and Infrastructure",0.0,Reduced Inequalities,1.0,Sustainable Cities and Communities,0.0,Responsible Consumption and Production,0.0,Climate Action,0.0,Life Below Water,0.0,Life on Land,1.0,"Peace, Justice and Strong Institutions",0.0,Partnerships for the Goals
NSW_Port Macquarie Hastings_Urban_2024,2024,NSW,16,0.0625,No Poverty,0.0,Zero Hunger,0.875,Good Health and Well-being,0.1875,Quality Education,0.0625,Gender Equality,0.25,Clean Water and Sanitation,0.0,Affordable and Clean Energy,0.9375,Decent Work and Economic Growth,0.125,"Industry, Innovation and Infrastructure",0.0,Reduced Inequalities,0.125,Sustainable Cities and Communities,0.0625,Responsible Consumption and Production,0.4375,Climate Action,0.0625,Life Below Water,0.125,Life on Land,0.375,"Peace, Justice and Strong Institutions",0.0625,Partnerships for the Goals
NSW_Richmond Valley_Urban_2024,2024,NSW,3,0.0,No Poverty,0.0,Zero Hunger,0.3333,Good Health and Well-being,0.0,Quality Education,0.0,Gender Equality,0.0,Clean Water and Sanitation,0.0,Affordable and Clean Energy,0.3333,Decent Work and Economic Growth,0.0,"Industry, Innovation and Infrastructure",0.0,Reduced Inequalities,1.0,Sustainable Cities and Communities,0.0,Responsible Consumption and Production,0.3333,Climate Action,0.0,Life Below Water,0.0,Life on Land,0.3333,"Peace, Justice and Strong Institutions",0.0,Partnerships for the Goals
NSW_Newcastle_Urban_2024,2024,NSW,66,0.0758,No Poverty,0.0,Zero Hunger,0.4848,Good Health and Well-being,0.0909,Quality Education,0.0606,Gender Equality,0.0909,Clean Water and Sanitation,0.1212,Affordable and Clean Energy,0.7121,Decent Work and Economic Growth,0.2273,"Industry, Innovation and Infrastructure",0.0152,Reduced Inequalities,0.1818,Sustainable Cities and Communities,0.1212,Responsible Consumption and Production,0.197,Climate Action,0.0303,Life Below Water,0.0606,Life on Land,0.3939,"Peace, Justice and Strong Institutions",0.0152,Partnerships for the Goals
NSW_Parramatta_Urban_2024,2024,NSW,45,0.0889,No Poverty,0.0,Zero Hunger,0.4889,Good Health and Well-being,0.0889,Quality Education,0.0444,Gender Equality,0.0889,Clean Water and Sanitation,0.1111,Affordable and Clean Energy,0.7111,Decent Work and Economic Growth,0.0667,"Industry, Innovation and Infrastructure",0.1333,Reduced Inequalities,0.2667,Sustainable Cities and Communities,0.1111,Responsible Consumption and Production,0.1556,Climate Action,0.0,Life Below Water,0.0667,Life on Land,0.3778,"Peace, Justice and Strong Institutions",0.0,Partnerships for the Goals
VIC_Maribyrnong_Urban_2023,2023,VIC,95,0.1368,No Poverty,0.0,Zero Hunger,0.6526,Good Health and Well-being,0.0526,Quality Education,0.0632,Gender Equality,0.0737,Clean Water and Sanitation,0.0526,Affordable and Clean Energy,0.6947,Decent Work and Economic Growth,0.0842,"Industry, Innovation and Infrastructure",0.0211,Reduced Inequalities,0.5579,Sustainable Cities and Communities,0.0737,Responsible Consumption and Production,0.1895,Climate Action,0.0,Life Below Water,0.0632,Life on Land,0.2632,"Peace, Justice and Strong Institutions",0.0526,Partnerships for the Goals
NSW_Shoalhaven_Urban_2024,2024,NSW,41,0.0244,No Poverty,0.0,Zero Hunger,0.5854,Good Health and Well-being,0.0244,Quality Education,0.0488,Gender Equality,0.0976,Clean Water and Sanitation,0.0244,Affordable and Clean Energy,0.7317,Decent Work and Economic Growth,0.0976,"Industry, Innovation and Infrastructure",0.0,Reduced Inequalities,0.4146,Sustainable Cities and Communities,0.0488,Responsible Consumption and Production,0.122,Climate Action,0.0732,Life Below Water,0.0976,Life on Land,0.3415,"Peace, Justice and Strong Institutions",0.0,Partnerships for the Goals
NSW_Port Stephens_Urban_2024,2024,NSW,69,0.1014,No Poverty,0.0,Zero Hunger,0.6232,Good Health and Well-being,0.1014,Quality Education,0.0435,Gender Equality,0.029,Clean Water and Sanitation,0.058,Affordable and Clean Energy,0.7681,Decent Work and Economic Growth,0.0725,"Industry, Innovation and Infrastructure",0.0,Reduced Inequalities,0.4203,Sustainable Cities and Communities,0.1014,Responsible Consumption and Production,0.1884,Climate Action,0.029,Life Below Water,0.1304,Life on Land,0.2609,"Peace, Justice and Strong Institutions",0.058,Partnerships for the Goals
NSW_Shellharbour_Urban_2024,2024,NSW,102,0.0294,No Poverty,0.0196,Zero Hunger,0.5294,Good Health and Well-being,0.1275,Quality Education,0.0588,Gender Equality,0.0882,Clean Water and Sanitation,0.0686,Affordable and Clean Energy,0.7157,Decent Work and Economic Growth,0.0784,"Industry, Innovation and Infrastructure",0.0294,Reduced Inequalities,0.4314,Sustainable Cities and Communities,0.0784,Responsible Consumption and Production,0.1863,Climate Action,0.049,Life Below Water,0.1765,Life on Land,0.3235,"Peace, Justice and Strong Institutions",0.0392,Partnerships for the Goals
NSW_Randwick_Urban_2024,2024,NSW,99,0.0707,No Poverty,0.0202,Zero Hunger,0.6263,Good Health and Well-being,0.0707,Quality Education,0.0101,Gender Equality,0.0303,Clean Water and Sanitation,0.101,Affordable and Clean Energy,0.7172,Decent Work and Economic Growth,0.0707,"Industry, Innovation and Infrastructure",0.0101,Reduced Inequalities,0.5152,Sustainable Cities and Communities,0.101,Responsible Consumption and Production,0.2121,Climate Action,0.0606,Life Below Water,0.1515,Life on Land,0.303,"Peace, Justice and Strong Institutions",0.0101,Partnerships for the Goals
NSW_Tamworth_Urban_2024,2024,NSW,23,0.0,No Poverty,0.0,Zero Hunger,0.5217,Good Health and Well-being,0.087,Quality Education,0.0,Gender Equality,0.1739,Clean Water and Sanitation,0.0435,Affordable and Clean Energy,0.5652,Decent Work and Economic Growth,0.0435,"Industry, Innovation and Infrastructure",0.0,Reduced Inequalities,0.4783,Sustainable Cities and Communities,0.0435,Responsible Consumption and Production,0.1739,Climate Action,0.0,Life Below Water,0.2174,Life on Land,0.2609,"Peace, Justice and Strong Institutions",0.0435,Partnerships for the Goals
NSW_Ryde_Urban_2024,2024,NSW,172,0.064,No Poverty,0.0058,Zero Hunger,0.593,Good Health and Well-being,0.064,Quality Education,0.0116,Gender Equality,0.0698,Clean Water and Sanitation,0.0872,Affordable and Clean Energy,0.6744,Decent Work and Economic Growth,0.1105,"Industry, Innovation and Infrastructure",0.0058,Reduced Inequalities,0.5698,Sustainable Cities and Communities,0.093,Responsible Consumption and Production,0.2267,Climate Action,0.0174,Life Below Water,0.093,Life on Land,0.1977,"Peace, Justice and Strong Institutions",0.0407,Partnerships for the Goals
NSW_Snowy Monaro_Urban_2024,2024,NSW,197,0.0305,No Poverty,0.0102,Zero Hunger,0.5482,Good Health and Well-being,0.0457,Quality Education,0.0305,Gender Equality,0.1269,Clean Water and Sanitation,0.066,Affordable and Clean Energy,0.6497,Decent Work and Economic Growth,0.1827,"Industry, Innovation and Infrastructure",0.0,Reduced Inequalities,0.4467,Sustainable Cities and Communities,0.0812,Responsible Consumption and Production,0.2183,Climate Action,0.0051,Life Below Water,0.1269,Life on Land,0.2893,"Peace, Justice and Strong Institutions",0.0152,Partnerships for the Goals
NSW_Sydney_Urban_2024,2024,NSW,94,0.1064,No Poverty,0.0106,Zero Hunger,0.5851,Good Health and Well-being,0.0638,Quality Education,0.0319,Gender Equality,0.0319,Clean Water and Sanitation,0.2021,Affordable and Clean Energy,0.8617,Decent Work and Economic Growth,0.1277,"Industry, Innovation and Infrastructure",0.0106,Reduced Inequalities,0.5957,Sustainable Cities and Communities,0.0745,Responsible Consumption and Production,0.266,Climate Action,0.0,Life Below Water,0.0106,Life on Land,0.234,"Peace, Justice and Strong Institutions",0.0532,Partnerships for the Goals
NSW_Tenterfield_Rural_2024,2024,NSW,3,0.3333,No Poverty,0.0,Zero Hunger,0.0,Good Health and Well-being,0.0,Quality Education,0.0,Gender Equality,0.0,Clean Water and Sanitation,0.0,Affordable and Clean Energy,0.6667,Decent Work and Economic Growth,0.0,"Industry, Innovation and Infrastructure",0.3333,Reduced Inequalities,0.6667,Sustainable Cities and Communities,0.0,Responsible Consumption and Production,0.6667,Climate Action,0.0,Life Below Water,0.0,Life on Land,0.3333,"Peace, Justice and Strong Institutions",0.0,Partnerships for the Goals
NSW_Upper Lachlan_Rural_2024,2024,NSW,5,0.0,No Poverty,0.0,Zero Hunger,0.6,Good Health and Well-being,0.0,Quality Education,0.0,Gender Equality,0.2,Clean Water and Sanitation,0.4,Affordable and Clean Energy,0.8,Decent Work and Economic Growth,0.2,"Industry, Innovation and Infrastructure",0.0,Reduced Inequalities,0.8,Sustainable Cities and Communities,0.0,Responsible Consumption and Production,0.0,Climate Action,0.0,Life Below Water,0.0,Life on Land,0.0,"Peace, Justice and Strong Institutions",0.0,Partnerships for the Goals
NSW_Temora_Rural_2024,2024,NSW,64,0.0625,No Poverty,0.0,Zero Hunger,0.5312,Good Health and Well-being,0.2969,Quality Education,0.0312,Gender Equality,0.0469,Clean Water and Sanitation,0.0312,Affordable and Clean Energy,0.7031,Decent Work and Economic Growth,0.0938,"Industry, Innovation and Infrastructure",0.0312,Reduced Inequalities,0.375,Sustainable Cities and Communities,0.0312,Responsible Consumption and Production,0.0938,Climate Action,0.0,Life Below Water,0.0156,Life on Land,0.3125,"Peace, Justice and Strong Institutions",0.0469,Partnerships for the Goals
NSW_Upper Hunter_Rural_2024,2024,NSW,55,0.0909,No Poverty,0.0,Zero Hunger,0.7091,Good Health and Well-being,0.0545,Quality Education,0.0,Gender Equality,0.1091,Clean Water and Sanitation,0.0182,Affordable and Clean Energy,0.7636,Decent Work and Economic Growth,0.1091,"Industry, Innovation and Infrastructure",0.0,Reduced Inequalities,0.5818,Sustainable Cities and Communities,0.0727,Responsible Consumption and Production,0.1818,Climate Action,0.0,Life Below Water,0.0909,Life on Land,0.3455,"Peace, Justice and Strong Institutions",0.0727,Partnerships for the Goals
NSW_Uralla_Rural_2024,2024,NSW,17,0.0,No Poverty,0.0,Zero Hunger,0.6471,Good Health and Well-being,0.0588,Quality Education,0.1176,Gender Equality,0.0588,Clean Water and Sanitation,0.0588,Affordable and Clean Energy,0.8824,Decent Work and Economic Growth,0.1176,"Industry, Innovation and Infrastructure",0.1765,Reduced Inequalities,0.2941,Sustainable Cities and Communities,0.1176,Responsible Consumption and Production,0.3529,Climate Action,0.0,Life Below Water,0.0588,Life on Land,0.4706,"Peace, Justice and Strong Institutions",0.0,Partnerships for the Goals
NSW_Walcha_Rural_2024,2024,NSW,11,0.0909,No Poverty,0.0,Zero Hunger,0.4545,Good Health and Well-being,0.0,Quality Education,0.0,Gender Equality,0.0909,Clean Water and Sanitation,0.0,Affordable and Clean Energy,0.5455,Decent Work and Economic Growth,0.5455,"Industry, Innovation and Infrastructure",0.0,Reduced Inequalities,0.4545,Sustainable Cities and Communities,0.1818,Responsible Consumption and Production,0.2727,Climate Action,0.0,Life Below Water,0.0,Life on Land,0.2727,"Peace, Justice and Strong Institutions",0.0,Partnerships for the Goals
NSW_The Hills_Urban_2024,2024,NSW,40,0.1,No Poverty,0.0,Zero Hunger,0.6,Good Health and Well-being,0.05,Quality Education,0.025,Gender Equality,0.15,Clean Water and Sanitation,0.05,Affordable and Clean Energy,0.7,Decent Work and Economic Growth,0.125,"Industry, Innovation and Infrastructure",0.05,Reduced Inequalities,0.525,Sustainable Cities and Communities,0.125,Responsible Consumption and Production,0.225,Climate Action,0.0,Life Below Water,0.125,Life on Land,0.4,"Peace, Justice and Strong Institutions",0.025,Partnerships for the Goals
NSW_Wagga Wagga_Urban_2024,2024,NSW,37,0.0811,No Poverty,0.0541,Zero Hunger,0.5946,Good Health and Well-being,0.2162,Quality Education,0.0811,Gender Equality,0.0811,Clean Water and Sanitation,0.027,Affordable and Clean Energy,0.7027,Decent Work and Economic Growth,0.0811,"Industry, Innovation and Infrastructure",0.0,Reduced Inequalities,0.4595,Sustainable Cities and Communities,0.0541,Responsible Consumption and Production,0.1622,Climate Action,0.027,Life Below Water,0.0541,Life on Land,0.2973,"Peace, Justice and Strong Institutions",0.0541,Partnerships for the Goals
NSW_Walgett_Rural_2024,2024,NSW,47,0.2128,No Poverty,0.0,Zero Hunger,0.7021,Good Health and Well-being,0.1915,Quality Education,0.0851,Gender Equality,0.2128,Clean Water and Sanitation,0.0213,Affordable and Clean Energy,0.7447,Decent Work and Economic Growth,0.0851,"Industry, Innovation and Infrastructure",0.0638,Reduced Inequalities,0.4043,Sustainable Cities and Communities,0.0,Responsible Consumption and Production,0.1489,Climate Action,0.0,Life Below Water,0.0426,Life on Land,0.5319,"Peace, Justice and Strong Institutions",0.0213,Partnerships for the Goals
NSW_Warrumbungle_Rural_2024,2024,NSW,46,0.0652,No Poverty,0.0,Zero Hunger,0.5217,Good Health and Well-being,0.0652,Quality Education,0.0,Gender Equality,0.2826,Clean Water and Sanitation,0.0,Affordable and Clean Energy,0.6522,Decent Work and Economic Growth,0.0652,"Industry, Innovation and Infrastructure",0.0,Reduced Inequalities,0.587,Sustainable Cities and Communities,0.0435,Responsible Consumption and Production,0.2174,Climate Action,0.0,Life Below Water,0.0435,Life on Land,0.1957,"Peace, Justice and Strong Institutions",0.0,Partnerships for the Goals
NSW_Cowra_Rural_2024,2024,NSW,24,0.125,No Poverty,0.0417,Zero Hunger,0.5417,Good Health and Well-being,0.0,Quality Education,0.125,Gender Equality,0.0833,Clean Water and Sanitation,0.0417,Affordable and Clean Energy,0.5417,Decent Work and Economic Growth,0.0417,"Industry, Innovation and Infrastructure",0.0417,Reduced Inequalities,0.1667,Sustainable Cities and Communities,0.0,Responsible Consumption and Production,0.2083,Climate Action,0.0,Life Below Water,0.1667,Life on Land,0.3333,"Peace, Justice and Strong Institutions",0.0417,Partnerships for the Goals
NSW_Warren_Rural_2024,2024,NSW,84,0.0595,No Poverty,0.0,Zero Hunger,0.4881,Good Health and Well-being,0.0714,Quality Education,0.0119,Gender Equality,0.1786,Clean Water and Sanitation,0.0476,Affordable and Clean Energy,0.631,Decent Work and Economic Growth,0.0833,"Industry, Innovation and Infrastructure",0.0357,Reduced Inequalities,0.4048,Sustainable Cities and Communities,0.119,Responsible Consumption and Production,0.2262,Climate Action,0.0,Life Below Water,0.119,Life on Land,0.3214,"Peace, Justice and Strong Institutions",0.0,Partnerships for the Goals
NSW_Wentworth_Rural_2024,2024,NSW,34,0.0294,No Poverty,0.0,Zero Hunger,0.6176,Good Health and Well-being,0.1471,Quality Education,0.0588,Gender Equality,0.0588,Clean Water and Sanitation,0.0,Affordable and Clean Energy,0.6471,Decent Work and Economic Growth,0.0,"Industry, Innovation and Infrastructure",0.0588,Reduced Inequalities,0.5,Sustainable Cities and Communities,0.0294,Responsible Consumption and Production,0.1765,Climate Action,0.0,Life Below Water,0.0588,Life on Land,0.3529,"Peace, Justice and Strong Institutions",0.0,Partnerships for the Goals
NSW_Yass Valley_Rural_2024,2024,NSW,12,0.0,No Poverty,0.0,Zero Hunger,0.4167,Good Health and Well-being,0.25,Quality Education,0.0833,Gender Equality,0.0,Clean Water and Sanitation,0.0,Affordable and Clean Energy,0.5833,Decent Work and Economic Growth,0.0833,"Industry, Innovation and Infrastructure",0.0,Reduced Inequalities,0.3333,Sustainable Cities and Communities,0.0,Responsible Consumption and Production,0.25,Climate Action,0.0,Life Below Water,0.0833,Life on Land,0.0833,"Peace, Justice and Strong Institutions",0.0,Partnerships for the Goals
NSW_Weddin_Rural_2024,2024,NSW,10,0.0,No Poverty,0.0,Zero Hunger,0.2,Good Health and Well-being,0.1,Quality Education,0.1,Gender Equality,0.1,Clean Water and Sanitation,0.0,Affordable and Clean Energy,0.6,Decent Work and Economic Growth,0.1,"Industry, Innovation and Infrastructure",0.0,Reduced Inequalities,0.5,Sustainable Cities and Communities,0.0,Responsible Consumption and Production,0.0,Climate Action,0.0,Life Below Water,0.2,Life on Land,0.3,"Peace, Justice and Strong Institutions",0.0,Partnerships for the Goals
NT_Alice Springs_Urban_2024,2024,NT,14,0.0714,No Poverty,0.0,Zero Hunger,0.7857,Good Health and Well-being,0.1429,Quality Education,0.0,Gender Equality,0.0,Clean Water and Sanitation,0.2143,Affordable and Clean Energy,0.8571,Decent Work and Economic Growth,0.1429,"Industry, Innovation and Infrastructure",0.0,Reduced Inequalities,0.6429,Sustainable Cities and Communities,0.0,Responsible Consumption and Production,0.3571,Climate Action,0.0,Life Below Water,0.0714,Life on Land,0.2857,"Peace, Justice and Strong Institutions",0.0,Partnerships for the Goals
NT_Barkly_Rural_2024,2024,NT,19,0.0,No Poverty,0.0,Zero Hunger,0.5789,Good Health and Well-being,0.1053,Quality Education,0.0,Gender Equality,0.0526,Clean Water and Sanitation,0.0,Affordable and Clean Energy,0.7368,Decent Work and Economic Growth,0.1579,"Industry, Innovation and Infrastructure",0.0,Reduced Inequalities,0.3684,Sustainable Cities and Communities,0.0,Responsible Consumption and Production,0.0526,Climate Action,0.0526,Life Below Water,0.0,Life on Land,0.5263,"Peace, Justice and Strong Institutions",0.0,Partnerships for the Goals
NSW_Woollahra_Urban_2024,2024,NSW,62,0.129,No Poverty,0.0,Zero Hunger,0.5161,Good Health and Well-being,0.0645,Quality Education,0.0645,Gender Equality,0.1452,Clean Water and Sanitation,0.1129,Affordable and Clean Energy,0.629,Decent Work and Economic Growth,0.0806,"Industry, Innovation and Infrastructure",0.0161,Reduced Inequalities,0.5484,Sustainable Cities and Communities,0.0323,Responsible Consumption and Production,0.2097,Climate Action,0.0484,Life Below Water,0.129,Life on Land,0.2419,"Peace, Justice and Strong Institutions",0.0161,Partnerships for the Goals
NT_Coomalie_Rural_2024,2024,NT,2,0.0,No Poverty,0.0,Zero Hunger,0.5,Good Health and Well-being,0.0,Quality Education,0.0,Gender Equality,0.0,Clean Water and Sanitation,0.0,Affordable and Clean Energy,1.0,Decent Work and Economic Growth,1.0,"Industry, Innovation and Infrastructure",0.0,Reduced Inequalities,0.5,Sustainable Cities and Communities,0.0,Responsible Consumption and Production,0.5,Climate Action,0.0,Life Below Water,0.0,Life on Land,0.5,"Peace, Justice and Strong Institutions",0.0,Partnerships for the Goals
NSW_Canterbury Banks_Urban_2024,2024,NSW,39,0.0513,No Poverty,0.0,Zero Hunger,0.6667,Good Health and Well-being,0.1026,Quality Education,0.1026,Gender Equality,0.1282,Clean Water and Sanitation,0.1026,Affordable and Clean Energy,0.7436,Decent Work and Economic Growth,0.0256,"Industry, Innovation and Infrastructure",0.0,Reduced Inequalities,0.5128,Sustainable Cities and Communities,0.0256,Responsible Consumption and Production,0.1795,Climate Action,0.0,Life Below Water,0.1026,Life on Land,0.359,"Peace, Justice and Strong Institutions",0.0513,Partnerships for the Goals
NT_Katherine_Rural_2024,2024,NT,23,0.0435,No Poverty,0.0,Zero Hunger,0.3043,Good Health and Well-being,0.0435,Quality Education,0.1304,Gender Equality,0.0435,Clean Water and Sanitation,0.0435,Affordable and Clean Energy,0.4783,Decent Work and Economic Growth,0.1739,"Industry, Innovation and Infrastructure",0.0,Reduced Inequalities,0.4783,Sustainable Cities and Communities,0.087,Responsible Consumption and Production,0.0435,Climate Action,0.0,Life Below Water,0.087,Life on Land,0.3478,"Peace, Justice and Strong Institutions",0.0,Partnerships for the Goals
NSW_Wollongong_Urban_2024,2024,NSW,168,0.0833,No Poverty,0.0179,Zero Hunger,0.6012,Good Health and Well-being,0.1012,Quality Education,0.0595,Gender Equality,0.0893,Clean Water and Sanitation,0.0595,Affordable and Clean Energy,0.6429,Decent Work and Economic Growth,0.1131,"Industry, Innovation and Infrastructure",0.0179,Reduced Inequalities,0.4167,Sustainable Cities and Communities,0.0298,Responsible Consumption and Production,0.1905,Climate Action,0.0536,Life Below Water,0.0833,Life on Land,0.2857,"Peace, Justice and Strong Institutions",0.0238,Partnerships for the Goals
NT_Litchfield_Urban_2024,2024,NT,23,0.0,No Poverty,0.0,Zero Hunger,0.6522,Good Health and Well-being,0.087,Quality Education,0.0435,Gender Equality,0.0,Clean Water and Sanitation,0.1304,Affordable and Clean Energy,0.6087,Decent Work and Economic Growth,0.1304,"Industry, Innovation and Infrastructure",0.0435,Reduced Inequalities,0.5217,Sustainable Cities and Communities,0.0,Responsible Consumption and Production,0.0435,Climate Action,0.0,Life Below Water,0.1304,Life on Land,0.1304,"Peace, Justice and Strong Institutions",0.0,Partnerships for the Goals
NT_Macdonnell_Rural_2024,2024,NT,32,0.0312,No Poverty,0.0312,Zero Hunger,0.625,Good Health and Well-being,0.25,Quality Education,0.0625,Gender Equality,0.0,Clean Water and Sanitation,0.0312,Affordable and Clean Energy,0.8438,Decent Work and Economic Growth,0.3438,"Industry, Innovation and Infrastructure",0.0,Reduced Inequalities,0.2188,Sustainable Cities and Communities,0.0,Responsible Consumption and Production,0.1875,Climate Action,0.0,Life Below Water,0.0625,Life on Land,0.4062,"Peace, Justice and Strong Institutions",0.0,Partnerships for the Goals
NT_Palmerston_Urban_2024,2024,NT,38,0.0526,No Poverty,0.0263,Zero Hunger,0.6053,Good Health and Well-being,0.1053,Quality Education,0.0789,Gender Equality,0.0526,Clean Water and Sanitation,0.0789,Affordable and Clean Energy,0.7105,Decent Work and Economic Growth,0.0789,"Industry, Innovation and Infrastructure",0.0,Reduced Inequalities,0.3158,Sustainable Cities and Communities,0.0526,Responsible Consumption and Production,0.1316,Climate Action,0.0263,Life Below Water,0.0789,Life on Land,0.2895,"Peace, Justice and Strong Institutions",0.0263,Partnerships for the Goals
NT_Roper Gulf_Rural_2024,2024,NT,22,0.0909,No Poverty,0.0,Zero Hunger,0.4545,Good Health and Well-being,0.1818,Quality Education,0.0909,Gender Equality,0.0909,Clean Water and Sanitation,0.0,Affordable and Clean Energy,0.8182,Decent Work and Economic Growth,0.1364,"Industry, Innovation and Infrastructure",0.0,Reduced Inequalities,0.4091,Sustainable Cities and Communities,0.0909,Responsible Consumption and Production,0.1364,Climate Action,0.0,Life Below Water,0.0455,Life on Land,0.4091,"Peace, Justice and Strong Institutions",0.0,Partnerships for the Goals
NT_East Arnhem_Rural_2024,2024,NT,71,0.0563,No Poverty,0.0141,Zero Hunger,0.5211,Good Health and Well-being,0.1972,Quality Education,0.0563,Gender Equality,0.0704,Clean Water and Sanitation,0.0,Affordable and Clean Energy,0.6901,Decent Work and Economic Growth,0.1549,"Industry, Innovation and Infrastructure",0.0,Reduced Inequalities,0.3239,Sustainable Cities and Communities,0.0563,Responsible Consumption and Production,0.1127,Climate Action,0.0141,Life Below Water,0.0563,Life on Land,0.493,"Peace, Justice and Strong Institutions",0.0141,Partnerships for the Goals
NT_Victoria Daly_Rural_2024,2024,NT,23,0.1304,No Poverty,0.0,Zero Hunger,0.8261,Good Health and Well-being,0.2174,Quality Education,0.1304,Gender Equality,0.0,Clean Water and Sanitation,0.0,Affordable and Clean Energy,0.5217,Decent Work and Economic Growth,0.087,"Industry, Innovation and Infrastructure",0.0,Reduced Inequalities,0.3043,Sustainable Cities and Communities,0.087,Responsible Consumption and Production,0.1304,Climate Action,0.0,Life Below Water,0.087,Life on Land,0.2609,"Peace, Justice and Strong Institutions",0.0,Partnerships for the Goals
NT_West Arnhem_Rural_2024,2024,NT,28,0.0357,No Poverty,0.0357,Zero Hunger,0.6429,Good Health and Well-being,0.3214,Quality Education,0.1071,Gender Equality,0.0,Clean Water and Sanitation,0.0,Affordable and Clean Energy,0.75,Decent Work and Economic Growth,0.0714,"Industry, Innovation and Infrastructure",0.0,Reduced Inequalities,0.3571,Sustainable Cities and Communities,0.0,Responsible Consumption and Production,0.0714,Climate Action,0.0357,Life Below Water,0.0,Life on Land,0.3929,"Peace, Justice and Strong Institutions",0.1071,Partnerships for the Goals
QLD_Aurukun_Rural_2024,2024,QLD,6,0.0,No Poverty,0.0,Zero Hunger,0.5,Good Health and Well-being,0.0,Quality Education,0.1667,Gender Equality,0.0,Clean Water and Sanitation,0.0,Affordable and Clean Energy,0.3333,Decent Work and Economic Growth,0.0,"Industry, Innovation and Infrastructure",0.0,Reduced Inequalities,0.6667,Sustainable Cities and Communities,0.0,Responsible Consumption and Production,0.0,Climate Action,0.0,Life Below Water,0.0,Life on Land,0.8333,"Peace, Justice and Strong Institutions",0.0,Partnerships for the Goals
NT_West Daly_Rural_2024,2024,NT,44,0.0909,No Poverty,0.0,Zero Hunger,0.6136,Good Health and Well-being,0.0455,Quality Education,0.0,Gender Equality,0.0682,Clean Water and Sanitation,0.1818,Affordable and Clean Energy,0.7045,Decent Work and Economic Growth,0.1136,"Industry, Innovation and Infrastructure",0.0455,Reduced Inequalities,0.5682,Sustainable Cities and Communities,0.0455,Responsible Consumption and Production,0.1818,Climate Action,0.0,Life Below Water,0.1136,Life on Land,0.1364,"Peace, Justice and Strong Institutions",0.0682,Partnerships for the Goals
NT_Wagait_Urban_2024,2024,NT,11,0.0909,No Poverty,0.0,Zero Hunger,0.8182,Good Health and Well-being,0.0,Quality Education,0.0,Gender Equality,0.0,Clean Water and Sanitation,0.0,Affordable and Clean Energy,0.6364,Decent Work and Economic Growth,0.1818,"Industry, Innovation and Infrastructure",0.0,Reduced Inequalities,0.7273,Sustainable Cities and Communities,0.0,Responsible Consumption and Production,0.0909,Climate Action,0.0,Life Below Water,0.0,Life on Land,0.4545,"Peace, Justice and Strong Institutions",0.0909,Partnerships for the Goals
NT_Tiwi Islands_Rural_2024,2024,NT,7,0.1429,No Poverty,0.0,Zero Hunger,0.7143,Good Health and Well-being,0.0,Quality Education,0.0,Gender Equality,0.2857,Clean Water and Sanitation,0.0,Affordable and Clean Energy,0.8571,Decent Work and Economic Growth,0.2857,"Industry, Innovation and Infrastructure",0.0,Reduced Inequalities,0.5714,Sustainable Cities and Communities,0.1429,Responsible Consumption and Production,0.2857,Climate Action,0.1429,Life Below Water,0.0,Life on Land,0.7143,"Peace, Justice and Strong Institutions",0.0,Partnerships for the Goals
QLD_Banana_Rural_2024,2024,QLD,41,0.0976,No Poverty,0.0244,Zero Hunger,0.3659,Good Health and Well-being,0.1463,Quality Education,0.0,Gender Equality,0.0488,Clean Water and Sanitation,0.0244,Affordable and Clean Energy,0.6829,Decent Work and Economic Growth,0.1707,"Industry, Innovation and Infrastructure",0.0244,Reduced Inequalities,0.3659,Sustainable Cities and Communities,0.0488,Responsible Consumption and Production,0.2195,Climate Action,0.0,Life Below Water,0.0244,Life on Land,0.2439,"Peace, Justice and Strong Institutions",0.0488,Partnerships for the Goals
QLD_Barcaldine_Rural_2024,2024,QLD,14,0.1429,No Poverty,0.0,Zero Hunger,0.5714,Good Health and Well-being,0.0714,Quality Education,0.1429,Gender Equality,0.0,Clean Water and Sanitation,0.0,Affordable and Clean Energy,0.7857,Decent Work and Economic Growth,0.1429,"Industry, Innovation and Infrastructure",0.0,Reduced Inequalities,0.3571,Sustainable Cities and Communities,0.0,Responsible Consumption and Production,0.2857,Climate Action,0.0,Life Below Water,0.0,Life on Land,0.0714,"Peace, Justice and Strong Institutions",0.0,Partnerships for the Goals
QLD_Barcoo_Rural_2024,2024,QLD,8,0.125,No Poverty,0.125,Zero Hunger,0.75,Good Health and Well-being,0.0,Quality Education,0.0,Gender Equality,0.25,Clean Water and Sanitation,0.0,Affordable and Clean Energy,0.875,Decent Work and Economic Growth,0.25,"Industry, Innovation and Infrastructure",0.0,Reduced Inequalities,0.625,Sustainable Cities and Communities,0.0,Responsible Consumption and Production,0.125,Climate Action,0.0,Life Below Water,0.125,Life on Land,0.125,"Peace, Justice and Strong Institutions",0.0,Partnerships for the Goals
QLD_Balonne_Rural_2024,2024,QLD,73,0.0137,No Poverty,0.0685,Zero Hunger,0.3288,Good Health and Well-being,0.0822,Quality Education,0.0137,Gender Equality,0.1233,Clean Water and Sanitation,0.0548,Affordable and Clean Energy,0.589,Decent Work and Economic Growth,0.0685,"Industry, Innovation and Infrastructure",0.0,Reduced Inequalities,0.3014,Sustainable Cities and Communities,0.0685,Responsible Consumption and Production,0.1918,Climate Action,0.0137,Life Below Water,0.137,Life on Land,0.137,"Peace, Justice and Strong Institutions",0.0274,Partnerships for the Goals
QLD_Blackall Tambo_Rural_2024,2024,QLD,15,0.0667,No Poverty,0.0,Zero Hunger,0.3333,Good Health and Well-being,0.0667,Quality Education,0.0667,Gender Equality,0.0667,Clean Water and Sanitation,0.0,Affordable and Clean Energy,0.6,Decent Work and Economic Growth,0.0667,"Industry, Innovation and Infrastructure",0.0,Reduced Inequalities,0.8,Sustainable Cities and Communities,0.0,Responsible Consumption and Production,0.2,Climate Action,0.0667,Life Below Water,0.0,Life on Land,0.5333,"Peace, Justice and Strong Institutions",0.0,Partnerships for the Goals
QLD_Bundaberg_Urban_2024,2024,QLD,6,0.3333,No Poverty,0.0,Zero Hunger,0.5,Good Health and Well-being,0.0,Quality Education,0.0,Gender Equality,0.0,Clean Water and Sanitation,0.0,Affordable and Clean Energy,1.0,Decent Work and Economic Growth,0.0,"Industry, Innovation and Infrastructure",0.0,Reduced Inequalities,0.6667,Sustainable Cities and Communities,0.1667,Responsible Consumption and Production,0.3333,Climate Action,0.0,Life Below Water,0.1667,Life on Land,0.3333,"Peace, Justice and Strong Institutions",0.0,Partnerships for the Goals
QLD_Burke_Rural_2024,2024,QLD,7,0.1429,No Poverty,0.0,Zero Hunger,0.7143,Good Health and Well-being,0.0,Quality Education,0.0,Gender Equality,0.0,Clean Water and Sanitation,0.0,Affordable and Clean Energy,0.8571,Decent Work and Economic Growth,0.0,"Industry, Innovation and Infrastructure",0.0,Reduced Inequalities,0.5714,Sustainable Cities and Communities,0.0,Responsible Consumption and Production,0.8571,Climate Action,0.0,Life Below Water,0.0,Life on Land,0.1429,"Peace, Justice and Strong Institutions",0.0,Partnerships for the Goals
QLD_Burdekin_Rural_2024,2024,QLD,67,0.0299,No Poverty,0.0149,Zero Hunger,0.4179,Good Health and Well-being,0.0746,Quality Education,0.0,Gender Equality,0.1642,Clean Water and Sanitation,0.0149,Affordable and Clean Energy,0.7164,Decent Work and Economic Growth,0.1642,"Industry, Innovation and Infrastructure",0.0149,Reduced Inequalities,0.403,Sustainable Cities and Communities,0.0896,Responsible Consumption and Production,0.1493,Climate Action,0.0149,Life Below Water,0.0448,Life on Land,0.3284,"Peace, Justice and Strong Institutions",0.0448,Partnerships for the Goals
QLD_Cairns_Urban_2024,2024,QLD,14,0.0714,No Poverty,0.0,Zero Hunger,0.5,Good Health and Well-being,0.0,Quality Education,0.0,Gender Equality,0.0714,Clean Water and Sanitation,0.0,Affordable and Clean Energy,0.7143,Decent Work and Economic Growth,0.0,"Industry, Innovation and Infrastructure",0.0714,Reduced Inequalities,0.5,Sustainable Cities and Communities,0.1429,Responsible Consumption and Production,0.3571,Climate Action,0.0,Life Below Water,0.0,Life on Land,0.3571,"Peace, Justice and Strong Institutions",0.0,Partnerships for the Goals
QLD_Carpentaria_Rural_2024,2024,QLD,9,0.0,No Poverty,0.0,Zero Hunger,0.1111,Good Health and Well-being,0.0,Quality Education,0.0,Gender Equality,0.0,Clean Water and Sanitation,0.0,Affordable and Clean Energy,0.7778,Decent Work and Economic Growth,0.0,"Industry, Innovation and Infrastructure",0.0,Reduced Inequalities,0.6667,Sustainable Cities and Communities,0.1111,Responsible Consumption and Production,0.0,Climate Action,0.0,Life Below Water,0.0,Life on Land,0.6667,"Peace, Justice and Strong Institutions",0.0,Partnerships for the Goals
QLD_Cassowary Coast_Urban_2024,2024,QLD,21,0.2381,No Poverty,0.0,Zero Hunger,0.4762,Good Health and Well-being,0.1905,Quality Education,0.0952,Gender Equality,0.0,Clean Water and Sanitation,0.0476,Affordable and Clean Energy,0.8571,Decent Work and Economic Growth,0.1429,"Industry, Innovation and Infrastructure",0.0476,Reduced Inequalities,0.3333,Sustainable Cities and Communities,0.1905,Responsible Consumption and Production,0.1905,Climate Action,0.0476,Life Below Water,0.0952,Life on Land,0.2381,"Peace, Justice and Strong Institutions",0.0,Partnerships for the Goals
QLD_Boulia_Rural_2024,2024,QLD,17,0.0588,No Poverty,0.0,Zero Hunger,0.3529,Good Health and Well-being,0.1765,Quality Education,0.0588,Gender Equality,0.0588,Clean Water and Sanitation,0.1176,Affordable and Clean Energy,0.3529,Decent Work and Economic Growth,0.1765,"Industry, Innovation and Infrastructure",0.0,Reduced Inequalities,0.2941,Sustainable Cities and Communities,0.1176,Responsible Consumption and Production,0.1176,Climate Action,0.0,Life Below Water,0.1765,Life on Land,0.1765,"Peace, Justice and Strong Institutions",0.1176,Partnerships for the Goals
QLD_Central Highlands_Urban_2024,2024,QLD,49,0.0204,No Poverty,0.0,Zero Hunger,0.4286,Good Health and Well-being,0.1224,Quality Education,0.0612,Gender Equality,0.2041,Clean Water and Sanitation,0.0204,Affordable and Clean Energy,0.6327,Decent Work and Economic Growth,0.2653,"Industry, Innovation and Infrastructure",0.0204,Reduced Inequalities,0.3265,Sustainable Cities and Communities,0.102,Responsible Consumption and Production,0.1837,Climate Action,0.0204,Life Below Water,0.0204,Life on Land,0.3673,"Peace, Justice and Strong Institutions",0.0408,Partnerships for the Goals
QLD_Charters Towers_Rural_2024,2024,QLD,48,0.0625,No Poverty,0.0,Zero Hunger,0.4583,Good Health and Well-being,0.0625,Quality Education,0.0,Gender Equality,0.1667,Clean Water and Sanitation,0.0208,Affordable and Clean Energy,0.6042,Decent Work and Economic Growth,0.2083,"Industry, Innovation and Infrastructure",0.0,Reduced Inequalities,0.4792,Sustainable Cities and Communities,0.0625,Responsible Consumption and Production,0.1667,Climate Action,0.0,Life Below Water,0.125,Life on Land,0.4167,"Peace, Justice and Strong Institutions",0.0417,Partnerships for the Goals
QLD_Bulloo_Rural_2024,2024,QLD,19,0.0,No Poverty,0.0,Zero Hunger,0.4737,Good Health and Well-being,0.0526,Quality Education,0.0526,Gender Equality,0.0,Clean Water and Sanitation,0.0,Affordable and Clean Energy,0.5263,Decent Work and Economic Growth,0.0526,"Industry, Innovation and Infrastructure",0.0,Reduced Inequalities,0.5789,Sustainable Cities and Communities,0.0,Responsible Consumption and Production,0.2632,Climate Action,0.0,Life Below Water,0.1579,Life on Land,0.3158,"Peace, Justice and Strong Institutions",0.0526,Partnerships for the Goals
QLD_Cherbourg_Rural_2024,2024,QLD,21,0.1905,No Poverty,0.0,Zero Hunger,0.619,Good Health and Well-being,0.0476,Quality Education,0.0,Gender Equality,0.0476,Clean Water and Sanitation,0.0,Affordable and Clean Energy,0.8095,Decent Work and Economic Growth,0.0476,"Industry, Innovation and Infrastructure",0.0476,Reduced Inequalities,0.6667,Sustainable Cities and Communities,0.0476,Responsible Consumption and Production,0.1905,Climate Action,0.0,Life Below Water,0.0,Life on Land,0.3333,"Peace, Justice and Strong Institutions",0.0,Partnerships for the Goals
NT_Central Desert_Rural_2024,2024,NT,38,0.1316,No Poverty,0.0263,Zero Hunger,0.5526,Good Health and Well-being,0.1316,Quality Education,0.0263,Gender Equality,0.0,Clean Water and Sanitation,0.0,Affordable and Clean Energy,0.7105,Decent Work and Economic Growth,0.1842,"Industry, Innovation and Infrastructure",0.0,Reduced Inequalities,0.2895,Sustainable Cities and Communities,0.0526,Responsible Consumption and Production,0.1842,Climate Action,0.0,Life Below Water,0.1842,Life on Land,0.2632,"Peace, Justice and Strong Institutions",0.0789,Partnerships for the Goals
QLD_Cook_Rural_2024,2024,QLD,12,0.25,No Poverty,0.0,Zero Hunger,0.25,Good Health and Well-being,0.0,Quality Education,0.0,Gender Equality,0.0,Clean Water and Sanitation,0.1667,Affordable and Clean Energy,0.8333,Decent Work and Economic Growth,0.0833,"Industry, Innovation and Infrastructure",0.0,Reduced Inequalities,0.3333,Sustainable Cities and Communities,0.0,Responsible Consumption and Production,0.5833,Climate Action,0.0,Life Below Water,0.0833,Life on Land,0.1667,"Peace, Justice and Strong Institutions",0.0,Partnerships for the Goals
QLD_Diamantina_Rural_2024,2024,QLD,4,0.0,No Poverty,0.0,Zero Hunger,0.75,Good Health and Well-being,0.0,Quality Education,0.0,Gender Equality,0.25,Clean Water and Sanitation,0.0,Affordable and Clean Energy,1.0,Decent Work and Economic Growth,0.0,"Industry, Innovation and Infrastructure",0.0,Reduced Inequalities,0.5,Sustainable Cities and Communities,0.25,Responsible Consumption and Production,0.25,Climate Action,0.0,Life Below Water,0.0,Life on Land,0.5,"Peace, Justice and Strong Institutions",0.0,Partnerships for the Goals
QLD_Doomadgee_Rural_2024,2024,QLD,21,0.0476,No Poverty,0.0476,Zero Hunger,0.4762,Good Health and Well-being,0.0952,Quality Education,0.0476,Gender Equality,0.0476,Clean Water and Sanitation,0.0952,Affordable and Clean Energy,0.6667,Decent Work and Economic Growth,0.0952,"Industry, Innovation and Infrastructure",0.0,Reduced Inequalities,0.4286,Sustainable Cities and Communities,0.0476,Responsible Consumption and Production,0.3333,Climate Action,0.0476,Life Below Water,0.0476,Life on Land,0.4286,"Peace, Justice and Strong Institutions",0.0476,Partnerships for the Goals
QLD_Douglas_Rural_2024,2024,QLD,18,0.0556,No Poverty,0.0,Zero Hunger,0.3333,Good Health and Well-being,0.0,Quality Education,0.0556,Gender Equality,0.0,Clean Water and Sanitation,0.0,Affordable and Clean Energy,0.6111,Decent Work and Economic Growth,0.0,"Industry, Innovation and Infrastructure",0.0,Reduced Inequalities,0.5,Sustainable Cities and Communities,0.0,Responsible Consumption and Production,0.4444,Climate Action,0.0556,Life Below Water,0.1111,Life on Land,0.1111,"Peace, Justice and Strong Institutions",0.0,Partnerships for the Goals
QLD_Fraser Coast_Urban_2024,2024,QLD,4,0.0,No Poverty,0.0,Zero Hunger,0.5,Good Health and Well-being,0.0,Quality Education,0.0,Gender Equality,0.25,Clean Water and Sanitation,0.25,Affordable and Clean Energy,0.75,Decent Work and Economic Growth,0.0,"Industry, Innovation and Infrastructure",0.0,Reduced Inequalities,0.25,Sustainable Cities and Communities,0.0,Responsible Consumption and Production,0.0,Climate Action,0.25,Life Below Water,0.25,Life on Land,0.0,"Peace, Justice and Strong Institutions",0.0,Partnerships for the Goals
QLD_Flinders_Rural_2024,2024,QLD,19,0.1053,No Poverty,0.0,Zero Hunger,0.4211,Good Health and Well-being,0.0,Quality Education,0.0,Gender Equality,0.2632,Clean Water and Sanitation,0.2105,Affordable and Clean Energy,0.5789,Decent Work and Economic Growth,0.3158,"Industry, Innovation and Infrastructure",0.0526,Reduced Inequalities,0.3158,Sustainable Cities and Communities,0.0526,Responsible Consumption and Production,0.2632,Climate Action,0.0,Life Below Water,0.0,Life on Land,0.3158,"Peace, Justice and Strong Institutions",0.0,Partnerships for the Goals
QLD_Goldcoast_Urban_2024,2024,QLD,12,0.0,No Poverty,0.0,Zero Hunger,0.6667,Good Health and Well-being,0.0833,Quality Education,0.0,Gender Equality,0.0833,Clean Water and Sanitation,0.0833,Affordable and Clean Energy,0.6667,Decent Work and Economic Growth,0.0833,"Industry, Innovation and Infrastructure",0.0,Reduced Inequalities,0.5833,Sustainable Cities and Communities,0.1667,Responsible Consumption and Production,0.25,Climate Action,0.0,Life Below Water,0.0833,Life on Land,0.1667,"Peace, Justice and Strong Institutions",0.0833,Partnerships for the Goals
QLD_Croydon_Rural_2024,2024,QLD,12,0.0,No Poverty,0.0,Zero Hunger,0.5,Good Health and Well-being,0.0,Quality Education,0.0,Gender Equality,0.0833,Clean Water and Sanitation,0.0,Affordable and Clean Energy,1.0,Decent Work and Economic Growth,0.25,"Industry, Innovation and Infrastructure",0.0,Reduced Inequalities,0.5833,Sustainable Cities and Communities,0.0,Responsible Consumption and Production,0.3333,Climate Action,0.0,Life Below Water,0.0,Life on Land,0.3333,"Peace, Justice and Strong Institutions",0.0,Partnerships for the Goals
QLD_Gladstone_Urban_2024,2024,QLD,40,0.125,No Poverty,0.0,Zero Hunger,0.725,Good Health and Well-being,0.1,Quality Education,0.15,Gender Equality,0.0,Clean Water and Sanitation,0.05,Affordable and Clean Energy,0.875,Decent Work and Economic Growth,0.15,"Industry, Innovation and Infrastructure",0.025,Reduced Inequalities,0.5,Sustainable Cities and Communities,0.075,Responsible Consumption and Production,0.125,Climate Action,0.0,Life Below Water,0.0,Life on Land,0.725,"Peace, Justice and Strong Institutions",0.0,Partnerships for the Goals
QLD_Goondiwindi_Rural_2024,2024,QLD,9,0.0,No Poverty,0.0,Zero Hunger,0.3333,Good Health and Well-being,0.0,Quality Education,0.0,Gender Equality,0.2222,Clean Water and Sanitation,0.4444,Affordable and Clean Energy,0.3333,Decent Work and Economic Growth,0.0,"Industry, Innovation and Infrastructure",0.0,Reduced Inequalities,0.3333,Sustainable Cities and Communities,0.0,Responsible Consumption and Production,0.1111,Climate Action,0.0,Life Below Water,0.0,Life on Land,0.4444,"Peace, Justice and Strong Institutions",0.0,Partnerships for the Goals
QLD_Gympie_Urban_2024,2024,QLD,5,0.2,No Poverty,0.0,Zero Hunger,0.6,Good Health and Well-being,0.0,Quality Education,0.0,Gender Equality,0.2,Clean Water and Sanitation,0.0,Affordable and Clean Energy,0.8,Decent Work and Economic Growth,0.2,"Industry, Innovation and Infrastructure",0.0,Reduced Inequalities,0.4,Sustainable Cities and Communities,0.2,Responsible Consumption and Production,0.2,Climate Action,0.0,Life Below Water,0.0,Life on Land,0.6,"Peace, Justice and Strong Institutions",0.0,Partnerships for the Goals
QLD_Ipswich_Urban_2024,2024,QLD,1,0.0,No Poverty,0.0,Zero Hunger,1.0,Good Health and Well-being,0.0,Quality Education,0.0,Gender Equality,0.0,Clean Water and Sanitation,0.0,Affordable and Clean Energy,1.0,Decent Work and Economic Growth,0.0,"Industry, Innovation and Infrastructure",0.0,Reduced Inequalities,1.0,Sustainable Cities and Communities,0.0,Responsible Consumption and Production,0.0,Climate Action,0.0,Life Below Water,0.0,Life on Land,1.0,"Peace, Justice and Strong Institutions",0.0,Partnerships for the Goals
QLD_Hinchinbrook_Rural_2024,2024,QLD,27,0.037,No Poverty,0.0,Zero Hunger,0.7037,Good Health and Well-being,0.0741,Quality Education,0.0,Gender Equality,0.1481,Clean Water and Sanitation,0.1481,Affordable and Clean Energy,0.8889,Decent Work and Economic Growth,0.1852,"Industry, Innovation and Infrastructure",0.0,Reduced Inequalities,0.5926,Sustainable Cities and Communities,0.0741,Responsible Consumption and Production,0.3333,Climate Action,0.1111,Life Below Water,0.0,Life on Land,0.2963,"Peace, Justice and Strong Institutions",0.0,Partnerships for the Goals
QLD_Isaac_Urban_2024,2024,QLD,12,0.0,No Poverty,0.0833,Zero Hunger,0.3333,Good Health and Well-being,0.0833,Quality Education,0.0,Gender Equality,0.1667,Clean Water and Sanitation,0.0,Affordable and Clean Energy,0.5,Decent Work and Economic Growth,0.1667,"Industry, Innovation and Infrastructure",0.0,Reduced Inequalities,0.4167,Sustainable Cities and Communities,0.0833,Responsible Consumption and Production,0.0833,Climate Action,0.0,Life Below Water,0.0833,Life on Land,0.25,"Peace, Justice and Strong Institutions",0.0833,Partnerships for the Goals
QLD_Livingstone_Urban_2024,2024,QLD,21,0.1905,No Poverty,0.0,Zero Hunger,0.4286,Good Health and Well-being,0.0,Quality Education,0.0476,Gender Equality,0.0952,Clean Water and Sanitation,0.0,Affordable and Clean Energy,0.5238,Decent Work and Economic Growth,0.0952,"Industry, Innovation and Infrastructure",0.0,Reduced Inequalities,0.381,Sustainable Cities and Communities,0.1905,Responsible Consumption and Production,0.2381,Climate Action,0.0476,Life Below Water,0.0,Life on Land,0.619,"Peace, Justice and Strong Institutions",0.0,Partnerships for the Goals
QLD_Etheridge_Rural_2024,2024,QLD,10,0.0,No Poverty,0.0,Zero Hunger,0.8,Good Health and Well-being,0.0,Quality Education,0.1,Gender Equality,0.0,Clean Water and Sanitation,0.0,Affordable and Clean Energy,0.8,Decent Work and Economic Growth,0.0,"Industry, Innovation and Infrastructure",0.0,Reduced Inequalities,0.3,Sustainable Cities and Communities,0.3,Responsible Consumption and Production,0.0,Climate Action,0.0,Life Below Water,0.0,Life on Land,0.8,"Peace, Justice and Strong Institutions",0.1,Partnerships for the Goals
QLD_Kowanyama_Rural_2024,2024,QLD,9,0.0,No Poverty,0.0,Zero Hunger,0.4444,Good Health and Well-being,0.0,Quality Education,0.0,Gender Equality,0.0,Clean Water and Sanitation,0.0,Affordable and Clean Energy,0.5556,Decent Work and Economic Growth,0.1111,"Industry, Innovation and Infrastructure",0.0,Reduced Inequalities,0.6667,Sustainable Cities and Communities,0.1111,Responsible Consumption and Production,0.1111,Climate Action,0.0,Life Below Water,0.0,Life on Land,0.4444,"Peace, Justice and Strong Institutions",0.0,Partnerships for the Goals
QLD_Cloncurry_Rural_2024,2024,QLD,5,0.4,No Poverty,0.0,Zero Hunger,0.4,Good Health and Well-being,0.2,Quality Education,0.0,Gender Equality,0.0,Clean Water and Sanitation,0.0,Affordable and Clean Energy,0.8,Decent Work and Economic Growth,0.0,"Industry, Innovation and Infrastructure",0.2,Reduced Inequalities,0.6,Sustainable Cities and Communities,0.2,Responsible Consumption and Production,0.0,Climate Action,0.0,Life Below Water,0.0,Life on Land,0.2,"Peace, Justice and Strong Institutions",0.2,Partnerships for the Goals
QLD_Lockhart River_Rural_2024,2024,QLD,19,0.1053,No Poverty,0.0,Zero Hunger,0.4737,Good Health and Well-being,0.0526,Quality Education,0.1579,Gender Equality,0.0,Clean Water and Sanitation,0.0,Affordable and Clean Energy,0.5263,Decent Work and Economic Growth,0.0526,"Industry, Innovation and Infrastructure",0.1579,Reduced Inequalities,0.4211,Sustainable Cities and Communities,0.0,Responsible Consumption and Production,0.0,Climate Action,0.0,Life Below Water,0.1579,Life on Land,0.4737,"Peace, Justice and Strong Institutions",0.0,Partnerships for the Goals
QLD_Lockyer Valley_Urban_2024,2024,QLD,21,0.0,No Poverty,0.0476,Zero Hunger,0.6667,Good Health and Well-being,0.0,Quality Education,0.0,Gender Equality,0.2857,Clean Water and Sanitation,0.0,Affordable and Clean Energy,0.8571,Decent Work and Economic Growth,0.0952,"Industry, Innovation and Infrastructure",0.0,Reduced Inequalities,0.3333,Sustainable Cities and Communities,0.0,Responsible Consumption and Production,0.3333,Climate Action,0.0,Life Below Water,0.0476,Life on Land,0.381,"Peace, Justice and Strong Institutions",0.0,Partnerships for the Goals
QLD_Logan_Urban_2024,2024,QLD,20,0.05,No Poverty,0.0,Zero Hunger,0.4,Good Health and Well-being,0.15,Quality Education,0.0,Gender Equality,0.1,Clean Water and Sanitation,0.0,Affordable and Clean Energy,0.6,Decent Work and Economic Growth,0.1,"Industry, Innovation and Infrastructure",0.0,Reduced Inequalities,0.4,Sustainable Cities and Communities,0.05,Responsible Consumption and Production,0.15,Climate Action,0.0,Life Below Water,0.05,Life on Land,0.55,"Peace, Justice and Strong Institutions",0.0,Partnerships for the Goals
QLD_Mackay_Urban_2024,2024,QLD,43,0.0465,No Poverty,0.0,Zero Hunger,0.4419,Good Health and Well-being,0.1628,Quality Education,0.0233,Gender Equality,0.1163,Clean Water and Sanitation,0.0698,Affordable and Clean Energy,0.6279,Decent Work and Economic Growth,0.0698,"Industry, Innovation and Infrastructure",0.0,Reduced Inequalities,0.3953,Sustainable Cities and Communities,0.093,Responsible Consumption and Production,0.186,Climate Action,0.0233,Life Below Water,0.1163,Life on Land,0.1395,"Peace, Justice and Strong Institutions",0.0,Partnerships for the Goals
QLD_Hope Vale_Rural_2024,2024,QLD,7,0.0,No Poverty,0.0,Zero Hunger,0.2857,Good Health and Well-being,0.1429,Quality Education,0.1429,Gender Equality,0.1429,Clean Water and Sanitation,0.0,Affordable and Clean Energy,0.4286,Decent Work and Economic Growth,0.1429,"Industry, Innovation and Infrastructure",0.0,Reduced Inequalities,0.2857,Sustainable Cities and Communities,0.2857,Responsible Consumption and Production,0.1429,Climate Action,0.0,Life Below Water,0.0,Life on Land,0.7143,"Peace, Justice and Strong Institutions",0.0,Partnerships for the Goals
QLD_Mckinlay_Rural_2024,2024,QLD,35,0.0571,No Poverty,0.0,Zero Hunger,0.6,Good Health and Well-being,0.0571,Quality Education,0.0286,Gender Equality,0.0857,Clean Water and Sanitation,0.0,Affordable and Clean Energy,0.6857,Decent Work and Economic Growth,0.1143,"Industry, Innovation and Infrastructure",0.0,Reduced Inequalities,0.3714,Sustainable Cities and Communities,0.0857,Responsible Consumption and Production,0.1714,Climate Action,0.0,Life Below Water,0.0571,Life on Land,0.2286,"Peace, Justice and Strong Institutions",0.0571,Partnerships for the Goals
QLD_Longreach_Rural_2024,2024,QLD,18,0.0,No Poverty,0.1111,Zero Hunger,0.5556,Good Health and Well-being,0.0,Quality Education,0.0,Gender Equality,0.1111,Clean Water and Sanitation,0.0556,Affordable and Clean Energy,0.7222,Decent Work and Economic Growth,0.0556,"Industry, Innovation and Infrastructure",0.0,Reduced Inequalities,0.3333,Sustainable Cities and Communities,0.0,Responsible Consumption and Production,0.2778,Climate Action,0.0,Life Below Water,0.2222,Life on Land,0.5556,"Peace, Justice and Strong Institutions",0.0556,Partnerships for the Goals
QLD_Murweh_Rural_2024,2024,QLD,26,0.0,No Poverty,0.0,Zero Hunger,0.4231,Good Health and Well-being,0.0385,Quality Education,0.1154,Gender Equality,0.1154,Clean Water and Sanitation,0.0385,Affordable and Clean Energy,0.7692,Decent Work and Economic Growth,0.1154,"Industry, Innovation and Infrastructure",0.0,Reduced Inequalities,0.4615,Sustainable Cities and Communities,0.0,Responsible Consumption and Production,0.2692,Climate Action,0.0,Life Below Water,0.0385,Life on Land,0.4231,"Peace, Justice and Strong Institutions",0.1154,Partnerships for the Goals
QLD_Napranum_Rural_2024,2024,QLD,3,0.3333,No Poverty,0.0,Zero Hunger,0.0,Good Health and Well-being,0.0,Quality Education,0.0,Gender Equality,0.3333,Clean Water and Sanitation,0.0,Affordable and Clean Energy,1.0,Decent Work and Economic Growth,0.0,"Industry, Innovation and Infrastructure",0.6667,Reduced Inequalities,0.3333,Sustainable Cities and Communities,0.0,Responsible Consumption and Production,0.0,Climate Action,0.0,Life Below Water,0.0,Life on Land,0.0,"Peace, Justice and Strong Institutions",0.0,Partnerships for the Goals
QLD_Mount Isa_Rural_2024,2024,QLD,6,0.0,No Poverty,0.0,Zero Hunger,0.5,Good Health and Well-being,0.0,Quality Education,0.0,Gender Equality,0.0,Clean Water and Sanitation,0.0,Affordable and Clean Energy,0.6667,Decent Work and Economic Growth,0.0,"Industry, Innovation and Infrastructure",0.0,Reduced Inequalities,0.5,Sustainable Cities and Communities,0.1667,Responsible Consumption and Production,0.1667,Climate Action,0.0,Life Below Water,0.0,Life on Land,0.3333,"Peace, Justice and Strong Institutions",0.0,Partnerships for the Goals
QLD_North Burnett_Rural_2024,2024,QLD,6,0.3333,No Poverty,0.0,Zero Hunger,0.6667,Good Health and Well-being,0.0,Quality Education,0.0,Gender Equality,0.1667,Clean Water and Sanitation,0.0,Affordable and Clean Energy,0.8333,Decent Work and Economic Growth,0.0,"Industry, Innovation and Infrastructure",0.0,Reduced Inequalities,0.8333,Sustainable Cities and Communities,0.0,Responsible Consumption and Production,0.1667,Climate Action,0.0,Life Below Water,0.0,Life on Land,0.1667,"Peace, Justice and Strong Institutions",0.0,Partnerships for the Goals
QLD_Palm Island_Urban_2024,2024,QLD,3,0.0,No Poverty,0.0,Zero Hunger,0.3333,Good Health and Well-being,0.0,Quality Education,0.0,Gender Equality,0.0,Clean Water and Sanitation,0.0,Affordable and Clean Energy,0.6667,Decent Work and Economic Growth,0.0,"Industry, Innovation and Infrastructure",0.0,Reduced Inequalities,0.0,Sustainable Cities and Communities,0.3333,Responsible Consumption and Production,0.0,Climate Action,0.0,Life Below Water,0.0,Life on Land,0.0,"Peace, Justice and Strong Institutions",0.0,Partnerships for the Goals
QLD_Mapoon_Rural_2024,2024,QLD,6,0.0,No Poverty,0.0,Zero Hunger,0.6667,Good Health and Well-being,0.1667,Quality Education,0.1667,Gender Equality,0.1667,Clean Water and Sanitation,0.0,Affordable and Clean Energy,1.0,Decent Work and Economic Growth,0.0,"Industry, Innovation and Infrastructure",0.0,Reduced Inequalities,0.3333,Sustainable Cities and Communities,0.0,Responsible Consumption and Production,0.1667,Climate Action,0.1667,Life Below Water,0.1667,Life on Land,0.8333,"Peace, Justice and Strong Institutions",0.0,Partnerships for the Goals
QLD_Moreton Bay_Urban_2024,2024,QLD,76,0.0921,No Poverty,0.0,Zero Hunger,0.6974,Good Health and Well-being,0.0921,Quality Education,0.0132,Gender Equality,0.0263,Clean Water and Sanitation,0.0263,Affordable and Clean Energy,0.7895,Decent Work and Economic Growth,0.0395,"Industry, Innovation and Infrastructure",0.0,Reduced Inequalities,0.5658,Sustainable Cities and Communities,0.1053,Responsible Consumption and Production,0.2368,Climate Action,0.0132,Life Below Water,0.0789,Life on Land,0.25,"Peace, Justice and Strong Institutions",0.0132,Partnerships for the Goals
QLD_Redland_Urban_2024,2024,QLD,31,0.0323,No Poverty,0.0,Zero Hunger,0.5806,Good Health and Well-being,0.0968,Quality Education,0.0323,Gender Equality,0.0968,Clean Water and Sanitation,0.0323,Affordable and Clean Energy,0.7097,Decent Work and Economic Growth,0.1613,"Industry, Innovation and Infrastructure",0.0323,Reduced Inequalities,0.3226,Sustainable Cities and Communities,0.0323,Responsible Consumption and Production,0.1613,Climate Action,0.0,Life Below Water,0.0,Life on Land,0.5161,"Peace, Justice and Strong Institutions",0.0323,Partnerships for the Goals
QLD_Rockhampton_Urban_2024,2024,QLD,18,0.1111,No Poverty,0.0556,Zero Hunger,0.6111,Good Health and Well-being,0.0,Quality Education,0.0,Gender Equality,0.1667,Clean Water and Sanitation,0.0,Affordable and Clean Energy,0.7222,Decent Work and Economic Growth,0.1667,"Industry, Innovation and Infrastructure",0.0,Reduced Inequalities,0.6667,Sustainable Cities and Communities,0.0,Responsible Consumption and Production,0.2222,Climate Action,0.0,Life Below Water,0.0556,Life on Land,0.0556,"Peace, Justice and Strong Institutions",0.0,Partnerships for the Goals
QLD_South Burnett_Urban_2024,2024,QLD,15,0.0,No Poverty,0.0,Zero Hunger,0.4667,Good Health and Well-being,0.0,Quality Education,0.0,Gender Equality,0.0667,Clean Water and Sanitation,0.0667,Affordable and Clean Energy,0.8667,Decent Work and Economic Growth,0.0667,"Industry, Innovation and Infrastructure",0.0,Reduced Inequalities,0.6667,Sustainable Cities and Communities,0.0667,Responsible Consumption and Production,0.3333,Climate Action,0.0,Life Below Water,0.0,Life on Land,0.1333,"Peace, Justice and Strong Institutions",0.0,Partnerships for the Goals
QLD_Pormpuraaw_Rural_2024,2024,QLD,9,0.1111,No Poverty,0.0,Zero Hunger,0.4444,Good Health and Well-being,0.1111,Quality Education,0.0,Gender Equality,0.0,Clean Water and Sanitation,0.0,Affordable and Clean Energy,0.7778,Decent Work and Economic Growth,0.0,"Industry, Innovation and Infrastructure",0.1111,Reduced Inequalities,0.3333,Sustainable Cities and Communities,0.0,Responsible Consumption and Production,0.1111,Climate Action,0.0,Life Below Water,0.1111,Life on Land,0.2222,"Peace, Justice and Strong Institutions",0.0,Partnerships for the Goals
QLD_Scenic Rim_Urban_2024,2024,QLD,71,0.0141,No Poverty,0.0141,Zero Hunger,0.4507,Good Health and Well-being,0.0563,Quality Education,0.0,Gender Equality,0.1127,Clean Water and Sanitation,0.0141,Affordable and Clean Energy,0.6197,Decent Work and Economic Growth,0.0986,"Industry, Innovation and Infrastructure",0.0,Reduced Inequalities,0.5493,Sustainable Cities and Communities,0.1127,Responsible Consumption and Production,0.3662,Climate Action,0.0,Life Below Water,0.2254,Life on Land,0.1972,"Peace, Justice and Strong Institutions",0.0845,Partnerships for the Goals
QLD_Mareeba_Urban_2024,2024,QLD,18,0.1667,No Poverty,0.0,Zero Hunger,0.7222,Good Health and Well-being,0.0,Quality Education,0.0,Gender Equality,0.1667,Clean Water and Sanitation,0.0,Affordable and Clean Energy,0.8889,Decent Work and Economic Growth,0.1667,"Industry, Innovation and Infrastructure",0.1111,Reduced Inequalities,0.4444,Sustainable Cities and Communities,0.0,Responsible Consumption and Production,0.2222,Climate Action,0.0,Life Below Water,0.0556,Life on Land,0.2222,"Peace, Justice and Strong Institutions",0.0556,Partnerships for the Goals
QLD_Sunshine Coast_Urban_2024,2024,QLD,30,0.0333,No Poverty,0.0,Zero Hunger,0.4333,Good Health and Well-being,0.0667,Quality Education,0.0,Gender Equality,0.0333,Clean Water and Sanitation,0.0333,Affordable and Clean Energy,0.7333,Decent Work and Economic Growth,0.0667,"Industry, Innovation and Infrastructure",0.0,Reduced Inequalities,0.5667,Sustainable Cities and Communities,0.0333,Responsible Consumption and Production,0.2,Climate Action,0.0667,Life Below Water,0.1667,Life on Land,0.1667,"Peace, Justice and Strong Institutions",0.0333,Partnerships for the Goals
QLD_Toowoomba_Urban_2024,2024,QLD,3,0.0,No Poverty,0.0,Zero Hunger,0.0,Good Health and Well-being,0.0,Quality Education,0.3333,Gender Equality,0.0,Clean Water and Sanitation,0.0,Affordable and Clean Energy,0.6667,Decent Work and Economic Growth,0.0,"Industry, Innovation and Infrastructure",0.0,Reduced Inequalities,0.6667,Sustainable Cities and Communities,0.0,Responsible Consumption and Production,0.3333,Climate Action,0.0,Life Below Water,0.0,Life on Land,0.3333,"Peace, Justice and Strong Institutions",0.0,Partnerships for the Goals
QLD_Tablelands_Urban_2024,2024,QLD,19,0.1579,No Poverty,0.0,Zero Hunger,0.7895,Good Health and Well-being,0.1053,Quality Education,0.0,Gender Equality,0.1053,Clean Water and Sanitation,0.0,Affordable and Clean Energy,0.7368,Decent Work and Economic Growth,0.0,"Industry, Innovation and Infrastructure",0.0,Reduced Inequalities,0.5789,Sustainable Cities and Communities,0.1053,Responsible Consumption and Production,0.3684,Climate Action,0.0,Life Below Water,0.1053,Life on Land,0.3684,"Peace, Justice and Strong Institutions",0.0526,Partnerships for the Goals
QLD_Torres Strait Islands_Rural_2024,2024,QLD,21,0.0476,No Poverty,0.0,Zero Hunger,0.8095,Good Health and Well-being,0.0,Quality Education,0.0,Gender Equality,0.0476,Clean Water and Sanitation,0.0476,Affordable and Clean Energy,0.619,Decent Work and Economic Growth,0.1429,"Industry, Innovation and Infrastructure",0.0,Reduced Inequalities,0.5714,Sustainable Cities and Communities,0.0,Responsible Consumption and Production,0.1905,Climate Action,0.1905,Life Below Water,0.0,Life on Land,0.2381,"Peace, Justice and Strong Institutions",0.0476,Partnerships for the Goals
QLD_Weipa_Urban_2024,2024,QLD,8,0.125,No Poverty,0.0,Zero Hunger,0.75,Good Health and Well-being,0.25,Quality Education,0.125,Gender Equality,0.25,Clean Water and Sanitation,0.0,Affordable and Clean Energy,0.625,Decent Work and Economic Growth,0.125,"Industry, Innovation and Infrastructure",0.0,Reduced Inequalities,0.375,Sustainable Cities and Communities,0.0,Responsible Consumption and Production,0.25,Climate Action,0.0,Life Below Water,0.125,Life on Land,0.125,"Peace, Justice and Strong Institutions",0.0,Partnerships for the Goals
QLD_Torres_Rural_2024,2024,QLD,35,0.1143,No Poverty,0.0286,Zero Hunger,0.5143,Good Health and Well-being,0.0,Quality Education,0.0571,Gender Equality,0.0857,Clean Water and Sanitation,0.0571,Affordable and Clean Energy,0.7143,Decent Work and Economic Growth,0.0286,"Industry, Innovation and Infrastructure",0.0,Reduced Inequalities,0.4571,Sustainable Cities and Communities,0.1143,Responsible Consumption and Production,0.2286,Climate Action,0.0286,Life Below Water,0.0571,Life on Land,0.4857,"Peace, Justice and Strong Institutions",0.0286,Partnerships for the Goals
QLD_Townsville_Urban_2024,2024,QLD,49,0.0,No Poverty,0.0,Zero Hunger,0.3265,Good Health and Well-being,0.0408,Quality Education,0.0,Gender Equality,0.2449,Clean Water and Sanitation,0.0204,Affordable and Clean Energy,0.5102,Decent Work and Economic Growth,0.0612,"Industry, Innovation and Infrastructure",0.0,Reduced Inequalities,0.4286,Sustainable Cities and Communities,0.102,Responsible Consumption and Production,0.3673,Climate Action,0.0408,Life Below Water,0.102,Life on Land,0.2653,"Peace, Justice and Strong Institutions",0.0408,Partnerships for the Goals
QLD_Western Downs_Urban_2024,2024,QLD,32,0.0938,No Poverty,0.0312,Zero Hunger,0.4688,Good Health and Well-being,0.0312,Quality Education,0.0,Gender Equality,0.0312,Clean Water and Sanitation,0.0,Affordable and Clean Energy,0.6562,Decent Work and Economic Growth,0.0938,"Industry, Innovation and Infrastructure",0.0312,Reduced Inequalities,0.5625,Sustainable Cities and Communities,0.0312,Responsible Consumption and Production,0.1562,Climate Action,0.0,Life Below Water,0.0938,Life on Land,0.3125,"Peace, Justice and Strong Institutions",0.0312,Partnerships for the Goals
QLD_Whitsunday_Urban_2024,2024,QLD,29,0.0345,No Poverty,0.0,Zero Hunger,0.5862,Good Health and Well-being,0.0345,Quality Education,0.0,Gender Equality,0.069,Clean Water and Sanitation,0.1379,Affordable and Clean Energy,0.7241,Decent Work and Economic Growth,0.1724,"Industry, Innovation and Infrastructure",0.0,Reduced Inequalities,0.4138,Sustainable Cities and Communities,0.069,Responsible Consumption and Production,0.3103,Climate Action,0.069,Life Below Water,0.069,Life on Land,0.3448,"Peace, Justice and Strong Institutions",0.0345,Partnerships for the Goals
QLD_Southern Downs_Urban_2024,2024,QLD,3,0.0,No Poverty,0.0,Zero Hunger,0.3333,Good Health and Well-being,0.0,Quality Education,0.0,Gender Equality,0.0,Clean Water and Sanitation,0.0,Affordable and Clean Energy,0.3333,Decent Work and Economic Growth,0.3333,"Industry, Innovation and Infrastructure",0.0,Reduced Inequalities,0.3333,Sustainable Cities and Communities,0.0,Responsible Consumption and Production,0.0,Climate Action,0.0,Life Below Water,0.0,Life on Land,0.3333,"Peace, Justice and Strong Institutions",0.0,Partnerships for the Goals
SA_Adelaide Hills_Urban_2024,2024,SA,19,0.1053,No Poverty,0.0,Zero Hunger,0.7368,Good Health and Well-being,0.1579,Quality Education,0.1053,Gender Equality,0.0,Clean Water and Sanitation,0.1579,Affordable and Clean Energy,0.6316,Decent Work and Economic Growth,0.1053,"Industry, Innovation and Infrastructure",0.0,Reduced Inequalities,0.1579,Sustainable Cities and Communities,0.0526,Responsible Consumption and Production,0.3158,Climate Action,0.0,Life Below Water,0.2105,Life on Land,0.6316,"Peace, Justice and Strong Institutions",0.0,Partnerships for the Goals
QLD_Somerset_Urban_2024,2024,QLD,84,0.0238,No Poverty,0.0119,Zero Hunger,0.5476,Good Health and Well-being,0.1786,Quality Education,0.0119,Gender Equality,0.0595,Clean Water and Sanitation,0.0119,Affordable and Clean Energy,0.6071,Decent Work and Economic Growth,0.119,"Industry, Innovation and Infrastructure",0.0119,Reduced Inequalities,0.3452,Sustainable Cities and Communities,0.0714,Responsible Consumption and Production,0.1905,Climate Action,0.0119,Life Below Water,0.0238,Life on Land,0.1905,"Peace, Justice and Strong Institutions",0.0119,Partnerships for the Goals
SA_Adelaide Plains_Rural_2024,2024,SA,41,0.0244,No Poverty,0.0244,Zero Hunger,0.439,Good Health and Well-being,0.0976,Quality Education,0.0,Gender Equality,0.0976,Clean Water and Sanitation,0.0488,Affordable and Clean Energy,0.5366,Decent Work and Economic Growth,0.1463,"Industry, Innovation and Infrastructure",0.0244,Reduced Inequalities,0.2683,Sustainable Cities and Communities,0.0244,Responsible Consumption and Production,0.0976,Climate Action,0.0244,Life Below Water,0.1463,Life on Land,0.2195,"Peace, Justice and Strong Institutions",0.0244,Partnerships for the Goals
SA_Anangu_Rural_2024,2024,SA,24,0.0417,No Poverty,0.0417,Zero Hunger,0.4583,Good Health and Well-being,0.0,Quality Education,0.0833,Gender Equality,0.0833,Clean Water and Sanitation,0.0,Affordable and Clean Energy,0.4583,Decent Work and Economic Growth,0.25,"Industry, Innovation and Infrastructure",0.0417,Reduced Inequalities,0.125,Sustainable Cities and Communities,0.0,Responsible Consumption and Production,0.25,Climate Action,0.0,Life Below Water,0.4167,Life on Land,0.25,"Peace, Justice and Strong Institutions",0.0417,Partnerships for the Goals
SA_Alexandrina_Urban_2024,2024,SA,56,0.0179,No Poverty,0.0179,Zero Hunger,0.4286,Good Health and Well-being,0.0714,Quality Education,0.0179,Gender Equality,0.125,Clean Water and Sanitation,0.0179,Affordable and Clean Energy,0.4107,Decent Work and Economic Growth,0.0893,"Industry, Innovation and Infrastructure",0.0,Reduced Inequalities,0.5893,Sustainable Cities and Communities,0.0357,Responsible Consumption and Production,0.0714,Climate Action,0.0357,Life Below Water,0.1071,Life on Land,0.2857,"Peace, Justice and Strong Institutions",0.0714,Partnerships for the Goals
SA_Barunga West_Rural_2024,2024,SA,18,0.0556,No Poverty,0.0,Zero Hunger,0.3333,Good Health and Well-being,0.0,Quality Education,0.0556,Gender Equality,0.0,Clean Water and Sanitation,0.0,Affordable and Clean Energy,0.4444,Decent Work and Economic Growth,0.0556,"Industry, Innovation and Infrastructure",0.0,Reduced Inequalities,0.6111,Sustainable Cities and Communities,0.1667,Responsible Consumption and Production,0.0,Climate Action,0.0,Life Below Water,0.0,Life on Land,0.5556,"Peace, Justice and Strong Institutions",0.1111,Partnerships for the Goals
SA_Berri Barmera_Rural_2024,2024,SA,43,0.0698,No Poverty,0.0465,Zero Hunger,0.5349,Good Health and Well-being,0.0465,Quality Education,0.0233,Gender Equality,0.1395,Clean Water and Sanitation,0.0465,Affordable and Clean Energy,0.5814,Decent Work and Economic Growth,0.1395,"Industry, Innovation and Infrastructure",0.0465,Reduced Inequalities,0.4884,Sustainable Cities and Communities,0.0698,Responsible Consumption and Production,0.2558,Climate Action,0.0,Life Below Water,0.0698,Life on Land,0.4884,"Peace, Justice and Strong Institutions",0.0465,Partnerships for the Goals
SA_Burnside_Urban_2024,2024,SA,37,0.0811,No Poverty,0.0,Zero Hunger,0.4324,Good Health and Well-being,0.0811,Quality Education,0.0,Gender Equality,0.0811,Clean Water and Sanitation,0.0811,Affordable and Clean Energy,0.4865,Decent Work and Economic Growth,0.027,"Industry, Innovation and Infrastructure",0.0541,Reduced Inequalities,0.3784,Sustainable Cities and Communities,0.1081,Responsible Consumption and Production,0.2162,Climate Action,0.027,Life Below Water,0.3243,Life on Land,0.3243,"Peace, Justice and Strong Institutions",0.0811,Partnerships for the Goals
QLD_Winton_Rural_2024,2024,QLD,3,0.0,No Poverty,0.0,Zero Hunger,0.3333,Good Health and Well-being,0.0,Quality Education,0.0,Gender Equality,0.0,Clean Water and Sanitation,0.0,Affordable and Clean Energy,1.0,Decent Work and Economic Growth,0.0,"Industry, Innovation and Infrastructure",0.0,Reduced Inequalities,0.6667,Sustainable Cities and Communities,0.0,Responsible Consumption and Production,0.0,Climate Action,0.0,Life Below Water,0.0,Life on Land,0.0,"Peace, Justice and Strong Institutions",0.0,Partnerships for the Goals
QLD_Yarrabah_Rural_2024,2024,QLD,22,0.0909,No Poverty,0.0909,Zero Hunger,0.5,Good Health and Well-being,0.1364,Quality Education,0.0455,Gender Equality,0.0455,Clean Water and Sanitation,0.0455,Affordable and Clean Energy,0.6818,Decent Work and Economic Growth,0.1818,"Industry, Innovation and Infrastructure",0.0,Reduced Inequalities,0.4545,Sustainable Cities and Communities,0.0455,Responsible Consumption and Production,0.0455,Climate Action,0.0,Life Below Water,0.0455,Life on Land,0.3182,"Peace, Justice and Strong Institutions",0.0455,Partnerships for the Goals
SA_Ceduna_Rural_2024,2024,SA,12,0.0,No Poverty,0.0,Zero Hunger,0.5,Good Health and Well-being,0.0,Quality Education,0.0,Gender Equality,0.0833,Clean Water and Sanitation,0.0,Affordable and Clean Energy,0.5,Decent Work and Economic Growth,0.0,"Industry, Innovation and Infrastructure",0.0,Reduced Inequalities,0.9167,Sustainable Cities and Communities,0.0,Responsible Consumption and Production,0.0,Climate Action,0.0,Life Below Water,0.1667,Life on Land,0.75,"Peace, Justice and Strong Institutions",0.0,Partnerships for the Goals
SA_Adelaide_Urban_2024,2024,SA,36,0.0,No Poverty,0.0,Zero Hunger,0.5,Good Health and Well-being,0.0,Quality Education,0.0,Gender Equality,0.0833,Clean Water and Sanitation,0.0,Affordable and Clean Energy,0.6111,Decent Work and Economic Growth,0.0278,"Industry, Innovation and Infrastructure",0.0,Reduced Inequalities,0.6944,Sustainable Cities and Communities,0.1111,Responsible Consumption and Production,0.0833,Climate Action,0.0278,Life Below Water,0.0833,Life on Land,0.4444,"Peace, Justice and Strong Institutions",0.0,Partnerships for the Goals
SA_Clare Gilbert Valleys_Rural_2024,2024,SA,6,0.0,No Poverty,0.0,Zero Hunger,0.1667,Good Health and Well-being,0.0,Quality Education,0.0,Gender Equality,0.1667,Clean Water and Sanitation,0.0,Affordable and Clean Energy,0.3333,Decent Work and Economic Growth,0.1667,"Industry, Innovation and Infrastructure",0.0,Reduced Inequalities,0.6667,Sustainable Cities and Communities,0.0,Responsible Consumption and Production,0.0,Climate Action,0.0,Life Below Water,0.3333,Life on Land,0.5,"Peace, Justice and Strong Institutions",0.0,Partnerships for the Goals
SA_Campbelltown_Urban_2024,2024,SA,49,0.0408,No Poverty,0.0204,Zero Hunger,0.551,Good Health and Well-being,0.2041,Quality Education,0.0204,Gender Equality,0.0408,Clean Water and Sanitation,0.0612,Affordable and Clean Energy,0.6327,Decent Work and Economic Growth,0.0612,"Industry, Innovation and Infrastructure",0.0204,Reduced Inequalities,0.3265,Sustainable Cities and Communities,0.102,Responsible Consumption and Production,0.1429,Climate Action,0.0204,Life Below Water,0.0816,Life on Land,0.449,"Peace, Justice and Strong Institutions",0.0,Partnerships for the Goals
SA_Coober Pedy_Rural_2024,2024,SA,30,0.1,No Poverty,0.0,Zero Hunger,0.4667,Good Health and Well-being,0.1667,Quality Education,0.0,Gender Equality,0.1667,Clean Water and Sanitation,0.1333,Affordable and Clean Energy,0.6333,Decent Work and Economic Growth,0.1,"Industry, Innovation and Infrastructure",0.0,Reduced Inequalities,0.2333,Sustainable Cities and Communities,0.0333,Responsible Consumption and Production,0.1,Climate Action,0.0,Life Below Water,0.0667,Life on Land,0.5,"Peace, Justice and Strong Institutions",0.0333,Partnerships for the Goals
SA_Charles Sturt_Urban_2024,2024,SA,42,0.119,No Poverty,0.0,Zero Hunger,0.3571,Good Health and Well-being,0.0,Quality Education,0.0,Gender Equality,0.0238,Clean Water and Sanitation,0.119,Affordable and Clean Energy,0.6429,Decent Work and Economic Growth,0.0952,"Industry, Innovation and Infrastructure",0.0238,Reduced Inequalities,0.4762,Sustainable Cities and Communities,0.1429,Responsible Consumption and Production,0.2857,Climate Action,0.0238,Life Below Water,0.0476,Life on Land,0.3095,"Peace, Justice and Strong Institutions",0.0,Partnerships for the Goals
SA_Copper Coast_Rural_2024,2024,SA,38,0.0526,No Poverty,0.0,Zero Hunger,0.5,Good Health and Well-being,0.0789,Quality Education,0.0526,Gender Equality,0.0526,Clean Water and Sanitation,0.0789,Affordable and Clean Energy,0.6316,Decent Work and Economic Growth,0.1053,"Industry, Innovation and Infrastructure",0.0526,Reduced Inequalities,0.5263,Sustainable Cities and Communities,0.0526,Responsible Consumption and Production,0.1579,Climate Action,0.0,Life Below Water,0.0263,Life on Land,0.2632,"Peace, Justice and Strong Institutions",0.0,Partnerships for the Goals
SA_Franklin Harbour_Rural_2024,2024,SA,12,0.0833,No Poverty,0.0,Zero Hunger,0.3333,Good Health and Well-being,0.0,Quality Education,0.0833,Gender Equality,0.0833,Clean Water and Sanitation,0.0833,Affordable and Clean Energy,0.4167,Decent Work and Economic Growth,0.0,"Industry, Innovation and Infrastructure",0.0,Reduced Inequalities,0.4167,Sustainable Cities and Communities,0.0,Responsible Consumption and Production,0.25,Climate Action,0.0833,Life Below Water,0.25,Life on Land,0.25,"Peace, Justice and Strong Institutions",0.0,Partnerships for the Goals
SA_Cleve_Rural_2024,2024,SA,7,0.4286,No Poverty,0.0,Zero Hunger,1.0,Good Health and Well-being,0.1429,Quality Education,0.0,Gender Equality,0.0,Clean Water and Sanitation,0.0,Affordable and Clean Energy,1.0,Decent Work and Economic Growth,0.2857,"Industry, Innovation and Infrastructure",0.0,Reduced Inequalities,0.7143,Sustainable Cities and Communities,0.0,Responsible Consumption and Production,0.4286,Climate Action,0.0,Life Below Water,0.0,Life on Land,0.7143,"Peace, Justice and Strong Institutions",0.1429,Partnerships for the Goals
SA_Flinders Ranges_Rural_2024,2024,SA,15,0.0667,No Poverty,0.0,Zero Hunger,0.4667,Good Health and Well-being,0.0667,Quality Education,0.0667,Gender Equality,0.0,Clean Water and Sanitation,0.0667,Affordable and Clean Energy,0.5333,Decent Work and Economic Growth,0.0667,"Industry, Innovation and Infrastructure",0.0,Reduced Inequalities,0.6,Sustainable Cities and Communities,0.0,Responsible Consumption and Production,0.2,Climate Action,0.0,Life Below Water,0.0,Life on Land,0.4667,"Peace, Justice and Strong Institutions",0.0667,Partnerships for the Goals
SA_Gawler_Urban_2024,2024,SA,17,0.0,No Poverty,0.0,Zero Hunger,0.5294,Good Health and Well-being,0.0588,Quality Education,0.0,Gender Equality,0.1176,Clean Water and Sanitation,0.0588,Affordable and Clean Energy,0.5294,Decent Work and Economic Growth,0.0588,"Industry, Innovation and Infrastructure",0.0,Reduced Inequalities,0.4706,Sustainable Cities and Communities,0.0588,Responsible Consumption and Production,0.3529,Climate Action,0.0,Life Below Water,0.1765,Life on Land,0.5882,"Peace, Justice and Strong Institutions",0.0,Partnerships for the Goals
SA_Elliston_Rural_2024,2024,SA,9,0.0,No Poverty,0.0,Zero Hunger,0.3333,Good Health and Well-being,0.0,Quality Education,0.0,Gender Equality,0.1111,Clean Water and Sanitation,0.0,Affordable and Clean Energy,0.5556,Decent Work and Economic Growth,0.1111,"Industry, Innovation and Infrastructure",0.0,Reduced Inequalities,0.5556,Sustainable Cities and Communities,0.2222,Responsible Consumption and Production,0.0,Climate Action,0.0,Life Below Water,0.0,Life on Land,0.5556,"Peace, Justice and Strong Institutions",0.0,Partnerships for the Goals
SA_Goyder_Rural_2024,2024,SA,88,0.0114,No Poverty,0.0227,Zero Hunger,0.4091,Good Health and Well-being,0.0455,Quality Education,0.0227,Gender Equality,0.0114,Clean Water and Sanitation,0.0341,Affordable and Clean Energy,0.5909,Decent Work and Economic Growth,0.0568,"Industry, Innovation and Infrastructure",0.0227,Reduced Inequalities,0.4091,Sustainable Cities and Communities,0.0455,Responsible Consumption and Production,0.1591,Climate Action,0.0,Life Below Water,0.1591,Life on Land,0.2159,"Peace, Justice and Strong Institutions",0.0341,Partnerships for the Goals
SA_Grant_Rural_2024,2024,SA,56,0.0536,No Poverty,0.125,Zero Hunger,0.3929,Good Health and Well-being,0.0714,Quality Education,0.0,Gender Equality,0.0893,Clean Water and Sanitation,0.125,Affordable and Clean Energy,0.5714,Decent Work and Economic Growth,0.0536,"Industry, Innovation and Infrastructure",0.0,Reduced Inequalities,0.5893,Sustainable Cities and Communities,0.0536,Responsible Consumption and Production,0.1786,Climate Action,0.0714,Life Below Water,0.0357,Life on Land,0.25,"Peace, Justice and Strong Institutions",0.0357,Partnerships for the Goals
SA_Karoonda East Murray_Rural_2024,2024,SA,9,0.0,No Poverty,0.0,Zero Hunger,0.6667,Good Health and Well-being,0.0,Quality Education,0.0,Gender Equality,0.1111,Clean Water and Sanitation,0.0,Affordable and Clean Energy,0.6667,Decent Work and Economic Growth,0.0,"Industry, Innovation and Infrastructure",0.0,Reduced Inequalities,0.4444,Sustainable Cities and Communities,0.1111,Responsible Consumption and Production,0.0,Climate Action,0.0,Life Below Water,0.0,Life on Land,0.4444,"Peace, Justice and Strong Institutions",0.0,Partnerships for the Goals
SA_Holdfast Bay_Urban_2024,2024,SA,64,0.0312,No Poverty,0.0,Zero Hunger,0.6562,Good Health and Well-being,0.125,Quality Education,0.0,Gender Equality,0.1562,Clean Water and Sanitation,0.0781,Affordable and Clean Energy,0.6562,Decent Work and Economic Growth,0.0625,"Industry, Innovation and Infrastructure",0.0,Reduced Inequalities,0.4219,Sustainable Cities and Communities,0.0625,Responsible Consumption and Production,0.2969,Climate Action,0.0469,Life Below Water,0.1406,Life on Land,0.2031,"Peace, Justice and Strong Institutions",0.0469,Partnerships for the Goals
SA_Kimba_Rural_2024,2024,SA,21,0.0476,No Poverty,0.0,Zero Hunger,0.6667,Good Health and Well-being,0.0476,Quality Education,0.0476,Gender Equality,0.0952,Clean Water and Sanitation,0.0952,Affordable and Clean Energy,0.7143,Decent Work and Economic Growth,0.0476,"Industry, Innovation and Infrastructure",0.0476,Reduced Inequalities,0.5238,Sustainable Cities and Communities,0.1429,Responsible Consumption and Production,0.2857,Climate Action,0.0,Life Below Water,0.0952,Life on Land,0.7143,"Peace, Justice and Strong Institutions",0.0,Partnerships for the Goals
SA_Kangaroo Island_Rural_2024,2024,SA,60,0.1,No Poverty,0.0,Zero Hunger,0.5333,Good Health and Well-being,0.0333,Quality Education,0.0,Gender Equality,0.15,Clean Water and Sanitation,0.0167,Affordable and Clean Energy,0.7,Decent Work and Economic Growth,0.1333,"Industry, Innovation and Infrastructure",0.0,Reduced Inequalities,0.4333,Sustainable Cities and Communities,0.0167,Responsible Consumption and Production,0.2667,Climate Action,0.05,Life Below Water,0.1833,Life on Land,0.4167,"Peace, Justice and Strong Institutions",0.0333,Partnerships for the Goals
SA_Kingston_Rural_2024,2024,SA,18,0.0556,No Poverty,0.0,Zero Hunger,0.5,Good Health and Well-being,0.0556,Quality Education,0.0,Gender Equality,0.1111,Clean Water and Sanitation,0.0556,Affordable and Clean Energy,0.6667,Decent Work and Economic Growth,0.0,"Industry, Innovation and Infrastructure",0.0556,Reduced Inequalities,0.5,Sustainable Cities and Communities,0.1111,Responsible Consumption and Production,0.2778,Climate Action,0.0,Life Below Water,0.1111,Life on Land,0.4444,"Peace, Justice and Strong Institutions",0.0,Partnerships for the Goals
SA_Lower Eyre Peninsula_Rural_2024,2024,SA,16,0.0625,No Poverty,0.0,Zero Hunger,0.4375,Good Health and Well-being,0.0,Quality Education,0.0,Gender Equality,0.125,Clean Water and Sanitation,0.0,Affordable and Clean Energy,0.375,Decent Work and Economic Growth,0.0,"Industry, Innovation and Infrastructure",0.0,Reduced Inequalities,0.5625,Sustainable Cities and Communities,0.25,Responsible Consumption and Production,0.1875,Climate Action,0.0625,Life Below Water,0.0625,Life on Land,0.375,"Peace, Justice and Strong Institutions",0.0625,Partnerships for the Goals
SA_Light_Rural_2024,2024,SA,33,0.0303,No Poverty,0.0,Zero Hunger,0.8485,Good Health and Well-being,0.2727,Quality Education,0.0303,Gender Equality,0.1212,Clean Water and Sanitation,0.0303,Affordable and Clean Energy,0.7879,Decent Work and Economic Growth,0.1515,"Industry, Innovation and Infrastructure",0.0303,Reduced Inequalities,0.4242,Sustainable Cities and Communities,0.0303,Responsible Consumption and Production,0.2424,Climate Action,0.0,Life Below Water,0.0606,Life on Land,0.3939,"Peace, Justice and Strong Institutions",0.0606,Partnerships for the Goals
SA_Coorong_Rural_2024,2024,SA,8,0.125,No Poverty,0.0,Zero Hunger,0.375,Good Health and Well-being,0.0,Quality Education,0.0,Gender Equality,0.125,Clean Water and Sanitation,0.0,Affordable and Clean Energy,0.625,Decent Work and Economic Growth,0.0,"Industry, Innovation and Infrastructure",0.0,Reduced Inequalities,0.625,Sustainable Cities and Communities,0.0,Responsible Consumption and Production,0.25,Climate Action,0.0,Life Below Water,0.25,Life on Land,0.25,"Peace, Justice and Strong Institutions",0.0,Partnerships for the Goals
SA_Mid Murray_Rural_2024,2024,SA,27,0.037,No Poverty,0.0,Zero Hunger,0.6296,Good Health and Well-being,0.0,Quality Education,0.0,Gender Equality,0.1111,Clean Water and Sanitation,0.037,Affordable and Clean Energy,0.8519,Decent Work and Economic Growth,0.037,"Industry, Innovation and Infrastructure",0.0,Reduced Inequalities,0.7778,Sustainable Cities and Communities,0.2222,Responsible Consumption and Production,0.2963,Climate Action,0.0,Life Below Water,0.037,Life on Land,0.4815,"Peace, Justice and Strong Institutions",0.0,Partnerships for the Goals
SA_Mitcham_Urban_2024,2024,SA,70,0.0,No Poverty,0.0,Zero Hunger,0.3,Good Health and Well-being,0.0143,Quality Education,0.0,Gender Equality,0.0571,Clean Water and Sanitation,0.1143,Affordable and Clean Energy,0.4429,Decent Work and Economic Growth,0.1571,"Industry, Innovation and Infrastructure",0.0,Reduced Inequalities,0.4,Sustainable Cities and Communities,0.0571,Responsible Consumption and Production,0.2,Climate Action,0.0143,Life Below Water,0.2571,Life on Land,0.1857,"Peace, Justice and Strong Institutions",0.0857,Partnerships for the Goals
SA_Mount Barker_Urban_2024,2024,SA,28,0.1071,No Poverty,0.0,Zero Hunger,0.5357,Good Health and Well-being,0.1786,Quality Education,0.0357,Gender Equality,0.1071,Clean Water and Sanitation,0.1071,Affordable and Clean Energy,0.6429,Decent Work and Economic Growth,0.1071,"Industry, Innovation and Infrastructure",0.0357,Reduced Inequalities,0.3571,Sustainable Cities and Communities,0.0714,Responsible Consumption and Production,0.0714,Climate Action,0.0,Life Below Water,0.0357,Life on Land,0.2857,"Peace, Justice and Strong Institutions",0.0,Partnerships for the Goals
SA_Marion_Urban_2024,2024,SA,34,0.0294,No Poverty,0.0,Zero Hunger,0.6176,Good Health and Well-being,0.0588,Quality Education,0.0294,Gender Equality,0.1176,Clean Water and Sanitation,0.1176,Affordable and Clean Energy,0.7353,Decent Work and Economic Growth,0.1176,"Industry, Innovation and Infrastructure",0.0,Reduced Inequalities,0.6471,Sustainable Cities and Communities,0.0,Responsible Consumption and Production,0.3235,Climate Action,0.0,Life Below Water,0.1176,Life on Land,0.3235,"Peace, Justice and Strong Institutions",0.1176,Partnerships for the Goals
SA_Naracoorte Lucindale_Rural_2024,2024,SA,4,0.0,No Poverty,0.25,Zero Hunger,0.0,Good Health and Well-being,0.25,Quality Education,0.0,Gender Equality,0.0,Clean Water and Sanitation,0.0,Affordable and Clean Energy,1.0,Decent Work and Economic Growth,0.25,"Industry, Innovation and Infrastructure",0.0,Reduced Inequalities,0.5,Sustainable Cities and Communities,0.0,Responsible Consumption and Production,0.0,Climate Action,0.0,Life Below Water,0.0,Life on Land,0.5,"Peace, Justice and Strong Institutions",0.0,Partnerships for the Goals
SA_Loxton Waikerie_Rural_2024,2024,SA,40,0.05,No Poverty,0.025,Zero Hunger,0.425,Good Health and Well-being,0.1,Quality Education,0.025,Gender Equality,0.1,Clean Water and Sanitation,0.05,Affordable and Clean Energy,0.675,Decent Work and Economic Growth,0.05,"Industry, Innovation and Infrastructure",0.0,Reduced Inequalities,0.575,Sustainable Cities and Communities,0.05,Responsible Consumption and Production,0.15,Climate Action,0.0,Life Below Water,0.1,Life on Land,0.225,"Peace, Justice and Strong Institutions",0.1,Partnerships for the Goals
SA_Murray Bridge_Rural_2024,2024,SA,29,0.0345,No Poverty,0.0,Zero Hunger,0.6207,Good Health and Well-being,0.1034,Quality Education,0.0345,Gender Equality,0.1034,Clean Water and Sanitation,0.0,Affordable and Clean Energy,0.8276,Decent Work and Economic Growth,0.1724,"Industry, Innovation and Infrastructure",0.0,Reduced Inequalities,0.4138,Sustainable Cities and Communities,0.0345,Responsible Consumption and Production,0.1724,Climate Action,0.0,Life Below Water,0.0,Life on Land,0.3793,"Peace, Justice and Strong Institutions",0.069,Partnerships for the Goals
SA_Mount Gambier_Urban_2024,2024,SA,82,0.0854,No Poverty,0.0122,Zero Hunger,0.5732,Good Health and Well-being,0.0732,Quality Education,0.0488,Gender Equality,0.0366,Clean Water and Sanitation,0.0244,Affordable and Clean Energy,0.4268,Decent Work and Economic Growth,0.061,"Industry, Innovation and Infrastructure",0.0122,Reduced Inequalities,0.5,Sustainable Cities and Communities,0.0732,Responsible Consumption and Production,0.122,Climate Action,0.0122,Life Below Water,0.122,Life on Land,0.2683,"Peace, Justice and Strong Institutions",0.0122,Partnerships for the Goals
SA_Mount Remarkable_Rural_2024,2024,SA,35,0.0286,No Poverty,0.0286,Zero Hunger,0.4571,Good Health and Well-being,0.0286,Quality Education,0.0286,Gender Equality,0.1714,Clean Water and Sanitation,0.0857,Affordable and Clean Energy,0.5429,Decent Work and Economic Growth,0.0857,"Industry, Innovation and Infrastructure",0.0,Reduced Inequalities,0.6,Sustainable Cities and Communities,0.1143,Responsible Consumption and Production,0.1714,Climate Action,0.0,Life Below Water,0.0571,Life on Land,0.4571,"Peace, Justice and Strong Institutions",0.0,Partnerships for the Goals
SA_Northern Areas_Rural_2024,2024,SA,18,0.1111,No Poverty,0.0556,Zero Hunger,0.5,Good Health and Well-being,0.0,Quality Education,0.0,Gender Equality,0.1111,Clean Water and Sanitation,0.0556,Affordable and Clean Energy,0.6111,Decent Work and Economic Growth,0.1111,"Industry, Innovation and Infrastructure",0.0,Reduced Inequalities,0.6111,Sustainable Cities and Communities,0.0556,Responsible Consumption and Production,0.0556,Climate Action,0.0556,Life Below Water,0.0,Life on Land,0.4444,"Peace, Justice and Strong Institutions",0.0,Partnerships for the Goals
SA_Port Adelaide Enfield_Urban_2024,2024,SA,16,0.0,No Poverty,0.0,Zero Hunger,0.5625,Good Health and Well-being,0.125,Quality Education,0.25,Gender Equality,0.0625,Clean Water and Sanitation,0.0,Affordable and Clean Energy,0.625,Decent Work and Economic Growth,0.0625,"Industry, Innovation and Infrastructure",0.125,Reduced Inequalities,0.25,Sustainable Cities and Communities,0.0625,Responsible Consumption and Production,0.1875,Climate Action,0.0,Life Below Water,0.3125,Life on Land,0.4375,"Peace, Justice and Strong Institutions",0.0625,Partnerships for the Goals
SA_Orroroo Carrieton_Rural_2024,2024,SA,20,0.1,No Poverty,0.0,Zero Hunger,0.6,Good Health and Well-being,0.0,Quality Education,0.0,Gender Equality,0.0,Clean Water and Sanitation,0.0,Affordable and Clean Energy,0.75,Decent Work and Economic Growth,0.1,"Industry, Innovation and Infrastructure",0.0,Reduced Inequalities,0.5,Sustainable Cities and Communities,0.05,Responsible Consumption and Production,0.0,Climate Action,0.1,Life Below Water,0.05,Life on Land,0.5,"Peace, Justice and Strong Institutions",0.1,Partnerships for the Goals
SA_Playford_Urban_2024,2024,SA,26,0.0,No Poverty,0.0385,Zero Hunger,0.6154,Good Health and Well-being,0.0769,Quality Education,0.0,Gender Equality,0.1538,Clean Water and Sanitation,0.0,Affordable and Clean Energy,0.7308,Decent Work and Economic Growth,0.1154,"Industry, Innovation and Infrastructure",0.0,Reduced Inequalities,0.6923,Sustainable Cities and Communities,0.0769,Responsible Consumption and Production,0.3077,Climate Action,0.0,Life Below Water,0.0385,Life on Land,0.2308,"Peace, Justice and Strong Institutions",0.0,Partnerships for the Goals
SA_Port Lincoln_Urban_2024,2024,SA,28,0.0,No Poverty,0.0,Zero Hunger,0.4286,Good Health and Well-being,0.0714,Quality Education,0.0,Gender Equality,0.0357,Clean Water and Sanitation,0.0357,Affordable and Clean Energy,0.5357,Decent Work and Economic Growth,0.0714,"Industry, Innovation and Infrastructure",0.0,Reduced Inequalities,0.4286,Sustainable Cities and Communities,0.1786,Responsible Consumption and Production,0.0714,Climate Action,0.0,Life Below Water,0.0357,Life on Land,0.4643,"Peace, Justice and Strong Institutions",0.0,Partnerships for the Goals
SA_Prospect_Urban_2024,2024,SA,31,0.0,No Poverty,0.0,Zero Hunger,0.8065,Good Health and Well-being,0.0323,Quality Education,0.0,Gender Equality,0.0323,Clean Water and Sanitation,0.0323,Affordable and Clean Energy,0.7097,Decent Work and Economic Growth,0.0645,"Industry, Innovation and Infrastructure",0.0,Reduced Inequalities,0.8387,Sustainable Cities and Communities,0.0645,Responsible Consumption and Production,0.1935,Climate Action,0.0,Life Below Water,0.0323,Life on Land,0.3548,"Peace, Justice and Strong Institutions",0.0,Partnerships for the Goals
SA_Port Pirie_Rural_2024,2024,SA,42,0.0476,No Poverty,0.0,Zero Hunger,0.4286,Good Health and Well-being,0.2143,Quality Education,0.0238,Gender Equality,0.0238,Clean Water and Sanitation,0.0476,Affordable and Clean Energy,0.5952,Decent Work and Economic Growth,0.0476,"Industry, Innovation and Infrastructure",0.0,Reduced Inequalities,0.3333,Sustainable Cities and Communities,0.0714,Responsible Consumption and Production,0.119,Climate Action,0.0,Life Below Water,0.0476,Life on Land,0.2381,"Peace, Justice and Strong Institutions",0.0238,Partnerships for the Goals
SA_Robe_Rural_2024,2024,SA,22,0.0,No Poverty,0.0909,Zero Hunger,0.5455,Good Health and Well-being,0.0455,Quality Education,0.0,Gender Equality,0.1818,Clean Water and Sanitation,0.0455,Affordable and Clean Energy,0.5909,Decent Work and Economic Growth,0.0455,"Industry, Innovation and Infrastructure",0.0,Reduced Inequalities,0.4091,Sustainable Cities and Communities,0.1364,Responsible Consumption and Production,0.2727,Climate Action,0.0909,Life Below Water,0.0455,Life on Land,0.5455,"Peace, Justice and Strong Institutions",0.0,Partnerships for the Goals
SA_Roxby Downs_Rural_2024,2024,SA,6,0.1667,No Poverty,0.0,Zero Hunger,0.6667,Good Health and Well-being,0.0,Quality Education,0.0,Gender Equality,0.3333,Clean Water and Sanitation,0.5,Affordable and Clean Energy,0.8333,Decent Work and Economic Growth,0.0,"Industry, Innovation and Infrastructure",0.0,Reduced Inequalities,0.3333,Sustainable Cities and Communities,0.0,Responsible Consumption and Production,0.3333,Climate Action,0.0,Life Below Water,0.1667,Life on Land,0.1667,"Peace, Justice and Strong Institutions",0.1667,Partnerships for the Goals
SA_Renmark Paringa_Rural_2024,2024,SA,26,0.0385,No Poverty,0.0,Zero Hunger,0.4231,Good Health and Well-being,0.0,Quality Education,0.0,Gender Equality,0.1154,Clean Water and Sanitation,0.0,Affordable and Clean Energy,0.5,Decent Work and Economic Growth,0.0769,"Industry, Innovation and Infrastructure",0.0,Reduced Inequalities,0.5385,Sustainable Cities and Communities,0.0385,Responsible Consumption and Production,0.2308,Climate Action,0.0385,Life Below Water,0.0769,Life on Land,0.3846,"Peace, Justice and Strong Institutions",0.0,Partnerships for the Goals
SA_Norwood Payneham St Peters_Urban_2024,2024,SA,151,0.0331,No Poverty,0.0066,Zero Hunger,0.5232,Good Health and Well-being,0.0993,Quality Education,0.0331,Gender Equality,0.106,Clean Water and Sanitation,0.0464,Affordable and Clean Energy,0.5762,Decent Work and Economic Growth,0.0464,"Industry, Innovation and Infrastructure",0.0132,Reduced Inequalities,0.5695,Sustainable Cities and Communities,0.0464,Responsible Consumption and Production,0.1391,Climate Action,0.0066,Life Below Water,0.0728,Life on Land,0.3907,"Peace, Justice and Strong Institutions",0.0199,Partnerships for the Goals
SA_Salisbury_Urban_2024,2024,SA,15,0.1333,No Poverty,0.0,Zero Hunger,0.5333,Good Health and Well-being,0.0667,Quality Education,0.0,Gender Equality,0.0,Clean Water and Sanitation,0.0,Affordable and Clean Energy,0.5333,Decent Work and Economic Growth,0.0667,"Industry, Innovation and Infrastructure",0.0,Reduced Inequalities,0.8667,Sustainable Cities and Communities,0.0,Responsible Consumption and Production,0.0667,Climate Action,0.0,Life Below Water,0.0667,Life on Land,0.9333,"Peace, Justice and Strong Institutions",0.0,Partnerships for the Goals
SA_Tea Tree Gully_Urban_2024,2024,SA,11,0.0,No Poverty,0.0,Zero Hunger,0.7273,Good Health and Well-being,0.0,Quality Education,0.0,Gender Equality,0.0,Clean Water and Sanitation,0.0,Affordable and Clean Energy,0.7273,Decent Work and Economic Growth,0.0909,"Industry, Innovation and Infrastructure",0.0,Reduced Inequalities,0.4545,Sustainable Cities and Communities,0.1818,Responsible Consumption and Production,0.0909,Climate Action,0.0,Life Below Water,0.2727,Life on Land,0.5455,"Peace, Justice and Strong Institutions",0.0,Partnerships for the Goals
SA_Southern Mallee_Rural_2024,2024,SA,20,0.0,No Poverty,0.0,Zero Hunger,0.55,Good Health and Well-being,0.05,Quality Education,0.0,Gender Equality,0.05,Clean Water and Sanitation,0.15,Affordable and Clean Energy,0.8,Decent Work and Economic Growth,0.25,"Industry, Innovation and Infrastructure",0.0,Reduced Inequalities,0.4,Sustainable Cities and Communities,0.25,Responsible Consumption and Production,0.2,Climate Action,0.0,Life Below Water,0.05,Life on Land,0.5,"Peace, Justice and Strong Institutions",0.0,Partnerships for the Goals
SA_Tatiara_Rural_2024,2024,SA,32,0.0938,No Poverty,0.0312,Zero Hunger,0.5312,Good Health and Well-being,0.2188,Quality Education,0.0625,Gender Equality,0.0938,Clean Water and Sanitation,0.0,Affordable and Clean Energy,0.5938,Decent Work and Economic Growth,0.0938,"Industry, Innovation and Infrastructure",0.0312,Reduced Inequalities,0.4688,Sustainable Cities and Communities,0.0312,Responsible Consumption and Production,0.125,Climate Action,0.0,Life Below Water,0.0625,Life on Land,0.4062,"Peace, Justice and Strong Institutions",0.0938,Partnerships for the Goals
SA_Tumby Bay_Rural_2024,2024,SA,18,0.0,No Poverty,0.0,Zero Hunger,0.4444,Good Health and Well-being,0.0556,Quality Education,0.0,Gender Equality,0.1111,Clean Water and Sanitation,0.0,Affordable and Clean Energy,0.8333,Decent Work and Economic Growth,0.0,"Industry, Innovation and Infrastructure",0.0,Reduced Inequalities,0.7778,Sustainable Cities and Communities,0.0,Responsible Consumption and Production,0.1667,Climate Action,0.1667,Life Below Water,0.0556,Life on Land,0.1667,"Peace, Justice and Strong Institutions",0.0,Partnerships for the Goals
SA_The Barossa_Rural_2024,2024,SA,25,0.0,No Poverty,0.0,Zero Hunger,0.32,Good Health and Well-being,0.04,Quality Education,0.0,Gender Equality,0.0,Clean Water and Sanitation,0.0,Affordable and Clean Energy,0.44,Decent Work and Economic Growth,0.16,"Industry, Innovation and Infrastructure",0.04,Reduced Inequalities,0.4,Sustainable Cities and Communities,0.0,Responsible Consumption and Production,0.04,Climate Action,0.0,Life Below Water,0.08,Life on Land,0.32,"Peace, Justice and Strong Institutions",0.04,Partnerships for the Goals
SA_Unley_Urban_2024,2024,SA,54,0.037,No Poverty,0.0,Zero Hunger,0.4074,Good Health and Well-being,0.1667,Quality Education,0.0185,Gender Equality,0.037,Clean Water and Sanitation,0.0556,Affordable and Clean Energy,0.5,Decent Work and Economic Growth,0.1667,"Industry, Innovation and Infrastructure",0.0,Reduced Inequalities,0.3889,Sustainable Cities and Communities,0.037,Responsible Consumption and Production,0.0926,Climate Action,0.0,Life Below Water,0.0741,Life on Land,0.2222,"Peace, Justice and Strong Institutions",0.0,Partnerships for the Goals
SA_Victor Harbor_Urban_2024,2024,SA,25,0.0,No Poverty,0.0,Zero Hunger,0.52,Good Health and Well-being,0.12,Quality Education,0.04,Gender Equality,0.0,Clean Water and Sanitation,0.08,Affordable and Clean Energy,0.68,Decent Work and Economic Growth,0.16,"Industry, Innovation and Infrastructure",0.0,Reduced Inequalities,0.52,Sustainable Cities and Communities,0.0,Responsible Consumption and Production,0.2,Climate Action,0.04,Life Below Water,0.0,Life on Land,0.44,"Peace, Justice and Strong Institutions",0.0,Partnerships for the Goals
SA_Wakefield_Rural_2024,2024,SA,27,0.0741,No Poverty,0.0,Zero Hunger,0.6667,Good Health and Well-being,0.0741,Quality Education,0.037,Gender Equality,0.037,Clean Water and Sanitation,0.0741,Affordable and Clean Energy,0.7037,Decent Work and Economic Growth,0.0741,"Industry, Innovation and Infrastructure",0.0,Reduced Inequalities,0.6667,Sustainable Cities and Communities,0.0,Responsible Consumption and Production,0.0741,Climate Action,0.0,Life Below Water,0.037,Life on Land,0.2593,"Peace, Justice and Strong Institutions",0.0,Partnerships for the Goals
SA_Wattle Range_Rural_2024,2024,SA,41,0.0244,No Poverty,0.0,Zero Hunger,0.4878,Good Health and Well-being,0.0976,Quality Education,0.0,Gender Equality,0.0,Clean Water and Sanitation,0.0488,Affordable and Clean Energy,0.561,Decent Work and Economic Growth,0.0244,"Industry, Innovation and Infrastructure",0.0,Reduced Inequalities,0.6341,Sustainable Cities and Communities,0.0488,Responsible Consumption and Production,0.1463,Climate Action,0.0,Life Below Water,0.0732,Life on Land,0.3415,"Peace, Justice and Strong Institutions",0.0244,Partnerships for the Goals
SA_Whyalla_Rural_2024,2024,SA,36,0.1667,No Poverty,0.0,Zero Hunger,0.6389,Good Health and Well-being,0.1944,Quality Education,0.0,Gender Equality,0.1667,Clean Water and Sanitation,0.0278,Affordable and Clean Energy,0.8889,Decent Work and Economic Growth,0.0278,"Industry, Innovation and Infrastructure",0.0278,Reduced Inequalities,0.6389,Sustainable Cities and Communities,0.0278,Responsible Consumption and Production,0.25,Climate Action,0.0278,Life Below Water,0.0556,Life on Land,0.5,"Peace, Justice and Strong Institutions",0.0833,Partnerships for the Goals
SA_Walkerville_Urban_2024,2024,SA,67,0.1194,No Poverty,0.0,Zero Hunger,0.5224,Good Health and Well-being,0.0597,Quality Education,0.0299,Gender Equality,0.0448,Clean Water and Sanitation,0.0299,Affordable and Clean Energy,0.6716,Decent Work and Economic Growth,0.0896,"Industry, Innovation and Infrastructure",0.0149,Reduced Inequalities,0.5373,Sustainable Cities and Communities,0.0597,Responsible Consumption and Production,0.0746,Climate Action,0.0,Life Below Water,0.0896,Life on Land,0.3731,"Peace, Justice and Strong Institutions",0.0,Partnerships for the Goals
SA_Wudinna_Rural_2024,2024,SA,22,0.0455,No Poverty,0.0,Zero Hunger,0.2273,Good Health and Well-being,0.2727,Quality Education,0.0,Gender Equality,0.0455,Clean Water and Sanitation,0.0,Affordable and Clean Energy,0.3636,Decent Work and Economic Growth,0.0455,"Industry, Innovation and Infrastructure",0.0,Reduced Inequalities,0.5,Sustainable Cities and Communities,0.0455,Responsible Consumption and Production,0.0909,Climate Action,0.0,Life Below Water,0.0909,Life on Land,0.3182,"Peace, Justice and Strong Institutions",0.0,Partnerships for the Goals
SA_West Torrens_Urban_2024,2024,SA,163,0.0184,No Poverty,0.0,Zero Hunger,0.3988,Good Health and Well-being,0.0798,Quality Education,0.0491,Gender Equality,0.0982,Clean Water and Sanitation,0.0307,Affordable and Clean Energy,0.5399,Decent Work and Economic Growth,0.1104,"Industry, Innovation and Infrastructure",0.0245,Reduced Inequalities,0.3681,Sustainable Cities and Communities,0.0798,Responsible Consumption and Production,0.1472,Climate Action,0.0,Life Below Water,0.1288,Life on Land,0.319,"Peace, Justice and Strong Institutions",0.0429,Partnerships for the Goals
SA_Yankalilla_Rural_2024,2024,SA,84,0.0238,No Poverty,0.0,Zero Hunger,0.619,Good Health and Well-being,0.0238,Quality Education,0.0238,Gender Equality,0.0595,Clean Water and Sanitation,0.0119,Affordable and Clean Energy,0.7381,Decent Work and Economic Growth,0.0833,"Industry, Innovation and Infrastructure",0.0119,Reduced Inequalities,0.6548,Sustainable Cities and Communities,0.0714,Responsible Consumption and Production,0.2619,Climate Action,0.0119,Life Below Water,0.1548,Life on Land,0.3929,"Peace, Justice and Strong Institutions",0.0,Partnerships for the Goals
TAS_Break O Day_Rural_2024,2024,TAS,24,0.0833,No Poverty,0.0,Zero Hunger,0.4583,Good Health and Well-being,0.0417,Quality Education,0.0,Gender Equality,0.0417,Clean Water and Sanitation,0.0833,Affordable and Clean Energy,0.4583,Decent Work and Economic Growth,0.0417,"Industry, Innovation and Infrastructure",0.0,Reduced Inequalities,0.2917,Sustainable Cities and Communities,0.125,Responsible Consumption and Production,0.2083,Climate Action,0.0,Life Below Water,0.125,Life on Land,0.1667,"Peace, Justice and Strong Institutions",0.0,Partnerships for the Goals
SA_Yorke Peninsula_Rural_2024,2024,SA,44,0.0682,No Poverty,0.0455,Zero Hunger,0.4545,Good Health and Well-being,0.1818,Quality Education,0.0227,Gender Equality,0.0455,Clean Water and Sanitation,0.0455,Affordable and Clean Energy,0.7045,Decent Work and Economic Growth,0.0455,"Industry, Innovation and Infrastructure",0.0227,Reduced Inequalities,0.2955,Sustainable Cities and Communities,0.0227,Responsible Consumption and Production,0.0682,Climate Action,0.0,Life Below Water,0.1364,Life on Land,0.0682,"Peace, Justice and Strong Institutions",0.1591,Partnerships for the Goals
TAS_Brighton_Urban_2024,2024,TAS,30,0.0333,No Poverty,0.0,Zero Hunger,0.6,Good Health and Well-being,0.0667,Quality Education,0.0333,Gender Equality,0.0333,Clean Water and Sanitation,0.1333,Affordable and Clean Energy,0.7333,Decent Work and Economic Growth,0.1667,"Industry, Innovation and Infrastructure",0.0,Reduced Inequalities,0.4333,Sustainable Cities and Communities,0.0667,Responsible Consumption and Production,0.1667,Climate Action,0.0,Life Below Water,0.1,Life on Land,0.3667,"Peace, Justice and Strong Institutions",0.0667,Partnerships for the Goals
TAS_Central Highlands_Rural_2024,2024,TAS,11,0.1818,No Poverty,0.0,Zero Hunger,0.1818,Good Health and Well-being,0.0909,Quality Education,0.0,Gender Equality,0.0,Clean Water and Sanitation,0.0,Affordable and Clean Energy,0.7273,Decent Work and Economic Growth,0.0,"Industry, Innovation and Infrastructure",0.0,Reduced Inequalities,0.6364,Sustainable Cities and Communities,0.0909,Responsible Consumption and Production,0.0,Climate Action,0.0,Life Below Water,0.0909,Life on Land,0.6364,"Peace, Justice and Strong Institutions",0.0,Partnerships for the Goals
TAS_Circular Head_Rural_2024,2024,TAS,10,0.0,No Poverty,0.0,Zero Hunger,0.7,Good Health and Well-being,0.1,Quality Education,0.1,Gender Equality,0.0,Clean Water and Sanitation,0.0,Affordable and Clean Energy,0.7,Decent Work and Economic Growth,0.0,"Industry, Innovation and Infrastructure",0.0,Reduced Inequalities,0.6,Sustainable Cities and Communities,0.0,Responsible Consumption and Production,0.2,Climate Action,0.0,Life Below Water,0.0,Life on Land,0.8,"Peace, Justice and Strong Institutions",0.0,Partnerships for the Goals
TAS_Central Coast_Urban_2024,2024,TAS,39,0.0769,No Poverty,0.0,Zero Hunger,0.6154,Good Health and Well-being,0.0513,Quality Education,0.0769,Gender Equality,0.0256,Clean Water and Sanitation,0.0256,Affordable and Clean Energy,0.9231,Decent Work and Economic Growth,0.1026,"Industry, Innovation and Infrastructure",0.0,Reduced Inequalities,0.4359,Sustainable Cities and Communities,0.1795,Responsible Consumption and Production,0.2564,Climate Action,0.0,Life Below Water,0.0769,Life on Land,0.4103,"Peace, Justice and Strong Institutions",0.0,Partnerships for the Goals
TAS_Clarence_Urban_2024,2024,TAS,38,0.0,No Poverty,0.0263,Zero Hunger,0.6842,Good Health and Well-being,0.2105,Quality Education,0.0,Gender Equality,0.0789,Clean Water and Sanitation,0.0263,Affordable and Clean Energy,0.6316,Decent Work and Economic Growth,0.0526,"Industry, Innovation and Infrastructure",0.0,Reduced Inequalities,0.3421,Sustainable Cities and Communities,0.0263,Responsible Consumption and Production,0.1316,Climate Action,0.0,Life Below Water,0.2105,Life on Land,0.1579,"Peace, Justice and Strong Institutions",0.0263,Partnerships for the Goals
TAS_Derwent Valley_Rural_2024,2024,TAS,16,0.0,No Poverty,0.0,Zero Hunger,0.3125,Good Health and Well-being,0.0,Quality Education,0.0,Gender Equality,0.125,Clean Water and Sanitation,0.0,Affordable and Clean Energy,0.3125,Decent Work and Economic Growth,0.0,"Industry, Innovation and Infrastructure",0.0625,Reduced Inequalities,0.25,Sustainable Cities and Communities,0.0,Responsible Consumption and Production,0.25,Climate Action,0.0625,Life Below Water,0.1875,Life on Land,0.5625,"Peace, Justice and Strong Institutions",0.0,Partnerships for the Goals
TAS_Dorset_Rural_2024,2024,TAS,11,0.0909,No Poverty,0.0,Zero Hunger,0.3636,Good Health and Well-being,0.0,Quality Education,0.0,Gender Equality,0.1818,Clean Water and Sanitation,0.0,Affordable and Clean Energy,0.4545,Decent Work and Economic Growth,0.0,"Industry, Innovation and Infrastructure",0.0,Reduced Inequalities,0.6364,Sustainable Cities and Communities,0.0,Responsible Consumption and Production,0.1818,Climate Action,0.0,Life Below Water,0.0,Life on Land,0.6364,"Peace, Justice and Strong Institutions",0.0,Partnerships for the Goals
TAS_Flinders_Rural_2024,2024,TAS,32,0.0625,No Poverty,0.0,Zero Hunger,0.5312,Good Health and Well-being,0.0938,Quality Education,0.0938,Gender Equality,0.0312,Clean Water and Sanitation,0.0312,Affordable and Clean Energy,0.6562,Decent Work and Economic Growth,0.125,"Industry, Innovation and Infrastructure",0.0,Reduced Inequalities,0.3125,Sustainable Cities and Communities,0.1875,Responsible Consumption and Production,0.25,Climate Action,0.125,Life Below Water,0.0312,Life on Land,0.2812,"Peace, Justice and Strong Institutions",0.0312,Partnerships for the Goals
TAS_Devonport_Urban_2024,2024,TAS,25,0.04,No Poverty,0.0,Zero Hunger,0.52,Good Health and Well-being,0.08,Quality Education,0.04,Gender Equality,0.08,Clean Water and Sanitation,0.0,Affordable and Clean Energy,0.64,Decent Work and Economic Growth,0.08,"Industry, Innovation and Infrastructure",0.0,Reduced Inequalities,0.56,Sustainable Cities and Communities,0.04,Responsible Consumption and Production,0.12,Climate Action,0.04,Life Below Water,0.0,Life on Land,0.32,"Peace, Justice and Strong Institutions",0.04,Partnerships for the Goals
TAS_Glamorgan Spring Bay_Rural_2024,2024,TAS,26,0.0385,No Poverty,0.0,Zero Hunger,0.5,Good Health and Well-being,0.0769,Quality Education,0.0,Gender Equality,0.1154,Clean Water and Sanitation,0.0,Affordable and Clean Energy,0.5769,Decent Work and Economic Growth,0.0769,"Industry, Innovation and Infrastructure",0.0,Reduced Inequalities,0.5,Sustainable Cities and Communities,0.0769,Responsible Consumption and Production,0.0769,Climate Action,0.0,Life Below Water,0.1154,Life on Land,0.4615,"Peace, Justice and Strong Institutions",0.0,Partnerships for the Goals
TAS_Hobart_Urban_2024,2024,TAS,32,0.1562,No Poverty,0.0,Zero Hunger,0.5938,Good Health and Well-being,0.0938,Quality Education,0.0312,Gender Equality,0.0625,Clean Water and Sanitation,0.0625,Affordable and Clean Energy,0.7812,Decent Work and Economic Growth,0.0312,"Industry, Innovation and Infrastructure",0.0312,Reduced Inequalities,0.6562,Sustainable Cities and Communities,0.0312,Responsible Consumption and Production,0.3125,Climate Action,0.0,Life Below Water,0.0938,Life on Land,0.4062,"Peace, Justice and Strong Institutions",0.0625,Partnerships for the Goals
TAS_Huon Valley_Rural_2024,2024,TAS,86,0.0465,No Poverty,0.0349,Zero Hunger,0.4651,Good Health and Well-being,0.1395,Quality Education,0.0233,Gender Equality,0.0581,Clean Water and Sanitation,0.0116,Affordable and Clean Energy,0.5581,Decent Work and Economic Growth,0.1163,"Industry, Innovation and Infrastructure",0.0,Reduced Inequalities,0.2791,Sustainable Cities and Communities,0.0581,Responsible Consumption and Production,0.1279,Climate Action,0.0,Life Below Water,0.1047,Life on Land,0.2791,"Peace, Justice and Strong Institutions",0.0233,Partnerships for the Goals
TAS_Kentish_Rural_2024,2024,TAS,22,0.0,No Poverty,0.0,Zero Hunger,0.2727,Good Health and Well-being,0.0909,Quality Education,0.0,Gender Equality,0.0909,Clean Water and Sanitation,0.0,Affordable and Clean Energy,0.5,Decent Work and Economic Growth,0.0455,"Industry, Innovation and Infrastructure",0.0,Reduced Inequalities,0.2273,Sustainable Cities and Communities,0.1364,Responsible Consumption and Production,0.1818,Climate Action,0.0,Life Below Water,0.0455,Life on Land,0.3182,"Peace, Justice and Strong Institutions",0.0455,Partnerships for the Goals
TAS_King Island_Rural_2024,2024,TAS,22,0.0909,No Poverty,0.0455,Zero Hunger,0.4091,Good Health and Well-being,0.0455,Quality Education,0.0,Gender Equality,0.0455,Clean Water and Sanitation,0.0,Affordable and Clean Energy,0.7273,Decent Work and Economic Growth,0.1364,"Industry, Innovation and Infrastructure",0.1364,Reduced Inequalities,0.2727,Sustainable Cities and Communities,0.1818,Responsible Consumption and Production,0.0909,Climate Action,0.0455,Life Below Water,0.0455,Life on Land,0.1818,"Peace, Justice and Strong Institutions",0.0,Partnerships for the Goals
TAS_Launceston_Urban_2024,2024,TAS,56,0.125,No Poverty,0.0,Zero Hunger,0.5,Good Health and Well-being,0.0893,Quality Education,0.0357,Gender Equality,0.0179,Clean Water and Sanitation,0.0357,Affordable and Clean Energy,0.625,Decent Work and Economic Growth,0.0536,"Industry, Innovation and Infrastructure",0.0179,Reduced Inequalities,0.6429,Sustainable Cities and Communities,0.0536,Responsible Consumption and Production,0.0536,Climate Action,0.0,Life Below Water,0.1071,Life on Land,0.1607,"Peace, Justice and Strong Institutions",0.0,Partnerships for the Goals
TAS_Meander Valley_Urban_2024,2024,TAS,18,0.0,No Poverty,0.0,Zero Hunger,0.3333,Good Health and Well-being,0.0556,Quality Education,0.0,Gender Equality,0.1111,Clean Water and Sanitation,0.0556,Affordable and Clean Energy,0.6667,Decent Work and Economic Growth,0.2222,"Industry, Innovation and Infrastructure",0.0,Reduced Inequalities,0.4444,Sustainable Cities and Communities,0.0556,Responsible Consumption and Production,0.1111,Climate Action,0.0,Life Below Water,0.0556,Life on Land,0.1111,"Peace, Justice and Strong Institutions",0.0,Partnerships for the Goals
TAS_George Town_Rural_2024,2024,TAS,34,0.0294,No Poverty,0.0,Zero Hunger,0.6471,Good Health and Well-being,0.0294,Quality Education,0.0294,Gender Equality,0.0,Clean Water and Sanitation,0.0,Affordable and Clean Energy,0.5,Decent Work and Economic Growth,0.0882,"Industry, Innovation and Infrastructure",0.0,Reduced Inequalities,0.3824,Sustainable Cities and Communities,0.0,Responsible Consumption and Production,0.0294,Climate Action,0.0294,Life Below Water,0.0882,Life on Land,0.2941,"Peace, Justice and Strong Institutions",0.0588,Partnerships for the Goals
TAS_Sorell_Urban_2024,2024,TAS,17,0.0588,No Poverty,0.0,Zero Hunger,0.7647,Good Health and Well-being,0.0,Quality Education,0.0588,Gender Equality,0.1765,Clean Water and Sanitation,0.0,Affordable and Clean Energy,0.7647,Decent Work and Economic Growth,0.0,"Industry, Innovation and Infrastructure",0.0,Reduced Inequalities,0.5882,Sustainable Cities and Communities,0.2353,Responsible Consumption and Production,0.3529,Climate Action,0.0,Life Below Water,0.1765,Life on Land,0.2941,"Peace, Justice and Strong Institutions",0.0,Partnerships for the Goals
SA_Port Augusta_Rural_2024,2024,SA,45,0.0889,No Poverty,0.0,Zero Hunger,0.3778,Good Health and Well-being,0.1333,Quality Education,0.0222,Gender Equality,0.0222,Clean Water and Sanitation,0.0667,Affordable and Clean Energy,0.4222,Decent Work and Economic Growth,0.1111,"Industry, Innovation and Infrastructure",0.0222,Reduced Inequalities,0.4667,Sustainable Cities and Communities,0.0667,Responsible Consumption and Production,0.1111,Climate Action,0.0222,Life Below Water,0.1778,Life on Land,0.2444,"Peace, Justice and Strong Institutions",0.0444,Partnerships for the Goals
TAS_Burnie_Urban_2024,2024,TAS,38,0.1053,No Poverty,0.0,Zero Hunger,0.6316,Good Health and Well-being,0.0789,Quality Education,0.1053,Gender Equality,0.1053,Clean Water and Sanitation,0.2105,Affordable and Clean Energy,0.6842,Decent Work and Economic Growth,0.0,"Industry, Innovation and Infrastructure",0.0526,Reduced Inequalities,0.4737,Sustainable Cities and Communities,0.0,Responsible Consumption and Production,0.2632,Climate Action,0.0526,Life Below Water,0.1316,Life on Land,0.3158,"Peace, Justice and Strong Institutions",0.0,Partnerships for the Goals
TAS_Tasman_Rural_2024,2024,TAS,39,0.0513,No Poverty,0.0,Zero Hunger,0.4359,Good Health and Well-being,0.0,Quality Education,0.0256,Gender Equality,0.0,Clean Water and Sanitation,0.0,Affordable and Clean Energy,0.6154,Decent Work and Economic Growth,0.0513,"Industry, Innovation and Infrastructure",0.0513,Reduced Inequalities,0.3077,Sustainable Cities and Communities,0.0256,Responsible Consumption and Production,0.0256,Climate Action,0.0513,Life Below Water,0.0256,Life on Land,0.5641,"Peace, Justice and Strong Institutions",0.0,Partnerships for the Goals
TAS_Southern Midlands_Rural_2024,2024,TAS,33,0.0303,No Poverty,0.0,Zero Hunger,0.5152,Good Health and Well-being,0.0,Quality Education,0.0,Gender Equality,0.2121,Clean Water and Sanitation,0.0,Affordable and Clean Energy,0.4545,Decent Work and Economic Growth,0.0909,"Industry, Innovation and Infrastructure",0.0,Reduced Inequalities,0.6364,Sustainable Cities and Communities,0.0303,Responsible Consumption and Production,0.2121,Climate Action,0.0303,Life Below Water,0.2121,Life on Land,0.2424,"Peace, Justice and Strong Institutions",0.0,Partnerships for the Goals
TAS_West Tamar_Urban_2024,2024,TAS,21,0.0,No Poverty,0.0,Zero Hunger,0.5714,Good Health and Well-being,0.2381,Quality Education,0.0476,Gender Equality,0.0476,Clean Water and Sanitation,0.0,Affordable and Clean Energy,0.6667,Decent Work and Economic Growth,0.0952,"Industry, Innovation and Infrastructure",0.0,Reduced Inequalities,0.381,Sustainable Cities and Communities,0.0476,Responsible Consumption and Production,0.0476,Climate Action,0.0952,Life Below Water,0.0952,Life on Land,0.3333,"Peace, Justice and Strong Institutions",0.0,Partnerships for the Goals
TAS_West Coast_Rural_2024,2024,TAS,49,0.0,No Poverty,0.0408,Zero Hunger,0.449,Good Health and Well-being,0.0,Quality Education,0.0204,Gender Equality,0.1633,Clean Water and Sanitation,0.0612,Affordable and Clean Energy,0.6735,Decent Work and Economic Growth,0.0612,"Industry, Innovation and Infrastructure",0.0,Reduced Inequalities,0.4082,Sustainable Cities and Communities,0.1224,Responsible Consumption and Production,0.4694,Climate Action,0.0816,Life Below Water,0.1429,Life on Land,0.2449,"Peace, Justice and Strong Institutions",0.0408,Partnerships for the Goals
TAS_Waratah Wynyard_Rural_2024,2024,TAS,45,0.0,No Poverty,0.0,Zero Hunger,0.4222,Good Health and Well-being,0.0889,Quality Education,0.0222,Gender Equality,0.1333,Clean Water and Sanitation,0.0222,Affordable and Clean Energy,0.6889,Decent Work and Economic Growth,0.0889,"Industry, Innovation and Infrastructure",0.0,Reduced Inequalities,0.4444,Sustainable Cities and Communities,0.1556,Responsible Consumption and Production,0.2,Climate Action,0.0,Life Below Water,0.1556,Life on Land,0.3333,"Peace, Justice and Strong Institutions",0.0667,Partnerships for the Goals
VIC_Ballarat_Urban_2024,2024,VIC,13,0.0,No Poverty,0.0,Zero Hunger,0.6154,Good Health and Well-being,0.1538,Quality Education,0.0,Gender Equality,0.0,Clean Water and Sanitation,0.0769,Affordable and Clean Energy,0.7692,Decent Work and Economic Growth,0.0769,"Industry, Innovation and Infrastructure",0.0,Reduced Inequalities,0.5385,Sustainable Cities and Communities,0.1538,Responsible Consumption and Production,0.0769,Climate Action,0.0,Life Below Water,0.0,Life on Land,0.3846,"Peace, Justice and Strong Institutions",0.0,Partnerships for the Goals
VIC_Ararat_Rural_2024,2024,VIC,27,0.1481,No Poverty,0.0,Zero Hunger,0.5185,Good Health and Well-being,0.0741,Quality Education,0.0741,Gender Equality,0.0,Clean Water and Sanitation,0.0,Affordable and Clean Energy,0.7037,Decent Work and Economic Growth,0.037,"Industry, Innovation and Infrastructure",0.037,Reduced Inequalities,0.4444,Sustainable Cities and Communities,0.1111,Responsible Consumption and Production,0.0741,Climate Action,0.0,Life Below Water,0.0741,Life on Land,0.5556,"Peace, Justice and Strong Institutions",0.0,Partnerships for the Goals
VIC_Alpine_Rural_2024,2024,VIC,54,0.037,No Poverty,0.0556,Zero Hunger,0.4444,Good Health and Well-being,0.0185,Quality Education,0.0741,Gender Equality,0.0556,Clean Water and Sanitation,0.0185,Affordable and Clean Energy,0.6481,Decent Work and Economic Growth,0.037,"Industry, Innovation and Infrastructure",0.0,Reduced Inequalities,0.4444,Sustainable Cities and Communities,0.0926,Responsible Consumption and Production,0.1481,Climate Action,0.0,Life Below Water,0.0556,Life on Land,0.4444,"Peace, Justice and Strong Institutions",0.0556,Partnerships for the Goals
VIC_Baw Baw_Urban_2024,2024,VIC,26,0.0769,No Poverty,0.0,Zero Hunger,0.7308,Good Health and Well-being,0.1923,Quality Education,0.0,Gender Equality,0.0385,Clean Water and Sanitation,0.0769,Affordable and Clean Energy,0.7308,Decent Work and Economic Growth,0.0,"Industry, Innovation and Infrastructure",0.0,Reduced Inequalities,0.5385,Sustainable Cities and Communities,0.0,Responsible Consumption and Production,0.1154,Climate Action,0.0,Life Below Water,0.1154,Life on Land,0.2308,"Peace, Justice and Strong Institutions",0.0,Partnerships for the Goals
VIC_Bass Coast_Urban_2024,2024,VIC,77,0.1169,No Poverty,0.0,Zero Hunger,0.9221,Good Health and Well-being,0.039,Quality Education,0.0649,Gender Equality,0.026,Clean Water and Sanitation,0.0,Affordable and Clean Energy,0.5714,Decent Work and Economic Growth,0.013,"Industry, Innovation and Infrastructure",0.013,Reduced Inequalities,0.026,Sustainable Cities and Communities,0.0,Responsible Consumption and Production,0.0519,Climate Action,0.013,Life Below Water,0.013,Life on Land,0.2597,"Peace, Justice and Strong Institutions",0.0909,Partnerships for the Goals
VIC_Benalla_Rural_2024,2024,VIC,25,0.08,No Poverty,0.0,Zero Hunger,0.28,Good Health and Well-being,0.04,Quality Education,0.0,Gender Equality,0.04,Clean Water and Sanitation,0.0,Affordable and Clean Energy,0.6,Decent Work and Economic Growth,0.04,"Industry, Innovation and Infrastructure",0.0,Reduced Inequalities,0.64,Sustainable Cities and Communities,0.04,Responsible Consumption and Production,0.2,Climate Action,0.0,Life Below Water,0.0,Life on Land,0.32,"Peace, Justice and Strong Institutions",0.08,Partnerships for the Goals
VIC_Banyule_Urban_2024,2024,VIC,127,0.1339,No Poverty,0.0,Zero Hunger,0.5906,Good Health and Well-being,0.1024,Quality Education,0.1339,Gender Equality,0.0472,Clean Water and Sanitation,0.0394,Affordable and Clean Energy,0.6535,Decent Work and Economic Growth,0.0787,"Industry, Innovation and Infrastructure",0.0472,Reduced Inequalities,0.3228,Sustainable Cities and Communities,0.0315,Responsible Consumption and Production,0.1417,Climate Action,0.0,Life Below Water,0.0787,Life on Land,0.4961,"Peace, Justice and Strong Institutions",0.0472,Partnerships for the Goals
VIC_Bayside_Urban_2024,2024,VIC,38,0.1579,No Poverty,0.0263,Zero Hunger,0.5,Good Health and Well-being,0.1053,Quality Education,0.1316,Gender Equality,0.0263,Clean Water and Sanitation,0.0,Affordable and Clean Energy,0.5789,Decent Work and Economic Growth,0.0263,"Industry, Innovation and Infrastructure",0.0,Reduced Inequalities,0.3947,Sustainable Cities and Communities,0.0,Responsible Consumption and Production,0.1842,Climate Action,0.0263,Life Below Water,0.0789,Life on Land,0.5263,"Peace, Justice and Strong Institutions",0.0,Partnerships for the Goals
VIC_Buloke_Rural_2024,2024,VIC,26,0.1154,No Poverty,0.0385,Zero Hunger,0.7692,Good Health and Well-being,0.1538,Quality Education,0.0769,Gender Equality,0.0,Clean Water and Sanitation,0.0385,Affordable and Clean Energy,0.6538,Decent Work and Economic Growth,0.0385,"Industry, Innovation and Infrastructure",0.0385,Reduced Inequalities,0.2692,Sustainable Cities and Communities,0.0385,Responsible Consumption and Production,0.0,Climate Action,0.0385,Life Below Water,0.0385,Life on Land,0.1923,"Peace, Justice and Strong Institutions",0.1154,Partnerships for the Goals
VIC_Boroondara_Urban_2024,2024,VIC,72,0.0278,No Poverty,0.0,Zero Hunger,0.4583,Good Health and Well-being,0.0556,Quality Education,0.0417,Gender Equality,0.0278,Clean Water and Sanitation,0.0139,Affordable and Clean Energy,0.625,Decent Work and Economic Growth,0.1944,"Industry, Innovation and Infrastructure",0.0278,Reduced Inequalities,0.4583,Sustainable Cities and Communities,0.0556,Responsible Consumption and Production,0.0556,Climate Action,0.0139,Life Below Water,0.0556,Life on Land,0.3194,"Peace, Justice and Strong Institutions",0.0139,Partnerships for the Goals
VIC_Bendigo_Urban_2024,2024,VIC,41,0.0976,No Poverty,0.0,Zero Hunger,0.7561,Good Health and Well-being,0.0488,Quality Education,0.0244,Gender Equality,0.0732,Clean Water and Sanitation,0.0732,Affordable and Clean Energy,0.7805,Decent Work and Economic Growth,0.0488,"Industry, Innovation and Infrastructure",0.0488,Reduced Inequalities,0.7073,Sustainable Cities and Communities,0.0244,Responsible Consumption and Production,0.1951,Climate Action,0.0244,Life Below Water,0.1463,Life on Land,0.3659,"Peace, Justice and Strong Institutions",0.0488,Partnerships for the Goals
VIC_Cardinia_Urban_2024,2024,VIC,29,0.2759,No Poverty,0.1724,Zero Hunger,0.6897,Good Health and Well-being,0.1379,Quality Education,0.0,Gender Equality,0.0,Clean Water and Sanitation,0.0345,Affordable and Clean Energy,0.8621,Decent Work and Economic Growth,0.1724,"Industry, Innovation and Infrastructure",0.0,Reduced Inequalities,0.3793,Sustainable Cities and Communities,0.0345,Responsible Consumption and Production,0.2414,Climate Action,0.0,Life Below Water,0.0345,Life on Land,0.2069,"Peace, Justice and Strong Institutions",0.1379,Partnerships for the Goals
VIC_Campaspe_Urban_2024,2024,VIC,45,0.0667,No Poverty,0.0,Zero Hunger,0.6222,Good Health and Well-being,0.0889,Quality Education,0.0,Gender Equality,0.1333,Clean Water and Sanitation,0.0222,Affordable and Clean Energy,0.7333,Decent Work and Economic Growth,0.1333,"Industry, Innovation and Infrastructure",0.0,Reduced Inequalities,0.4,Sustainable Cities and Communities,0.0667,Responsible Consumption and Production,0.2222,Climate Action,0.0222,Life Below Water,0.0889,Life on Land,0.4,"Peace, Justice and Strong Institutions",0.0,Partnerships for the Goals
VIC_Casey_Urban_2024,2024,VIC,42,0.0238,No Poverty,0.0,Zero Hunger,0.6905,Good Health and Well-being,0.119,Quality Education,0.0476,Gender Equality,0.0,Clean Water and Sanitation,0.0238,Affordable and Clean Energy,0.5238,Decent Work and Economic Growth,0.0714,"Industry, Innovation and Infrastructure",0.0,Reduced Inequalities,0.5476,Sustainable Cities and Communities,0.0476,Responsible Consumption and Production,0.0714,Climate Action,0.0,Life Below Water,0.0952,Life on Land,0.4286,"Peace, Justice and Strong Institutions",0.0476,Partnerships for the Goals
VIC_Colac Otway_Urban_2024,2024,VIC,1,0.0,No Poverty,0.0,Zero Hunger,1.0,Good Health and Well-being,0.0,Quality Education,0.0,Gender Equality,0.0,Clean Water and Sanitation,1.0,Affordable and Clean Energy,1.0,Decent Work and Economic Growth,0.0,"Industry, Innovation and Infrastructure",0.0,Reduced Inequalities,0.0,Sustainable Cities and Communities,0.0,Responsible Consumption and Production,0.0,Climate Action,0.0,Life Below Water,0.0,Life on Land,1.0,"Peace, Justice and Strong Institutions",0.0,Partnerships for the Goals
VIC_Central Goldfields_Rural_2024,2024,VIC,36,0.0556,No Poverty,0.0556,Zero Hunger,0.6111,Good Health and Well-being,0.1944,Quality Education,0.1111,Gender Equality,0.1389,Clean Water and Sanitation,0.0,Affordable and Clean Energy,0.6111,Decent Work and Economic Growth,0.2222,"Industry, Innovation and Infrastructure",0.0278,Reduced Inequalities,0.3889,Sustainable Cities and Communities,0.0,Responsible Consumption and Production,0.0833,Climate Action,0.0,Life Below Water,0.0556,Life on Land,0.3611,"Peace, Justice and Strong Institutions",0.0278,Partnerships for the Goals
VIC_Corangamite_Rural_2024,2024,VIC,19,0.1579,No Poverty,0.0,Zero Hunger,0.6842,Good Health and Well-being,0.0526,Quality Education,0.1053,Gender Equality,0.0526,Clean Water and Sanitation,0.1053,Affordable and Clean Energy,0.8947,Decent Work and Economic Growth,0.1053,"Industry, Innovation and Infrastructure",0.0,Reduced Inequalities,0.5263,Sustainable Cities and Communities,0.0526,Responsible Consumption and Production,0.4737,Climate Action,0.0,Life Below Water,0.1053,Life on Land,0.3158,"Peace, Justice and Strong Institutions",0.1579,Partnerships for the Goals
VIC_Dandenong_Urban_2024,2024,VIC,64,0.1406,No Poverty,0.0,Zero Hunger,0.7188,Good Health and Well-being,0.0625,Quality Education,0.0781,Gender Equality,0.0312,Clean Water and Sanitation,0.0781,Affordable and Clean Energy,0.8594,Decent Work and Economic Growth,0.0625,"Industry, Innovation and Infrastructure",0.0469,Reduced Inequalities,0.4844,Sustainable Cities and Communities,0.0469,Responsible Consumption and Production,0.1562,Climate Action,0.0,Life Below Water,0.0469,Life on Land,0.3906,"Peace, Justice and Strong Institutions",0.0469,Partnerships for the Goals
VIC_Darebin_Urban_2024,2024,VIC,83,0.1807,No Poverty,0.0,Zero Hunger,0.5422,Good Health and Well-being,0.0361,Quality Education,0.0482,Gender Equality,0.0241,Clean Water and Sanitation,0.0241,Affordable and Clean Energy,0.6024,Decent Work and Economic Growth,0.0602,"Industry, Innovation and Infrastructure",0.0482,Reduced Inequalities,0.494,Sustainable Cities and Communities,0.0361,Responsible Consumption and Production,0.0723,Climate Action,0.012,Life Below Water,0.1325,Life on Land,0.4699,"Peace, Justice and Strong Institutions",0.0241,Partnerships for the Goals
VIC_Gannawarra_Rural_2024,2024,VIC,36,0.1111,No Poverty,0.0278,Zero Hunger,0.4167,Good Health and Well-being,0.0833,Quality Education,0.1111,Gender Equality,0.0556,Clean Water and Sanitation,0.0556,Affordable and Clean Energy,0.5278,Decent Work and Economic Growth,0.0278,"Industry, Innovation and Infrastructure",0.0,Reduced Inequalities,0.5833,Sustainable Cities and Communities,0.0278,Responsible Consumption and Production,0.25,Climate Action,0.0,Life Below Water,0.0278,Life on Land,0.5,"Peace, Justice and Strong Institutions",0.0278,Partnerships for the Goals
VIC_Frankston_Urban_2024,2024,VIC,120,0.0833,No Poverty,0.025,Zero Hunger,0.575,Good Health and Well-being,0.1417,Quality Education,0.0917,Gender Equality,0.025,Clean Water and Sanitation,0.025,Affordable and Clean Energy,0.7583,Decent Work and Economic Growth,0.0667,"Industry, Innovation and Infrastructure",0.0,Reduced Inequalities,0.45,Sustainable Cities and Communities,0.0333,Responsible Consumption and Production,0.1417,Climate Action,0.0083,Life Below Water,0.0583,Life on Land,0.3333,"Peace, Justice and Strong Institutions",0.025,Partnerships for the Goals
VIC_Glenelg_Urban_2024,2024,VIC,30,0.0667,No Poverty,0.0,Zero Hunger,0.4333,Good Health and Well-being,0.2667,Quality Education,0.1333,Gender Equality,0.0667,Clean Water and Sanitation,0.0667,Affordable and Clean Energy,0.6333,Decent Work and Economic Growth,0.1333,"Industry, Innovation and Infrastructure",0.0333,Reduced Inequalities,0.2667,Sustainable Cities and Communities,0.0333,Responsible Consumption and Production,0.1,Climate Action,0.0,Life Below Water,0.0667,Life on Land,0.3667,"Peace, Justice and Strong Institutions",0.0667,Partnerships for the Goals
VIC_Golden Plains_Urban_2024,2024,VIC,66,0.0909,No Poverty,0.0152,Zero Hunger,0.6818,Good Health and Well-being,0.1818,Quality Education,0.0303,Gender Equality,0.0909,Clean Water and Sanitation,0.0455,Affordable and Clean Energy,0.6212,Decent Work and Economic Growth,0.1515,"Industry, Innovation and Infrastructure",0.0,Reduced Inequalities,0.4697,Sustainable Cities and Communities,0.0606,Responsible Consumption and Production,0.197,Climate Action,0.0,Life Below Water,0.1212,Life on Land,0.303,"Peace, Justice and Strong Institutions",0.0152,Partnerships for the Goals
VIC_Hobsons Bay_Urban_2024,2024,VIC,104,0.1058,No Poverty,0.0,Zero Hunger,0.6058,Good Health and Well-being,0.2019,Quality Education,0.0962,Gender Equality,0.0577,Clean Water and Sanitation,0.0865,Affordable and Clean Energy,0.6538,Decent Work and Economic Growth,0.1154,"Industry, Innovation and Infrastructure",0.0288,Reduced Inequalities,0.4038,Sustainable Cities and Communities,0.0192,Responsible Consumption and Production,0.1346,Climate Action,0.0288,Life Below Water,0.1442,Life on Land,0.2885,"Peace, Justice and Strong Institutions",0.0192,Partnerships for the Goals
VIC_Hindmarsh_Rural_2024,2024,VIC,43,0.093,No Poverty,0.0233,Zero Hunger,0.5349,Good Health and Well-being,0.093,Quality Education,0.093,Gender Equality,0.0465,Clean Water and Sanitation,0.0,Affordable and Clean Energy,0.5349,Decent Work and Economic Growth,0.093,"Industry, Innovation and Infrastructure",0.0233,Reduced Inequalities,0.5581,Sustainable Cities and Communities,0.0465,Responsible Consumption and Production,0.1163,Climate Action,0.0,Life Below Water,0.093,Life on Land,0.4186,"Peace, Justice and Strong Institutions",0.0,Partnerships for the Goals
NSW_Sutherland_Urban_2024,2024,NSW,46,0.087,No Poverty,0.0,Zero Hunger,0.5652,Good Health and Well-being,0.087,Quality Education,0.0435,Gender Equality,0.087,Clean Water and Sanitation,0.1304,Affordable and Clean Energy,0.6087,Decent Work and Economic Growth,0.0652,"Industry, Innovation and Infrastructure",0.0,Reduced Inequalities,0.4348,Sustainable Cities and Communities,0.1087,Responsible Consumption and Production,0.3261,Climate Action,0.0217,Life Below Water,0.1087,Life on Land,0.2826,"Peace, Justice and Strong Institutions",0.0652,Partnerships for the Goals
VIC_Geelong_Urban_2024,2024,VIC,76,0.0526,No Poverty,0.0132,Zero Hunger,0.6447,Good Health and Well-being,0.0263,Quality Education,0.0658,Gender Equality,0.0263,Clean Water and Sanitation,0.0526,Affordable and Clean Energy,0.6316,Decent Work and Economic Growth,0.1184,"Industry, Innovation and Infrastructure",0.0132,Reduced Inequalities,0.3816,Sustainable Cities and Communities,0.0526,Responsible Consumption and Production,0.1447,Climate Action,0.0,Life Below Water,0.1316,Life on Land,0.3026,"Peace, Justice and Strong Institutions",0.0658,Partnerships for the Goals
VIC_Hume_Urban_2024,2024,VIC,13,0.1538,No Poverty,0.0,Zero Hunger,0.7692,Good Health and Well-being,0.1538,Quality Education,0.0,Gender Equality,0.0,Clean Water and Sanitation,0.0,Affordable and Clean Energy,0.9231,Decent Work and Economic Growth,0.0,"Industry, Innovation and Infrastructure",0.0,Reduced Inequalities,0.6923,Sustainable Cities and Communities,0.1538,Responsible Consumption and Production,0.0,Climate Action,0.0,Life Below Water,0.0,Life on Land,0.4615,"Peace, Justice and Strong Institutions",0.0769,Partnerships for the Goals
VIC_Horsham_Urban_2024,2024,VIC,33,0.0909,No Poverty,0.0,Zero Hunger,0.6364,Good Health and Well-being,0.0909,Quality Education,0.0909,Gender Equality,0.0606,Clean Water and Sanitation,0.0,Affordable and Clean Energy,0.7273,Decent Work and Economic Growth,0.0,"Industry, Innovation and Infrastructure",0.0606,Reduced Inequalities,0.5455,Sustainable Cities and Communities,0.0909,Responsible Consumption and Production,0.2121,Climate Action,0.0,Life Below Water,0.0909,Life on Land,0.3333,"Peace, Justice and Strong Institutions",0.0,Partnerships for the Goals
VIC_Knox_Urban_2024,2024,VIC,2,0.5,No Poverty,0.0,Zero Hunger,1.0,Good Health and Well-being,0.0,Quality Education,0.0,Gender Equality,0.0,Clean Water and Sanitation,0.0,Affordable and Clean Energy,1.0,Decent Work and Economic Growth,0.0,"Industry, Innovation and Infrastructure",0.0,Reduced Inequalities,0.5,Sustainable Cities and Communities,0.0,Responsible Consumption and Production,0.0,Climate Action,0.0,Life Below Water,0.0,Life on Land,1.0,"Peace, Justice and Strong Institutions",0.0,Partnerships for the Goals
VIC_Indigo_Rural_2024,2024,VIC,19,0.0526,No Poverty,0.0,Zero Hunger,0.5263,Good Health and Well-being,0.0526,Quality Education,0.0526,Gender Equality,0.0,Clean Water and Sanitation,0.0526,Affordable and Clean Energy,0.6316,Decent Work and Economic Growth,0.0526,"Industry, Innovation and Infrastructure",0.0,Reduced Inequalities,0.3158,Sustainable Cities and Communities,0.1579,Responsible Consumption and Production,0.1053,Climate Action,0.0,Life Below Water,0.1579,Life on Land,0.7368,"Peace, Justice and Strong Institutions",0.0,Partnerships for the Goals
VIC_Latrobe_Urban_2024,2024,VIC,39,0.0769,No Poverty,0.0,Zero Hunger,0.6923,Good Health and Well-being,0.1282,Quality Education,0.0,Gender Equality,0.0,Clean Water and Sanitation,0.1026,Affordable and Clean Energy,0.8718,Decent Work and Economic Growth,0.0513,"Industry, Innovation and Infrastructure",0.0,Reduced Inequalities,0.641,Sustainable Cities and Communities,0.0256,Responsible Consumption and Production,0.1026,Climate Action,0.0,Life Below Water,0.0513,Life on Land,0.4103,"Peace, Justice and Strong Institutions",0.0256,Partnerships for the Goals
TAS_Northern Midlands_Rural_2024,2024,TAS,49,0.0408,No Poverty,0.0,Zero Hunger,0.6735,Good Health and Well-being,0.0612,Quality Education,0.0204,Gender Equality,0.1224,Clean Water and Sanitation,0.0612,Affordable and Clean Energy,0.7143,Decent Work and Economic Growth,0.1429,"Industry, Innovation and Infrastructure",0.0,Reduced Inequalities,0.6735,Sustainable Cities and Communities,0.0,Responsible Consumption and Production,0.102,Climate Action,0.0,Life Below Water,0.0204,Life on Land,0.3469,"Peace, Justice and Strong Institutions",0.0408,Partnerships for the Goals
VIC_Loddon_Rural_2024,2024,VIC,91,0.0659,No Poverty,0.044,Zero Hunger,0.6484,Good Health and Well-being,0.1648,Quality Education,0.022,Gender Equality,0.0659,Clean Water and Sanitation,0.011,Affordable and Clean Energy,0.6703,Decent Work and Economic Growth,0.0769,"Industry, Innovation and Infrastructure",0.0,Reduced Inequalities,0.4066,Sustainable Cities and Communities,0.0,Responsible Consumption and Production,0.1429,Climate Action,0.0,Life Below Water,0.0879,Life on Land,0.3297,"Peace, Justice and Strong Institutions",0.0659,Partnerships for the Goals
TAS_Latrobe_Rural_2024,2024,TAS,21,0.1429,No Poverty,0.0,Zero Hunger,0.4762,Good Health and Well-being,0.0476,Quality Education,0.0,Gender Equality,0.0476,Clean Water and Sanitation,0.0,Affordable and Clean Energy,0.5238,Decent Work and Economic Growth,0.0476,"Industry, Innovation and Infrastructure",0.0,Reduced Inequalities,0.4286,Sustainable Cities and Communities,0.1429,Responsible Consumption and Production,0.1429,Climate Action,0.0476,Life Below Water,0.0476,Life on Land,0.5714,"Peace, Justice and Strong Institutions",0.0476,Partnerships for the Goals
VIC_Macedon Ranges_Urban_2024,2024,VIC,85,0.0471,No Poverty,0.0,Zero Hunger,0.6588,Good Health and Well-being,0.0471,Quality Education,0.0235,Gender Equality,0.0471,Clean Water and Sanitation,0.0235,Affordable and Clean Energy,0.6353,Decent Work and Economic Growth,0.0824,"Industry, Innovation and Infrastructure",0.0,Reduced Inequalities,0.4706,Sustainable Cities and Communities,0.1059,Responsible Consumption and Production,0.1647,Climate Action,0.0,Life Below Water,0.1529,Life on Land,0.3176,"Peace, Justice and Strong Institutions",0.0235,Partnerships for the Goals
VIC_Mansfield_Rural_2024,2024,VIC,33,0.0606,No Poverty,0.0,Zero Hunger,0.6667,Good Health and Well-being,0.1212,Quality Education,0.0909,Gender Equality,0.0303,Clean Water and Sanitation,0.0,Affordable and Clean Energy,0.697,Decent Work and Economic Growth,0.0606,"Industry, Innovation and Infrastructure",0.0,Reduced Inequalities,0.5758,Sustainable Cities and Communities,0.0909,Responsible Consumption and Production,0.1515,Climate Action,0.0,Life Below Water,0.0606,Life on Land,0.4545,"Peace, Justice and Strong Institutions",0.0,Partnerships for the Goals
VIC_Manningham_Urban_2024,2024,VIC,227,0.0837,No Poverty,0.0132,Zero Hunger,0.6432,Good Health and Well-being,0.1322,Quality Education,0.0837,Gender Equality,0.0881,Clean Water and Sanitation,0.0661,Affordable and Clean Energy,0.5683,Decent Work and Economic Growth,0.0661,"Industry, Innovation and Infrastructure",0.0485,Reduced Inequalities,0.2511,Sustainable Cities and Communities,0.0617,Responsible Consumption and Production,0.1586,Climate Action,0.0044,Life Below Water,0.0925,Life on Land,0.2863,"Peace, Justice and Strong Institutions",0.0396,Partnerships for the Goals
VIC_Melton_Urban_2024,2024,VIC,12,0.1667,No Poverty,0.0,Zero Hunger,0.6667,Good Health and Well-being,0.0,Quality Education,0.0833,Gender Equality,0.0833,Clean Water and Sanitation,0.0,Affordable and Clean Energy,0.5833,Decent Work and Economic Growth,0.0,"Industry, Innovation and Infrastructure",0.0,Reduced Inequalities,0.5833,Sustainable Cities and Communities,0.0833,Responsible Consumption and Production,0.0833,Climate Action,0.0,Life Below Water,0.0,Life on Land,0.5,"Peace, Justice and Strong Institutions",0.0,Partnerships for the Goals
VIC_Melbourne_Urban_2024,2024,VIC,94,0.1064,No Poverty,0.0,Zero Hunger,0.5532,Good Health and Well-being,0.1064,Quality Education,0.1277,Gender Equality,0.0106,Clean Water and Sanitation,0.0851,Affordable and Clean Energy,0.6809,Decent Work and Economic Growth,0.0851,"Industry, Innovation and Infrastructure",0.0106,Reduced Inequalities,0.383,Sustainable Cities and Communities,0.0745,Responsible Consumption and Production,0.1596,Climate Action,0.0,Life Below Water,0.0745,Life on Land,0.2872,"Peace, Justice and Strong Institutions",0.0319,Partnerships for the Goals
VIC_Maroondah_Urban_2024,2024,VIC,110,0.0727,No Poverty,0.0,Zero Hunger,0.6364,Good Health and Well-being,0.1364,Quality Education,0.0818,Gender Equality,0.0818,Clean Water and Sanitation,0.0636,Affordable and Clean Energy,0.6636,Decent Work and Economic Growth,0.0909,"Industry, Innovation and Infrastructure",0.0091,Reduced Inequalities,0.4545,Sustainable Cities and Communities,0.0182,Responsible Consumption and Production,0.2182,Climate Action,0.0273,Life Below Water,0.0818,Life on Land,0.3545,"Peace, Justice and Strong Institutions",0.0727,Partnerships for the Goals
VIC_Mitchell_Urban_2024,2024,VIC,19,0.0,No Poverty,0.0,Zero Hunger,0.2105,Good Health and Well-being,0.0,Quality Education,0.0,Gender Equality,0.0,Clean Water and Sanitation,0.1579,Affordable and Clean Energy,0.5263,Decent Work and Economic Growth,0.0,"Industry, Innovation and Infrastructure",0.0,Reduced Inequalities,0.0526,Sustainable Cities and Communities,0.4737,Responsible Consumption and Production,0.0,Climate Action,0.0,Life Below Water,0.0,Life on Land,0.4211,"Peace, Justice and Strong Institutions",0.0,Partnerships for the Goals
VIC_Mildura_Urban_2024,2024,VIC,43,0.0698,No Poverty,0.0,Zero Hunger,0.5116,Good Health and Well-being,0.1395,Quality Education,0.0465,Gender Equality,0.093,Clean Water and Sanitation,0.1163,Affordable and Clean Energy,0.6744,Decent Work and Economic Growth,0.1395,"Industry, Innovation and Infrastructure",0.0,Reduced Inequalities,0.3953,Sustainable Cities and Communities,0.0233,Responsible Consumption and Production,0.2558,Climate Action,0.0,Life Below Water,0.0233,Life on Land,0.2326,"Peace, Justice and Strong Institutions",0.0698,Partnerships for the Goals
VIC_Moira_Urban_2024,2024,VIC,36,0.0278,No Poverty,0.0,Zero Hunger,0.7222,Good Health and Well-being,0.0278,Quality Education,0.0833,Gender Equality,0.0,Clean Water and Sanitation,0.0,Affordable and Clean Energy,0.6944,Decent Work and Economic Growth,0.0556,"Industry, Innovation and Infrastructure",0.0,Reduced Inequalities,0.4722,Sustainable Cities and Communities,0.0833,Responsible Consumption and Production,0.1111,Climate Action,0.0,Life Below Water,0.0556,Life on Land,0.75,"Peace, Justice and Strong Institutions",0.0,Partnerships for the Goals
VIC_Mornington Peninsula_Urban_2024,2024,VIC,2,0.5,No Poverty,0.5,Zero Hunger,0.5,Good Health and Well-being,0.0,Quality Education,0.0,Gender Equality,0.0,Clean Water and Sanitation,0.0,Affordable and Clean Energy,1.0,Decent Work and Economic Growth,0.5,"Industry, Innovation and Infrastructure",0.0,Reduced Inequalities,0.5,Sustainable Cities and Communities,0.0,Responsible Consumption and Production,0.0,Climate Action,0.0,Life Below Water,0.0,Life on Land,0.0,"Peace, Justice and Strong Institutions",0.0,Partnerships for the Goals
VIC_Monash_Urban_2024,2024,VIC,81,0.1481,No Poverty,0.0123,Zero Hunger,0.5432,Good Health and Well-being,0.1111,Quality Education,0.1728,Gender Equality,0.0123,Clean Water and Sanitation,0.1235,Affordable and Clean Energy,0.5062,Decent Work and Economic Growth,0.0123,"Industry, Innovation and Infrastructure",0.037,Reduced Inequalities,0.3333,Sustainable Cities and Communities,0.0988,Responsible Consumption and Production,0.1358,Climate Action,0.0,Life Below Water,0.1111,Life on Land,0.321,"Peace, Justice and Strong Institutions",0.0247,Partnerships for the Goals
VIC_Moonee Valley_Urban_2024,2024,VIC,76,0.1711,No Poverty,0.0395,Zero Hunger,0.6974,Good Health and Well-being,0.1053,Quality Education,0.1184,Gender Equality,0.0132,Clean Water and Sanitation,0.0263,Affordable and Clean Energy,0.6579,Decent Work and Economic Growth,0.0526,"Industry, Innovation and Infrastructure",0.0132,Reduced Inequalities,0.4868,Sustainable Cities and Communities,0.0263,Responsible Consumption and Production,0.2237,Climate Action,0.0,Life Below Water,0.0789,Life on Land,0.5921,"Peace, Justice and Strong Institutions",0.0132,Partnerships for the Goals
VIC_Mount Alexander_Urban_2024,2024,VIC,52,0.1154,No Poverty,0.0,Zero Hunger,0.5192,Good Health and Well-being,0.0385,Quality Education,0.0577,Gender Equality,0.0192,Clean Water and Sanitation,0.0385,Affordable and Clean Energy,0.5769,Decent Work and Economic Growth,0.0577,"Industry, Innovation and Infrastructure",0.0385,Reduced Inequalities,0.5192,Sustainable Cities and Communities,0.1538,Responsible Consumption and Production,0.1154,Climate Action,0.0,Life Below Water,0.0385,Life on Land,0.3846,"Peace, Justice and Strong Institutions",0.0192,Partnerships for the Goals
VIC_Moyne_Rural_2024,2024,VIC,45,0.0667,No Poverty,0.0222,Zero Hunger,0.5333,Good Health and Well-being,0.0667,Quality Education,0.1556,Gender Equality,0.0889,Clean Water and Sanitation,0.0444,Affordable and Clean Energy,0.7111,Decent Work and Economic Growth,0.0889,"Industry, Innovation and Infrastructure",0.0,Reduced Inequalities,0.2889,Sustainable Cities and Communities,0.0889,Responsible Consumption and Production,0.1556,Climate Action,0.0,Life Below Water,0.0222,Life on Land,0.4667,"Peace, Justice and Strong Institutions",0.0222,Partnerships for the Goals
VIC_Murrindindi_Rural_2024,2024,VIC,99,0.1212,No Poverty,0.0505,Zero Hunger,0.5455,Good Health and Well-being,0.0707,Quality Education,0.1212,Gender Equality,0.0606,Clean Water and Sanitation,0.0505,Affordable and Clean Energy,0.6566,Decent Work and Economic Growth,0.1515,"Industry, Innovation and Infrastructure",0.0202,Reduced Inequalities,0.3838,Sustainable Cities and Communities,0.0909,Responsible Consumption and Production,0.2525,Climate Action,0.0,Life Below Water,0.0808,Life on Land,0.303,"Peace, Justice and Strong Institutions",0.0404,Partnerships for the Goals
VIC_Port Phillip_Urban_2024,2024,VIC,6,0.1667,No Poverty,0.0,Zero Hunger,0.6667,Good Health and Well-being,0.0,Quality Education,0.0,Gender Equality,0.0,Clean Water and Sanitation,0.0,Affordable and Clean Energy,1.0,Decent Work and Economic Growth,0.0,"Industry, Innovation and Infrastructure",0.1667,Reduced Inequalities,0.8333,Sustainable Cities and Communities,0.1667,Responsible Consumption and Production,0.0,Climate Action,0.0,Life Below Water,0.1667,Life on Land,0.5,"Peace, Justice and Strong Institutions",0.0,Partnerships for the Goals
VIC_Northern Grampians_Rural_2024,2024,VIC,86,0.1047,No Poverty,0.0,Zero Hunger,0.6977,Good Health and Well-being,0.093,Quality Education,0.0698,Gender Equality,0.0465,Clean Water and Sanitation,0.0233,Affordable and Clean Energy,0.686,Decent Work and Economic Growth,0.1279,"Industry, Innovation and Infrastructure",0.0116,Reduced Inequalities,0.5,Sustainable Cities and Communities,0.0,Responsible Consumption and Production,0.1628,Climate Action,0.0,Life Below Water,0.1047,Life on Land,0.2791,"Peace, Justice and Strong Institutions",0.0581,Partnerships for the Goals
VIC_Pyrenees_Rural_2024,2024,VIC,40,0.125,No Poverty,0.0,Zero Hunger,0.55,Good Health and Well-being,0.075,Quality Education,0.05,Gender Equality,0.05,Clean Water and Sanitation,0.025,Affordable and Clean Energy,0.575,Decent Work and Economic Growth,0.025,"Industry, Innovation and Infrastructure",0.025,Reduced Inequalities,0.65,Sustainable Cities and Communities,0.05,Responsible Consumption and Production,0.15,Climate Action,0.0,Life Below Water,0.125,Life on Land,0.35,"Peace, Justice and Strong Institutions",0.025,Partnerships for the Goals
VIC_Nillumbik_Urban_2024,2024,VIC,77,0.0909,No Poverty,0.013,Zero Hunger,0.6364,Good Health and Well-being,0.0779,Quality Education,0.1948,Gender Equality,0.026,Clean Water and Sanitation,0.0909,Affordable and Clean Energy,0.6234,Decent Work and Economic Growth,0.026,"Industry, Innovation and Infrastructure",0.0,Reduced Inequalities,0.3896,Sustainable Cities and Communities,0.0519,Responsible Consumption and Production,0.1429,Climate Action,0.0,Life Below Water,0.1688,Life on Land,0.4156,"Peace, Justice and Strong Institutions",0.026,Partnerships for the Goals
VIC_Queenscliffe_Urban_2024,2024,VIC,37,0.0811,No Poverty,0.027,Zero Hunger,0.5946,Good Health and Well-being,0.0541,Quality Education,0.0811,Gender Equality,0.1081,Clean Water and Sanitation,0.0,Affordable and Clean Energy,0.6757,Decent Work and Economic Growth,0.0,"Industry, Innovation and Infrastructure",0.027,Reduced Inequalities,0.5135,Sustainable Cities and Communities,0.0811,Responsible Consumption and Production,0.1351,Climate Action,0.0541,Life Below Water,0.1622,Life on Land,0.4054,"Peace, Justice and Strong Institutions",0.0,Partnerships for the Goals
VIC_South Gippsland_Urban_2024,2024,VIC,43,0.0465,No Poverty,0.0,Zero Hunger,0.5116,Good Health and Well-being,0.0233,Quality Education,0.0698,Gender Equality,0.4419,Clean Water and Sanitation,0.1163,Affordable and Clean Energy,0.4419,Decent Work and Economic Growth,0.0465,"Industry, Innovation and Infrastructure",0.0233,Reduced Inequalities,0.0698,Sustainable Cities and Communities,0.093,Responsible Consumption and Production,0.2791,Climate Action,0.0,Life Below Water,0.093,Life on Land,0.2093,"Peace, Justice and Strong Institutions",0.0465,Partnerships for the Goals
VIC_Shepparton_Urban_2024,2024,VIC,40,0.1,No Poverty,0.0,Zero Hunger,0.675,Good Health and Well-being,0.025,Quality Education,0.0,Gender Equality,0.1,Clean Water and Sanitation,0.075,Affordable and Clean Energy,0.675,Decent Work and Economic Growth,0.05,"Industry, Innovation and Infrastructure",0.0,Reduced Inequalities,0.475,Sustainable Cities and Communities,0.15,Responsible Consumption and Production,0.4,Climate Action,0.0,Life Below Water,0.1,Life on Land,0.375,"Peace, Justice and Strong Institutions",0.0,Partnerships for the Goals
VIC_Southern Grampians_Rural_2024,2024,VIC,43,0.1395,No Poverty,0.093,Zero Hunger,0.5116,Good Health and Well-being,0.0465,Quality Education,0.0,Gender Equality,0.0,Clean Water and Sanitation,0.0,Affordable and Clean Energy,0.7209,Decent Work and Economic Growth,0.093,"Industry, Innovation and Infrastructure",0.1163,Reduced Inequalities,0.4884,Sustainable Cities and Communities,0.093,Responsible Consumption and Production,0.1395,Climate Action,0.0,Life Below Water,0.0698,Life on Land,0.4884,"Peace, Justice and Strong Institutions",0.0465,Partnerships for the Goals
VIC_Strathbogie_Rural_2024,2024,VIC,64,0.0156,No Poverty,0.0,Zero Hunger,0.375,Good Health and Well-being,0.1094,Quality Education,0.0312,Gender Equality,0.0781,Clean Water and Sanitation,0.0469,Affordable and Clean Energy,0.5,Decent Work and Economic Growth,0.125,"Industry, Innovation and Infrastructure",0.0156,Reduced Inequalities,0.5,Sustainable Cities and Communities,0.0156,Responsible Consumption and Production,0.2344,Climate Action,0.0,Life Below Water,0.0625,Life on Land,0.3125,"Peace, Justice and Strong Institutions",0.0156,Partnerships for the Goals
VIC_Stonnington_Urban_2024,2024,VIC,33,0.0606,No Poverty,0.0,Zero Hunger,0.6364,Good Health and Well-being,0.0606,Quality Education,0.0303,Gender Equality,0.0303,Clean Water and Sanitation,0.0,Affordable and Clean Energy,0.697,Decent Work and Economic Growth,0.2424,"Industry, Innovation and Infrastructure",0.0,Reduced Inequalities,0.6364,Sustainable Cities and Communities,0.0,Responsible Consumption and Production,0.1818,Climate Action,0.0303,Life Below Water,0.0,Life on Land,0.4848,"Peace, Justice and Strong Institutions",0.0,Partnerships for the Goals
VIC_Surf Coast_Urban_2024,2024,VIC,26,0.0769,No Poverty,0.0,Zero Hunger,0.5385,Good Health and Well-being,0.0385,Quality Education,0.1154,Gender Equality,0.0769,Clean Water and Sanitation,0.0385,Affordable and Clean Energy,0.6923,Decent Work and Economic Growth,0.0,"Industry, Innovation and Infrastructure",0.0385,Reduced Inequalities,0.3846,Sustainable Cities and Communities,0.0385,Responsible Consumption and Production,0.2692,Climate Action,0.0,Life Below Water,0.1538,Life on Land,0.5385,"Peace, Justice and Strong Institutions",0.0,Partnerships for the Goals
VIC_Swan Hill_Urban_2024,2024,VIC,42,0.2143,No Poverty,0.0476,Zero Hunger,0.5476,Good Health and Well-being,0.0238,Quality Education,0.0476,Gender Equality,0.119,Clean Water and Sanitation,0.0,Affordable and Clean Energy,0.5476,Decent Work and Economic Growth,0.119,"Industry, Innovation and Infrastructure",0.0,Reduced Inequalities,0.5476,Sustainable Cities and Communities,0.0476,Responsible Consumption and Production,0.1429,Climate Action,0.0,Life Below Water,0.0238,Life on Land,0.4286,"Peace, Justice and Strong Institutions",0.0238,Partnerships for the Goals
VIC_Towong_Rural_2024,2024,VIC,36,0.1111,No Poverty,0.0,Zero Hunger,0.4722,Good Health and Well-being,0.1389,Quality Education,0.0556,Gender Equality,0.0,Clean Water and Sanitation,0.0,Affordable and Clean Energy,0.5833,Decent Work and Economic Growth,0.1111,"Industry, Innovation and Infrastructure",0.0,Reduced Inequalities,0.5556,Sustainable Cities and Communities,0.0,Responsible Consumption and Production,0.1111,Climate Action,0.0,Life Below Water,0.0278,Life on Land,0.3056,"Peace, Justice and Strong Institutions",0.0556,Partnerships for the Goals
VIC_Wangaratta_Urban_2024,2024,VIC,44,0.0,No Poverty,0.0,Zero Hunger,0.5682,Good Health and Well-being,0.0227,Quality Education,0.0227,Gender Equality,0.0682,Clean Water and Sanitation,0.0455,Affordable and Clean Energy,0.6136,Decent Work and Economic Growth,0.1136,"Industry, Innovation and Infrastructure",0.0,Reduced Inequalities,0.4318,Sustainable Cities and Communities,0.0909,Responsible Consumption and Production,0.1818,Climate Action,0.0,Life Below Water,0.1364,Life on Land,0.25,"Peace, Justice and Strong Institutions",0.0227,Partnerships for the Goals
VIC_Warrnambool_Urban_2024,2024,VIC,26,0.0769,No Poverty,0.0,Zero Hunger,0.6154,Good Health and Well-being,0.0769,Quality Education,0.0,Gender Equality,0.1538,Clean Water and Sanitation,0.0769,Affordable and Clean Energy,0.8846,Decent Work and Economic Growth,0.1154,"Industry, Innovation and Infrastructure",0.0,Reduced Inequalities,0.5,Sustainable Cities and Communities,0.0769,Responsible Consumption and Production,0.1923,Climate Action,0.0769,Life Below Water,0.1154,Life on Land,0.3462,"Peace, Justice and Strong Institutions",0.1154,Partnerships for the Goals
VIC_Wellington_Urban_2024,2024,VIC,65,0.0923,No Poverty,0.0154,Zero Hunger,0.6308,Good Health and Well-being,0.0923,Quality Education,0.0615,Gender Equality,0.0462,Clean Water and Sanitation,0.0923,Affordable and Clean Energy,0.7385,Decent Work and Economic Growth,0.1231,"Industry, Innovation and Infrastructure",0.0,Reduced Inequalities,0.3846,Sustainable Cities and Communities,0.0462,Responsible Consumption and Production,0.2462,Climate Action,0.0154,Life Below Water,0.1077,Life on Land,0.2769,"Peace, Justice and Strong Institutions",0.0154,Partnerships for the Goals
VIC_West Wimmera_Rural_2024,2024,VIC,58,0.0517,No Poverty,0.0172,Zero Hunger,0.4828,Good Health and Well-being,0.0345,Quality Education,0.0345,Gender Equality,0.069,Clean Water and Sanitation,0.0517,Affordable and Clean Energy,0.6897,Decent Work and Economic Growth,0.1034,"Industry, Innovation and Infrastructure",0.0,Reduced Inequalities,0.6379,Sustainable Cities and Communities,0.1379,Responsible Consumption and Production,0.1552,Climate Action,0.0,Life Below Water,0.1207,Life on Land,0.4138,"Peace, Justice and Strong Institutions",0.0,Partnerships for the Goals
VIC_Whitehorse_Urban_2024,2024,VIC,77,0.0909,No Poverty,0.0,Zero Hunger,0.7403,Good Health and Well-being,0.1169,Quality Education,0.1818,Gender Equality,0.0519,Clean Water and Sanitation,0.013,Affordable and Clean Energy,0.7273,Decent Work and Economic Growth,0.0649,"Industry, Innovation and Infrastructure",0.0,Reduced Inequalities,0.4416,Sustainable Cities and Communities,0.039,Responsible Consumption and Production,0.1558,Climate Action,0.013,Life Below Water,0.0779,Life on Land,0.5325,"Peace, Justice and Strong Institutions",0.039,Partnerships for the Goals
VIC_Wodonga_Urban_2024,2024,VIC,41,0.0244,No Poverty,0.0,Zero Hunger,0.6585,Good Health and Well-being,0.0976,Quality Education,0.0244,Gender Equality,0.0488,Clean Water and Sanitation,0.0244,Affordable and Clean Energy,0.7317,Decent Work and Economic Growth,0.0488,"Industry, Innovation and Infrastructure",0.0244,Reduced Inequalities,0.6341,Sustainable Cities and Communities,0.0732,Responsible Consumption and Production,0.1463,Climate Action,0.0244,Life Below Water,0.0,Life on Land,0.4878,"Peace, Justice and Strong Institutions",0.0488,Partnerships for the Goals
VIC_Yarra Ranges_Urban_2024,2024,VIC,35,0.1714,No Poverty,0.0,Zero Hunger,0.6857,Good Health and Well-being,0.0,Quality Education,0.0286,Gender Equality,0.1143,Clean Water and Sanitation,0.0571,Affordable and Clean Energy,0.6,Decent Work and Economic Growth,0.0857,"Industry, Innovation and Infrastructure",0.0286,Reduced Inequalities,0.4,Sustainable Cities and Communities,0.0,Responsible Consumption and Production,0.3429,Climate Action,0.0,Life Below Water,0.2,Life on Land,0.2857,"Peace, Justice and Strong Institutions",0.0571,Partnerships for the Goals
VIC_Yarra_Urban_2024,2024,VIC,22,0.1364,No Poverty,0.0,Zero Hunger,0.8636,Good Health and Well-being,0.1364,Quality Education,0.0455,Gender Equality,0.0,Clean Water and Sanitation,0.0909,Affordable and Clean Energy,0.7273,Decent Work and Economic Growth,0.0,"Industry, Innovation and Infrastructure",0.0,Reduced Inequalities,0.5,Sustainable Cities and Communities,0.0,Responsible Consumption and Production,0.2727,Climate Action,0.0,Life Below Water,0.2727,Life on Land,0.3182,"Peace, Justice and Strong Institutions",0.0455,Partnerships for the Goals
VIC_Moorabool_Urban_2024,2024,VIC,18,0.0,No Poverty,0.0556,Zero Hunger,0.5556,Good Health and Well-being,0.1111,Quality Education,0.0556,Gender Equality,0.1111,Clean Water and Sanitation,0.0,Affordable and Clean Energy,0.7778,Decent Work and Economic Growth,0.1111,"Industry, Innovation and Infrastructure",0.0,Reduced Inequalities,0.6111,Sustainable Cities and Communities,0.0556,Responsible Consumption and Production,0.2222,Climate Action,0.0,Life Below Water,0.1111,Life on Land,0.5556,"Peace, Justice and Strong Institutions",0.0,Partnerships for the Goals
WA_Armadale_Urban_2024,2024,WA,1,0.0,No Poverty,0.0,Zero Hunger,0.0,Good Health and Well-being,0.0,Quality Education,1.0,Gender Equality,0.0,Clean Water and Sanitation,0.0,Affordable and Clean Energy,1.0,Decent Work and Economic Growth,0.0,"Industry, Innovation and Infrastructure",0.0,Reduced Inequalities,0.0,Sustainable Cities and Communities,0.0,Responsible Consumption and Production,0.0,Climate Action,0.0,Life Below Water,0.0,Life on Land,1.0,"Peace, Justice and Strong Institutions",0.0,Partnerships for the Goals
WA_Albany_Urban_2024,2024,WA,17,0.1176,No Poverty,0.0,Zero Hunger,0.9412,Good Health and Well-being,0.0,Quality Education,0.0588,Gender Equality,0.0,Clean Water and Sanitation,0.0,Affordable and Clean Energy,1.0,Decent Work and Economic Growth,0.0588,"Industry, Innovation and Infrastructure",0.0588,Reduced Inequalities,0.8824,Sustainable Cities and Communities,0.0,Responsible Consumption and Production,0.0588,Climate Action,0.0,Life Below Water,0.0,Life on Land,0.5294,"Peace, Justice and Strong Institutions",0.0,Partnerships for the Goals
WA_Ashburton_Rural_2024,2024,WA,9,0.1111,No Poverty,0.0,Zero Hunger,0.6667,Good Health and Well-being,0.0,Quality Education,0.0,Gender Equality,0.0,Clean Water and Sanitation,0.0,Affordable and Clean Energy,0.8889,Decent Work and Economic Growth,0.3333,"Industry, Innovation and Infrastructure",0.0,Reduced Inequalities,0.2222,Sustainable Cities and Communities,0.2222,Responsible Consumption and Production,0.1111,Climate Action,0.0,Life Below Water,0.0,Life on Land,0.4444,"Peace, Justice and Strong Institutions",0.0,Partnerships for the Goals
WA_Bassendean_Urban_2024,2024,WA,22,0.0455,No Poverty,0.0,Zero Hunger,0.7727,Good Health and Well-being,0.0,Quality Education,0.0,Gender Equality,0.0,Clean Water and Sanitation,0.0909,Affordable and Clean Energy,0.8182,Decent Work and Economic Growth,0.0455,"Industry, Innovation and Infrastructure",0.0,Reduced Inequalities,0.7273,Sustainable Cities and Communities,0.0455,Responsible Consumption and Production,0.1818,Climate Action,0.0,Life Below Water,0.2273,Life on Land,0.5455,"Peace, Justice and Strong Institutions",0.0,Partnerships for the Goals
VIC_Yarriambiack_Rural_2024,2024,VIC,67,0.1194,No Poverty,0.0149,Zero Hunger,0.4627,Good Health and Well-being,0.1642,Quality Education,0.0597,Gender Equality,0.0597,Clean Water and Sanitation,0.0149,Affordable and Clean Energy,0.6866,Decent Work and Economic Growth,0.1194,"Industry, Innovation and Infrastructure",0.0,Reduced Inequalities,0.3134,Sustainable Cities and Communities,0.0746,Responsible Consumption and Production,0.1343,Climate Action,0.0,Life Below Water,0.0448,Life on Land,0.2985,"Peace, Justice and Strong Institutions",0.0149,Partnerships for the Goals
WA_Augusta Margaret River_Rural_2024,2024,WA,30,0.1667,No Poverty,0.0333,Zero Hunger,0.5333,Good Health and Well-being,0.1333,Quality Education,0.0,Gender Equality,0.1,Clean Water and Sanitation,0.1,Affordable and Clean Energy,0.5,Decent Work and Economic Growth,0.0333,"Industry, Innovation and Infrastructure",0.0333,Reduced Inequalities,0.2333,Sustainable Cities and Communities,0.1,Responsible Consumption and Production,0.4333,Climate Action,0.0667,Life Below Water,0.3,Life on Land,0.4333,"Peace, Justice and Strong Institutions",0.0333,Partnerships for the Goals
WA_Belmont_Urban_2024,2024,WA,21,0.0952,No Poverty,0.0,Zero Hunger,0.5714,Good Health and Well-being,0.1429,Quality Education,0.0,Gender Equality,0.0476,Clean Water and Sanitation,0.0476,Affordable and Clean Energy,0.6667,Decent Work and Economic Growth,0.0952,"Industry, Innovation and Infrastructure",0.0,Reduced Inequalities,0.619,Sustainable Cities and Communities,0.0476,Responsible Consumption and Production,0.1905,Climate Action,0.0,Life Below Water,0.2381,Life on Land,0.5714,"Peace, Justice and Strong Institutions",0.0,Partnerships for the Goals
WA_Beverley_Rural_2024,2024,WA,19,0.0,No Poverty,0.0,Zero Hunger,0.6842,Good Health and Well-being,0.0526,Quality Education,0.0,Gender Equality,0.1579,Clean Water and Sanitation,0.0526,Affordable and Clean Energy,0.6842,Decent Work and Economic Growth,0.1053,"Industry, Innovation and Infrastructure",0.0,Reduced Inequalities,0.6842,Sustainable Cities and Communities,0.1053,Responsible Consumption and Production,0.1579,Climate Action,0.0526,Life Below Water,0.0526,Life on Land,0.2632,"Peace, Justice and Strong Institutions",0.0,Partnerships for the Goals
WA_Boddington_Rural_2024,2024,WA,24,0.0,No Poverty,0.0,Zero Hunger,0.625,Good Health and Well-being,0.0417,Quality Education,0.0,Gender Equality,0.0833,Clean Water and Sanitation,0.0417,Affordable and Clean Energy,0.6667,Decent Work and Economic Growth,0.0833,"Industry, Innovation and Infrastructure",0.0,Reduced Inequalities,0.5,Sustainable Cities and Communities,0.0417,Responsible Consumption and Production,0.125,Climate Action,0.0,Life Below Water,0.125,Life on Land,0.25,"Peace, Justice and Strong Institutions",0.0,Partnerships for the Goals
WA_Bridgetown Greenbushes_Rural_2024,2024,WA,15,0.0667,No Poverty,0.0,Zero Hunger,0.6667,Good Health and Well-being,0.0667,Quality Education,0.0667,Gender Equality,0.1333,Clean Water and Sanitation,0.0667,Affordable and Clean Energy,0.8667,Decent Work and Economic Growth,0.0667,"Industry, Innovation and Infrastructure",0.0,Reduced Inequalities,0.6,Sustainable Cities and Communities,0.0,Responsible Consumption and Production,0.1333,Climate Action,0.0,Life Below Water,0.1333,Life on Land,0.2667,"Peace, Justice and Strong Institutions",0.1333,Partnerships for the Goals
WA_Bayswater_Urban_2024,2024,WA,132,0.0379,No Poverty,0.0152,Zero Hunger,0.75,Good Health and Well-being,0.0455,Quality Education,0.0303,Gender Equality,0.1439,Clean Water and Sanitation,0.0606,Affordable and Clean Energy,0.803,Decent Work and Economic Growth,0.0606,"Industry, Innovation and Infrastructure",0.0152,Reduced Inequalities,0.6742,Sustainable Cities and Communities,0.0227,Responsible Consumption and Production,0.2273,Climate Action,0.0,Life Below Water,0.1136,Life on Land,0.4091,"Peace, Justice and Strong Institutions",0.0076,Partnerships for the Goals
WA_Broome_Rural_2024,2024,WA,28,0.1071,No Poverty,0.0357,Zero Hunger,0.5357,Good Health and Well-being,0.0714,Quality Education,0.0357,Gender Equality,0.0714,Clean Water and Sanitation,0.0357,Affordable and Clean Energy,0.5714,Decent Work and Economic Growth,0.0714,"Industry, Innovation and Infrastructure",0.0,Reduced Inequalities,0.5357,Sustainable Cities and Communities,0.0714,Responsible Consumption and Production,0.1429,Climate Action,0.0357,Life Below Water,0.0714,Life on Land,0.3214,"Peace, Justice and Strong Institutions",0.1429,Partnerships for the Goals
WA_Broomehill Tambellup_Rural_2024,2024,WA,8,0.0,No Poverty,0.0,Zero Hunger,0.375,Good Health and Well-being,0.25,Quality Education,0.0,Gender Equality,0.0,Clean Water and Sanitation,0.0,Affordable and Clean Energy,0.375,Decent Work and Economic Growth,0.0,"Industry, Innovation and Infrastructure",0.0,Reduced Inequalities,0.5,Sustainable Cities and Communities,0.0,Responsible Consumption and Production,0.0,Climate Action,0.0,Life Below Water,0.0,Life on Land,0.75,"Peace, Justice and Strong Institutions",0.125,Partnerships for the Goals
WA_Bruce Rock_Rural_2024,2024,WA,14,0.0714,No Poverty,0.0,Zero Hunger,1.0,Good Health and Well-being,0.0,Quality Education,0.0,Gender Equality,0.0,Clean Water and Sanitation,0.0,Affordable and Clean Energy,0.9286,Decent Work and Economic Growth,0.1429,"Industry, Innovation and Infrastructure",0.0,Reduced Inequalities,0.9286,Sustainable Cities and Communities,0.0,Responsible Consumption and Production,0.0,Climate Action,0.0,Life Below Water,0.0714,Life on Land,0.3571,"Peace, Justice and Strong Institutions",0.0,Partnerships for the Goals
WA_Bunbury_Urban_2024,2024,WA,65,0.1077,No Poverty,0.0,Zero Hunger,0.8308,Good Health and Well-being,0.0154,Quality Education,0.0,Gender Equality,0.0769,Clean Water and Sanitation,0.0769,Affordable and Clean Energy,0.8615,Decent Work and Economic Growth,0.0769,"Industry, Innovation and Infrastructure",0.0,Reduced Inequalities,0.7077,Sustainable Cities and Communities,0.0769,Responsible Consumption and Production,0.3077,Climate Action,0.0308,Life Below Water,0.2154,Life on Land,0.2154,"Peace, Justice and Strong Institutions",0.0615,Partnerships for the Goals
WA_Busselton_Urban_2024,2024,WA,23,0.0,No Poverty,0.0,Zero Hunger,0.6522,Good Health and Well-being,0.087,Quality Education,0.0,Gender Equality,0.1304,Clean Water and Sanitation,0.0,Affordable and Clean Energy,0.6957,Decent Work and Economic Growth,0.0435,"Industry, Innovation and Infrastructure",0.0,Reduced Inequalities,0.6522,Sustainable Cities and Communities,0.087,Responsible Consumption and Production,0.0,Climate Action,0.0435,Life Below Water,0.0,Life on Land,0.2609,"Peace, Justice and Strong Institutions",0.0,Partnerships for the Goals
WA_Brookton_Rural_2024,2024,WA,19,0.0,No Poverty,0.0,Zero Hunger,0.5263,Good Health and Well-being,0.0526,Quality Education,0.0526,Gender Equality,0.1579,Clean Water and Sanitation,0.1579,Affordable and Clean Energy,0.5789,Decent Work and Economic Growth,0.0526,"Industry, Innovation and Infrastructure",0.0,Reduced Inequalities,0.6842,Sustainable Cities and Communities,0.0,Responsible Consumption and Production,0.1053,Climate Action,0.0,Life Below Water,0.0,Life on Land,0.3684,"Peace, Justice and Strong Institutions",0.0,Partnerships for the Goals
WA_Cambridge_Urban_2024,2024,WA,21,0.0,No Poverty,0.0,Zero Hunger,0.5714,Good Health and Well-being,0.0,Quality Education,0.0,Gender Equality,0.1905,Clean Water and Sanitation,0.0,Affordable and Clean Energy,0.619,Decent Work and Economic Growth,0.0952,"Industry, Innovation and Infrastructure",0.0,Reduced Inequalities,0.5238,Sustainable Cities and Communities,0.1429,Responsible Consumption and Production,0.2381,Climate Action,0.0476,Life Below Water,0.0952,Life on Land,0.2857,"Peace, Justice and Strong Institutions",0.0,Partnerships for the Goals
WA_Carnamah_Rural_2024,2024,WA,12,0.0833,No Poverty,0.1667,Zero Hunger,0.4167,Good Health and Well-being,0.0,Quality Education,0.0,Gender Equality,0.1667,Clean Water and Sanitation,0.0833,Affordable and Clean Energy,0.5,Decent Work and Economic Growth,0.0,"Industry, Innovation and Infrastructure",0.0833,Reduced Inequalities,0.6667,Sustainable Cities and Communities,0.0,Responsible Consumption and Production,0.0,Climate Action,0.0,Life Below Water,0.0,Life on Land,0.0833,"Peace, Justice and Strong Institutions",0.0833,Partnerships for the Goals
WA_Capel_Rural_2024,2024,WA,41,0.0244,No Poverty,0.0,Zero Hunger,0.3659,Good Health and Well-being,0.2195,Quality Education,0.0,Gender Equality,0.0,Clean Water and Sanitation,0.0732,Affordable and Clean Energy,0.561,Decent Work and Economic Growth,0.1951,"Industry, Innovation and Infrastructure",0.0,Reduced Inequalities,0.3415,Sustainable Cities and Communities,0.0976,Responsible Consumption and Production,0.0732,Climate Action,0.0732,Life Below Water,0.0976,Life on Land,0.1707,"Peace, Justice and Strong Institutions",0.0488,Partnerships for the Goals
WA_Carnarvon_Rural_2024,2024,WA,23,0.0435,No Poverty,0.0,Zero Hunger,0.5652,Good Health and Well-being,0.0435,Quality Education,0.0435,Gender Equality,0.0435,Clean Water and Sanitation,0.0,Affordable and Clean Energy,0.8261,Decent Work and Economic Growth,0.1304,"Industry, Innovation and Infrastructure",0.0,Reduced Inequalities,0.6087,Sustainable Cities and Communities,0.0,Responsible Consumption and Production,0.2174,Climate Action,0.0,Life Below Water,0.0435,Life on Land,0.4348,"Peace, Justice and Strong Institutions",0.0435,Partnerships for the Goals
WA_Chapman Valley_Rural_2024,2024,WA,3,0.0,No Poverty,0.0,Zero Hunger,1.0,Good Health and Well-being,0.0,Quality Education,0.0,Gender Equality,0.0,Clean Water and Sanitation,0.0,Affordable and Clean Energy,0.6667,Decent Work and Economic Growth,0.3333,"Industry, Innovation and Infrastructure",0.0,Reduced Inequalities,0.3333,Sustainable Cities and Communities,0.0,Responsible Consumption and Production,0.6667,Climate Action,0.0,Life Below Water,0.0,Life on Land,0.3333,"Peace, Justice and Strong Institutions",0.0,Partnerships for the Goals
WA_Boyup Brooke_Rural_2024,2024,WA,15,0.0,No Poverty,0.0,Zero Hunger,0.3333,Good Health and Well-being,0.0,Quality Education,0.0,Gender Equality,0.2,Clean Water and Sanitation,0.0,Affordable and Clean Energy,0.5333,Decent Work and Economic Growth,0.0,"Industry, Innovation and Infrastructure",0.0,Reduced Inequalities,0.4667,Sustainable Cities and Communities,0.1333,Responsible Consumption and Production,0.1333,Climate Action,0.0,Life Below Water,0.0,Life on Land,0.4,"Peace, Justice and Strong Institutions",0.0667,Partnerships for the Goals
WA_Cockburn_Urban_2024,2024,WA,115,0.0348,No Poverty,0.0,Zero Hunger,0.6,Good Health and Well-being,0.0783,Quality Education,0.0,Gender Equality,0.0696,Clean Water and Sanitation,0.0522,Affordable and Clean Energy,0.7565,Decent Work and Economic Growth,0.1739,"Industry, Innovation and Infrastructure",0.0,Reduced Inequalities,0.4783,Sustainable Cities and Communities,0.0435,Responsible Consumption and Production,0.2348,Climate Action,0.0522,Life Below Water,0.0696,Life on Land,0.3391,"Peace, Justice and Strong Institutions",0.0174,Partnerships for the Goals
WA_Chittering_Rural_2024,2024,WA,64,0.0469,No Poverty,0.0,Zero Hunger,0.5938,Good Health and Well-being,0.0156,Quality Education,0.0781,Gender Equality,0.1094,Clean Water and Sanitation,0.0625,Affordable and Clean Energy,0.6719,Decent Work and Economic Growth,0.125,"Industry, Innovation and Infrastructure",0.0,Reduced Inequalities,0.4219,Sustainable Cities and Communities,0.125,Responsible Consumption and Production,0.25,Climate Action,0.0,Life Below Water,0.1406,Life on Land,0.3125,"Peace, Justice and Strong Institutions",0.0,Partnerships for the Goals
WA_Claremont_Urban_2024,2024,WA,24,0.0417,No Poverty,0.0,Zero Hunger,0.6667,Good Health and Well-being,0.0417,Quality Education,0.0,Gender Equality,0.0417,Clean Water and Sanitation,0.0,Affordable and Clean Energy,0.5417,Decent Work and Economic Growth,0.0833,"Industry, Innovation and Infrastructure",0.0,Reduced Inequalities,0.5833,Sustainable Cities and Communities,0.0,Responsible Consumption and Production,0.125,Climate Action,0.0,Life Below Water,0.1667,Life on Land,0.25,"Peace, Justice and Strong Institutions",0.0,Partnerships for the Goals
WA_Collie_Rural_2024,2024,WA,4,0.0,No Poverty,0.0,Zero Hunger,0.75,Good Health and Well-being,0.0,Quality Education,0.0,Gender Equality,0.0,Clean Water and Sanitation,0.0,Affordable and Clean Energy,1.0,Decent Work and Economic Growth,0.0,"Industry, Innovation and Infrastructure",0.0,Reduced Inequalities,1.0,Sustainable Cities and Communities,0.0,Responsible Consumption and Production,0.0,Climate Action,0.0,Life Below Water,0.0,Life on Land,0.75,"Peace, Justice and Strong Institutions",0.0,Partnerships for the Goals
WA_Coolgardie_Rural_2024,2024,WA,17,0.1176,No Poverty,0.1176,Zero Hunger,0.7059,Good Health and Well-being,0.0588,Quality Education,0.0,Gender Equality,0.1176,Clean Water and Sanitation,0.0588,Affordable and Clean Energy,0.8824,Decent Work and Economic Growth,0.0,"Industry, Innovation and Infrastructure",0.0,Reduced Inequalities,0.4706,Sustainable Cities and Communities,0.1176,Responsible Consumption and Production,0.2941,Climate Action,0.0,Life Below Water,0.0588,Life on Land,0.2941,"Peace, Justice and Strong Institutions",0.1176,Partnerships for the Goals
WA_Corrigin_Rural_2024,2024,WA,14,0.0,No Poverty,0.0,Zero Hunger,0.6429,Good Health and Well-being,0.0,Quality Education,0.0,Gender Equality,0.0,Clean Water and Sanitation,0.0714,Affordable and Clean Energy,0.6429,Decent Work and Economic Growth,0.1429,"Industry, Innovation and Infrastructure",0.0,Reduced Inequalities,0.5714,Sustainable Cities and Communities,0.0714,Responsible Consumption and Production,0.0,Climate Action,0.0,Life Below Water,0.0714,Life on Land,0.5714,"Peace, Justice and Strong Institutions",0.0,Partnerships for the Goals
WA_Coorow_Rural_2024,2024,WA,4,0.0,No Poverty,0.0,Zero Hunger,0.5,Good Health and Well-being,0.0,Quality Education,0.0,Gender Equality,0.25,Clean Water and Sanitation,0.0,Affordable and Clean Energy,1.0,Decent Work and Economic Growth,0.0,"Industry, Innovation and Infrastructure",0.0,Reduced Inequalities,0.5,Sustainable Cities and Communities,0.0,Responsible Consumption and Production,0.0,Climate Action,0.25,Life Below Water,0.0,Life on Land,0.0,"Peace, Justice and Strong Institutions",0.0,Partnerships for the Goals
WA_Cottesloe_Urban_2024,2024,WA,20,0.0,No Poverty,0.0,Zero Hunger,0.65,Good Health and Well-being,0.05,Quality Education,0.0,Gender Equality,0.2,Clean Water and Sanitation,0.05,Affordable and Clean Energy,0.75,Decent Work and Economic Growth,0.05,"Industry, Innovation and Infrastructure",0.05,Reduced Inequalities,0.75,Sustainable Cities and Communities,0.0,Responsible Consumption and Production,0.3,Climate Action,0.05,Life Below Water,0.1,Life on Land,0.4,"Peace, Justice and Strong Institutions",0.0,Partnerships for the Goals
WA_Cuballing_Rural_2024,2024,WA,11,0.0,No Poverty,0.0,Zero Hunger,0.7273,Good Health and Well-being,0.0909,Quality Education,0.0,Gender Equality,0.0,Clean Water and Sanitation,0.0909,Affordable and Clean Energy,0.6364,Decent Work and Economic Growth,0.1818,"Industry, Innovation and Infrastructure",0.0,Reduced Inequalities,0.3636,Sustainable Cities and Communities,0.0,Responsible Consumption and Production,0.0909,Climate Action,0.0,Life Below Water,0.0,Life on Land,0.0909,"Peace, Justice and Strong Institutions",0.0,Partnerships for the Goals
WA_Cunderdin_Rural_2024,2024,WA,23,0.0,No Poverty,0.0,Zero Hunger,0.5217,Good Health and Well-being,0.2174,Quality Education,0.0,Gender Equality,0.0435,Clean Water and Sanitation,0.0,Affordable and Clean Energy,0.6957,Decent Work and Economic Growth,0.0,"Industry, Innovation and Infrastructure",0.0,Reduced Inequalities,0.3913,Sustainable Cities and Communities,0.1739,Responsible Consumption and Production,0.1304,Climate Action,0.0,Life Below Water,0.087,Life on Land,0.1739,"Peace, Justice and Strong Institutions",0.0435,Partnerships for the Goals
WA_Cue_Rural_2024,2024,WA,9,0.0,No Poverty,0.0,Zero Hunger,0.6667,Good Health and Well-being,0.1111,Quality Education,0.1111,Gender Equality,0.0,Clean Water and Sanitation,0.0,Affordable and Clean Energy,1.0,Decent Work and Economic Growth,0.2222,"Industry, Innovation and Infrastructure",0.0,Reduced Inequalities,0.5556,Sustainable Cities and Communities,0.0,Responsible Consumption and Production,0.1111,Climate Action,0.0,Life Below Water,0.1111,Life on Land,0.4444,"Peace, Justice and Strong Institutions",0.1111,Partnerships for the Goals
WA_Dandaragan_Rural_2024,2024,WA,24,0.0833,No Poverty,0.0,Zero Hunger,0.5417,Good Health and Well-being,0.1667,Quality Education,0.0,Gender Equality,0.0833,Clean Water and Sanitation,0.0833,Affordable and Clean Energy,0.5833,Decent Work and Economic Growth,0.0,"Industry, Innovation and Infrastructure",0.0,Reduced Inequalities,0.5,Sustainable Cities and Communities,0.0,Responsible Consumption and Production,0.125,Climate Action,0.0417,Life Below Water,0.1667,Life on Land,0.1667,"Peace, Justice and Strong Institutions",0.0,Partnerships for the Goals
WA_Dardanup_Rural_2024,2024,WA,25,0.04,No Poverty,0.0,Zero Hunger,0.48,Good Health and Well-being,0.12,Quality Education,0.0,Gender Equality,0.04,Clean Water and Sanitation,0.04,Affordable and Clean Energy,0.52,Decent Work and Economic Growth,0.16,"Industry, Innovation and Infrastructure",0.0,Reduced Inequalities,0.48,Sustainable Cities and Communities,0.04,Responsible Consumption and Production,0.2,Climate Action,0.08,Life Below Water,0.12,Life on Land,0.36,"Peace, Justice and Strong Institutions",0.0,Partnerships for the Goals
WA_Denmark_Rural_2024,2024,WA,22,0.0,No Poverty,0.0455,Zero Hunger,0.6818,Good Health and Well-being,0.0455,Quality Education,0.0,Gender Equality,0.1364,Clean Water and Sanitation,0.0455,Affordable and Clean Energy,0.6818,Decent Work and Economic Growth,0.0455,"Industry, Innovation and Infrastructure",0.0,Reduced Inequalities,0.4091,Sustainable Cities and Communities,0.0455,Responsible Consumption and Production,0.2727,Climate Action,0.0455,Life Below Water,0.3182,Life on Land,0.2727,"Peace, Justice and Strong Institutions",0.0455,Partnerships for the Goals
WA_Canning_Urban_2024,2024,WA,52,0.1538,No Poverty,0.0192,Zero Hunger,0.7115,Good Health and Well-being,0.0769,Quality Education,0.0,Gender Equality,0.1154,Clean Water and Sanitation,0.0385,Affordable and Clean Energy,0.9423,Decent Work and Economic Growth,0.0577,"Industry, Innovation and Infrastructure",0.0,Reduced Inequalities,0.75,Sustainable Cities and Communities,0.0577,Responsible Consumption and Production,0.1154,Climate Action,0.0,Life Below Water,0.0962,Life on Land,0.4231,"Peace, Justice and Strong Institutions",0.0385,Partnerships for the Goals
WA_Donnybrook Balingup_Rural_2024,2024,WA,26,0.0385,No Poverty,0.0,Zero Hunger,0.5769,Good Health and Well-being,0.0,Quality Education,0.0,Gender Equality,0.1538,Clean Water and Sanitation,0.0,Affordable and Clean Energy,0.7308,Decent Work and Economic Growth,0.0769,"Industry, Innovation and Infrastructure",0.0,Reduced Inequalities,0.6154,Sustainable Cities and Communities,0.0769,Responsible Consumption and Production,0.2692,Climate Action,0.0,Life Below Water,0.1923,Life on Land,0.5,"Peace, Justice and Strong Institutions",0.0,Partnerships for the Goals
WA_Dumbleyung_Rural_2024,2024,WA,12,0.0833,No Poverty,0.0,Zero Hunger,0.6667,Good Health and Well-being,0.0,Quality Education,0.0,Gender Equality,0.0,Clean Water and Sanitation,0.0,Affordable and Clean Energy,0.5833,Decent Work and Economic Growth,0.0,"Industry, Innovation and Infrastructure",0.0,Reduced Inequalities,0.9167,Sustainable Cities and Communities,0.0,Responsible Consumption and Production,0.1667,Climate Action,0.0,Life Below Water,0.0,Life on Land,0.5,"Peace, Justice and Strong Institutions",0.0,Partnerships for the Goals
WA_Derby West Kimberley_Rural_2024,2024,WA,2,0.0,No Poverty,0.0,Zero Hunger,0.0,Good Health and Well-being,0.5,Quality Education,0.0,Gender Equality,0.0,Clean Water and Sanitation,0.0,Affordable and Clean Energy,1.0,Decent Work and Economic Growth,0.0,"Industry, Innovation and Infrastructure",0.0,Reduced Inequalities,0.0,Sustainable Cities and Communities,0.0,Responsible Consumption and Production,0.5,Climate Action,0.0,Life Below Water,0.5,Life on Land,0.0,"Peace, Justice and Strong Institutions",0.0,Partnerships for the Goals
WA_East Fremantle_Urban_2024,2024,WA,14,0.1429,No Poverty,0.0,Zero Hunger,0.6429,Good Health and Well-being,0.0,Quality Education,0.0,Gender Equality,0.0,Clean Water and Sanitation,0.0,Affordable and Clean Energy,0.5714,Decent Work and Economic Growth,0.1429,"Industry, Innovation and Infrastructure",0.0714,Reduced Inequalities,0.5,Sustainable Cities and Communities,0.0714,Responsible Consumption and Production,0.2857,Climate Action,0.0,Life Below Water,0.1429,Life on Land,0.0,"Peace, Justice and Strong Institutions",0.0,Partnerships for the Goals
WA_East Pilbara_Rural_2024,2024,WA,38,0.0789,No Poverty,0.0,Zero Hunger,0.4737,Good Health and Well-being,0.1053,Quality Education,0.0,Gender Equality,0.0789,Clean Water and Sanitation,0.1316,Affordable and Clean Energy,0.6579,Decent Work and Economic Growth,0.1579,"Industry, Innovation and Infrastructure",0.0263,Reduced Inequalities,0.4474,Sustainable Cities and Communities,0.0789,Responsible Consumption and Production,0.1053,Climate Action,0.0,Life Below Water,0.0,Life on Land,0.4474,"Peace, Justice and Strong Institutions",0.0263,Partnerships for the Goals
WA_Dalwallinu_Rural_2024,2024,WA,17,0.0588,No Poverty,0.0,Zero Hunger,0.7647,Good Health and Well-being,0.1176,Quality Education,0.0,Gender Equality,0.1176,Clean Water and Sanitation,0.1176,Affordable and Clean Energy,0.7059,Decent Work and Economic Growth,0.1765,"Industry, Innovation and Infrastructure",0.0,Reduced Inequalities,0.5882,Sustainable Cities and Communities,0.0,Responsible Consumption and Production,0.1176,Climate Action,0.0,Life Below Water,0.1765,Life on Land,0.2353,"Peace, Justice and Strong Institutions",0.0588,Partnerships for the Goals
WA_Esperance_Rural_2024,2024,WA,58,0.069,No Poverty,0.0345,Zero Hunger,0.4828,Good Health and Well-being,0.069,Quality Education,0.0862,Gender Equality,0.0,Clean Water and Sanitation,0.0862,Affordable and Clean Energy,0.5862,Decent Work and Economic Growth,0.1207,"Industry, Innovation and Infrastructure",0.0172,Reduced Inequalities,0.2586,Sustainable Cities and Communities,0.1552,Responsible Consumption and Production,0.0862,Climate Action,0.0517,Life Below Water,0.0517,Life on Land,0.2586,"Peace, Justice and Strong Institutions",0.0517,Partnerships for the Goals
WA_Exmouth_Rural_2024,2024,WA,14,0.0714,No Poverty,0.0,Zero Hunger,0.7857,Good Health and Well-being,0.0714,Quality Education,0.0,Gender Equality,0.1429,Clean Water and Sanitation,0.0714,Affordable and Clean Energy,0.7857,Decent Work and Economic Growth,0.0714,"Industry, Innovation and Infrastructure",0.0,Reduced Inequalities,0.5,Sustainable Cities and Communities,0.0,Responsible Consumption and Production,0.0714,Climate Action,0.0714,Life Below Water,0.0714,Life on Land,0.4286,"Peace, Justice and Strong Institutions",0.0714,Partnerships for the Goals
WA_Dowerin_Rural_2024,2024,WA,8,0.0,No Poverty,0.0,Zero Hunger,0.875,Good Health and Well-being,0.0,Quality Education,0.0,Gender Equality,0.125,Clean Water and Sanitation,0.0,Affordable and Clean Energy,0.625,Decent Work and Economic Growth,0.25,"Industry, Innovation and Infrastructure",0.0,Reduced Inequalities,0.375,Sustainable Cities and Communities,0.0,Responsible Consumption and Production,0.375,Climate Action,0.0,Life Below Water,0.0,Life on Land,0.125,"Peace, Justice and Strong Institutions",0.0,Partnerships for the Goals
WA_Fremantle_Urban_2024,2024,WA,17,0.1176,No Poverty,0.0,Zero Hunger,0.6471,Good Health and Well-being,0.0,Quality Education,0.0588,Gender Equality,0.1176,Clean Water and Sanitation,0.0,Affordable and Clean Energy,0.5882,Decent Work and Economic Growth,0.0,"Industry, Innovation and Infrastructure",0.0,Reduced Inequalities,0.4706,Sustainable Cities and Communities,0.0588,Responsible Consumption and Production,0.0588,Climate Action,0.0,Life Below Water,0.0,Life on Land,0.3529,"Peace, Justice and Strong Institutions",0.0588,Partnerships for the Goals
WA_Geraldton_Urban_2024,2024,WA,21,0.0,No Poverty,0.0,Zero Hunger,0.6667,Good Health and Well-being,0.1905,Quality Education,0.0,Gender Equality,0.0476,Clean Water and Sanitation,0.0476,Affordable and Clean Energy,0.7619,Decent Work and Economic Growth,0.1429,"Industry, Innovation and Infrastructure",0.0,Reduced Inequalities,0.7143,Sustainable Cities and Communities,0.0952,Responsible Consumption and Production,0.0952,Climate Action,0.0,Life Below Water,0.0,Life on Land,0.2381,"Peace, Justice and Strong Institutions",0.0,Partnerships for the Goals
WA_Gingin_Rural_2024,2024,WA,12,0.0,No Poverty,0.0,Zero Hunger,0.5833,Good Health and Well-being,0.0,Quality Education,0.0,Gender Equality,0.0833,Clean Water and Sanitation,0.0,Affordable and Clean Energy,0.6667,Decent Work and Economic Growth,0.0833,"Industry, Innovation and Infrastructure",0.0,Reduced Inequalities,0.4167,Sustainable Cities and Communities,0.3333,Responsible Consumption and Production,0.25,Climate Action,0.0833,Life Below Water,0.1667,Life on Land,0.5833,"Peace, Justice and Strong Institutions",0.0,Partnerships for the Goals
WA_Gnowangerup_Rural_2024,2024,WA,30,0.1333,No Poverty,0.0,Zero Hunger,0.7333,Good Health and Well-being,0.0333,Quality Education,0.0,Gender Equality,0.0667,Clean Water and Sanitation,0.0,Affordable and Clean Energy,0.7,Decent Work and Economic Growth,0.1667,"Industry, Innovation and Infrastructure",0.0,Reduced Inequalities,0.7,Sustainable Cities and Communities,0.0333,Responsible Consumption and Production,0.1,Climate Action,0.0,Life Below Water,0.0,Life on Land,0.3,"Peace, Justice and Strong Institutions",0.0333,Partnerships for the Goals
WA_Dundas_Rural_2024,2024,WA,16,0.125,No Poverty,0.0625,Zero Hunger,0.75,Good Health and Well-being,0.0,Quality Education,0.125,Gender Equality,0.0625,Clean Water and Sanitation,0.0,Affordable and Clean Energy,0.6875,Decent Work and Economic Growth,0.0625,"Industry, Innovation and Infrastructure",0.0,Reduced Inequalities,0.5,Sustainable Cities and Communities,0.0625,Responsible Consumption and Production,0.1875,Climate Action,0.0,Life Below Water,0.0,Life on Land,0.625,"Peace, Justice and Strong Institutions",0.0,Partnerships for the Goals
WA_Goomalling_Rural_2024,2024,WA,11,0.0909,No Poverty,0.0,Zero Hunger,0.4545,Good Health and Well-being,0.1818,Quality Education,0.1818,Gender Equality,0.0,Clean Water and Sanitation,0.0,Affordable and Clean Energy,0.6364,Decent Work and Economic Growth,0.0909,"Industry, Innovation and Infrastructure",0.0,Reduced Inequalities,0.5455,Sustainable Cities and Communities,0.0,Responsible Consumption and Production,0.0,Climate Action,0.0,Life Below Water,0.0,Life on Land,0.3636,"Peace, Justice and Strong Institutions",0.0,Partnerships for the Goals
WA_Gosnells_Urban_2024,2024,WA,7,0.0,No Poverty,0.0,Zero Hunger,0.7143,Good Health and Well-being,0.1429,Quality Education,0.0,Gender Equality,0.2857,Clean Water and Sanitation,0.0,Affordable and Clean Energy,0.7143,Decent Work and Economic Growth,0.0,"Industry, Innovation and Infrastructure",0.0,Reduced Inequalities,0.8571,Sustainable Cities and Communities,0.1429,Responsible Consumption and Production,0.2857,Climate Action,0.0,Life Below Water,0.2857,Life on Land,0.1429,"Peace, Justice and Strong Institutions",0.0,Partnerships for the Goals
WA_Harvey_Urban_2024,2024,WA,38,0.0526,No Poverty,0.0,Zero Hunger,0.5789,Good Health and Well-being,0.1579,Quality Education,0.0,Gender Equality,0.0263,Clean Water and Sanitation,0.0263,Affordable and Clean Energy,0.5789,Decent Work and Economic Growth,0.0789,"Industry, Innovation and Infrastructure",0.0,Reduced Inequalities,0.6316,Sustainable Cities and Communities,0.0263,Responsible Consumption and Production,0.1579,Climate Action,0.0,Life Below Water,0.1316,Life on Land,0.3421,"Peace, Justice and Strong Institutions",0.0263,Partnerships for the Goals
NSW_Wollondilly_Urban_2024,2024,NSW,90,0.0667,No Poverty,0.0222,Zero Hunger,0.5222,Good Health and Well-being,0.0778,Quality Education,0.0778,Gender Equality,0.0667,Clean Water and Sanitation,0.0222,Affordable and Clean Energy,0.6667,Decent Work and Economic Growth,0.1444,"Industry, Innovation and Infrastructure",0.0,Reduced Inequalities,0.4222,Sustainable Cities and Communities,0.0444,Responsible Consumption and Production,0.2222,Climate Action,0.0111,Life Below Water,0.1556,Life on Land,0.1778,"Peace, Justice and Strong Institutions",0.0222,Partnerships for the Goals
WA_Kalamunda_Urban_2024,2024,WA,62,0.0323,No Poverty,0.0,Zero Hunger,0.5484,Good Health and Well-being,0.1129,Quality Education,0.0,Gender Equality,0.1613,Clean Water and Sanitation,0.0645,Affordable and Clean Energy,0.5645,Decent Work and Economic Growth,0.0645,"Industry, Innovation and Infrastructure",0.0,Reduced Inequalities,0.5645,Sustainable Cities and Communities,0.0806,Responsible Consumption and Production,0.2419,Climate Action,0.0,Life Below Water,0.1613,Life on Land,0.1935,"Peace, Justice and Strong Institutions",0.0323,Partnerships for the Goals
WA_Joondalup_Urban_2024,2024,WA,84,0.0119,No Poverty,0.0,Zero Hunger,0.4881,Good Health and Well-being,0.0119,Quality Education,0.0714,Gender Equality,0.119,Clean Water and Sanitation,0.0119,Affordable and Clean Energy,0.5952,Decent Work and Economic Growth,0.0714,"Industry, Innovation and Infrastructure",0.0,Reduced Inequalities,0.619,Sustainable Cities and Communities,0.0714,Responsible Consumption and Production,0.2619,Climate Action,0.0238,Life Below Water,0.0833,Life on Land,0.3095,"Peace, Justice and Strong Institutions",0.0238,Partnerships for the Goals
WA_Kalgoorlie Boulder_Urban_2024,2024,WA,68,0.0441,No Poverty,0.0,Zero Hunger,0.4706,Good Health and Well-being,0.0735,Quality Education,0.0294,Gender Equality,0.0882,Clean Water and Sanitation,0.0,Affordable and Clean Energy,0.6176,Decent Work and Economic Growth,0.0,"Industry, Innovation and Infrastructure",0.0,Reduced Inequalities,0.6471,Sustainable Cities and Communities,0.0882,Responsible Consumption and Production,0.0882,Climate Action,0.0,Life Below Water,0.0147,Life on Land,0.5294,"Peace, Justice and Strong Institutions",0.0147,Partnerships for the Goals
WA_Karratha_Urban_2024,2024,WA,40,0.1,No Poverty,0.0,Zero Hunger,0.675,Good Health and Well-being,0.025,Quality Education,0.025,Gender Equality,0.1,Clean Water and Sanitation,0.075,Affordable and Clean Energy,0.775,Decent Work and Economic Growth,0.05,"Industry, Innovation and Infrastructure",0.0,Reduced Inequalities,0.775,Sustainable Cities and Communities,0.05,Responsible Consumption and Production,0.25,Climate Action,0.0,Life Below Water,0.05,Life on Land,0.35,"Peace, Justice and Strong Institutions",0.025,Partnerships for the Goals
WA_Kent_Rural_2024,2024,WA,3,0.0,No Poverty,0.0,Zero Hunger,0.6667,Good Health and Well-being,0.0,Quality Education,0.3333,Gender Equality,0.0,Clean Water and Sanitation,0.0,Affordable and Clean Energy,0.6667,Decent Work and Economic Growth,0.0,"Industry, Innovation and Infrastructure",0.0,Reduced Inequalities,0.3333,Sustainable Cities and Communities,0.0,Responsible Consumption and Production,0.0,Climate Action,0.0,Life Below Water,0.0,Life on Land,1.0,"Peace, Justice and Strong Institutions",0.0,Partnerships for the Goals
WA_Katanning_Rural_2024,2024,WA,46,0.1304,No Poverty,0.0435,Zero Hunger,0.5435,Good Health and Well-being,0.2826,Quality Education,0.0,Gender Equality,0.0435,Clean Water and Sanitation,0.0217,Affordable and Clean Energy,0.5435,Decent Work and Economic Growth,0.087,"Industry, Innovation and Infrastructure",0.0435,Reduced Inequalities,0.3913,Sustainable Cities and Communities,0.0435,Responsible Consumption and Production,0.087,Climate Action,0.0,Life Below Water,0.0652,Life on Land,0.3478,"Peace, Justice and Strong Institutions",0.0435,Partnerships for the Goals
WA_Irwin_Rural_2024,2024,WA,12,0.25,No Poverty,0.0,Zero Hunger,0.5,Good Health and Well-being,0.0,Quality Education,0.0,Gender Equality,0.0833,Clean Water and Sanitation,0.0,Affordable and Clean Energy,0.5833,Decent Work and Economic Growth,0.0833,"Industry, Innovation and Infrastructure",0.0833,Reduced Inequalities,0.75,Sustainable Cities and Communities,0.0833,Responsible Consumption and Production,0.0,Climate Action,0.0,Life Below Water,0.0,Life on Land,0.3333,"Peace, Justice and Strong Institutions",0.0833,Partnerships for the Goals
WA_Kondinin_Urban_2024,2024,WA,14,0.0,No Poverty,0.0714,Zero Hunger,0.5,Good Health and Well-being,0.0,Quality Education,0.0,Gender Equality,0.0,Clean Water and Sanitation,0.0,Affordable and Clean Energy,0.4286,Decent Work and Economic Growth,0.0,"Industry, Innovation and Infrastructure",0.0,Reduced Inequalities,0.2857,Sustainable Cities and Communities,0.0714,Responsible Consumption and Production,0.0,Climate Action,0.0,Life Below Water,0.0,Life on Land,0.2143,"Peace, Justice and Strong Institutions",0.0714,Partnerships for the Goals
WA_Koorda_Rural_2024,2024,WA,10,0.2,No Poverty,0.2,Zero Hunger,0.8,Good Health and Well-being,0.0,Quality Education,0.1,Gender Equality,0.0,Clean Water and Sanitation,0.0,Affordable and Clean Energy,0.7,Decent Work and Economic Growth,0.0,"Industry, Innovation and Infrastructure",0.0,Reduced Inequalities,0.6,Sustainable Cities and Communities,0.0,Responsible Consumption and Production,0.2,Climate Action,0.0,Life Below Water,0.0,Life on Land,0.2,"Peace, Justice and Strong Institutions",0.0,Partnerships for the Goals
WA_Lake Grace_Rural_2024,2024,WA,12,0.0,No Poverty,0.0,Zero Hunger,0.5,Good Health and Well-being,0.0,Quality Education,0.0,Gender Equality,0.0833,Clean Water and Sanitation,0.1667,Affordable and Clean Energy,0.5833,Decent Work and Economic Growth,0.0833,"Industry, Innovation and Infrastructure",0.0,Reduced Inequalities,0.5833,Sustainable Cities and Communities,0.0833,Responsible Consumption and Production,0.0,Climate Action,0.0,Life Below Water,0.0,Life on Land,0.3333,"Peace, Justice and Strong Institutions",0.0,Partnerships for the Goals
WA_Laverton_Rural_2024,2024,WA,5,0.2,No Poverty,0.0,Zero Hunger,0.6,Good Health and Well-being,0.2,Quality Education,0.0,Gender Equality,0.0,Clean Water and Sanitation,0.0,Affordable and Clean Energy,0.6,Decent Work and Economic Growth,0.0,"Industry, Innovation and Infrastructure",0.2,Reduced Inequalities,0.6,Sustainable Cities and Communities,0.0,Responsible Consumption and Production,0.2,Climate Action,0.0,Life Below Water,0.0,Life on Land,0.2,"Peace, Justice and Strong Institutions",0.0,Partnerships for the Goals
WA_Leonora_Rural_2024,2024,WA,25,0.04,No Poverty,0.0,Zero Hunger,0.56,Good Health and Well-being,0.08,Quality Education,0.08,Gender Equality,0.2,Clean Water and Sanitation,0.08,Affordable and Clean Energy,0.6,Decent Work and Economic Growth,0.16,"Industry, Innovation and Infrastructure",0.0,Reduced Inequalities,0.28,Sustainable Cities and Communities,0.04,Responsible Consumption and Production,0.12,Climate Action,0.0,Life Below Water,0.08,Life on Land,0.44,"Peace, Justice and Strong Institutions",0.08,Partnerships for the Goals
WA_Kellerberrin_Rural_2024,2024,WA,6,0.1667,No Poverty,0.0,Zero Hunger,0.1667,Good Health and Well-being,0.0,Quality Education,0.0,Gender Equality,0.0,Clean Water and Sanitation,0.0,Affordable and Clean Energy,0.5,Decent Work and Economic Growth,0.0,"Industry, Innovation and Infrastructure",0.0,Reduced Inequalities,0.6667,Sustainable Cities and Communities,0.0,Responsible Consumption and Production,0.0,Climate Action,0.0,Life Below Water,0.0,Life on Land,0.5,"Peace, Justice and Strong Institutions",0.0,Partnerships for the Goals
WA_Manjimup_Rural_2024,2024,WA,2,0.0,No Poverty,0.0,Zero Hunger,0.5,Good Health and Well-being,0.0,Quality Education,0.0,Gender Equality,0.0,Clean Water and Sanitation,0.0,Affordable and Clean Energy,0.5,Decent Work and Economic Growth,0.5,"Industry, Innovation and Infrastructure",0.0,Reduced Inequalities,1.0,Sustainable Cities and Communities,0.0,Responsible Consumption and Production,0.0,Climate Action,0.0,Life Below Water,0.0,Life on Land,1.0,"Peace, Justice and Strong Institutions",0.0,Partnerships for the Goals
WA_Mandurah_Urban_2024,2024,WA,29,0.069,No Poverty,0.0,Zero Hunger,0.7586,Good Health and Well-being,0.069,Quality Education,0.0345,Gender Equality,0.1379,Clean Water and Sanitation,0.0345,Affordable and Clean Energy,0.8621,Decent Work and Economic Growth,0.069,"Industry, Innovation and Infrastructure",0.0345,Reduced Inequalities,0.6207,Sustainable Cities and Communities,0.0345,Responsible Consumption and Production,0.1724,Climate Action,0.1034,Life Below Water,0.1034,Life on Land,0.1379,"Peace, Justice and Strong Institutions",0.0,Partnerships for the Goals
WA_Kojonup_Rural_2024,2024,WA,26,0.0385,No Poverty,0.0,Zero Hunger,0.5769,Good Health and Well-being,0.0385,Quality Education,0.0,Gender Equality,0.0385,Clean Water and Sanitation,0.0,Affordable and Clean Energy,0.8077,Decent Work and Economic Growth,0.0385,"Industry, Innovation and Infrastructure",0.0,Reduced Inequalities,0.5385,Sustainable Cities and Communities,0.0385,Responsible Consumption and Production,0.0769,Climate Action,0.0,Life Below Water,0.0769,Life on Land,0.4615,"Peace, Justice and Strong Institutions",0.0385,Partnerships for the Goals
WA_Meekatharra_Rural_2024,2024,WA,19,0.0526,No Poverty,0.0,Zero Hunger,0.6316,Good Health and Well-being,0.1053,Quality Education,0.0,Gender Equality,0.0,Clean Water and Sanitation,0.0,Affordable and Clean Energy,0.6316,Decent Work and Economic Growth,0.1579,"Industry, Innovation and Infrastructure",0.0,Reduced Inequalities,0.6316,Sustainable Cities and Communities,0.0,Responsible Consumption and Production,0.0526,Climate Action,0.0,Life Below Water,0.2105,Life on Land,0.3158,"Peace, Justice and Strong Institutions",0.0526,Partnerships for the Goals
WA_Menzies_Rural_2024,2024,WA,6,0.0,No Poverty,0.0,Zero Hunger,0.3333,Good Health and Well-being,0.1667,Quality Education,0.0,Gender Equality,0.0,Clean Water and Sanitation,0.0,Affordable and Clean Energy,0.8333,Decent Work and Economic Growth,0.0,"Industry, Innovation and Infrastructure",0.0,Reduced Inequalities,0.6667,Sustainable Cities and Communities,0.0,Responsible Consumption and Production,0.0,Climate Action,0.0,Life Below Water,0.0,Life on Land,0.0,"Peace, Justice and Strong Institutions",0.0,Partnerships for the Goals
WA_Kulin_Rural_2024,2024,WA,8,0.25,No Poverty,0.0,Zero Hunger,0.625,Good Health and Well-being,0.0,Quality Education,0.0,Gender Equality,0.25,Clean Water and Sanitation,0.0,Affordable and Clean Energy,1.0,Decent Work and Economic Growth,0.625,"Industry, Innovation and Infrastructure",0.0,Reduced Inequalities,0.625,Sustainable Cities and Communities,0.0,Responsible Consumption and Production,0.125,Climate Action,0.0,Life Below Water,0.0,Life on Land,0.375,"Peace, Justice and Strong Institutions",0.25,Partnerships for the Goals
WA_Melville_Urban_2024,2024,WA,45,0.0889,No Poverty,0.0,Zero Hunger,0.6222,Good Health and Well-being,0.1333,Quality Education,0.0667,Gender Equality,0.0667,Clean Water and Sanitation,0.0444,Affordable and Clean Energy,0.6222,Decent Work and Economic Growth,0.0667,"Industry, Innovation and Infrastructure",0.0222,Reduced Inequalities,0.3778,Sustainable Cities and Communities,0.0,Responsible Consumption and Production,0.1556,Climate Action,0.0,Life Below Water,0.1111,Life on Land,0.5556,"Peace, Justice and Strong Institutions",0.0,Partnerships for the Goals
WA_Merredin_Rural_2024,2024,WA,42,0.0714,No Poverty,0.0238,Zero Hunger,0.5476,Good Health and Well-being,0.0238,Quality Education,0.0,Gender Equality,0.1905,Clean Water and Sanitation,0.0476,Affordable and Clean Energy,0.7619,Decent Work and Economic Growth,0.1429,"Industry, Innovation and Infrastructure",0.0,Reduced Inequalities,0.4048,Sustainable Cities and Communities,0.0952,Responsible Consumption and Production,0.2143,Climate Action,0.0,Life Below Water,0.0476,Life on Land,0.1667,"Peace, Justice and Strong Institutions",0.0476,Partnerships for the Goals
WA_Moora_Rural_2024,2024,WA,9,0.0,No Poverty,0.0,Zero Hunger,0.7778,Good Health and Well-being,0.0,Quality Education,0.0,Gender Equality,0.2222,Clean Water and Sanitation,0.0,Affordable and Clean Energy,0.7778,Decent Work and Economic Growth,0.3333,"Industry, Innovation and Infrastructure",0.0,Reduced Inequalities,0.6667,Sustainable Cities and Communities,0.0,Responsible Consumption and Production,0.2222,Climate Action,0.0,Life Below Water,0.2222,Life on Land,0.3333,"Peace, Justice and Strong Institutions",0.0,Partnerships for the Goals
WA_Mingenew_Rural_2024,2024,WA,12,0.0833,No Poverty,0.0,Zero Hunger,0.6667,Good Health and Well-being,0.0833,Quality Education,0.0,Gender Equality,0.0833,Clean Water and Sanitation,0.0,Affordable and Clean Energy,0.75,Decent Work and Economic Growth,0.0833,"Industry, Innovation and Infrastructure",0.0,Reduced Inequalities,0.8333,Sustainable Cities and Communities,0.0833,Responsible Consumption and Production,0.25,Climate Action,0.0,Life Below Water,0.0833,Life on Land,0.5,"Peace, Justice and Strong Institutions",0.0,Partnerships for the Goals
WA_Mount Magnet_Rural_2024,2024,WA,3,0.0,No Poverty,0.0,Zero Hunger,0.6667,Good Health and Well-being,0.3333,Quality Education,0.0,Gender Equality,0.0,Clean Water and Sanitation,0.3333,Affordable and Clean Energy,1.0,Decent Work and Economic Growth,0.0,"Industry, Innovation and Infrastructure",0.0,Reduced Inequalities,0.3333,Sustainable Cities and Communities,0.0,Responsible Consumption and Production,0.0,Climate Action,0.0,Life Below Water,0.0,Life on Land,0.6667,"Peace, Justice and Strong Institutions",0.0,Partnerships for the Goals
WA_Mt Marshall_Rural_2024,2024,WA,4,0.25,No Poverty,0.0,Zero Hunger,0.75,Good Health and Well-being,0.25,Quality Education,0.25,Gender Equality,0.0,Clean Water and Sanitation,0.0,Affordable and Clean Energy,0.75,Decent Work and Economic Growth,0.25,"Industry, Innovation and Infrastructure",0.0,Reduced Inequalities,0.5,Sustainable Cities and Communities,0.0,Responsible Consumption and Production,0.5,Climate Action,0.0,Life Below Water,0.25,Life on Land,0.25,"Peace, Justice and Strong Institutions",0.0,Partnerships for the Goals
WA_Mukinbudin_Rural_2024,2024,WA,7,0.1429,No Poverty,0.0,Zero Hunger,0.7143,Good Health and Well-being,0.0,Quality Education,0.0,Gender Equality,0.0,Clean Water and Sanitation,0.0,Affordable and Clean Energy,1.0,Decent Work and Economic Growth,0.2857,"Industry, Innovation and Infrastructure",0.0,Reduced Inequalities,0.5714,Sustainable Cities and Communities,0.0,Responsible Consumption and Production,0.1429,Climate Action,0.0,Life Below Water,0.0,Life on Land,0.2857,"Peace, Justice and Strong Institutions",0.0,Partnerships for the Goals
WA_Mundaring_Rural_2024,2024,WA,26,0.0769,No Poverty,0.0,Zero Hunger,0.7308,Good Health and Well-being,0.2308,Quality Education,0.0385,Gender Equality,0.1154,Clean Water and Sanitation,0.0385,Affordable and Clean Energy,0.7692,Decent Work and Economic Growth,0.0385,"Industry, Innovation and Infrastructure",0.0,Reduced Inequalities,0.4615,Sustainable Cities and Communities,0.0,Responsible Consumption and Production,0.2692,Climate Action,0.0,Life Below Water,0.1923,Life on Land,0.4231,"Peace, Justice and Strong Institutions",0.0,Partnerships for the Goals
WA_Murchison_Rural_2024,2024,WA,11,0.0909,No Poverty,0.0,Zero Hunger,0.3636,Good Health and Well-being,0.0909,Quality Education,0.0,Gender Equality,0.0,Clean Water and Sanitation,0.0,Affordable and Clean Energy,0.6364,Decent Work and Economic Growth,0.0909,"Industry, Innovation and Infrastructure",0.0,Reduced Inequalities,0.5455,Sustainable Cities and Communities,0.0,Responsible Consumption and Production,0.1818,Climate Action,0.0,Life Below Water,0.0,Life on Land,0.3636,"Peace, Justice and Strong Institutions",0.0909,Partnerships for the Goals
WA_Mosman Park_Urban_2024,2024,WA,7,0.0,No Poverty,0.0,Zero Hunger,0.7143,Good Health and Well-being,0.0,Quality Education,0.0,Gender Equality,0.0,Clean Water and Sanitation,0.1429,Affordable and Clean Energy,0.2857,Decent Work and Economic Growth,0.0,"Industry, Innovation and Infrastructure",0.0,Reduced Inequalities,0.5714,Sustainable Cities and Communities,0.2857,Responsible Consumption and Production,0.5714,Climate Action,0.0,Life Below Water,0.1429,Life on Land,0.1429,"Peace, Justice and Strong Institutions",0.0,Partnerships for the Goals
WA_Murray_Rural_2024,2024,WA,24,0.1667,No Poverty,0.0417,Zero Hunger,0.75,Good Health and Well-being,0.0417,Quality Education,0.0417,Gender Equality,0.0833,Clean Water and Sanitation,0.0417,Affordable and Clean Energy,0.5417,Decent Work and Economic Growth,0.2083,"Industry, Innovation and Infrastructure",0.0417,Reduced Inequalities,0.5417,Sustainable Cities and Communities,0.0417,Responsible Consumption and Production,0.0833,Climate Action,0.0417,Life Below Water,0.0833,Life on Land,0.25,"Peace, Justice and Strong Institutions",0.0,Partnerships for the Goals
WA_Morawa_Rural_2024,2024,WA,11,0.0909,No Poverty,0.0,Zero Hunger,0.6364,Good Health and Well-being,0.1818,Quality Education,0.1818,Gender Equality,0.0,Clean Water and Sanitation,0.0909,Affordable and Clean Energy,0.7273,Decent Work and Economic Growth,0.1818,"Industry, Innovation and Infrastructure",0.0,Reduced Inequalities,0.4545,Sustainable Cities and Communities,0.0,Responsible Consumption and Production,0.1818,Climate Action,0.0,Life Below Water,0.0909,Life on Land,0.4545,"Peace, Justice and Strong Institutions",0.0,Partnerships for the Goals
WA_Narrogin_Rural_2024,2024,WA,48,0.0833,No Poverty,0.0625,Zero Hunger,0.8125,Good Health and Well-being,0.2708,Quality Education,0.0,Gender Equality,0.1042,Clean Water and Sanitation,0.0625,Affordable and Clean Energy,0.9167,Decent Work and Economic Growth,0.125,"Industry, Innovation and Infrastructure",0.0208,Reduced Inequalities,0.5208,Sustainable Cities and Communities,0.0833,Responsible Consumption and Production,0.1667,Climate Action,0.0,Life Below Water,0.0833,Life on Land,0.25,"Peace, Justice and Strong Institutions",0.0208,Partnerships for the Goals
WA_Nedlands_Urban_2024,2024,WA,1,0.0,No Poverty,0.0,Zero Hunger,1.0,Good Health and Well-being,0.0,Quality Education,0.0,Gender Equality,0.0,Clean Water and Sanitation,0.0,Affordable and Clean Energy,1.0,Decent Work and Economic Growth,0.0,"Industry, Innovation and Infrastructure",0.0,Reduced Inequalities,1.0,Sustainable Cities and Communities,0.0,Responsible Consumption and Production,0.0,Climate Action,0.0,Life Below Water,0.0,Life on Land,1.0,"Peace, Justice and Strong Institutions",0.0,Partnerships for the Goals
WA_Northam_Rural_2024,2024,WA,48,0.0625,No Poverty,0.0208,Zero Hunger,0.6458,Good Health and Well-being,0.0,Quality Education,0.0208,Gender Equality,0.125,Clean Water and Sanitation,0.125,Affordable and Clean Energy,0.6667,Decent Work and Economic Growth,0.1458,"Industry, Innovation and Infrastructure",0.0,Reduced Inequalities,0.5208,Sustainable Cities and Communities,0.0833,Responsible Consumption and Production,0.1667,Climate Action,0.0,Life Below Water,0.0625,Life on Land,0.3125,"Peace, Justice and Strong Institutions",0.0417,Partnerships for the Goals
WA_Narembeen_Rural_2024,2024,WA,20,0.1,No Poverty,0.0,Zero Hunger,0.75,Good Health and Well-being,0.05,Quality Education,0.0,Gender Equality,0.15,Clean Water and Sanitation,0.1,Affordable and Clean Energy,0.65,Decent Work and Economic Growth,0.1,"Industry, Innovation and Infrastructure",0.0,Reduced Inequalities,0.5,Sustainable Cities and Communities,0.1,Responsible Consumption and Production,0.2,Climate Action,0.0,Life Below Water,0.05,Life on Land,0.2,"Peace, Justice and Strong Institutions",0.05,Partnerships for the Goals
WA_Nungarin_Rural_2024,2024,WA,14,0.0714,No Poverty,0.0,Zero Hunger,0.4286,Good Health and Well-being,0.0,Quality Education,0.0,Gender Equality,0.0714,Clean Water and Sanitation,0.0714,Affordable and Clean Energy,0.4286,Decent Work and Economic Growth,0.0714,"Industry, Innovation and Infrastructure",0.0,Reduced Inequalities,0.7143,Sustainable Cities and Communities,0.0714,Responsible Consumption and Production,0.0714,Climate Action,0.0,Life Below Water,0.0,Life on Land,0.4286,"Peace, Justice and Strong Institutions",0.0,Partnerships for the Goals
WA_Ngaanyatjarraku_Rural_2024,2024,WA,6,0.0,No Poverty,0.0,Zero Hunger,0.5,Good Health and Well-being,0.0,Quality Education,0.0,Gender Equality,0.0,Clean Water and Sanitation,0.0,Affordable and Clean Energy,0.5,Decent Work and Economic Growth,0.1667,"Industry, Innovation and Infrastructure",0.0,Reduced Inequalities,0.5,Sustainable Cities and Communities,0.1667,Responsible Consumption and Production,0.0,Climate Action,0.0,Life Below Water,0.0,Life on Land,0.6667,"Peace, Justice and Strong Institutions",0.1667,Partnerships for the Goals
WA_Peppermint Grove_Urban_2024,2024,WA,17,0.0,No Poverty,0.0,Zero Hunger,0.4118,Good Health and Well-being,0.0,Quality Education,0.1765,Gender Equality,0.0,Clean Water and Sanitation,0.0588,Affordable and Clean Energy,0.4706,Decent Work and Economic Growth,0.0588,"Industry, Innovation and Infrastructure",0.0,Reduced Inequalities,0.4118,Sustainable Cities and Communities,0.0588,Responsible Consumption and Production,0.1176,Climate Action,0.0,Life Below Water,0.1765,Life on Land,0.2353,"Peace, Justice and Strong Institutions",0.0,Partnerships for the Goals
WA_Perenjori_Rural_2024,2024,WA,20,0.1,No Poverty,0.0,Zero Hunger,0.4,Good Health and Well-being,0.0,Quality Education,0.05,Gender Equality,0.1,Clean Water and Sanitation,0.1,Affordable and Clean Energy,0.5,Decent Work and Economic Growth,0.15,"Industry, Innovation and Infrastructure",0.0,Reduced Inequalities,0.55,Sustainable Cities and Communities,0.1,Responsible Consumption and Production,0.1,Climate Action,0.0,Life Below Water,0.15,Life on Land,0.15,"Peace, Justice and Strong Institutions",0.0,Partnerships for the Goals
WA_Northampton_Rural_2024,2024,WA,6,0.0,No Poverty,0.0,Zero Hunger,0.3333,Good Health and Well-being,0.0,Quality Education,0.0,Gender Equality,0.0,Clean Water and Sanitation,0.3333,Affordable and Clean Energy,0.8333,Decent Work and Economic Growth,0.0,"Industry, Innovation and Infrastructure",0.0,Reduced Inequalities,0.5,Sustainable Cities and Communities,0.0,Responsible Consumption and Production,0.6667,Climate Action,0.0,Life Below Water,0.0,Life on Land,0.0,"Peace, Justice and Strong Institutions",0.1667,Partnerships for the Goals
WA_Pingelly_Rural_2024,2024,WA,21,0.0,No Poverty,0.0952,Zero Hunger,0.381,Good Health and Well-being,0.2381,Quality Education,0.0,Gender Equality,0.0,Clean Water and Sanitation,0.0,Affordable and Clean Energy,0.5714,Decent Work and Economic Growth,0.0,"Industry, Innovation and Infrastructure",0.0,Reduced Inequalities,0.4762,Sustainable Cities and Communities,0.0,Responsible Consumption and Production,0.0,Climate Action,0.0,Life Below Water,0.0476,Life on Land,0.1429,"Peace, Justice and Strong Institutions",0.0476,Partnerships for the Goals
WA_Plantagenet_Rural_2024,2024,WA,11,0.0909,No Poverty,0.0,Zero Hunger,0.7273,Good Health and Well-being,0.1818,Quality Education,0.0,Gender Equality,0.0,Clean Water and Sanitation,0.0,Affordable and Clean Energy,0.8182,Decent Work and Economic Growth,0.0909,"Industry, Innovation and Infrastructure",0.0,Reduced Inequalities,0.6364,Sustainable Cities and Communities,0.0,Responsible Consumption and Production,0.0909,Climate Action,0.0,Life Below Water,0.0909,Life on Land,0.4545,"Peace, Justice and Strong Institutions",0.0,Partnerships for the Goals
WA_Perth_Urban_2024,2024,WA,85,0.0588,No Poverty,0.0,Zero Hunger,0.6353,Good Health and Well-being,0.0471,Quality Education,0.0353,Gender Equality,0.0588,Clean Water and Sanitation,0.1059,Affordable and Clean Energy,0.7647,Decent Work and Economic Growth,0.0706,"Industry, Innovation and Infrastructure",0.0,Reduced Inequalities,0.6706,Sustainable Cities and Communities,0.0235,Responsible Consumption and Production,0.1412,Climate Action,0.0,Life Below Water,0.0588,Life on Land,0.2353,"Peace, Justice and Strong Institutions",0.0118,Partnerships for the Goals
WA_Port Hedland_Rural_2024,2024,WA,37,0.1081,No Poverty,0.0,Zero Hunger,0.7027,Good Health and Well-being,0.0811,Quality Education,0.0811,Gender Equality,0.0541,Clean Water and Sanitation,0.0,Affordable and Clean Energy,0.7297,Decent Work and Economic Growth,0.1351,"Industry, Innovation and Infrastructure",0.027,Reduced Inequalities,0.3514,Sustainable Cities and Communities,0.027,Responsible Consumption and Production,0.0811,Climate Action,0.0541,Life Below Water,0.027,Life on Land,0.3243,"Peace, Justice and Strong Institutions",0.027,Partnerships for the Goals
WA_Ravensthorpe_Rural_2024,2024,WA,33,0.0606,No Poverty,0.0,Zero Hunger,0.3939,Good Health and Well-being,0.0909,Quality Education,0.0,Gender Equality,0.0,Clean Water and Sanitation,0.0909,Affordable and Clean Energy,0.5758,Decent Work and Economic Growth,0.0303,"Industry, Innovation and Infrastructure",0.0303,Reduced Inequalities,0.5758,Sustainable Cities and Communities,0.0,Responsible Consumption and Production,0.1212,Climate Action,0.0303,Life Below Water,0.0303,Life on Land,0.1212,"Peace, Justice and Strong Institutions",0.0303,Partnerships for the Goals
WA_Sandstone_Rural_2024,2024,WA,7,0.0,No Poverty,0.0,Zero Hunger,0.4286,Good Health and Well-being,0.0,Quality Education,0.0,Gender Equality,0.1429,Clean Water and Sanitation,0.0,Affordable and Clean Energy,0.5714,Decent Work and Economic Growth,0.0,"Industry, Innovation and Infrastructure",0.0,Reduced Inequalities,0.5714,Sustainable Cities and Communities,0.1429,Responsible Consumption and Production,0.0,Climate Action,0.0,Life Below Water,0.0,Life on Land,0.2857,"Peace, Justice and Strong Institutions",0.0,Partnerships for the Goals
WA_Nannup_Rural_2024,2024,WA,25,0.12,No Poverty,0.08,Zero Hunger,0.56,Good Health and Well-being,0.04,Quality Education,0.08,Gender Equality,0.12,Clean Water and Sanitation,0.08,Affordable and Clean Energy,0.56,Decent Work and Economic Growth,0.08,"Industry, Innovation and Infrastructure",0.0,Reduced Inequalities,0.44,Sustainable Cities and Communities,0.0,Responsible Consumption and Production,0.28,Climate Action,0.0,Life Below Water,0.16,Life on Land,0.28,"Peace, Justice and Strong Institutions",0.0,Partnerships for the Goals
WA_Serpentine Jarrahdale_Urban_2024,2024,WA,22,0.0,No Poverty,0.0,Zero Hunger,0.5909,Good Health and Well-being,0.0455,Quality Education,0.0,Gender Equality,0.1818,Clean Water and Sanitation,0.0,Affordable and Clean Energy,0.6364,Decent Work and Economic Growth,0.2273,"Industry, Innovation and Infrastructure",0.0,Reduced Inequalities,0.5455,Sustainable Cities and Communities,0.1364,Responsible Consumption and Production,0.2273,Climate Action,0.0,Life Below Water,0.1364,Life on Land,0.2273,"Peace, Justice and Strong Institutions",0.0,Partnerships for the Goals
WA_Shark Bay_Rural_2024,2024,WA,42,0.0714,No Poverty,0.0238,Zero Hunger,0.6429,Good Health and Well-being,0.0476,Quality Education,0.0,Gender Equality,0.0238,Clean Water and Sanitation,0.0,Affordable and Clean Energy,0.6667,Decent Work and Economic Growth,0.0238,"Industry, Innovation and Infrastructure",0.0,Reduced Inequalities,0.3095,Sustainable Cities and Communities,0.0714,Responsible Consumption and Production,0.0,Climate Action,0.1905,Life Below Water,0.0238,Life on Land,0.0714,"Peace, Justice and Strong Institutions",0.119,Partnerships for the Goals
WA_South Perth_Urban_2024,2024,WA,24,0.2917,No Poverty,0.0,Zero Hunger,0.7917,Good Health and Well-being,0.0833,Quality Education,0.0,Gender Equality,0.0417,Clean Water and Sanitation,0.0417,Affordable and Clean Energy,0.8333,Decent Work and Economic Growth,0.125,"Industry, Innovation and Infrastructure",0.0,Reduced Inequalities,0.6667,Sustainable Cities and Communities,0.0,Responsible Consumption and Production,0.0417,Climate Action,0.0,Life Below Water,0.125,Life on Land,0.3333,"Peace, Justice and Strong Institutions",0.0,Partnerships for the Goals
WA_Quairading_Rural_2024,2024,WA,46,0.0652,No Poverty,0.0,Zero Hunger,0.5435,Good Health and Well-being,0.1522,Quality Education,0.0435,Gender Equality,0.0435,Clean Water and Sanitation,0.0435,Affordable and Clean Energy,0.5217,Decent Work and Economic Growth,0.087,"Industry, Innovation and Infrastructure",0.0,Reduced Inequalities,0.5217,Sustainable Cities and Communities,0.0652,Responsible Consumption and Production,0.087,Climate Action,0.0,Life Below Water,0.0435,Life on Land,0.2826,"Peace, Justice and Strong Institutions",0.0652,Partnerships for the Goals
WA_Subiaco_Urban_2024,2024,WA,8,0.0,No Poverty,0.0,Zero Hunger,0.375,Good Health and Well-being,0.0,Quality Education,0.0,Gender Equality,0.125,Clean Water and Sanitation,0.0,Affordable and Clean Energy,0.375,Decent Work and Economic Growth,0.125,"Industry, Innovation and Infrastructure",0.0,Reduced Inequalities,0.75,Sustainable Cities and Communities,0.0,Responsible Consumption and Production,0.25,Climate Action,0.0,Life Below Water,0.125,Life on Land,0.0,"Peace, Justice and Strong Institutions",0.0,Partnerships for the Goals
WA_Tammin_Rural_2024,2024,WA,12,0.1667,No Poverty,0.0,Zero Hunger,0.5,Good Health and Well-being,0.0833,Quality Education,0.25,Gender Equality,0.0,Clean Water and Sanitation,0.0,Affordable and Clean Energy,0.9167,Decent Work and Economic Growth,0.0,"Industry, Innovation and Infrastructure",0.0,Reduced Inequalities,0.5,Sustainable Cities and Communities,0.0,Responsible Consumption and Production,0.0,Climate Action,0.0,Life Below Water,0.0,Life on Land,0.3333,"Peace, Justice and Strong Institutions",0.0,Partnerships for the Goals
WA_Three Springs_Rural_2024,2024,WA,6,0.1667,No Poverty,0.1667,Zero Hunger,0.8333,Good Health and Well-being,0.1667,Quality Education,0.1667,Gender Equality,0.1667,Clean Water and Sanitation,0.0,Affordable and Clean Energy,1.0,Decent Work and Economic Growth,0.5,"Industry, Innovation and Infrastructure",0.0,Reduced Inequalities,0.3333,Sustainable Cities and Communities,0.1667,Responsible Consumption and Production,0.1667,Climate Action,0.0,Life Below Water,0.0,Life on Land,0.3333,"Peace, Justice and Strong Institutions",0.0,Partnerships for the Goals
WA_Swan_Urban_2024,2024,WA,72,0.0278,No Poverty,0.0,Zero Hunger,0.625,Good Health and Well-being,0.0417,Quality Education,0.0278,Gender Equality,0.0417,Clean Water and Sanitation,0.0417,Affordable and Clean Energy,0.7083,Decent Work and Economic Growth,0.1528,"Industry, Innovation and Infrastructure",0.0139,Reduced Inequalities,0.6667,Sustainable Cities and Communities,0.0139,Responsible Consumption and Production,0.125,Climate Action,0.0,Life Below Water,0.0833,Life on Land,0.4167,"Peace, Justice and Strong Institutions",0.0139,Partnerships for the Goals
WA_Trayning_Rural_2024,2024,WA,2,0.0,No Poverty,0.0,Zero Hunger,0.5,Good Health and Well-being,0.0,Quality Education,0.0,Gender Equality,0.0,Clean Water and Sanitation,0.0,Affordable and Clean Energy,0.5,Decent Work and Economic Growth,0.0,"Industry, Innovation and Infrastructure",0.0,Reduced Inequalities,1.0,Sustainable Cities and Communities,0.0,Responsible Consumption and Production,0.0,Climate Action,0.0,Life Below Water,0.0,Life on Land,0.5,"Peace, Justice and Strong Institutions",0.0,Partnerships for the Goals
WA_Stirling_Urban_2024,2024,WA,146,0.0479,No Poverty,0.0,Zero Hunger,0.6233,Good Health and Well-being,0.0616,Quality Education,0.0342,Gender Equality,0.1301,Clean Water and Sanitation,0.0479,Affordable and Clean Energy,0.6918,Decent Work and Economic Growth,0.0479,"Industry, Innovation and Infrastructure",0.0068,Reduced Inequalities,0.6644,Sustainable Cities and Communities,0.0342,Responsible Consumption and Production,0.274,Climate Action,0.0205,Life Below Water,0.1164,Life on Land,0.3767,"Peace, Justice and Strong Institutions",0.0616,Partnerships for the Goals
WA_Upper Gascoyne_Rural_2024,2024,WA,18,0.1111,No Poverty,0.0,Zero Hunger,0.3333,Good Health and Well-being,0.0,Quality Education,0.0,Gender Equality,0.0,Clean Water and Sanitation,0.0,Affordable and Clean Energy,0.6667,Decent Work and Economic Growth,0.0,"Industry, Innovation and Infrastructure",0.0,Reduced Inequalities,0.6111,Sustainable Cities and Communities,0.0556,Responsible Consumption and Production,0.0,Climate Action,0.0,Life Below Water,0.0556,Life on Land,0.3333,"Peace, Justice and Strong Institutions",0.1667,Partnerships for the Goals
WA_Victoria Park_Urban_2024,2024,WA,8,0.0,No Poverty,0.0,Zero Hunger,0.75,Good Health and Well-being,0.0,Quality Education,0.0,Gender Equality,0.0,Clean Water and Sanitation,0.0,Affordable and Clean Energy,0.75,Decent Work and Economic Growth,0.125,"Industry, Innovation and Infrastructure",0.0,Reduced Inequalities,1.0,Sustainable Cities and Communities,0.0,Responsible Consumption and Production,0.125,Climate Action,0.0,Life Below Water,0.125,Life on Land,0.375,"Peace, Justice and Strong Institutions",0.0,Partnerships for the Goals
WA_Victoria Plains_Rural_2024,2024,WA,29,0.0345,No Poverty,0.0345,Zero Hunger,0.5172,Good Health and Well-being,0.0,Quality Education,0.0,Gender Equality,0.069,Clean Water and Sanitation,0.069,Affordable and Clean Energy,0.6207,Decent Work and Economic Growth,0.1379,"Industry, Innovation and Infrastructure",0.0,Reduced Inequalities,0.5517,Sustainable Cities and Communities,0.0345,Responsible Consumption and Production,0.2069,Climate Action,0.0,Life Below Water,0.0345,Life on Land,0.4828,"Peace, Justice and Strong Institutions",0.0,Partnerships for the Goals
WA_Vincent_Urban_2024,2024,WA,18,0.0,No Poverty,0.0,Zero Hunger,0.5,Good Health and Well-being,0.1111,Quality Education,0.0556,Gender Equality,0.1111,Clean Water and Sanitation,0.0556,Affordable and Clean Energy,0.3889,Decent Work and Economic Growth,0.0556,"Industry, Innovation and Infrastructure",0.0,Reduced Inequalities,0.4444,Sustainable Cities and Communities,0.0,Responsible Consumption and Production,0.1667,Climate Action,0.0,Life Below Water,0.1667,Life on Land,0.1111,"Peace, Justice and Strong Institutions",0.0,Partnerships for the Goals
WA_Wagin_Rural_2024,2024,WA,31,0.129,No Poverty,0.0323,Zero Hunger,0.5806,Good Health and Well-being,0.0645,Quality Education,0.0323,Gender Equality,0.0968,Clean Water and Sanitation,0.0323,Affordable and Clean Energy,0.5161,Decent Work and Economic Growth,0.0323,"Industry, Innovation and Infrastructure",0.0,Reduced Inequalities,0.4516,Sustainable Cities and Communities,0.0323,Responsible Consumption and Production,0.129,Climate Action,0.0323,Life Below Water,0.0645,Life on Land,0.2581,"Peace, Justice and Strong Institutions",0.0323,Partnerships for the Goals
WA_Toodyay_Rural_2024,2024,WA,32,0.0312,No Poverty,0.0,Zero Hunger,0.4688,Good Health and Well-being,0.0625,Quality Education,0.0938,Gender Equality,0.1562,Clean Water and Sanitation,0.125,Affordable and Clean Energy,0.4688,Decent Work and Economic Growth,0.0312,"Industry, Innovation and Infrastructure",0.0,Reduced Inequalities,0.2812,Sustainable Cities and Communities,0.0625,Responsible Consumption and Production,0.3125,Climate Action,0.0,Life Below Water,0.2188,Life on Land,0.1875,"Peace, Justice and Strong Institutions",0.0312,Partnerships for the Goals
WA_Wanneroo_Urban_2024,2024,WA,1,1.0,No Poverty,0.0,Zero Hunger,1.0,Good Health and Well-being,1.0,Quality Education,1.0,Gender Equality,0.0,Clean Water and Sanitation,0.0,Affordable and Clean Energy,1.0,Decent Work and Economic Growth,0.0,"Industry, Innovation and Infrastructure",0.0,Reduced Inequalities,1.0,Sustainable Cities and Communities,0.0,Responsible Consumption and Production,0.0,Climate Action,0.0,Life Below Water,0.0,Life on Land,1.0,"Peace, Justice and Strong Institutions",0.0,Partnerships for the Goals
WA_Wandering_Rural_2024,2024,WA,21,0.0476,No Poverty,0.0476,Zero Hunger,0.5714,Good Health and Well-being,0.0476,Quality Education,0.0476,Gender Equality,0.0476,Clean Water and Sanitation,0.0476,Affordable and Clean Energy,0.5714,Decent Work and Economic Growth,0.0476,"Industry, Innovation and Infrastructure",0.0,Reduced Inequalities,0.5238,Sustainable Cities and Communities,0.0476,Responsible Consumption and Production,0.0476,Climate Action,0.0,Life Below Water,0.1429,Life on Land,0.3333,"Peace, Justice and Strong Institutions",0.0476,Partnerships for the Goals
WA_Waroona_Rural_2024,2024,WA,37,0.0541,No Poverty,0.027,Zero Hunger,0.5946,Good Health and Well-being,0.1351,Quality Education,0.0,Gender Equality,0.0811,Clean Water and Sanitation,0.027,Affordable and Clean Energy,0.6757,Decent Work and Economic Growth,0.027,"Industry, Innovation and Infrastructure",0.0,Reduced Inequalities,0.4324,Sustainable Cities and Communities,0.0811,Responsible Consumption and Production,0.1892,Climate Action,0.0811,Life Below Water,0.0811,Life on Land,0.2162,"Peace, Justice and Strong Institutions",0.0541,Partnerships for the Goals
WA_Westonia_Rural_2024,2024,WA,2,0.0,No Poverty,0.0,Zero Hunger,0.0,Good Health and Well-being,0.0,Quality Education,0.5,Gender Equality,0.0,Clean Water and Sanitation,0.0,Affordable and Clean Energy,0.5,Decent Work and Economic Growth,0.0,"Industry, Innovation and Infrastructure",0.0,Reduced Inequalities,0.5,Sustainable Cities and Communities,0.0,Responsible Consumption and Production,0.0,Climate Action,0.0,Life Below Water,0.0,Life on Land,0.0,"Peace, Justice and Strong Institutions",0.0,Partnerships for the Goals
WA_Kwinana_Urban_2024,2024,WA,74,0.0811,No Poverty,0.0,Zero Hunger,0.7432,Good Health and Well-being,0.0946,Quality Education,0.0135,Gender Equality,0.0676,Clean Water and Sanitation,0.0946,Affordable and Clean Energy,0.8108,Decent Work and Economic Growth,0.0541,"Industry, Innovation and Infrastructure",0.0135,Reduced Inequalities,0.8243,Sustainable Cities and Communities,0.0405,Responsible Consumption and Production,0.1757,Climate Action,0.0135,Life Below Water,0.1351,Life on Land,0.3243,"Peace, Justice and Strong Institutions",0.027,Partnerships for the Goals
WA_Wickepin_Rural_2024,2024,WA,11,0.0909,No Poverty,0.0,Zero Hunger,0.2727,Good Health and Well-being,0.0,Quality Education,0.0909,Gender Equality,0.0,Clean Water and Sanitation,0.1818,Affordable and Clean Energy,0.5455,Decent Work and Economic Growth,0.0,"Industry, Innovation and Infrastructure",0.0,Reduced Inequalities,0.6364,Sustainable Cities and Communities,0.0,Responsible Consumption and Production,0.1818,Climate Action,0.0,Life Below Water,0.0909,Life on Land,0.3636,"Peace, Justice and Strong Institutions",0.0,Partnerships for the Goals
WA_Woodanilling_Rural_2024,2024,WA,10,0.1,No Poverty,0.0,Zero Hunger,0.5,Good Health and Well-being,0.1,Quality Education,0.0,Gender Equality,0.2,Clean Water and Sanitation,0.0,Affordable and Clean Energy,0.8,Decent Work and Economic Growth,0.0,"Industry, Innovation and Infrastructure",0.0,Reduced Inequalities,0.5,Sustainable Cities and Communities,0.0,Responsible Consumption and Production,0.2,Climate Action,0.0,Life Below Water,0.2,Life on Land,0.4,"Peace, Justice and Strong Institutions",0.7,Partnerships for the Goals
WA_Wyalkatchem_Rural_2024,2024,WA,3,0.0,No Poverty,0.0,Zero Hunger,1.0,Good Health and Well-being,0.0,Quality Education,0.3333,Gender Equality,0.0,Clean Water and Sanitation,0.0,Affordable and Clean Energy,1.0,Decent Work and Economic Growth,0.0,"Industry, Innovation and Infrastructure",0.0,Reduced Inequalities,0.6667,Sustainable Cities and Communities,0.0,Responsible Consumption and Production,0.0,Climate Action,0.0,Life Below Water,0.0,Life on Land,1.0,"Peace, Justice and Strong Institutions",0.0,Partnerships for the Goals
WA_Williams_Rural_2024,2024,WA,6,0.0,No Poverty,0.0,Zero Hunger,0.5,Good Health and Well-being,0.0,Quality Education,0.0,Gender Equality,0.1667,Clean Water and Sanitation,0.0,Affordable and Clean Energy,0.8333,Decent Work and Economic Growth,0.0,"Industry, Innovation and Infrastructure",0.0,Reduced Inequalities,1.0,Sustainable Cities and Communities,0.0,Responsible Consumption and Production,0.0,Climate Action,0.0,Life Below Water,0.1667,Life on Land,0.1667,"Peace, Justice and Strong Institutions",0.1667,Partnerships for the Goals
WA_Yilgarn_Rural_2024,2024,WA,4,0.0,No Poverty,0.0,Zero Hunger,0.75,Good Health and Well-being,0.0,Quality Education,0.0,Gender Equality,0.0,Clean Water and Sanitation,0.0,Affordable and Clean Energy,1.0,Decent Work and Economic Growth,0.25,"Industry, Innovation and Infrastructure",0.0,Reduced Inequalities,0.5,Sustainable Cities and Communities,0.0,Responsible Consumption and Production,0.0,Climate Action,0.0,Life Below Water,0.0,Life on Land,0.0,"Peace, Justice and Strong Institutions",0.0,Partnerships for the Goals
WA_Rockingham_Urban_2024,2024,WA,43,0.0233,No Poverty,0.0,Zero Hunger,0.6512,Good Health and Well-being,0.0,Quality Education,0.0233,Gender Equality,0.0,Clean Water and Sanitation,0.0,Affordable and Clean Energy,0.7907,Decent Work and Economic Growth,0.0,"Industry, Innovation and Infrastructure",0.0,Reduced Inequalities,0.7907,Sustainable Cities and Communities,0.0233,Responsible Consumption and Production,0.0698,Climate Action,0.0465,Life Below Water,0.0,Life on Land,0.3023,"Peace, Justice and Strong Institutions",0.0,Partnerships for the Goals
WA_Wyndham East Kimberley_Rural_2024,2024,WA,1,0.0,No Poverty,0.0,Zero Hunger,0.0,Good Health and Well-being,0.0,Quality Education,0.0,Gender Equality,0.0,Clean Water and Sanitation,0.0,Affordable and Clean Energy,1.0,Decent Work and Economic Growth,0.0,"Industry, Innovation and Infrastructure",0.0,Reduced Inequalities,1.0,Sustainable Cities and Communities,0.0,Responsible Consumption and Production,0.0,Climate Action,0.0,Life Below Water,0.0,Life on Land,1.0,"Peace, Justice and Strong Institutions",0.0,Partnerships for the Goals
WA_West Arthur_Rural_2024,2024,WA,30,0.0333,No Poverty,0.0,Zero Hunger,0.5,Good Health and Well-being,0.0,Quality Education,0.0,Gender Equality,0.1333,Clean Water and Sanitation,0.0667,Affordable and Clean Energy,0.6,Decent Work and Economic Growth,0.2333,"Industry, Innovation and Infrastructure",0.0,Reduced Inequalities,0.4667,Sustainable Cities and Communities,0.0333,Responsible Consumption and Production,0.1667,Climate Action,0.0,Life Below Water,0.1333,Life on Land,0.2667,"Peace, Justice and Strong Institutions",0.0,Partnerships for the Goals
WA_York_Rural_2024,2024,WA,15,0.0667,No Poverty,0.0667,Zero Hunger,0.5333,Good Health and Well-being,0.0,Quality Education,0.0,Gender Equality,0.0,Clean Water and Sanitation,0.0667,Affordable and Clean Energy,0.4667,Decent Work and Economic Growth,0.0,"Industry, Innovation and Infrastructure",0.0,Reduced Inequalities,0.6667,Sustainable Cities and Communities,0.0,Responsible Consumption and Production,0.1333,Climate Action,0.0,Life Below Water,0.0667,Life on Land,0.2667,"Peace, Justice and Strong Institutions",0.0,Partnerships for the Goals
NSW_Strathfield_Urban_2024,2024,NSW,138,0.029,No Poverty,0.0,Zero Hunger,0.529,Good Health and Well-being,0.0797,Quality Education,0.0072,Gender Equality,0.1377,Clean Water and Sanitation,0.0362,Affordable and Clean Energy,0.5942,Decent Work and Economic Growth,0.0507,"Industry, Innovation and Infrastructure",0.029,Reduced Inequalities,0.5507,Sustainable Cities and Communities,0.0362,Responsible Consumption and Production,0.1884,Climate Action,0.0,Life Below Water,0.1739,Life on Land,0.3768,"Peace, Justice and Strong Institutions",0.0362,Partnerships for the Goals
NSW_Ballina_Urban_2025,2025,NSW,5,0.4,No Poverty,0.0,Zero Hunger,0.6,Good Health and Well-being,0.2,Quality Education,0.2,Gender Equality,0.4,Clean Water and Sanitation,0.2,Affordable and Clean Energy,1.0,Decent Work and Economic Growth,0.0,"Industry, Innovation and Infrastructure",0.0,Reduced Inequalities,0.4,Sustainable Cities and Communities,0.0,Responsible Consumption and Production,0.2,Climate Action,0.0,Life Below Water,0.0,Life on Land,0.6,"Peace, Justice and Strong Institutions",0.0,Partnerships for the Goals
NSW_Albury_Urban_2025,2025,NSW,47,0.0213,No Poverty,0.0,Zero Hunger,0.5745,Good Health and Well-being,0.2128,Quality Education,0.1277,Gender Equality,0.1064,Clean Water and Sanitation,0.0426,Affordable and Clean Energy,0.7447,Decent Work and Economic Growth,0.1489,"Industry, Innovation and Infrastructure",0.0,Reduced Inequalities,0.2553,Sustainable Cities and Communities,0.1277,Responsible Consumption and Production,0.1702,Climate Action,0.0,Life Below Water,0.1277,Life on Land,0.3191,"Peace, Justice and Strong Institutions",0.0638,Partnerships for the Goals
NSW_Armidale_Urban_2025,2025,NSW,37,0.027,No Poverty,0.0,Zero Hunger,0.5676,Good Health and Well-being,0.2432,Quality Education,0.0,Gender Equality,0.1351,Clean Water and Sanitation,0.1892,Affordable and Clean Energy,0.6486,Decent Work and Economic Growth,0.027,"Industry, Innovation and Infrastructure",0.0,Reduced Inequalities,0.5135,Sustainable Cities and Communities,0.027,Responsible Consumption and Production,0.2162,Climate Action,0.0,Life Below Water,0.0541,Life on Land,0.1892,"Peace, Justice and Strong Institutions",0.0541,Partnerships for the Goals
WA_Wongan Ballidu_Rural_2024,2024,WA,34,0.0882,No Poverty,0.0,Zero Hunger,0.6765,Good Health and Well-being,0.1176,Quality Education,0.0,Gender Equality,0.0,Clean Water and Sanitation,0.0,Affordable and Clean Energy,0.7353,Decent Work and Economic Growth,0.0882,"Industry, Innovation and Infrastructure",0.0,Reduced Inequalities,0.6471,Sustainable Cities and Communities,0.0294,Responsible Consumption and Production,0.0294,Climate Action,0.0,Life Below Water,0.0294,Life on Land,0.2353,"Peace, Justice and Strong Institutions",0.0294,Partnerships for the Goals
NSW_Bellingen_Rural_2025,2025,NSW,3,0.0,No Poverty,0.0,Zero Hunger,1.0,Good Health and Well-being,0.0,Quality Education,0.0,Gender Equality,0.3333,Clean Water and Sanitation,0.0,Affordable and Clean Energy,1.0,Decent Work and Economic Growth,0.0,"Industry, Innovation and Infrastructure",0.0,Reduced Inequalities,1.0,Sustainable Cities and Communities,0.0,Responsible Consumption and Production,0.3333,Climate Action,0.0,Life Below Water,0.0,Life on Land,0.3333,"Peace, Justice and Strong Institutions",0.0,Partnerships for the Goals
NSW_Balranald_Rural_2025,2025,NSW,67,0.0299,No Poverty,0.0149,Zero Hunger,0.3881,Good Health and Well-being,0.0299,Quality Education,0.0597,Gender Equality,0.1045,Clean Water and Sanitation,0.0448,Affordable and Clean Energy,0.6716,Decent Work and Economic Growth,0.0597,"Industry, Innovation and Infrastructure",0.0,Reduced Inequalities,0.403,Sustainable Cities and Communities,0.0746,Responsible Consumption and Production,0.0896,Climate Action,0.0149,Life Below Water,0.1791,Life on Land,0.194,"Peace, Justice and Strong Institutions",0.0448,Partnerships for the Goals
NSW_Bayside_Urban_2025,2025,NSW,51,0.0196,No Poverty,0.0,Zero Hunger,0.6275,Good Health and Well-being,0.0392,Quality Education,0.0392,Gender Equality,0.0392,Clean Water and Sanitation,0.0392,Affordable and Clean Energy,0.5294,Decent Work and Economic Growth,0.0588,"Industry, Innovation and Infrastructure",0.0,Reduced Inequalities,0.4118,Sustainable Cities and Communities,0.0588,Responsible Consumption and Production,0.1373,Climate Action,0.0392,Life Below Water,0.1961,Life on Land,0.4314,"Peace, Justice and Strong Institutions",0.0196,Partnerships for the Goals
NSW_Bland_Rural_2025,2025,NSW,5,0.0,No Poverty,0.2,Zero Hunger,0.8,Good Health and Well-being,0.0,Quality Education,0.0,Gender Equality,0.2,Clean Water and Sanitation,0.0,Affordable and Clean Energy,1.0,Decent Work and Economic Growth,0.0,"Industry, Innovation and Infrastructure",0.0,Reduced Inequalities,0.8,Sustainable Cities and Communities,0.0,Responsible Consumption and Production,0.0,Climate Action,0.0,Life Below Water,0.4,Life on Land,0.4,"Peace, Justice and Strong Institutions",0.2,Partnerships for the Goals
NSW_Blayney_Rural_2025,2025,NSW,14,0.0,No Poverty,0.0,Zero Hunger,0.4286,Good Health and Well-being,0.0,Quality Education,0.0,Gender Equality,0.0714,Clean Water and Sanitation,0.1429,Affordable and Clean Energy,0.7143,Decent Work and Economic Growth,0.1429,"Industry, Innovation and Infrastructure",0.2143,Reduced Inequalities,0.5,Sustainable Cities and Communities,0.0714,Responsible Consumption and Production,0.1429,Climate Action,0.0,Life Below Water,0.1429,Life on Land,0.6429,"Peace, Justice and Strong Institutions",0.0,Partnerships for the Goals
NSW_Bathurst_Urban_2025,2025,NSW,158,0.019,No Poverty,0.0,Zero Hunger,0.462,Good Health and Well-being,0.1013,Quality Education,0.0443,Gender Equality,0.0886,Clean Water and Sanitation,0.0696,Affordable and Clean Energy,0.6456,Decent Work and Economic Growth,0.1519,"Industry, Innovation and Infrastructure",0.0127,Reduced Inequalities,0.3481,Sustainable Cities and Communities,0.0949,Responsible Consumption and Production,0.1519,Climate Action,0.0127,Life Below Water,0.1013,Life on Land,0.3101,"Peace, Justice and Strong Institutions",0.0253,Partnerships for the Goals
NSW_Berrigan_Rural_2025,2025,NSW,38,0.0526,No Poverty,0.0526,Zero Hunger,0.4737,Good Health and Well-being,0.0789,Quality Education,0.0,Gender Equality,0.0789,Clean Water and Sanitation,0.0,Affordable and Clean Energy,0.7895,Decent Work and Economic Growth,0.1053,"Industry, Innovation and Infrastructure",0.0526,Reduced Inequalities,0.3684,Sustainable Cities and Communities,0.0526,Responsible Consumption and Production,0.1842,Climate Action,0.0,Life Below Water,0.1053,Life on Land,0.4211,"Peace, Justice and Strong Institutions",0.1053,Partnerships for the Goals
NSW_Bogan_Rural_2025,2025,NSW,9,0.3333,No Poverty,0.0,Zero Hunger,0.5556,Good Health and Well-being,0.0,Quality Education,0.0,Gender Equality,0.1111,Clean Water and Sanitation,0.0,Affordable and Clean Energy,0.6667,Decent Work and Economic Growth,0.0,"Industry, Innovation and Infrastructure",0.1111,Reduced Inequalities,0.5556,Sustainable Cities and Communities,0.0,Responsible Consumption and Production,0.1111,Climate Action,0.0,Life Below Water,0.1111,Life on Land,0.6667,"Peace, Justice and Strong Institutions",0.0,Partnerships for the Goals
NSW_Brewarrina_Rural_2025,2025,NSW,94,0.0213,No Poverty,0.0,Zero Hunger,0.7021,Good Health and Well-being,0.0957,Quality Education,0.0426,Gender Equality,0.0426,Clean Water and Sanitation,0.0426,Affordable and Clean Energy,0.7553,Decent Work and Economic Growth,0.1277,"Industry, Innovation and Infrastructure",0.0,Reduced Inequalities,0.5426,Sustainable Cities and Communities,0.0319,Responsible Consumption and Production,0.1596,Climate Action,0.0213,Life Below Water,0.0851,Life on Land,0.3617,"Peace, Justice and Strong Institutions",0.0106,Partnerships for the Goals
NSW_Bourke_Rural_2025,2025,NSW,48,0.0,No Poverty,0.0208,Zero Hunger,0.4583,Good Health and Well-being,0.0625,Quality Education,0.0208,Gender Equality,0.2083,Clean Water and Sanitation,0.0208,Affordable and Clean Energy,0.4583,Decent Work and Economic Growth,0.0,"Industry, Innovation and Infrastructure",0.0,Reduced Inequalities,0.4583,Sustainable Cities and Communities,0.1042,Responsible Consumption and Production,0.125,Climate Action,0.0,Life Below Water,0.2083,Life on Land,0.2292,"Peace, Justice and Strong Institutions",0.0625,Partnerships for the Goals
NSW_Blacktown_Urban_2025,2025,NSW,163,0.0245,No Poverty,0.0123,Zero Hunger,0.5583,Good Health and Well-being,0.0859,Quality Education,0.0429,Gender Equality,0.1166,Clean Water and Sanitation,0.1104,Affordable and Clean Energy,0.6196,Decent Work and Economic Growth,0.1288,"Industry, Innovation and Infrastructure",0.0123,Reduced Inequalities,0.4233,Sustainable Cities and Communities,0.0675,Responsible Consumption and Production,0.1779,Climate Action,0.0245,Life Below Water,0.1472,Life on Land,0.3129,"Peace, Justice and Strong Institutions",0.0307,Partnerships for the Goals
NSW_Bega Valley_Urban_2025,2025,NSW,227,0.0352,No Poverty,0.0,Zero Hunger,0.5374,Good Health and Well-being,0.0485,Quality Education,0.0308,Gender Equality,0.1894,Clean Water and Sanitation,0.0573,Affordable and Clean Energy,0.7004,Decent Work and Economic Growth,0.163,"Industry, Innovation and Infrastructure",0.0044,Reduced Inequalities,0.4317,Sustainable Cities and Communities,0.0925,Responsible Consumption and Production,0.2203,Climate Action,0.0573,Life Below Water,0.1145,Life on Land,0.2379,"Peace, Justice and Strong Institutions",0.022,Partnerships for the Goals
NSW_Blue Mountains_Urban_2025,2025,NSW,130,0.0231,No Poverty,0.0,Zero Hunger,0.5615,Good Health and Well-being,0.0538,Quality Education,0.0154,Gender Equality,0.1,Clean Water and Sanitation,0.1077,Affordable and Clean Energy,0.6308,Decent Work and Economic Growth,0.1231,"Industry, Innovation and Infrastructure",0.0,Reduced Inequalities,0.4538,Sustainable Cities and Communities,0.0462,Responsible Consumption and Production,0.2692,Climate Action,0.0,Life Below Water,0.2462,Life on Land,0.2462,"Peace, Justice and Strong Institutions",0.0462,Partnerships for the Goals
NSW_Camden_Urban_2025,2025,NSW,21,0.0476,No Poverty,0.0,Zero Hunger,0.7143,Good Health and Well-being,0.0952,Quality Education,0.0,Gender Equality,0.0,Clean Water and Sanitation,0.0,Affordable and Clean Energy,0.7619,Decent Work and Economic Growth,0.0952,"Industry, Innovation and Infrastructure",0.0,Reduced Inequalities,0.619,Sustainable Cities and Communities,0.0952,Responsible Consumption and Production,0.1429,Climate Action,0.0,Life Below Water,0.0,Life on Land,0.8095,"Peace, Justice and Strong Institutions",0.0,Partnerships for the Goals
NSW_Campbelltown_Urban_2025,2025,NSW,35,0.0286,No Poverty,0.0,Zero Hunger,0.6,Good Health and Well-being,0.1143,Quality Education,0.0857,Gender Equality,0.0,Clean Water and Sanitation,0.0857,Affordable and Clean Energy,0.6571,Decent Work and Economic Growth,0.1429,"Industry, Innovation and Infrastructure",0.0,Reduced Inequalities,0.4857,Sustainable Cities and Communities,0.1429,Responsible Consumption and Production,0.0857,Climate Action,0.0,Life Below Water,0.1429,Life on Land,0.2286,"Peace, Justice and Strong Institutions",0.0286,Partnerships for the Goals
NSW_Burwood_Urban_2025,2025,NSW,45,0.0222,No Poverty,0.0,Zero Hunger,0.6,Good Health and Well-being,0.0889,Quality Education,0.0,Gender Equality,0.0444,Clean Water and Sanitation,0.1556,Affordable and Clean Energy,0.6667,Decent Work and Economic Growth,0.0444,"Industry, Innovation and Infrastructure",0.0222,Reduced Inequalities,0.5333,Sustainable Cities and Communities,0.0889,Responsible Consumption and Production,0.1556,Climate Action,0.0,Life Below Water,0.0889,Life on Land,0.3556,"Peace, Justice and Strong Institutions",0.0,Partnerships for the Goals
NSW_Broken Hill_Urban_2025,2025,NSW,170,0.0471,No Poverty,0.0059,Zero Hunger,0.5471,Good Health and Well-being,0.1,Quality Education,0.0176,Gender Equality,0.0765,Clean Water and Sanitation,0.0647,Affordable and Clean Energy,0.6941,Decent Work and Economic Growth,0.0765,"Industry, Innovation and Infrastructure",0.0,Reduced Inequalities,0.5176,Sustainable Cities and Communities,0.0294,Responsible Consumption and Production,0.2118,Climate Action,0.0059,Life Below Water,0.0941,Life on Land,0.3118,"Peace, Justice and Strong Institutions",0.0471,Partnerships for the Goals
NSW_Byron_Urban_2025,2025,NSW,51,0.098,No Poverty,0.0196,Zero Hunger,0.7647,Good Health and Well-being,0.0784,Quality Education,0.0,Gender Equality,0.1569,Clean Water and Sanitation,0.0,Affordable and Clean Energy,0.7059,Decent Work and Economic Growth,0.0392,"Industry, Innovation and Infrastructure",0.0196,Reduced Inequalities,0.549,Sustainable Cities and Communities,0.098,Responsible Consumption and Production,0.2549,Climate Action,0.0588,Life Below Water,0.0588,Life on Land,0.3333,"Peace, Justice and Strong Institutions",0.0588,Partnerships for the Goals
NSW_Carrathool_Rural_2025,2025,NSW,8,0.0,No Poverty,0.0,Zero Hunger,0.75,Good Health and Well-being,0.375,Quality Education,0.125,Gender Equality,0.0,Clean Water and Sanitation,0.0,Affordable and Clean Energy,0.75,Decent Work and Economic Growth,0.0,"Industry, Innovation and Infrastructure",0.0,Reduced Inequalities,0.5,Sustainable Cities and Communities,0.0,Responsible Consumption and Production,0.0,Climate Action,0.0,Life Below Water,0.0,Life on Land,0.125,"Peace, Justice and Strong Institutions",0.0,Partnerships for the Goals
NSW_Central Coast_Urban_2025,2025,NSW,33,0.0,No Poverty,0.0,Zero Hunger,0.5455,Good Health and Well-being,0.1212,Quality Education,0.0,Gender Equality,0.0909,Clean Water and Sanitation,0.0,Affordable and Clean Energy,0.6061,Decent Work and Economic Growth,0.0606,"Industry, Innovation and Infrastructure",0.0,Reduced Inequalities,0.4545,Sustainable Cities and Communities,0.0303,Responsible Consumption and Production,0.0909,Climate Action,0.1212,Life Below Water,0.1515,Life on Land,0.4242,"Peace, Justice and Strong Institutions",0.0303,Partnerships for the Goals
NSW_Canada Bay_Urban_2025,2025,NSW,30,0.0,No Poverty,0.0,Zero Hunger,0.2333,Good Health and Well-being,0.0667,Quality Education,0.0,Gender Equality,0.1,Clean Water and Sanitation,0.1,Affordable and Clean Energy,0.4,Decent Work and Economic Growth,0.2,"Industry, Innovation and Infrastructure",0.0333,Reduced Inequalities,0.4,Sustainable Cities and Communities,0.0333,Responsible Consumption and Production,0.2,Climate Action,0.0333,Life Below Water,0.2333,Life on Land,0.2,"Peace, Justice and Strong Institutions",0.0,Partnerships for the Goals
NSW_Central Darling_Rural_2025,2025,NSW,13,0.0769,No Poverty,0.0,Zero Hunger,0.5385,Good Health and Well-being,0.0,Quality Education,0.0,Gender Equality,0.0769,Clean Water and Sanitation,0.0,Affordable and Clean Energy,0.3846,Decent Work and Economic Growth,0.0,"Industry, Innovation and Infrastructure",0.0769,Reduced Inequalities,0.6923,Sustainable Cities and Communities,0.0,Responsible Consumption and Production,0.2308,Climate Action,0.0,Life Below Water,0.1538,Life on Land,0.6154,"Peace, Justice and Strong Institutions",0.0,Partnerships for the Goals
NSW_Clarence Valley_Urban_2025,2025,NSW,35,0.0857,No Poverty,0.0,Zero Hunger,0.6286,Good Health and Well-being,0.0571,Quality Education,0.0571,Gender Equality,0.0571,Clean Water and Sanitation,0.0571,Affordable and Clean Energy,0.6,Decent Work and Economic Growth,0.0,"Industry, Innovation and Infrastructure",0.0571,Reduced Inequalities,0.4857,Sustainable Cities and Communities,0.0571,Responsible Consumption and Production,0.2,Climate Action,0.0,Life Below Water,0.1143,Life on Land,0.4286,"Peace, Justice and Strong Institutions",0.0,Partnerships for the Goals
NSW_Coffs Harbour_Urban_2025,2025,NSW,20,0.0,No Poverty,0.0,Zero Hunger,0.85,Good Health and Well-being,0.05,Quality Education,0.0,Gender Equality,0.05,Clean Water and Sanitation,0.0,Affordable and Clean Energy,0.95,Decent Work and Economic Growth,0.05,"Industry, Innovation and Infrastructure",0.0,Reduced Inequalities,0.85,Sustainable Cities and Communities,0.05,Responsible Consumption and Production,0.45,Climate Action,0.05,Life Below Water,0.25,Life on Land,0.25,"Peace, Justice and Strong Institutions",0.05,Partnerships for the Goals
NSW_Cessnock_Urban_2025,2025,NSW,33,0.0303,No Poverty,0.0606,Zero Hunger,0.6364,Good Health and Well-being,0.0606,Quality Education,0.0303,Gender Equality,0.1212,Clean Water and Sanitation,0.0606,Affordable and Clean Energy,0.7273,Decent Work and Economic Growth,0.0303,"Industry, Innovation and Infrastructure",0.0303,Reduced Inequalities,0.4848,Sustainable Cities and Communities,0.0606,Responsible Consumption and Production,0.3636,Climate Action,0.0,Life Below Water,0.2424,Life on Land,0.3939,"Peace, Justice and Strong Institutions",0.0303,Partnerships for the Goals
NSW_Coolamon_Rural_2025,2025,NSW,8,0.0,No Poverty,0.0,Zero Hunger,0.375,Good Health and Well-being,0.0,Quality Education,0.0,Gender Equality,0.0,Clean Water and Sanitation,0.0,Affordable and Clean Energy,0.875,Decent Work and Economic Growth,0.0,"Industry, Innovation and Infrastructure",0.0,Reduced Inequalities,0.625,Sustainable Cities and Communities,0.0,Responsible Consumption and Production,0.125,Climate Action,0.0,Life Below Water,0.0,Life on Land,0.25,"Peace, Justice and Strong Institutions",0.0,Partnerships for the Goals
NSW_Cobar_Rural_2025,2025,NSW,68,0.0735,No Poverty,0.0,Zero Hunger,0.6324,Good Health and Well-being,0.2059,Quality Education,0.0147,Gender Equality,0.1618,Clean Water and Sanitation,0.0294,Affordable and Clean Energy,0.7794,Decent Work and Economic Growth,0.0882,"Industry, Innovation and Infrastructure",0.0,Reduced Inequalities,0.4706,Sustainable Cities and Communities,0.0147,Responsible Consumption and Production,0.1176,Climate Action,0.0,Life Below Water,0.0882,Life on Land,0.4559,"Peace, Justice and Strong Institutions",0.0147,Partnerships for the Goals
NSW_Coonamble_Rural_2025,2025,NSW,24,0.0833,No Poverty,0.0,Zero Hunger,0.3333,Good Health and Well-being,0.1667,Quality Education,0.0,Gender Equality,0.0833,Clean Water and Sanitation,0.0833,Affordable and Clean Energy,0.625,Decent Work and Economic Growth,0.125,"Industry, Innovation and Infrastructure",0.0417,Reduced Inequalities,0.375,Sustainable Cities and Communities,0.1667,Responsible Consumption and Production,0.1667,Climate Action,0.0,Life Below Water,0.0417,Life on Land,0.4583,"Peace, Justice and Strong Institutions",0.0,Partnerships for the Goals
NSW_Cootamundra Gundagai_Rural_2025,2025,NSW,43,0.1395,No Poverty,0.0233,Zero Hunger,0.5814,Good Health and Well-being,0.0233,Quality Education,0.0465,Gender Equality,0.0,Clean Water and Sanitation,0.0,Affordable and Clean Energy,0.6744,Decent Work and Economic Growth,0.093,"Industry, Innovation and Infrastructure",0.0,Reduced Inequalities,0.6279,Sustainable Cities and Communities,0.0465,Responsible Consumption and Production,0.093,Climate Action,0.0465,Life Below Water,0.1395,Life on Land,0.4884,"Peace, Justice and Strong Institutions",0.0233,Partnerships for the Goals
NSW_Dubbo_Urban_2025,2025,NSW,48,0.0625,No Poverty,0.0,Zero Hunger,0.4375,Good Health and Well-being,0.0833,Quality Education,0.0,Gender Equality,0.0417,Clean Water and Sanitation,0.125,Affordable and Clean Energy,0.6458,Decent Work and Economic Growth,0.0833,"Industry, Innovation and Infrastructure",0.0417,Reduced Inequalities,0.5,Sustainable Cities and Communities,0.0208,Responsible Consumption and Production,0.2292,Climate Action,0.0,Life Below Water,0.1458,Life on Land,0.25,"Peace, Justice and Strong Institutions",0.0625,Partnerships for the Goals
NSW_Edward River_Rural_2025,2025,NSW,35,0.0286,No Poverty,0.0,Zero Hunger,0.4571,Good Health and Well-being,0.0571,Quality Education,0.0,Gender Equality,0.0857,Clean Water and Sanitation,0.0286,Affordable and Clean Energy,0.6571,Decent Work and Economic Growth,0.0857,"Industry, Innovation and Infrastructure",0.0,Reduced Inequalities,0.6286,Sustainable Cities and Communities,0.2,Responsible Consumption and Production,0.1143,Climate Action,0.0,Life Below Water,0.0286,Life on Land,0.2571,"Peace, Justice and Strong Institutions",0.0857,Partnerships for the Goals
NSW_Dungog_Rural_2025,2025,NSW,56,0.0,No Poverty,0.0536,Zero Hunger,0.4643,Good Health and Well-being,0.0179,Quality Education,0.0,Gender Equality,0.0893,Clean Water and Sanitation,0.0357,Affordable and Clean Energy,0.3571,Decent Work and Economic Growth,0.1071,"Industry, Innovation and Infrastructure",0.0,Reduced Inequalities,0.5536,Sustainable Cities and Communities,0.0893,Responsible Consumption and Production,0.1071,Climate Action,0.0,Life Below Water,0.1964,Life on Land,0.2857,"Peace, Justice and Strong Institutions",0.0714,Partnerships for the Goals
NSW_Cumberland_Urban_2025,2025,NSW,102,0.1471,No Poverty,0.0098,Zero Hunger,0.7059,Good Health and Well-being,0.1471,Quality Education,0.0588,Gender Equality,0.0588,Clean Water and Sanitation,0.098,Affordable and Clean Energy,0.7451,Decent Work and Economic Growth,0.0294,"Industry, Innovation and Infrastructure",0.0196,Reduced Inequalities,0.5098,Sustainable Cities and Communities,0.0392,Responsible Consumption and Production,0.1863,Climate Action,0.0294,Life Below Water,0.0784,Life on Land,0.4314,"Peace, Justice and Strong Institutions",0.0294,Partnerships for the Goals
NSW_Fairfield_Urban_2025,2025,NSW,23,0.2609,No Poverty,0.0,Zero Hunger,0.6957,Good Health and Well-being,0.1304,Quality Education,0.0,Gender Equality,0.0,Clean Water and Sanitation,0.0,Affordable and Clean Energy,0.7826,Decent Work and Economic Growth,0.0435,"Industry, Innovation and Infrastructure",0.1304,Reduced Inequalities,0.4348,Sustainable Cities and Communities,0.0435,Responsible Consumption and Production,0.2174,Climate Action,0.0,Life Below Water,0.1304,Life on Land,0.6957,"Peace, Justice and Strong Institutions",0.0435,Partnerships for the Goals
NSW_Gilgandra_Rural_2025,2025,NSW,16,0.1875,No Poverty,0.0,Zero Hunger,0.75,Good Health and Well-being,0.0625,Quality Education,0.0,Gender Equality,0.0,Clean Water and Sanitation,0.0,Affordable and Clean Energy,0.875,Decent Work and Economic Growth,0.0625,"Industry, Innovation and Infrastructure",0.0625,Reduced Inequalities,0.75,Sustainable Cities and Communities,0.0625,Responsible Consumption and Production,0.1875,Climate Action,0.0,Life Below Water,0.0,Life on Land,0.5625,"Peace, Justice and Strong Institutions",0.0,Partnerships for the Goals
NSW_Glen Innes Severn_Rural_2025,2025,NSW,1,0.0,No Poverty,0.0,Zero Hunger,1.0,Good Health and Well-being,0.0,Quality Education,0.0,Gender Equality,0.0,Clean Water and Sanitation,0.0,Affordable and Clean Energy,1.0,Decent Work and Economic Growth,1.0,"Industry, Innovation and Infrastructure",0.0,Reduced Inequalities,0.0,Sustainable Cities and Communities,0.0,Responsible Consumption and Production,0.0,Climate Action,0.0,Life Below Water,0.0,Life on Land,1.0,"Peace, Justice and Strong Institutions",0.0,Partnerships for the Goals
NSW_Goulburn Mulwaree_Urban_2025,2025,NSW,2,0.0,No Poverty,0.0,Zero Hunger,1.0,Good Health and Well-being,0.0,Quality Education,0.0,Gender Equality,0.5,Clean Water and Sanitation,0.5,Affordable and Clean Energy,0.5,Decent Work and Economic Growth,0.0,"Industry, Innovation and Infrastructure",0.0,Reduced Inequalities,1.0,Sustainable Cities and Communities,0.0,Responsible Consumption and Production,0.5,Climate Action,0.0,Life Below Water,1.0,Life on Land,0.5,"Peace, Justice and Strong Institutions",0.0,Partnerships for the Goals
NSW_Forbes_Rural_2025,2025,NSW,50,0.1,No Poverty,0.0,Zero Hunger,0.62,Good Health and Well-being,0.1,Quality Education,0.0,Gender Equality,0.2,Clean Water and Sanitation,0.0,Affordable and Clean Energy,0.78,Decent Work and Economic Growth,0.18,"Industry, Innovation and Infrastructure",0.06,Reduced Inequalities,0.3,Sustainable Cities and Communities,0.02,Responsible Consumption and Production,0.16,Climate Action,0.0,Life Below Water,0.14,Life on Land,0.4,"Peace, Justice and Strong Institutions",0.06,Partnerships for the Goals
NSW_Griffith_Urban_2025,2025,NSW,16,0.25,No Poverty,0.0,Zero Hunger,0.5625,Good Health and Well-being,0.0625,Quality Education,0.0625,Gender Equality,0.0,Clean Water and Sanitation,0.125,Affordable and Clean Energy,0.75,Decent Work and Economic Growth,0.1875,"Industry, Innovation and Infrastructure",0.0625,Reduced Inequalities,0.5625,Sustainable Cities and Communities,0.0625,Responsible Consumption and Production,0.0625,Climate Action,0.0,Life Below Water,0.0625,Life on Land,0.3125,"Peace, Justice and Strong Institutions",0.0,Partnerships for the Goals
NSW_Gunnedah_Rural_2025,2025,NSW,25,0.16,No Poverty,0.04,Zero Hunger,0.44,Good Health and Well-being,0.04,Quality Education,0.0,Gender Equality,0.16,Clean Water and Sanitation,0.08,Affordable and Clean Energy,0.72,Decent Work and Economic Growth,0.08,"Industry, Innovation and Infrastructure",0.0,Reduced Inequalities,0.48,Sustainable Cities and Communities,0.04,Responsible Consumption and Production,0.24,Climate Action,0.0,Life Below Water,0.12,Life on Land,0.36,"Peace, Justice and Strong Institutions",0.04,Partnerships for the Goals
NSW_Hay_Rural_2025,2025,NSW,18,0.0,No Poverty,0.0,Zero Hunger,0.3889,Good Health and Well-being,0.0556,Quality Education,0.0,Gender Equality,0.1111,Clean Water and Sanitation,0.0556,Affordable and Clean Energy,0.5,Decent Work and Economic Growth,0.0556,"Industry, Innovation and Infrastructure",0.1111,Reduced Inequalities,0.5556,Sustainable Cities and Communities,0.0556,Responsible Consumption and Production,0.1667,Climate Action,0.0,Life Below Water,0.0556,Life on Land,0.6667,"Peace, Justice and Strong Institutions",0.0,Partnerships for the Goals
NSW_Hilltops_Rural_2025,2025,NSW,9,0.1111,No Poverty,0.0,Zero Hunger,0.7778,Good Health and Well-being,0.1111,Quality Education,0.1111,Gender Equality,0.0,Clean Water and Sanitation,0.1111,Affordable and Clean Energy,1.0,Decent Work and Economic Growth,0.0,"Industry, Innovation and Infrastructure",0.0,Reduced Inequalities,0.4444,Sustainable Cities and Communities,0.0,Responsible Consumption and Production,0.2222,Climate Action,0.0,Life Below Water,0.0,Life on Land,0.3333,"Peace, Justice and Strong Institutions",0.0,Partnerships for the Goals
NSW_Hawkesbury_Urban_2025,2025,NSW,60,0.0833,No Poverty,0.0,Zero Hunger,0.5833,Good Health and Well-being,0.0833,Quality Education,0.0,Gender Equality,0.1,Clean Water and Sanitation,0.0833,Affordable and Clean Energy,0.4667,Decent Work and Economic Growth,0.0833,"Industry, Innovation and Infrastructure",0.0,Reduced Inequalities,0.6,Sustainable Cities and Communities,0.0667,Responsible Consumption and Production,0.2833,Climate Action,0.0167,Life Below Water,0.1167,Life on Land,0.3833,"Peace, Justice and Strong Institutions",0.05,Partnerships for the Goals
NSW_Hunters Hill_Urban_2025,2025,NSW,34,0.0,No Poverty,0.0,Zero Hunger,0.4706,Good Health and Well-being,0.0882,Quality Education,0.0,Gender Equality,0.1471,Clean Water and Sanitation,0.0882,Affordable and Clean Energy,0.5588,Decent Work and Economic Growth,0.1471,"Industry, Innovation and Infrastructure",0.0294,Reduced Inequalities,0.4118,Sustainable Cities and Communities,0.0882,Responsible Consumption and Production,0.2353,Climate Action,0.0,Life Below Water,0.1471,Life on Land,0.3824,"Peace, Justice and Strong Institutions",0.0294,Partnerships for the Goals
NSW_Hume_Rural_2025,2025,NSW,34,0.0882,No Poverty,0.0,Zero Hunger,0.6176,Good Health and Well-being,0.0882,Quality Education,0.0,Gender Equality,0.1471,Clean Water and Sanitation,0.0882,Affordable and Clean Energy,0.5294,Decent Work and Economic Growth,0.2353,"Industry, Innovation and Infrastructure",0.0294,Reduced Inequalities,0.4412,Sustainable Cities and Communities,0.0882,Responsible Consumption and Production,0.1176,Climate Action,0.0,Life Below Water,0.0588,Life on Land,0.4412,"Peace, Justice and Strong Institutions",0.0294,Partnerships for the Goals
NSW_Cowra_Rural_2025,2025,NSW,34,0.0294,No Poverty,0.0,Zero Hunger,0.4118,Good Health and Well-being,0.0294,Quality Education,0.0294,Gender Equality,0.0882,Clean Water and Sanitation,0.0882,Affordable and Clean Energy,0.5294,Decent Work and Economic Growth,0.0588,"Industry, Innovation and Infrastructure",0.0294,Reduced Inequalities,0.4706,Sustainable Cities and Communities,0.1176,Responsible Consumption and Production,0.2353,Climate Action,0.0,Life Below Water,0.1765,Life on Land,0.3824,"Peace, Justice and Strong Institutions",0.0,Partnerships for the Goals
NSW_Inverell_Rural_2025,2025,NSW,32,0.0625,No Poverty,0.0,Zero Hunger,0.4375,Good Health and Well-being,0.0312,Quality Education,0.0625,Gender Equality,0.1562,Clean Water and Sanitation,0.0,Affordable and Clean Energy,0.5625,Decent Work and Economic Growth,0.1562,"Industry, Innovation and Infrastructure",0.0625,Reduced Inequalities,0.5,Sustainable Cities and Communities,0.0312,Responsible Consumption and Production,0.125,Climate Action,0.0312,Life Below Water,0.0625,Life on Land,0.5938,"Peace, Justice and Strong Institutions",0.0,Partnerships for the Goals
NSW_Junee_Rural_2025,2025,NSW,11,0.0,No Poverty,0.0,Zero Hunger,0.4545,Good Health and Well-being,0.2727,Quality Education,0.0909,Gender Equality,0.0909,Clean Water and Sanitation,0.0909,Affordable and Clean Energy,0.8182,Decent Work and Economic Growth,0.0909,"Industry, Innovation and Infrastructure",0.0,Reduced Inequalities,0.5455,Sustainable Cities and Communities,0.0909,Responsible Consumption and Production,0.1818,Climate Action,0.0,Life Below Water,0.1818,Life on Land,0.3636,"Peace, Justice and Strong Institutions",0.0,Partnerships for the Goals
NSW_Hornsby_Urban_2025,2025,NSW,108,0.0741,No Poverty,0.0093,Zero Hunger,0.6111,Good Health and Well-being,0.037,Quality Education,0.0093,Gender Equality,0.1204,Clean Water and Sanitation,0.0278,Affordable and Clean Energy,0.6389,Decent Work and Economic Growth,0.1019,"Industry, Innovation and Infrastructure",0.0185,Reduced Inequalities,0.4907,Sustainable Cities and Communities,0.0278,Responsible Consumption and Production,0.2593,Climate Action,0.0093,Life Below Water,0.2963,Life on Land,0.25,"Peace, Justice and Strong Institutions",0.0833,Partnerships for the Goals
NSW_Kempsey_Urban_2025,2025,NSW,17,0.1176,No Poverty,0.0,Zero Hunger,0.6471,Good Health and Well-being,0.2353,Quality Education,0.4706,Gender Equality,0.0,Clean Water and Sanitation,0.0,Affordable and Clean Energy,0.6471,Decent Work and Economic Growth,0.1765,"Industry, Innovation and Infrastructure",0.0,Reduced Inequalities,0.0,Sustainable Cities and Communities,0.0,Responsible Consumption and Production,0.1176,Climate Action,0.0,Life Below Water,0.0,Life on Land,0.5294,"Peace, Justice and Strong Institutions",0.0,Partnerships for the Goals
NSW_Kiama_Urban_2025,2025,NSW,51,0.098,No Poverty,0.0,Zero Hunger,0.7059,Good Health and Well-being,0.0588,Quality Education,0.0588,Gender Equality,0.0784,Clean Water and Sanitation,0.0588,Affordable and Clean Energy,0.8627,Decent Work and Economic Growth,0.0784,"Industry, Innovation and Infrastructure",0.0,Reduced Inequalities,0.6078,Sustainable Cities and Communities,0.0392,Responsible Consumption and Production,0.1569,Climate Action,0.0392,Life Below Water,0.0588,Life on Land,0.451,"Peace, Justice and Strong Institutions",0.0392,Partnerships for the Goals
NSW_Inner West_Urban_2025,2025,NSW,82,0.061,No Poverty,0.0122,Zero Hunger,0.7073,Good Health and Well-being,0.122,Quality Education,0.0122,Gender Equality,0.0366,Clean Water and Sanitation,0.0488,Affordable and Clean Energy,0.7683,Decent Work and Economic Growth,0.0854,"Industry, Innovation and Infrastructure",0.0488,Reduced Inequalities,0.561,Sustainable Cities and Communities,0.0366,Responsible Consumption and Production,0.1829,Climate Action,0.0,Life Below Water,0.0366,Life on Land,0.4878,"Peace, Justice and Strong Institutions",0.0122,Partnerships for the Goals
NSW_Lachlan_Rural_2025,2025,NSW,4,0.0,No Poverty,0.0,Zero Hunger,0.25,Good Health and Well-being,0.0,Quality Education,0.0,Gender Equality,0.0,Clean Water and Sanitation,0.0,Affordable and Clean Energy,0.75,Decent Work and Economic Growth,0.0,"Industry, Innovation and Infrastructure",0.0,Reduced Inequalities,1.0,Sustainable Cities and Communities,0.0,Responsible Consumption and Production,0.25,Climate Action,0.0,Life Below Water,0.0,Life on Land,0.25,"Peace, Justice and Strong Institutions",0.0,Partnerships for the Goals
NSW_Kyogle_Rural_2025,2025,NSW,35,0.0571,No Poverty,0.0,Zero Hunger,0.4286,Good Health and Well-being,0.0857,Quality Education,0.0286,Gender Equality,0.0571,Clean Water and Sanitation,0.0,Affordable and Clean Energy,0.4571,Decent Work and Economic Growth,0.0286,"Industry, Innovation and Infrastructure",0.0286,Reduced Inequalities,0.5143,Sustainable Cities and Communities,0.0286,Responsible Consumption and Production,0.1429,Climate Action,0.0,Life Below Water,0.1429,Life on Land,0.3143,"Peace, Justice and Strong Institutions",0.0571,Partnerships for the Goals
NSW_Lake Macquarie_Urban_2025,2025,NSW,67,0.0448,No Poverty,0.0,Zero Hunger,0.6716,Good Health and Well-being,0.1642,Quality Education,0.0149,Gender Equality,0.1493,Clean Water and Sanitation,0.0299,Affordable and Clean Energy,0.8209,Decent Work and Economic Growth,0.0448,"Industry, Innovation and Infrastructure",0.0,Reduced Inequalities,0.5522,Sustainable Cities and Communities,0.1045,Responsible Consumption and Production,0.2836,Climate Action,0.0149,Life Below Water,0.1194,Life on Land,0.1642,"Peace, Justice and Strong Institutions",0.0448,Partnerships for the Goals
NSW_Lane Cove_Urban_2025,2025,NSW,31,0.0323,No Poverty,0.0,Zero Hunger,0.3871,Good Health and Well-being,0.2581,Quality Education,0.0323,Gender Equality,0.0645,Clean Water and Sanitation,0.1613,Affordable and Clean Energy,0.7097,Decent Work and Economic Growth,0.0,"Industry, Innovation and Infrastructure",0.0323,Reduced Inequalities,0.2581,Sustainable Cities and Communities,0.1935,Responsible Consumption and Production,0.3226,Climate Action,0.0645,Life Below Water,0.0968,Life on Land,0.2581,"Peace, Justice and Strong Institutions",0.0323,Partnerships for the Goals
NSW_Ku Ring Gai_Urban_2025,2025,NSW,95,0.0737,No Poverty,0.0,Zero Hunger,0.6,Good Health and Well-being,0.0737,Quality Education,0.0737,Gender Equality,0.0105,Clean Water and Sanitation,0.0316,Affordable and Clean Energy,0.7158,Decent Work and Economic Growth,0.1053,"Industry, Innovation and Infrastructure",0.0105,Reduced Inequalities,0.3474,Sustainable Cities and Communities,0.0737,Responsible Consumption and Production,0.1789,Climate Action,0.0,Life Below Water,0.1053,Life on Land,0.4632,"Peace, Justice and Strong Institutions",0.0211,Partnerships for the Goals
NSW_Leeton_Rural_2025,2025,NSW,49,0.0408,No Poverty,0.0,Zero Hunger,0.5102,Good Health and Well-being,0.0816,Quality Education,0.0204,Gender Equality,0.1224,Clean Water and Sanitation,0.0408,Affordable and Clean Energy,0.6122,Decent Work and Economic Growth,0.0816,"Industry, Innovation and Infrastructure",0.0204,Reduced Inequalities,0.5918,Sustainable Cities and Communities,0.0204,Responsible Consumption and Production,0.1837,Climate Action,0.0,Life Below Water,0.0612,Life on Land,0.5714,"Peace, Justice and Strong Institutions",0.0408,Partnerships for the Goals
NSW_Lithgow_Urban_2025,2025,NSW,1,0.0,No Poverty,0.0,Zero Hunger,0.0,Good Health and Well-being,0.0,Quality Education,0.0,Gender Equality,0.0,Clean Water and Sanitation,0.0,Affordable and Clean Energy,0.0,Decent Work and Economic Growth,0.0,"Industry, Innovation and Infrastructure",0.0,Reduced Inequalities,0.0,Sustainable Cities and Communities,0.0,Responsible Consumption and Production,0.0,Climate Action,0.0,Life Below Water,0.0,Life on Land,0.0,"Peace, Justice and Strong Institutions",0.0,Partnerships for the Goals
NSW_Lismore_Urban_2025,2025,NSW,35,0.0286,No Poverty,0.0,Zero Hunger,0.6857,Good Health and Well-being,0.0286,Quality Education,0.0286,Gender Equality,0.1429,Clean Water and Sanitation,0.0286,Affordable and Clean Energy,0.8286,Decent Work and Economic Growth,0.0571,"Industry, Innovation and Infrastructure",0.0857,Reduced Inequalities,0.5143,Sustainable Cities and Communities,0.0857,Responsible Consumption and Production,0.2286,Climate Action,0.0,Life Below Water,0.1714,Life on Land,0.2571,"Peace, Justice and Strong Institutions",0.0,Partnerships for the Goals
NSW_Lockhart_Rural_2025,2025,NSW,13,0.2308,No Poverty,0.0,Zero Hunger,0.8462,Good Health and Well-being,0.0,Quality Education,0.0,Gender Equality,0.3077,Clean Water and Sanitation,0.2308,Affordable and Clean Energy,1.0,Decent Work and Economic Growth,0.0769,"Industry, Innovation and Infrastructure",0.0769,Reduced Inequalities,0.6154,Sustainable Cities and Communities,0.0,Responsible Consumption and Production,0.4615,Climate Action,0.0,Life Below Water,0.0769,Life on Land,0.3077,"Peace, Justice and Strong Institutions",0.0,Partnerships for the Goals
NSW_Liverpool Plains_Rural_2025,2025,NSW,27,0.1111,No Poverty,0.0,Zero Hunger,0.5556,Good Health and Well-being,0.0,Quality Education,0.0,Gender Equality,0.1852,Clean Water and Sanitation,0.0741,Affordable and Clean Energy,0.6296,Decent Work and Economic Growth,0.037,"Industry, Innovation and Infrastructure",0.037,Reduced Inequalities,0.6296,Sustainable Cities and Communities,0.1111,Responsible Consumption and Production,0.1481,Climate Action,0.0,Life Below Water,0.037,Life on Land,0.5926,"Peace, Justice and Strong Institutions",0.0,Partnerships for the Goals
NSW_Cabonne_Rural_2025,2025,NSW,34,0.1176,No Poverty,0.0294,Zero Hunger,0.5588,Good Health and Well-being,0.0,Quality Education,0.0588,Gender Equality,0.1176,Clean Water and Sanitation,0.0294,Affordable and Clean Energy,0.7059,Decent Work and Economic Growth,0.1176,"Industry, Innovation and Infrastructure",0.0882,Reduced Inequalities,0.5,Sustainable Cities and Communities,0.0294,Responsible Consumption and Production,0.1176,Climate Action,0.0294,Life Below Water,0.2353,Life on Land,0.2941,"Peace, Justice and Strong Institutions",0.0,Partnerships for the Goals
NSW_Liverpool_Urban_2025,2025,NSW,56,0.0714,No Poverty,0.0,Zero Hunger,0.6607,Good Health and Well-being,0.0893,Quality Education,0.0179,Gender Equality,0.1607,Clean Water and Sanitation,0.0893,Affordable and Clean Energy,0.7857,Decent Work and Economic Growth,0.2143,"Industry, Innovation and Infrastructure",0.0,Reduced Inequalities,0.6071,Sustainable Cities and Communities,0.0179,Responsible Consumption and Production,0.1964,Climate Action,0.0,Life Below Water,0.0893,Life on Land,0.1786,"Peace, Justice and Strong Institutions",0.0536,Partnerships for the Goals
NSW_Mid Coast_Urban_2025,2025,NSW,90,0.0111,No Poverty,0.0333,Zero Hunger,0.4333,Good Health and Well-being,0.1111,Quality Education,0.0222,Gender Equality,0.2,Clean Water and Sanitation,0.0778,Affordable and Clean Energy,0.4667,Decent Work and Economic Growth,0.0444,"Industry, Innovation and Infrastructure",0.0,Reduced Inequalities,0.2667,Sustainable Cities and Communities,0.1667,Responsible Consumption and Production,0.3111,Climate Action,0.0778,Life Below Water,0.1556,Life on Land,0.1333,"Peace, Justice and Strong Institutions",0.0333,Partnerships for the Goals
NSW_Mosman_Urban_2025,2025,NSW,36,0.0278,No Poverty,0.0278,Zero Hunger,0.5833,Good Health and Well-being,0.0278,Quality Education,0.0,Gender Equality,0.1111,Clean Water and Sanitation,0.0278,Affordable and Clean Energy,0.5556,Decent Work and Economic Growth,0.0833,"Industry, Innovation and Infrastructure",0.0278,Reduced Inequalities,0.5,Sustainable Cities and Communities,0.1667,Responsible Consumption and Production,0.0278,Climate Action,0.0,Life Below Water,0.0556,Life on Land,0.3889,"Peace, Justice and Strong Institutions",0.0,Partnerships for the Goals
NSW_Moree Plains_Rural_2025,2025,NSW,56,0.0893,No Poverty,0.0,Zero Hunger,0.5893,Good Health and Well-being,0.0714,Quality Education,0.0536,Gender Equality,0.1786,Clean Water and Sanitation,0.1071,Affordable and Clean Energy,0.6786,Decent Work and Economic Growth,0.1071,"Industry, Innovation and Infrastructure",0.0357,Reduced Inequalities,0.4286,Sustainable Cities and Communities,0.0714,Responsible Consumption and Production,0.2143,Climate Action,0.0179,Life Below Water,0.0357,Life on Land,0.3214,"Peace, Justice and Strong Institutions",0.0893,Partnerships for the Goals
NSW_Mid Western_Urban_2025,2025,NSW,75,0.04,No Poverty,0.0267,Zero Hunger,0.5867,Good Health and Well-being,0.1333,Quality Education,0.0,Gender Equality,0.1467,Clean Water and Sanitation,0.08,Affordable and Clean Energy,0.7333,Decent Work and Economic Growth,0.1333,"Industry, Innovation and Infrastructure",0.0133,Reduced Inequalities,0.4533,Sustainable Cities and Communities,0.0533,Responsible Consumption and Production,0.1467,Climate Action,0.0,Life Below Water,0.1867,Life on Land,0.3067,"Peace, Justice and Strong Institutions",0.0533,Partnerships for the Goals
NSW_Murrumbidgee_Rural_2025,2025,NSW,9,0.0,No Poverty,0.0,Zero Hunger,0.4444,Good Health and Well-being,0.1111,Quality Education,0.0,Gender Equality,0.2222,Clean Water and Sanitation,0.2222,Affordable and Clean Energy,0.5556,Decent Work and Economic Growth,0.3333,"Industry, Innovation and Infrastructure",0.0,Reduced Inequalities,0.3333,Sustainable Cities and Communities,0.0,Responsible Consumption and Production,0.6667,Climate Action,0.0,Life Below Water,0.0,Life on Land,0.3333,"Peace, Justice and Strong Institutions",0.0,Partnerships for the Goals
NSW_Maitland_Urban_2025,2025,NSW,76,0.1447,No Poverty,0.0,Zero Hunger,0.6711,Good Health and Well-being,0.0921,Quality Education,0.0263,Gender Equality,0.0526,Clean Water and Sanitation,0.0263,Affordable and Clean Energy,0.7763,Decent Work and Economic Growth,0.1579,"Industry, Innovation and Infrastructure",0.0395,Reduced Inequalities,0.4211,Sustainable Cities and Communities,0.0526,Responsible Consumption and Production,0.1579,Climate Action,0.0395,Life Below Water,0.0658,Life on Land,0.5395,"Peace, Justice and Strong Institutions",0.0263,Partnerships for the Goals
NSW_Narrabri_Rural_2025,2025,NSW,10,0.0,No Poverty,0.0,Zero Hunger,0.8,Good Health and Well-being,0.2,Quality Education,0.0,Gender Equality,0.3,Clean Water and Sanitation,0.0,Affordable and Clean Energy,0.8,Decent Work and Economic Growth,0.0,"Industry, Innovation and Infrastructure",0.0,Reduced Inequalities,0.7,Sustainable Cities and Communities,0.0,Responsible Consumption and Production,0.5,Climate Action,0.0,Life Below Water,0.1,Life on Land,0.6,"Peace, Justice and Strong Institutions",0.0,Partnerships for the Goals
NSW_Nambucca_Urban_2025,2025,NSW,38,0.1579,No Poverty,0.0263,Zero Hunger,0.4211,Good Health and Well-being,0.0526,Quality Education,0.0,Gender Equality,0.1316,Clean Water and Sanitation,0.1053,Affordable and Clean Energy,0.5789,Decent Work and Economic Growth,0.1842,"Industry, Innovation and Infrastructure",0.1316,Reduced Inequalities,0.2895,Sustainable Cities and Communities,0.0263,Responsible Consumption and Production,0.2895,Climate Action,0.0263,Life Below Water,0.0789,Life on Land,0.2895,"Peace, Justice and Strong Institutions",0.0526,Partnerships for the Goals
NSW_Muswellbrook_Rural_2025,2025,NSW,54,0.1111,No Poverty,0.0,Zero Hunger,0.5741,Good Health and Well-being,0.0926,Quality Education,0.0926,Gender Equality,0.037,Clean Water and Sanitation,0.0926,Affordable and Clean Energy,0.6852,Decent Work and Economic Growth,0.1667,"Industry, Innovation and Infrastructure",0.0,Reduced Inequalities,0.537,Sustainable Cities and Communities,0.0,Responsible Consumption and Production,0.1852,Climate Action,0.0,Life Below Water,0.037,Life on Land,0.4259,"Peace, Justice and Strong Institutions",0.037,Partnerships for the Goals
NSW_Narrandera_Rural_2025,2025,NSW,11,0.0,No Poverty,0.0,Zero Hunger,0.2727,Good Health and Well-being,0.0,Quality Education,0.0,Gender Equality,0.0,Clean Water and Sanitation,0.0909,Affordable and Clean Energy,0.8182,Decent Work and Economic Growth,0.1818,"Industry, Innovation and Infrastructure",0.0909,Reduced Inequalities,0.3636,Sustainable Cities and Communities,0.1818,Responsible Consumption and Production,0.1818,Climate Action,0.0,Life Below Water,0.0,Life on Land,0.7273,"Peace, Justice and Strong Institutions",0.0,Partnerships for the Goals
NSW_Narromine_Rural_2025,2025,NSW,33,0.0303,No Poverty,0.0,Zero Hunger,0.6364,Good Health and Well-being,0.0303,Quality Education,0.0303,Gender Equality,0.0909,Clean Water and Sanitation,0.0,Affordable and Clean Energy,0.7273,Decent Work and Economic Growth,0.1212,"Industry, Innovation and Infrastructure",0.0606,Reduced Inequalities,0.4545,Sustainable Cities and Communities,0.0606,Responsible Consumption and Production,0.1818,Climate Action,0.0,Life Below Water,0.0909,Life on Land,0.6364,"Peace, Justice and Strong Institutions",0.0303,Partnerships for the Goals
NSW_North Sydney_Urban_2025,2025,NSW,110,0.0455,No Poverty,0.0,Zero Hunger,0.6455,Good Health and Well-being,0.0727,Quality Education,0.0273,Gender Equality,0.0364,Clean Water and Sanitation,0.2091,Affordable and Clean Energy,0.7091,Decent Work and Economic Growth,0.1,"Industry, Innovation and Infrastructure",0.0091,Reduced Inequalities,0.5909,Sustainable Cities and Communities,0.0364,Responsible Consumption and Production,0.1909,Climate Action,0.0182,Life Below Water,0.1,Life on Land,0.3909,"Peace, Justice and Strong Institutions",0.0273,Partnerships for the Goals
NSW_Northern Beaches_Urban_2025,2025,NSW,79,0.0633,No Poverty,0.0127,Zero Hunger,0.6962,Good Health and Well-being,0.1519,Quality Education,0.0633,Gender Equality,0.0886,Clean Water and Sanitation,0.0759,Affordable and Clean Energy,0.6329,Decent Work and Economic Growth,0.0633,"Industry, Innovation and Infrastructure",0.0127,Reduced Inequalities,0.2911,Sustainable Cities and Communities,0.1013,Responsible Consumption and Production,0.2658,Climate Action,0.0886,Life Below Water,0.1266,Life on Land,0.2658,"Peace, Justice and Strong Institutions",0.0127,Partnerships for the Goals
NSW_Parkes_Rural_2025,2025,NSW,98,0.051,No Poverty,0.0204,Zero Hunger,0.4286,Good Health and Well-being,0.0816,Quality Education,0.0612,Gender Equality,0.0408,Clean Water and Sanitation,0.051,Affordable and Clean Energy,0.5408,Decent Work and Economic Growth,0.102,"Industry, Innovation and Infrastructure",0.0408,Reduced Inequalities,0.2755,Sustainable Cities and Communities,0.0918,Responsible Consumption and Production,0.1327,Climate Action,0.0102,Life Below Water,0.1939,Life on Land,0.3878,"Peace, Justice and Strong Institutions",0.0204,Partnerships for the Goals
NSW_Parramatta_Urban_2025,2025,NSW,34,0.0882,No Poverty,0.0,Zero Hunger,0.6471,Good Health and Well-being,0.2059,Quality Education,0.0294,Gender Equality,0.0294,Clean Water and Sanitation,0.2059,Affordable and Clean Energy,0.7059,Decent Work and Economic Growth,0.0588,"Industry, Innovation and Infrastructure",0.0,Reduced Inequalities,0.5,Sustainable Cities and Communities,0.0588,Responsible Consumption and Production,0.1765,Climate Action,0.0,Life Below Water,0.0882,Life on Land,0.6176,"Peace, Justice and Strong Institutions",0.0,Partnerships for the Goals
NSW_Orange_Urban_2025,2025,NSW,80,0.0375,No Poverty,0.0,Zero Hunger,0.4875,Good Health and Well-being,0.1125,Quality Education,0.0125,Gender Equality,0.15,Clean Water and Sanitation,0.025,Affordable and Clean Energy,0.6,Decent Work and Economic Growth,0.0375,"Industry, Innovation and Infrastructure",0.0125,Reduced Inequalities,0.55,Sustainable Cities and Communities,0.05,Responsible Consumption and Production,0.175,Climate Action,0.0375,Life Below Water,0.0875,Life on Land,0.3625,"Peace, Justice and Strong Institutions",0.0,Partnerships for the Goals
NSW_Newcastle_Urban_2025,2025,NSW,85,0.0706,No Poverty,0.0,Zero Hunger,0.6588,Good Health and Well-being,0.1412,Quality Education,0.0588,Gender Equality,0.0706,Clean Water and Sanitation,0.0824,Affordable and Clean Energy,0.8,Decent Work and Economic Growth,0.1765,"Industry, Innovation and Infrastructure",0.0235,Reduced Inequalities,0.2588,Sustainable Cities and Communities,0.0824,Responsible Consumption and Production,0.3176,Climate Action,0.0706,Life Below Water,0.1176,Life on Land,0.2353,"Peace, Justice and Strong Institutions",0.0,Partnerships for the Goals
NSW_Port Macquarie Hastings_Urban_2025,2025,NSW,16,0.25,No Poverty,0.0,Zero Hunger,0.8125,Good Health and Well-being,0.125,Quality Education,0.0,Gender Equality,0.0625,Clean Water and Sanitation,0.0625,Affordable and Clean Energy,0.875,Decent Work and Economic Growth,0.1875,"Industry, Innovation and Infrastructure",0.0,Reduced Inequalities,0.5,Sustainable Cities and Communities,0.125,Responsible Consumption and Production,0.5,Climate Action,0.0,Life Below Water,0.0,Life on Land,0.5,"Peace, Justice and Strong Institutions",0.0,Partnerships for the Goals
NSW_Port Stephens_Urban_2025,2025,NSW,24,0.2083,No Poverty,0.0,Zero Hunger,0.625,Good Health and Well-being,0.0,Quality Education,0.125,Gender Equality,0.0,Clean Water and Sanitation,0.0,Affordable and Clean Energy,0.7083,Decent Work and Economic Growth,0.0833,"Industry, Innovation and Infrastructure",0.0417,Reduced Inequalities,0.5833,Sustainable Cities and Communities,0.0,Responsible Consumption and Production,0.1667,Climate Action,0.0,Life Below Water,0.125,Life on Land,0.4583,"Peace, Justice and Strong Institutions",0.0,Partnerships for the Goals
NSW_Richmond Valley_Urban_2025,2025,NSW,51,0.0,No Poverty,0.0,Zero Hunger,0.4706,Good Health and Well-being,0.0392,Quality Education,0.0,Gender Equality,0.1176,Clean Water and Sanitation,0.0784,Affordable and Clean Energy,0.4706,Decent Work and Economic Growth,0.098,"Industry, Innovation and Infrastructure",0.0,Reduced Inequalities,0.5882,Sustainable Cities and Communities,0.0784,Responsible Consumption and Production,0.4118,Climate Action,0.0,Life Below Water,0.098,Life on Land,0.1765,"Peace, Justice and Strong Institutions",0.0,Partnerships for the Goals
NSW_Shoalhaven_Urban_2025,2025,NSW,37,0.027,No Poverty,0.0,Zero Hunger,0.7027,Good Health and Well-being,0.0541,Quality Education,0.0,Gender Equality,0.1081,Clean Water and Sanitation,0.027,Affordable and Clean Energy,0.8649,Decent Work and Economic Growth,0.2162,"Industry, Innovation and Infrastructure",0.0,Reduced Inequalities,0.3784,Sustainable Cities and Communities,0.027,Responsible Consumption and Production,0.1351,Climate Action,0.027,Life Below Water,0.027,Life on Land,0.3243,"Peace, Justice and Strong Institutions",0.0541,Partnerships for the Goals
NSW_Randwick_Urban_2025,2025,NSW,91,0.0879,No Poverty,0.011,Zero Hunger,0.5824,Good Health and Well-being,0.1099,Quality Education,0.033,Gender Equality,0.033,Clean Water and Sanitation,0.0989,Affordable and Clean Energy,0.7253,Decent Work and Economic Growth,0.0879,"Industry, Innovation and Infrastructure",0.044,Reduced Inequalities,0.5055,Sustainable Cities and Communities,0.044,Responsible Consumption and Production,0.1758,Climate Action,0.022,Life Below Water,0.0769,Life on Land,0.4176,"Peace, Justice and Strong Institutions",0.0549,Partnerships for the Goals
NSW_Penrith_Urban_2025,2025,NSW,168,0.1071,No Poverty,0.0,Zero Hunger,0.5833,Good Health and Well-being,0.1607,Quality Education,0.0298,Gender Equality,0.0774,Clean Water and Sanitation,0.119,Affordable and Clean Energy,0.7143,Decent Work and Economic Growth,0.1012,"Industry, Innovation and Infrastructure",0.006,Reduced Inequalities,0.4762,Sustainable Cities and Communities,0.0417,Responsible Consumption and Production,0.3214,Climate Action,0.006,Life Below Water,0.0893,Life on Land,0.3095,"Peace, Justice and Strong Institutions",0.0536,Partnerships for the Goals
NSW_Singleton_Urban_2025,2025,NSW,79,0.1266,No Poverty,0.0127,Zero Hunger,0.519,Good Health and Well-being,0.1013,Quality Education,0.038,Gender Equality,0.2025,Clean Water and Sanitation,0.0759,Affordable and Clean Energy,0.7595,Decent Work and Economic Growth,0.1392,"Industry, Innovation and Infrastructure",0.0633,Reduced Inequalities,0.3544,Sustainable Cities and Communities,0.1266,Responsible Consumption and Production,0.2532,Climate Action,0.0127,Life Below Water,0.1013,Life on Land,0.4937,"Peace, Justice and Strong Institutions",0.0253,Partnerships for the Goals
NSW_Strathfield_Urban_2025,2025,NSW,68,0.0882,No Poverty,0.0,Zero Hunger,0.6176,Good Health and Well-being,0.0441,Quality Education,0.0588,Gender Equality,0.1618,Clean Water and Sanitation,0.0147,Affordable and Clean Energy,0.6765,Decent Work and Economic Growth,0.1471,"Industry, Innovation and Infrastructure",0.0,Reduced Inequalities,0.6176,Sustainable Cities and Communities,0.0588,Responsible Consumption and Production,0.1912,Climate Action,0.0147,Life Below Water,0.0735,Life on Land,0.5147,"Peace, Justice and Strong Institutions",0.0294,Partnerships for the Goals
NSW_Tamworth_Urban_2025,2025,NSW,1,1.0,No Poverty,0.0,Zero Hunger,1.0,Good Health and Well-being,0.0,Quality Education,0.0,Gender Equality,0.0,Clean Water and Sanitation,0.0,Affordable and Clean Energy,1.0,Decent Work and Economic Growth,0.0,"Industry, Innovation and Infrastructure",0.0,Reduced Inequalities,1.0,Sustainable Cities and Communities,0.0,Responsible Consumption and Production,1.0,Climate Action,0.0,Life Below Water,0.0,Life on Land,1.0,"Peace, Justice and Strong Institutions",0.0,Partnerships for the Goals
NSW_Ryde_Urban_2025,2025,NSW,206,0.0874,No Poverty,0.0097,Zero Hunger,0.6553,Good Health and Well-being,0.0631,Quality Education,0.0097,Gender Equality,0.0583,Clean Water and Sanitation,0.1019,Affordable and Clean Energy,0.7476,Decent Work and Economic Growth,0.1165,"Industry, Innovation and Infrastructure",0.0146,Reduced Inequalities,0.5534,Sustainable Cities and Communities,0.0631,Responsible Consumption and Production,0.199,Climate Action,0.0,Life Below Water,0.0728,Life on Land,0.2524,"Peace, Justice and Strong Institutions",0.034,Partnerships for the Goals
NSW_Snowy Monaro_Urban_2025,2025,NSW,152,0.0329,No Poverty,0.0329,Zero Hunger,0.4671,Good Health and Well-being,0.0592,Quality Education,0.0132,Gender Equality,0.0921,Clean Water and Sanitation,0.0395,Affordable and Clean Energy,0.5855,Decent Work and Economic Growth,0.2039,"Industry, Innovation and Infrastructure",0.0066,Reduced Inequalities,0.4013,Sustainable Cities and Communities,0.0724,Responsible Consumption and Production,0.1908,Climate Action,0.0132,Life Below Water,0.0987,Life on Land,0.2303,"Peace, Justice and Strong Institutions",0.0263,Partnerships for the Goals
NSW_Sydney_Urban_2025,2025,NSW,76,0.1184,No Poverty,0.0132,Zero Hunger,0.5526,Good Health and Well-being,0.0921,Quality Education,0.0263,Gender Equality,0.0526,Clean Water and Sanitation,0.2763,Affordable and Clean Energy,0.7895,Decent Work and Economic Growth,0.0921,"Industry, Innovation and Infrastructure",0.0,Reduced Inequalities,0.5263,Sustainable Cities and Communities,0.0921,Responsible Consumption and Production,0.2895,Climate Action,0.0,Life Below Water,0.0526,Life on Land,0.3026,"Peace, Justice and Strong Institutions",0.0132,Partnerships for the Goals
NSW_Tenterfield_Rural_2025,2025,NSW,25,0.08,No Poverty,0.0,Zero Hunger,0.52,Good Health and Well-being,0.0,Quality Education,0.04,Gender Equality,0.08,Clean Water and Sanitation,0.04,Affordable and Clean Energy,0.44,Decent Work and Economic Growth,0.08,"Industry, Innovation and Infrastructure",0.04,Reduced Inequalities,0.32,Sustainable Cities and Communities,0.04,Responsible Consumption and Production,0.16,Climate Action,0.0,Life Below Water,0.24,Life on Land,0.32,"Peace, Justice and Strong Institutions",0.04,Partnerships for the Goals
NSW_Temora_Rural_2025,2025,NSW,81,0.0741,No Poverty,0.0247,Zero Hunger,0.5556,Good Health and Well-being,0.1605,Quality Education,0.037,Gender Equality,0.0617,Clean Water and Sanitation,0.0123,Affordable and Clean Energy,0.8148,Decent Work and Economic Growth,0.1358,"Industry, Innovation and Infrastructure",0.0123,Reduced Inequalities,0.4198,Sustainable Cities and Communities,0.0123,Responsible Consumption and Production,0.1605,Climate Action,0.0,Life Below Water,0.037,Life on Land,0.3457,"Peace, Justice and Strong Institutions",0.0494,Partnerships for the Goals
NSW_Upper Lachlan_Rural_2025,2025,NSW,4,0.0,No Poverty,0.0,Zero Hunger,0.25,Good Health and Well-being,0.0,Quality Education,0.0,Gender Equality,0.0,Clean Water and Sanitation,0.0,Affordable and Clean Energy,0.75,Decent Work and Economic Growth,0.0,"Industry, Innovation and Infrastructure",0.0,Reduced Inequalities,1.0,Sustainable Cities and Communities,0.0,Responsible Consumption and Production,0.25,Climate Action,0.0,Life Below Water,0.0,Life on Land,0.25,"Peace, Justice and Strong Institutions",0.0,Partnerships for the Goals
NSW_Sutherland_Urban_2025,2025,NSW,25,0.04,No Poverty,0.0,Zero Hunger,0.68,Good Health and Well-being,0.16,Quality Education,0.0,Gender Equality,0.04,Clean Water and Sanitation,0.08,Affordable and Clean Energy,0.8,Decent Work and Economic Growth,0.16,"Industry, Innovation and Infrastructure",0.0,Reduced Inequalities,0.28,Sustainable Cities and Communities,0.08,Responsible Consumption and Production,0.32,Climate Action,0.0,Life Below Water,0.24,Life on Land,0.32,"Peace, Justice and Strong Institutions",0.0,Partnerships for the Goals
NSW_Upper Hunter_Rural_2025,2025,NSW,53,0.1509,No Poverty,0.0,Zero Hunger,0.717,Good Health and Well-being,0.0566,Quality Education,0.0,Gender Equality,0.0943,Clean Water and Sanitation,0.0943,Affordable and Clean Energy,0.717,Decent Work and Economic Growth,0.1132,"Industry, Innovation and Infrastructure",0.0377,Reduced Inequalities,0.5283,Sustainable Cities and Communities,0.0189,Responsible Consumption and Production,0.2264,Climate Action,0.0,Life Below Water,0.1321,Life on Land,0.5472,"Peace, Justice and Strong Institutions",0.0566,Partnerships for the Goals
NSW_Uralla_Rural_2025,2025,NSW,29,0.1379,No Poverty,0.0345,Zero Hunger,0.5517,Good Health and Well-being,0.0345,Quality Education,0.069,Gender Equality,0.069,Clean Water and Sanitation,0.1034,Affordable and Clean Energy,0.7586,Decent Work and Economic Growth,0.069,"Industry, Innovation and Infrastructure",0.069,Reduced Inequalities,0.4138,Sustainable Cities and Communities,0.069,Responsible Consumption and Production,0.2759,Climate Action,0.0,Life Below Water,0.069,Life on Land,0.4138,"Peace, Justice and Strong Institutions",0.069,Partnerships for the Goals
NSW_Tweed_Urban_2025,2025,NSW,84,0.0714,No Poverty,0.0238,Zero Hunger,0.6071,Good Health and Well-being,0.0833,Quality Education,0.0357,Gender Equality,0.0952,Clean Water and Sanitation,0.0238,Affordable and Clean Energy,0.6905,Decent Work and Economic Growth,0.0714,"Industry, Innovation and Infrastructure",0.0238,Reduced Inequalities,0.381,Sustainable Cities and Communities,0.0357,Responsible Consumption and Production,0.3214,Climate Action,0.0357,Life Below Water,0.1786,Life on Land,0.2738,"Peace, Justice and Strong Institutions",0.0119,Partnerships for the Goals
NSW_The Hills_Urban_2025,2025,NSW,102,0.098,No Poverty,0.0196,Zero Hunger,0.5882,Good Health and Well-being,0.0588,Quality Education,0.0196,Gender Equality,0.0784,Clean Water and Sanitation,0.0294,Affordable and Clean Energy,0.6373,Decent Work and Economic Growth,0.1275,"Industry, Innovation and Infrastructure",0.0294,Reduced Inequalities,0.4608,Sustainable Cities and Communities,0.0784,Responsible Consumption and Production,0.1961,Climate Action,0.0098,Life Below Water,0.0784,Life on Land,0.3725,"Peace, Justice and Strong Institutions",0.0588,Partnerships for the Goals
NSW_Wagga Wagga_Urban_2025,2025,NSW,87,0.023,No Poverty,0.023,Zero Hunger,0.4598,Good Health and Well-being,0.1609,Quality Education,0.023,Gender Equality,0.1379,Clean Water and Sanitation,0.046,Affordable and Clean Energy,0.5287,Decent Work and Economic Growth,0.0575,"Industry, Innovation and Infrastructure",0.0,Reduced Inequalities,0.4253,Sustainable Cities and Communities,0.046,Responsible Consumption and Production,0.1839,Climate Action,0.0345,Life Below Water,0.046,Life on Land,0.3448,"Peace, Justice and Strong Institutions",0.0345,Partnerships for the Goals
NSW_Waverley_Urban_2025,2025,NSW,35,0.0571,No Poverty,0.0,Zero Hunger,0.5714,Good Health and Well-being,0.2571,Quality Education,0.0286,Gender Equality,0.0286,Clean Water and Sanitation,0.0571,Affordable and Clean Energy,0.6571,Decent Work and Economic Growth,0.0571,"Industry, Innovation and Infrastructure",0.0,Reduced Inequalities,0.2857,Sustainable Cities and Communities,0.0857,Responsible Consumption and Production,0.1143,Climate Action,0.0286,Life Below Water,0.1143,Life on Land,0.2571,"Peace, Justice and Strong Institutions",0.0571,Partnerships for the Goals
NSW_Wentworth_Rural_2025,2025,NSW,50,0.06,No Poverty,0.0,Zero Hunger,0.5,Good Health and Well-being,0.04,Quality Education,0.02,Gender Equality,0.12,Clean Water and Sanitation,0.02,Affordable and Clean Energy,0.56,Decent Work and Economic Growth,0.08,"Industry, Innovation and Infrastructure",0.06,Reduced Inequalities,0.54,Sustainable Cities and Communities,0.04,Responsible Consumption and Production,0.08,Climate Action,0.02,Life Below Water,0.02,Life on Land,0.48,"Peace, Justice and Strong Institutions",0.0,Partnerships for the Goals
NSW_Warren_Rural_2025,2025,NSW,94,0.0745,No Poverty,0.0106,Zero Hunger,0.5851,Good Health and Well-being,0.0851,Quality Education,0.0426,Gender Equality,0.0957,Clean Water and Sanitation,0.0638,Affordable and Clean Energy,0.766,Decent Work and Economic Growth,0.1702,"Industry, Innovation and Infrastructure",0.0319,Reduced Inequalities,0.4894,Sustainable Cities and Communities,0.0638,Responsible Consumption and Production,0.234,Climate Action,0.0,Life Below Water,0.117,Life on Land,0.3936,"Peace, Justice and Strong Institutions",0.0,Partnerships for the Goals
NSW_Willoughby_Urban_2025,2025,NSW,42,0.0,No Poverty,0.0,Zero Hunger,0.6429,Good Health and Well-being,0.119,Quality Education,0.0,Gender Equality,0.0476,Clean Water and Sanitation,0.0714,Affordable and Clean Energy,0.881,Decent Work and Economic Growth,0.1667,"Industry, Innovation and Infrastructure",0.0476,Reduced Inequalities,0.4762,Sustainable Cities and Communities,0.0952,Responsible Consumption and Production,0.1429,Climate Action,0.0,Life Below Water,0.0952,Life on Land,0.4048,"Peace, Justice and Strong Institutions",0.0,Partnerships for the Goals
NSW_Wingecarribee_Urban_2025,2025,NSW,4,0.0,No Poverty,0.0,Zero Hunger,0.75,Good Health and Well-being,0.0,Quality Education,0.0,Gender Equality,0.0,Clean Water and Sanitation,0.0,Affordable and Clean Energy,0.75,Decent Work and Economic Growth,0.5,"Industry, Innovation and Infrastructure",0.0,Reduced Inequalities,0.5,Sustainable Cities and Communities,0.25,Responsible Consumption and Production,0.25,Climate Action,0.0,Life Below Water,0.25,Life on Land,1.0,"Peace, Justice and Strong Institutions",0.0,Partnerships for the Goals
VIC_Kingston_Urban_2024,2024,VIC,93,0.0538,No Poverty,0.0108,Zero Hunger,0.6667,Good Health and Well-being,0.1183,Quality Education,0.043,Gender Equality,0.0538,Clean Water and Sanitation,0.0753,Affordable and Clean Energy,0.6667,Decent Work and Economic Growth,0.129,"Industry, Innovation and Infrastructure",0.0108,Reduced Inequalities,0.4946,Sustainable Cities and Communities,0.043,Responsible Consumption and Production,0.129,Climate Action,0.043,Life Below Water,0.0753,Life on Land,0.4301,"Peace, Justice and Strong Institutions",0.0108,Partnerships for the Goals
NT_Alice Springs_Urban_2025,2025,NT,11,0.0909,No Poverty,0.0,Zero Hunger,0.5455,Good Health and Well-being,0.0,Quality Education,0.0,Gender Equality,0.0909,Clean Water and Sanitation,0.0,Affordable and Clean Energy,0.4545,Decent Work and Economic Growth,0.0909,"Industry, Innovation and Infrastructure",0.0,Reduced Inequalities,0.7273,Sustainable Cities and Communities,0.0,Responsible Consumption and Production,0.1818,Climate Action,0.0,Life Below Water,0.2727,Life on Land,0.2727,"Peace, Justice and Strong Institutions",0.0909,Partnerships for the Goals
NT_Barkly_Rural_2025,2025,NT,24,0.0417,No Poverty,0.0,Zero Hunger,0.7917,Good Health and Well-being,0.125,Quality Education,0.125,Gender Equality,0.1667,Clean Water and Sanitation,0.0417,Affordable and Clean Energy,0.5417,Decent Work and Economic Growth,0.0,"Industry, Innovation and Infrastructure",0.0,Reduced Inequalities,0.4583,Sustainable Cities and Communities,0.0417,Responsible Consumption and Production,0.2083,Climate Action,0.0,Life Below Water,0.0833,Life on Land,0.4167,"Peace, Justice and Strong Institutions",0.0,Partnerships for the Goals
NSW_Wollongong_Urban_2025,2025,NSW,161,0.0497,No Poverty,0.0,Zero Hunger,0.5528,Good Health and Well-being,0.087,Quality Education,0.0373,Gender Equality,0.1118,Clean Water and Sanitation,0.0683,Affordable and Clean Energy,0.6211,Decent Work and Economic Growth,0.118,"Industry, Innovation and Infrastructure",0.0373,Reduced Inequalities,0.4534,Sustainable Cities and Communities,0.0683,Responsible Consumption and Production,0.1615,Climate Action,0.0311,Life Below Water,0.1491,Life on Land,0.3043,"Peace, Justice and Strong Institutions",0.0373,Partnerships for the Goals
NSW_Weddin_Rural_2025,2025,NSW,33,0.0909,No Poverty,0.0,Zero Hunger,0.5152,Good Health and Well-being,0.0909,Quality Education,0.0606,Gender Equality,0.0606,Clean Water and Sanitation,0.0606,Affordable and Clean Energy,0.7576,Decent Work and Economic Growth,0.0909,"Industry, Innovation and Infrastructure",0.0,Reduced Inequalities,0.4545,Sustainable Cities and Communities,0.0303,Responsible Consumption and Production,0.0909,Climate Action,0.0303,Life Below Water,0.0606,Life on Land,0.303,"Peace, Justice and Strong Institutions",0.0,Partnerships for the Goals
NSW_Canterbury Banks_Urban_2025,2025,NSW,30,0.0333,No Poverty,0.0333,Zero Hunger,0.6667,Good Health and Well-being,0.2,Quality Education,0.0,Gender Equality,0.1333,Clean Water and Sanitation,0.0333,Affordable and Clean Energy,0.7667,Decent Work and Economic Growth,0.1667,"Industry, Innovation and Infrastructure",0.0,Reduced Inequalities,0.5,Sustainable Cities and Communities,0.0333,Responsible Consumption and Production,0.1333,Climate Action,0.0,Life Below Water,0.0333,Life on Land,0.5,"Peace, Justice and Strong Institutions",0.0,Partnerships for the Goals
NSW_Woollahra_Urban_2025,2025,NSW,54,0.1296,No Poverty,0.0,Zero Hunger,0.5,Good Health and Well-being,0.0185,Quality Education,0.0556,Gender Equality,0.0926,Clean Water and Sanitation,0.0556,Affordable and Clean Energy,0.5926,Decent Work and Economic Growth,0.0556,"Industry, Innovation and Infrastructure",0.0741,Reduced Inequalities,0.4074,Sustainable Cities and Communities,0.0185,Responsible Consumption and Production,0.1852,Climate Action,0.037,Life Below Water,0.0741,Life on Land,0.4074,"Peace, Justice and Strong Institutions",0.0,Partnerships for the Goals
NT_Katherine_Rural_2025,2025,NT,44,0.0227,No Poverty,0.0,Zero Hunger,0.6591,Good Health and Well-being,0.1136,Quality Education,0.1136,Gender Equality,0.0227,Clean Water and Sanitation,0.0227,Affordable and Clean Energy,0.7045,Decent Work and Economic Growth,0.0455,"Industry, Innovation and Infrastructure",0.0,Reduced Inequalities,0.6364,Sustainable Cities and Communities,0.0455,Responsible Consumption and Production,0.1591,Climate Action,0.0,Life Below Water,0.0455,Life on Land,0.4773,"Peace, Justice and Strong Institutions",0.0455,Partnerships for the Goals
NT_Litchfield_Urban_2025,2025,NT,24,0.0,No Poverty,0.0,Zero Hunger,0.7083,Good Health and Well-being,0.0833,Quality Education,0.0417,Gender Equality,0.0417,Clean Water and Sanitation,0.0417,Affordable and Clean Energy,0.7083,Decent Work and Economic Growth,0.125,"Industry, Innovation and Infrastructure",0.0833,Reduced Inequalities,0.4167,Sustainable Cities and Communities,0.0417,Responsible Consumption and Production,0.0417,Climate Action,0.0,Life Below Water,0.1667,Life on Land,0.25,"Peace, Justice and Strong Institutions",0.0,Partnerships for the Goals
NT_East Arnhem_Rural_2025,2025,NT,65,0.0615,No Poverty,0.0154,Zero Hunger,0.5538,Good Health and Well-being,0.0923,Quality Education,0.0154,Gender Equality,0.0615,Clean Water and Sanitation,0.0308,Affordable and Clean Energy,0.5692,Decent Work and Economic Growth,0.1231,"Industry, Innovation and Infrastructure",0.0154,Reduced Inequalities,0.4615,Sustainable Cities and Communities,0.1231,Responsible Consumption and Production,0.1231,Climate Action,0.0308,Life Below Water,0.0769,Life on Land,0.3692,"Peace, Justice and Strong Institutions",0.0308,Partnerships for the Goals
NSW_Walgett_Rural_2025,2025,NSW,18,0.0556,No Poverty,0.0,Zero Hunger,0.5,Good Health and Well-being,0.1111,Quality Education,0.1111,Gender Equality,0.1111,Clean Water and Sanitation,0.0556,Affordable and Clean Energy,0.7778,Decent Work and Economic Growth,0.1667,"Industry, Innovation and Infrastructure",0.0556,Reduced Inequalities,0.5,Sustainable Cities and Communities,0.0556,Responsible Consumption and Production,0.2222,Climate Action,0.0,Life Below Water,0.0556,Life on Land,0.5556,"Peace, Justice and Strong Institutions",0.0556,Partnerships for the Goals
NT_Macdonnell_Rural_2025,2025,NT,24,0.0417,No Poverty,0.0833,Zero Hunger,0.5417,Good Health and Well-being,0.1667,Quality Education,0.0833,Gender Equality,0.0,Clean Water and Sanitation,0.0417,Affordable and Clean Energy,0.7917,Decent Work and Economic Growth,0.2917,"Industry, Innovation and Infrastructure",0.0,Reduced Inequalities,0.0833,Sustainable Cities and Communities,0.0417,Responsible Consumption and Production,0.0417,Climate Action,0.0417,Life Below Water,0.0,Life on Land,0.2917,"Peace, Justice and Strong Institutions",0.0,Partnerships for the Goals
NT_Palmerston_Urban_2025,2025,NT,63,0.0476,No Poverty,0.0,Zero Hunger,0.6667,Good Health and Well-being,0.1905,Quality Education,0.0317,Gender Equality,0.0635,Clean Water and Sanitation,0.0317,Affordable and Clean Energy,0.6984,Decent Work and Economic Growth,0.1905,"Industry, Innovation and Infrastructure",0.0159,Reduced Inequalities,0.381,Sustainable Cities and Communities,0.0476,Responsible Consumption and Production,0.0952,Climate Action,0.0,Life Below Water,0.127,Life on Land,0.3016,"Peace, Justice and Strong Institutions",0.0159,Partnerships for the Goals
NT_Tiwi Islands_Rural_2025,2025,NT,5,0.0,No Poverty,0.0,Zero Hunger,0.8,Good Health and Well-being,0.0,Quality Education,0.0,Gender Equality,0.0,Clean Water and Sanitation,0.2,Affordable and Clean Energy,0.8,Decent Work and Economic Growth,0.4,"Industry, Innovation and Infrastructure",0.0,Reduced Inequalities,0.2,Sustainable Cities and Communities,0.0,Responsible Consumption and Production,0.4,Climate Action,0.0,Life Below Water,0.2,Life on Land,0.6,"Peace, Justice and Strong Institutions",0.0,Partnerships for the Goals
NT_Roper Gulf_Rural_2025,2025,NT,36,0.0,No Poverty,0.0,Zero Hunger,0.6111,Good Health and Well-being,0.1944,Quality Education,0.0556,Gender Equality,0.0278,Clean Water and Sanitation,0.0278,Affordable and Clean Energy,0.8056,Decent Work and Economic Growth,0.1389,"Industry, Innovation and Infrastructure",0.0,Reduced Inequalities,0.3056,Sustainable Cities and Communities,0.0556,Responsible Consumption and Production,0.0278,Climate Action,0.0,Life Below Water,0.0278,Life on Land,0.5278,"Peace, Justice and Strong Institutions",0.0,Partnerships for the Goals
NT_Wagait_Urban_2025,2025,NT,30,0.1,No Poverty,0.0,Zero Hunger,0.5333,Good Health and Well-being,0.0333,Quality Education,0.0,Gender Equality,0.0667,Clean Water and Sanitation,0.0333,Affordable and Clean Energy,0.6,Decent Work and Economic Growth,0.0667,"Industry, Innovation and Infrastructure",0.0333,Reduced Inequalities,0.6667,Sustainable Cities and Communities,0.0333,Responsible Consumption and Production,0.1667,Climate Action,0.0333,Life Below Water,0.1,Life on Land,0.4333,"Peace, Justice and Strong Institutions",0.0,Partnerships for the Goals
NT_West Daly_Rural_2025,2025,NT,33,0.0909,No Poverty,0.0303,Zero Hunger,0.7273,Good Health and Well-being,0.0606,Quality Education,0.0303,Gender Equality,0.1212,Clean Water and Sanitation,0.0,Affordable and Clean Energy,0.8182,Decent Work and Economic Growth,0.0606,"Industry, Innovation and Infrastructure",0.0303,Reduced Inequalities,0.5758,Sustainable Cities and Communities,0.0909,Responsible Consumption and Production,0.1818,Climate Action,0.0303,Life Below Water,0.1515,Life on Land,0.303,"Peace, Justice and Strong Institutions",0.0303,Partnerships for the Goals
QLD_Aurukun_Rural_2025,2025,QLD,8,0.0,No Poverty,0.0,Zero Hunger,0.375,Good Health and Well-being,0.0,Quality Education,0.0,Gender Equality,0.0,Clean Water and Sanitation,0.0,Affordable and Clean Energy,0.25,Decent Work and Economic Growth,0.0,"Industry, Innovation and Infrastructure",0.0,Reduced Inequalities,0.5,Sustainable Cities and Communities,0.0,Responsible Consumption and Production,0.125,Climate Action,0.0,Life Below Water,0.0,Life on Land,0.875,"Peace, Justice and Strong Institutions",0.0,Partnerships for the Goals
NT_West Arnhem_Rural_2025,2025,NT,44,0.0682,No Poverty,0.0227,Zero Hunger,0.7273,Good Health and Well-being,0.0909,Quality Education,0.0227,Gender Equality,0.1136,Clean Water and Sanitation,0.0227,Affordable and Clean Energy,0.7273,Decent Work and Economic Growth,0.0909,"Industry, Innovation and Infrastructure",0.0,Reduced Inequalities,0.5909,Sustainable Cities and Communities,0.0682,Responsible Consumption and Production,0.1364,Climate Action,0.0,Life Below Water,0.0227,Life on Land,0.6136,"Peace, Justice and Strong Institutions",0.0227,Partnerships for the Goals
QLD_Balonne_Rural_2025,2025,QLD,12,0.0833,No Poverty,0.0833,Zero Hunger,0.6667,Good Health and Well-being,0.0,Quality Education,0.0,Gender Equality,0.25,Clean Water and Sanitation,0.0833,Affordable and Clean Energy,0.6667,Decent Work and Economic Growth,0.25,"Industry, Innovation and Infrastructure",0.0833,Reduced Inequalities,0.4167,Sustainable Cities and Communities,0.0,Responsible Consumption and Production,0.0833,Climate Action,0.0,Life Below Water,0.0833,Life on Land,0.25,"Peace, Justice and Strong Institutions",0.0,Partnerships for the Goals
QLD_Barcaldine_Rural_2025,2025,QLD,7,0.1429,No Poverty,0.0,Zero Hunger,0.8571,Good Health and Well-being,0.0,Quality Education,0.0,Gender Equality,0.1429,Clean Water and Sanitation,0.1429,Affordable and Clean Energy,1.0,Decent Work and Economic Growth,0.1429,"Industry, Innovation and Infrastructure",0.0,Reduced Inequalities,0.8571,Sustainable Cities and Communities,0.0,Responsible Consumption and Production,0.4286,Climate Action,0.0,Life Below Water,0.1429,Life on Land,0.4286,"Peace, Justice and Strong Institutions",0.0,Partnerships for the Goals
QLD_Blackall Tambo_Rural_2025,2025,QLD,11,0.0,No Poverty,0.0,Zero Hunger,0.5455,Good Health and Well-being,0.0909,Quality Education,0.0909,Gender Equality,0.0,Clean Water and Sanitation,0.0,Affordable and Clean Energy,0.7273,Decent Work and Economic Growth,0.0,"Industry, Innovation and Infrastructure",0.0,Reduced Inequalities,0.6364,Sustainable Cities and Communities,0.0,Responsible Consumption and Production,0.0,Climate Action,0.0,Life Below Water,0.0,Life on Land,0.6364,"Peace, Justice and Strong Institutions",0.0,Partnerships for the Goals
QLD_Bundaberg_Urban_2025,2025,QLD,3,0.0,No Poverty,0.0,Zero Hunger,0.3333,Good Health and Well-being,0.0,Quality Education,0.0,Gender Equality,0.0,Clean Water and Sanitation,0.0,Affordable and Clean Energy,1.0,Decent Work and Economic Growth,0.0,"Industry, Innovation and Infrastructure",0.0,Reduced Inequalities,1.0,Sustainable Cities and Communities,0.0,Responsible Consumption and Production,0.3333,Climate Action,0.0,Life Below Water,0.0,Life on Land,0.0,"Peace, Justice and Strong Institutions",0.0,Partnerships for the Goals
QLD_Banana_Rural_2025,2025,QLD,46,0.0652,No Poverty,0.0217,Zero Hunger,0.2609,Good Health and Well-being,0.0652,Quality Education,0.0217,Gender Equality,0.0435,Clean Water and Sanitation,0.0435,Affordable and Clean Energy,0.5217,Decent Work and Economic Growth,0.0652,"Industry, Innovation and Infrastructure",0.0217,Reduced Inequalities,0.3261,Sustainable Cities and Communities,0.087,Responsible Consumption and Production,0.1957,Climate Action,0.0,Life Below Water,0.087,Life on Land,0.2609,"Peace, Justice and Strong Institutions",0.0217,Partnerships for the Goals
QLD_Burdekin_Rural_2025,2025,QLD,68,0.0294,No Poverty,0.0294,Zero Hunger,0.5882,Good Health and Well-being,0.0882,Quality Education,0.0,Gender Equality,0.2059,Clean Water and Sanitation,0.0147,Affordable and Clean Energy,0.6912,Decent Work and Economic Growth,0.1471,"Industry, Innovation and Infrastructure",0.0,Reduced Inequalities,0.4412,Sustainable Cities and Communities,0.1176,Responsible Consumption and Production,0.2941,Climate Action,0.0,Life Below Water,0.0147,Life on Land,0.25,"Peace, Justice and Strong Institutions",0.0441,Partnerships for the Goals
QLD_Burke_Rural_2025,2025,QLD,4,0.0,No Poverty,0.0,Zero Hunger,0.75,Good Health and Well-being,0.0,Quality Education,0.0,Gender Equality,0.0,Clean Water and Sanitation,0.0,Affordable and Clean Energy,1.0,Decent Work and Economic Growth,0.0,"Industry, Innovation and Infrastructure",0.0,Reduced Inequalities,0.25,Sustainable Cities and Communities,0.0,Responsible Consumption and Production,0.25,Climate Action,0.0,Life Below Water,0.0,Life on Land,0.25,"Peace, Justice and Strong Institutions",0.0,Partnerships for the Goals
NT_Central Desert_Rural_2025,2025,NT,55,0.1455,No Poverty,0.0182,Zero Hunger,0.7818,Good Health and Well-being,0.0364,Quality Education,0.0364,Gender Equality,0.0727,Clean Water and Sanitation,0.0545,Affordable and Clean Energy,0.7455,Decent Work and Economic Growth,0.1636,"Industry, Innovation and Infrastructure",0.0,Reduced Inequalities,0.3091,Sustainable Cities and Communities,0.1455,Responsible Consumption and Production,0.2,Climate Action,0.0,Life Below Water,0.1636,Life on Land,0.3636,"Peace, Justice and Strong Institutions",0.0182,Partnerships for the Goals
QLD_Cairns_Urban_2025,2025,QLD,3,0.3333,No Poverty,0.0,Zero Hunger,1.0,Good Health and Well-being,0.0,Quality Education,0.3333,Gender Equality,0.3333,Clean Water and Sanitation,0.0,Affordable and Clean Energy,1.0,Decent Work and Economic Growth,0.3333,"Industry, Innovation and Infrastructure",0.0,Reduced Inequalities,0.6667,Sustainable Cities and Communities,0.0,Responsible Consumption and Production,0.3333,Climate Action,0.0,Life Below Water,0.0,Life on Land,0.3333,"Peace, Justice and Strong Institutions",0.0,Partnerships for the Goals
NT_Coomalie_Rural_2025,2025,NT,31,0.0,No Poverty,0.0,Zero Hunger,0.5806,Good Health and Well-being,0.0323,Quality Education,0.0,Gender Equality,0.0968,Clean Water and Sanitation,0.0645,Affordable and Clean Energy,0.5484,Decent Work and Economic Growth,0.0968,"Industry, Innovation and Infrastructure",0.0,Reduced Inequalities,0.5484,Sustainable Cities and Communities,0.0323,Responsible Consumption and Production,0.1935,Climate Action,0.0,Life Below Water,0.3226,Life on Land,0.2258,"Peace, Justice and Strong Institutions",0.0323,Partnerships for the Goals
QLD_Carpentaria_Rural_2025,2025,QLD,31,0.0968,No Poverty,0.0,Zero Hunger,0.6774,Good Health and Well-being,0.2903,Quality Education,0.0968,Gender Equality,0.0968,Clean Water and Sanitation,0.0,Affordable and Clean Energy,0.6452,Decent Work and Economic Growth,0.0,"Industry, Innovation and Infrastructure",0.0,Reduced Inequalities,0.3548,Sustainable Cities and Communities,0.0645,Responsible Consumption and Production,0.1613,Climate Action,0.0,Life Below Water,0.0968,Life on Land,0.5484,"Peace, Justice and Strong Institutions",0.0323,Partnerships for the Goals
QLD_Cassowary Coast_Urban_2025,2025,QLD,21,0.2381,No Poverty,0.0,Zero Hunger,0.4762,Good Health and Well-being,0.1905,Quality Education,0.0952,Gender Equality,0.0,Clean Water and Sanitation,0.0476,Affordable and Clean Energy,0.8571,Decent Work and Economic Growth,0.1429,"Industry, Innovation and Infrastructure",0.0476,Reduced Inequalities,0.3333,Sustainable Cities and Communities,0.1905,Responsible Consumption and Production,0.1905,Climate Action,0.0476,Life Below Water,0.0952,Life on Land,0.2381,"Peace, Justice and Strong Institutions",0.0,Partnerships for the Goals
QLD_Central Highlands_Urban_2025,2025,QLD,34,0.0294,No Poverty,0.0,Zero Hunger,0.5588,Good Health and Well-being,0.1471,Quality Education,0.0294,Gender Equality,0.1471,Clean Water and Sanitation,0.0588,Affordable and Clean Energy,0.6765,Decent Work and Economic Growth,0.2059,"Industry, Innovation and Infrastructure",0.0294,Reduced Inequalities,0.3529,Sustainable Cities and Communities,0.1765,Responsible Consumption and Production,0.2647,Climate Action,0.0,Life Below Water,0.1176,Life on Land,0.3529,"Peace, Justice and Strong Institutions",0.0294,Partnerships for the Goals
QLD_Cherbourg_Rural_2025,2025,QLD,25,0.2,No Poverty,0.0,Zero Hunger,0.52,Good Health and Well-being,0.0,Quality Education,0.12,Gender Equality,0.08,Clean Water and Sanitation,0.04,Affordable and Clean Energy,0.56,Decent Work and Economic Growth,0.04,"Industry, Innovation and Infrastructure",0.04,Reduced Inequalities,0.48,Sustainable Cities and Communities,0.12,Responsible Consumption and Production,0.32,Climate Action,0.0,Life Below Water,0.0,Life on Land,0.48,"Peace, Justice and Strong Institutions",0.04,Partnerships for the Goals
QLD_Charters Towers_Rural_2025,2025,QLD,46,0.0217,No Poverty,0.0435,Zero Hunger,0.5,Good Health and Well-being,0.0435,Quality Education,0.0,Gender Equality,0.1087,Clean Water and Sanitation,0.0435,Affordable and Clean Energy,0.6087,Decent Work and Economic Growth,0.087,"Industry, Innovation and Infrastructure",0.0,Reduced Inequalities,0.5652,Sustainable Cities and Communities,0.1087,Responsible Consumption and Production,0.2609,Climate Action,0.0217,Life Below Water,0.1304,Life on Land,0.5,"Peace, Justice and Strong Institutions",0.0217,Partnerships for the Goals
QLD_Diamantina_Rural_2025,2025,QLD,9,0.0,No Poverty,0.0,Zero Hunger,0.5556,Good Health and Well-being,0.0,Quality Education,0.0,Gender Equality,0.0,Clean Water and Sanitation,0.0,Affordable and Clean Energy,0.6667,Decent Work and Economic Growth,0.0,"Industry, Innovation and Infrastructure",0.0,Reduced Inequalities,0.4444,Sustainable Cities and Communities,0.0,Responsible Consumption and Production,0.2222,Climate Action,0.1111,Life Below Water,0.3333,Life on Land,0.3333,"Peace, Justice and Strong Institutions",0.0,Partnerships for the Goals
QLD_Croydon_Rural_2025,2025,QLD,11,0.1818,No Poverty,0.0,Zero Hunger,0.7273,Good Health and Well-being,0.1818,Quality Education,0.0,Gender Equality,0.0,Clean Water and Sanitation,0.0,Affordable and Clean Energy,1.0,Decent Work and Economic Growth,0.0,"Industry, Innovation and Infrastructure",0.0909,Reduced Inequalities,0.4545,Sustainable Cities and Communities,0.0,Responsible Consumption and Production,0.0909,Climate Action,0.0,Life Below Water,0.0909,Life on Land,0.2727,"Peace, Justice and Strong Institutions",0.0,Partnerships for the Goals
QLD_Douglas_Rural_2025,2025,QLD,29,0.069,No Poverty,0.0345,Zero Hunger,0.4828,Good Health and Well-being,0.0345,Quality Education,0.0,Gender Equality,0.1379,Clean Water and Sanitation,0.0345,Affordable and Clean Energy,0.4483,Decent Work and Economic Growth,0.069,"Industry, Innovation and Infrastructure",0.0,Reduced Inequalities,0.5172,Sustainable Cities and Communities,0.069,Responsible Consumption and Production,0.1379,Climate Action,0.0,Life Below Water,0.1379,Life on Land,0.2414,"Peace, Justice and Strong Institutions",0.0345,Partnerships for the Goals
QLD_Etheridge_Rural_2025,2025,QLD,13,0.0769,No Poverty,0.0,Zero Hunger,0.5385,Good Health and Well-being,0.0769,Quality Education,0.0,Gender Equality,0.0,Clean Water and Sanitation,0.0,Affordable and Clean Energy,0.6923,Decent Work and Economic Growth,0.1538,"Industry, Innovation and Infrastructure",0.0,Reduced Inequalities,0.6154,Sustainable Cities and Communities,0.0769,Responsible Consumption and Production,0.1538,Climate Action,0.0,Life Below Water,0.0,Life on Land,0.5385,"Peace, Justice and Strong Institutions",0.2308,Partnerships for the Goals
QLD_Bulloo_Rural_2025,2025,QLD,12,0.0,No Poverty,0.0,Zero Hunger,0.5833,Good Health and Well-being,0.0,Quality Education,0.0833,Gender Equality,0.0833,Clean Water and Sanitation,0.0,Affordable and Clean Energy,0.75,Decent Work and Economic Growth,0.0833,"Industry, Innovation and Infrastructure",0.0,Reduced Inequalities,0.5833,Sustainable Cities and Communities,0.0,Responsible Consumption and Production,0.0,Climate Action,0.0833,Life Below Water,0.0833,Life on Land,0.1667,"Peace, Justice and Strong Institutions",0.0,Partnerships for the Goals
QLD_Cook_Rural_2025,2025,QLD,41,0.0976,No Poverty,0.0,Zero Hunger,0.5122,Good Health and Well-being,0.0244,Quality Education,0.0,Gender Equality,0.1707,Clean Water and Sanitation,0.122,Affordable and Clean Energy,0.7073,Decent Work and Economic Growth,0.1951,"Industry, Innovation and Infrastructure",0.0244,Reduced Inequalities,0.5366,Sustainable Cities and Communities,0.1463,Responsible Consumption and Production,0.3171,Climate Action,0.0244,Life Below Water,0.2195,Life on Land,0.3659,"Peace, Justice and Strong Institutions",0.0244,Partnerships for the Goals
QLD_Fraser Coast_Urban_2025,2025,QLD,5,0.0,No Poverty,0.0,Zero Hunger,1.0,Good Health and Well-being,0.0,Quality Education,0.0,Gender Equality,0.2,Clean Water and Sanitation,0.0,Affordable and Clean Energy,1.0,Decent Work and Economic Growth,0.2,"Industry, Innovation and Infrastructure",0.0,Reduced Inequalities,0.0,Sustainable Cities and Communities,0.2,Responsible Consumption and Production,0.2,Climate Action,0.2,Life Below Water,0.0,Life on Land,0.6,"Peace, Justice and Strong Institutions",0.0,Partnerships for the Goals
QLD_Flinders_Rural_2025,2025,QLD,18,0.0,No Poverty,0.0,Zero Hunger,0.5,Good Health and Well-being,0.0556,Quality Education,0.0,Gender Equality,0.0556,Clean Water and Sanitation,0.1667,Affordable and Clean Energy,0.7778,Decent Work and Economic Growth,0.3333,"Industry, Innovation and Infrastructure",0.0,Reduced Inequalities,0.5,Sustainable Cities and Communities,0.0556,Responsible Consumption and Production,0.2222,Climate Action,0.0,Life Below Water,0.0,Life on Land,0.5,"Peace, Justice and Strong Institutions",0.0,Partnerships for the Goals
QLD_Goondiwindi_Rural_2025,2025,QLD,12,0.0,No Poverty,0.0,Zero Hunger,0.4167,Good Health and Well-being,0.0,Quality Education,0.0,Gender Equality,0.0833,Clean Water and Sanitation,0.25,Affordable and Clean Energy,0.5833,Decent Work and Economic Growth,0.0833,"Industry, Innovation and Infrastructure",0.0,Reduced Inequalities,0.5,Sustainable Cities and Communities,0.0,Responsible Consumption and Production,0.0833,Climate Action,0.0,Life Below Water,0.0833,Life on Land,0.25,"Peace, Justice and Strong Institutions",0.0833,Partnerships for the Goals
QLD_Goldcoast_Urban_2025,2025,QLD,25,0.04,No Poverty,0.0,Zero Hunger,0.68,Good Health and Well-being,0.08,Quality Education,0.0,Gender Equality,0.12,Clean Water and Sanitation,0.04,Affordable and Clean Energy,0.72,Decent Work and Economic Growth,0.12,"Industry, Innovation and Infrastructure",0.0,Reduced Inequalities,0.6,Sustainable Cities and Communities,0.0,Responsible Consumption and Production,0.28,Climate Action,0.08,Life Below Water,0.12,Life on Land,0.08,"Peace, Justice and Strong Institutions",0.0,Partnerships for the Goals
QLD_Doomadgee_Rural_2025,2025,QLD,18,0.0556,No Poverty,0.0,Zero Hunger,0.5556,Good Health and Well-being,0.0556,Quality Education,0.0556,Gender Equality,0.0556,Clean Water and Sanitation,0.2222,Affordable and Clean Energy,0.6111,Decent Work and Economic Growth,0.2222,"Industry, Innovation and Infrastructure",0.0,Reduced Inequalities,0.3889,Sustainable Cities and Communities,0.0,Responsible Consumption and Production,0.2778,Climate Action,0.0,Life Below Water,0.1111,Life on Land,0.4444,"Peace, Justice and Strong Institutions",0.1111,Partnerships for the Goals
QLD_Gladstone_Urban_2025,2025,QLD,51,0.0588,No Poverty,0.0,Zero Hunger,0.6275,Good Health and Well-being,0.1176,Quality Education,0.0784,Gender Equality,0.0588,Clean Water and Sanitation,0.0784,Affordable and Clean Energy,0.7451,Decent Work and Economic Growth,0.1373,"Industry, Innovation and Infrastructure",0.0196,Reduced Inequalities,0.451,Sustainable Cities and Communities,0.0784,Responsible Consumption and Production,0.2353,Climate Action,0.0196,Life Below Water,0.0196,Life on Land,0.549,"Peace, Justice and Strong Institutions",0.0,Partnerships for the Goals
QLD_Hope Vale_Rural_2025,2025,QLD,9,0.0,No Poverty,0.0,Zero Hunger,0.3333,Good Health and Well-being,0.1111,Quality Education,0.0,Gender Equality,0.0,Clean Water and Sanitation,0.0,Affordable and Clean Energy,0.4444,Decent Work and Economic Growth,0.0,"Industry, Innovation and Infrastructure",0.0,Reduced Inequalities,0.1111,Sustainable Cities and Communities,0.0,Responsible Consumption and Production,0.0,Climate Action,0.0,Life Below Water,0.1111,Life on Land,0.8889,"Peace, Justice and Strong Institutions",0.0,Partnerships for the Goals
QLD_Isaac_Urban_2025,2025,QLD,16,0.0625,No Poverty,0.0,Zero Hunger,0.4375,Good Health and Well-being,0.3125,Quality Education,0.0,Gender Equality,0.0625,Clean Water and Sanitation,0.125,Affordable and Clean Energy,0.5625,Decent Work and Economic Growth,0.0625,"Industry, Innovation and Infrastructure",0.0,Reduced Inequalities,0.4375,Sustainable Cities and Communities,0.0625,Responsible Consumption and Production,0.1875,Climate Action,0.0,Life Below Water,0.0,Life on Land,0.4375,"Peace, Justice and Strong Institutions",0.25,Partnerships for the Goals
QLD_Kowanyama_Rural_2025,2025,QLD,16,0.125,No Poverty,0.0,Zero Hunger,0.5,Good Health and Well-being,0.0,Quality Education,0.0,Gender Equality,0.0625,Clean Water and Sanitation,0.0625,Affordable and Clean Energy,0.8125,Decent Work and Economic Growth,0.125,"Industry, Innovation and Infrastructure",0.0,Reduced Inequalities,0.875,Sustainable Cities and Communities,0.125,Responsible Consumption and Production,0.3125,Climate Action,0.0,Life Below Water,0.0625,Life on Land,0.75,"Peace, Justice and Strong Institutions",0.0,Partnerships for the Goals
QLD_Livingstone_Urban_2025,2025,QLD,22,0.1364,No Poverty,0.0,Zero Hunger,0.4545,Good Health and Well-being,0.0,Quality Education,0.0,Gender Equality,0.1364,Clean Water and Sanitation,0.0,Affordable and Clean Energy,0.6818,Decent Work and Economic Growth,0.1364,"Industry, Innovation and Infrastructure",0.0,Reduced Inequalities,0.3636,Sustainable Cities and Communities,0.1364,Responsible Consumption and Production,0.0909,Climate Action,0.0455,Life Below Water,0.0,Life on Land,0.5909,"Peace, Justice and Strong Institutions",0.0,Partnerships for the Goals
QLD_Ipswich_Urban_2025,2025,QLD,40,0.025,No Poverty,0.0,Zero Hunger,0.625,Good Health and Well-being,0.075,Quality Education,0.025,Gender Equality,0.125,Clean Water and Sanitation,0.05,Affordable and Clean Energy,0.7,Decent Work and Economic Growth,0.1,"Industry, Innovation and Infrastructure",0.0,Reduced Inequalities,0.5,Sustainable Cities and Communities,0.15,Responsible Consumption and Production,0.175,Climate Action,0.0,Life Below Water,0.05,Life on Land,0.575,"Peace, Justice and Strong Institutions",0.025,Partnerships for the Goals
NT_Victoria Daly_Rural_2025,2025,NT,15,0.2,No Poverty,0.0,Zero Hunger,0.6667,Good Health and Well-being,0.2667,Quality Education,0.0,Gender Equality,0.0667,Clean Water and Sanitation,0.0667,Affordable and Clean Energy,0.8667,Decent Work and Economic Growth,0.2,"Industry, Innovation and Infrastructure",0.0667,Reduced Inequalities,0.4,Sustainable Cities and Communities,0.0,Responsible Consumption and Production,0.1333,Climate Action,0.0,Life Below Water,0.0667,Life on Land,0.3333,"Peace, Justice and Strong Institutions",0.0,Partnerships for the Goals
QLD_Logan_Urban_2025,2025,QLD,15,0.0,No Poverty,0.0,Zero Hunger,0.5333,Good Health and Well-being,0.2,Quality Education,0.0,Gender Equality,0.0667,Clean Water and Sanitation,0.0667,Affordable and Clean Energy,0.6667,Decent Work and Economic Growth,0.1333,"Industry, Innovation and Infrastructure",0.0,Reduced Inequalities,0.4,Sustainable Cities and Communities,0.0667,Responsible Consumption and Production,0.2,Climate Action,0.0,Life Below Water,0.0667,Life on Land,0.6,"Peace, Justice and Strong Institutions",0.0,Partnerships for the Goals
QLD_Lockyer Valley_Urban_2025,2025,QLD,30,0.1,No Poverty,0.0,Zero Hunger,0.7,Good Health and Well-being,0.0,Quality Education,0.0333,Gender Equality,0.4,Clean Water and Sanitation,0.0667,Affordable and Clean Energy,0.7667,Decent Work and Economic Growth,0.0667,"Industry, Innovation and Infrastructure",0.0667,Reduced Inequalities,0.5333,Sustainable Cities and Communities,0.1333,Responsible Consumption and Production,0.3667,Climate Action,0.0,Life Below Water,0.1333,Life on Land,0.4333,"Peace, Justice and Strong Institutions",0.0,Partnerships for the Goals
QLD_Longreach_Rural_2025,2025,QLD,23,0.087,No Poverty,0.087,Zero Hunger,0.6087,Good Health and Well-being,0.0435,Quality Education,0.0435,Gender Equality,0.1304,Clean Water and Sanitation,0.1739,Affordable and Clean Energy,0.6957,Decent Work and Economic Growth,0.1304,"Industry, Innovation and Infrastructure",0.0,Reduced Inequalities,0.3913,Sustainable Cities and Communities,0.087,Responsible Consumption and Production,0.3043,Climate Action,0.0,Life Below Water,0.1304,Life on Land,0.5652,"Peace, Justice and Strong Institutions",0.1304,Partnerships for the Goals
QLD_Mckinlay_Rural_2025,2025,QLD,37,0.0811,No Poverty,0.027,Zero Hunger,0.7027,Good Health and Well-being,0.0541,Quality Education,0.0,Gender Equality,0.0811,Clean Water and Sanitation,0.027,Affordable and Clean Energy,0.6486,Decent Work and Economic Growth,0.0811,"Industry, Innovation and Infrastructure",0.0,Reduced Inequalities,0.5676,Sustainable Cities and Communities,0.0,Responsible Consumption and Production,0.1622,Climate Action,0.0,Life Below Water,0.1892,Life on Land,0.1351,"Peace, Justice and Strong Institutions",0.0541,Partnerships for the Goals
QLD_Mareeba_Urban_2025,2025,QLD,26,0.1154,No Poverty,0.0,Zero Hunger,0.6923,Good Health and Well-being,0.0385,Quality Education,0.0,Gender Equality,0.1538,Clean Water and Sanitation,0.0,Affordable and Clean Energy,0.8462,Decent Work and Economic Growth,0.1538,"Industry, Innovation and Infrastructure",0.0385,Reduced Inequalities,0.4231,Sustainable Cities and Communities,0.0769,Responsible Consumption and Production,0.3846,Climate Action,0.0,Life Below Water,0.1538,Life on Land,0.5,"Peace, Justice and Strong Institutions",0.0385,Partnerships for the Goals
QLD_Mount Isa_Rural_2025,2025,QLD,6,0.1667,No Poverty,0.0,Zero Hunger,0.5,Good Health and Well-being,0.0,Quality Education,0.0,Gender Equality,0.1667,Clean Water and Sanitation,0.0,Affordable and Clean Energy,0.5,Decent Work and Economic Growth,0.0,"Industry, Innovation and Infrastructure",0.1667,Reduced Inequalities,0.6667,Sustainable Cities and Communities,0.1667,Responsible Consumption and Production,0.0,Climate Action,0.0,Life Below Water,0.0,Life on Land,0.5,"Peace, Justice and Strong Institutions",0.0,Partnerships for the Goals
QLD_Moreton Bay_Urban_2025,2025,QLD,74,0.0811,No Poverty,0.0,Zero Hunger,0.4865,Good Health and Well-being,0.0541,Quality Education,0.0,Gender Equality,0.0946,Clean Water and Sanitation,0.0,Affordable and Clean Energy,0.6757,Decent Work and Economic Growth,0.0946,"Industry, Innovation and Infrastructure",0.0135,Reduced Inequalities,0.527,Sustainable Cities and Communities,0.0946,Responsible Consumption and Production,0.1486,Climate Action,0.0,Life Below Water,0.0946,Life on Land,0.2568,"Peace, Justice and Strong Institutions",0.0405,Partnerships for the Goals
QLD_Napranum_Rural_2025,2025,QLD,31,0.0323,No Poverty,0.0,Zero Hunger,0.4194,Good Health and Well-being,0.0323,Quality Education,0.0645,Gender Equality,0.1935,Clean Water and Sanitation,0.0323,Affordable and Clean Energy,0.5161,Decent Work and Economic Growth,0.129,"Industry, Innovation and Infrastructure",0.0,Reduced Inequalities,0.2903,Sustainable Cities and Communities,0.129,Responsible Consumption and Production,0.1613,Climate Action,0.0645,Life Below Water,0.1613,Life on Land,0.2581,"Peace, Justice and Strong Institutions",0.0,Partnerships for the Goals
QLD_North Burnett_Rural_2025,2025,QLD,21,0.0952,No Poverty,0.0,Zero Hunger,0.619,Good Health and Well-being,0.0,Quality Education,0.0,Gender Equality,0.2381,Clean Water and Sanitation,0.0952,Affordable and Clean Energy,0.619,Decent Work and Economic Growth,0.1429,"Industry, Innovation and Infrastructure",0.0,Reduced Inequalities,0.5238,Sustainable Cities and Communities,0.1429,Responsible Consumption and Production,0.4286,Climate Action,0.0,Life Below Water,0.0,Life on Land,0.5238,"Peace, Justice and Strong Institutions",0.0,Partnerships for the Goals
QLD_Paroo_Rural_2025,2025,QLD,5,0.0,No Poverty,0.0,Zero Hunger,0.6,Good Health and Well-being,0.0,Quality Education,0.0,Gender Equality,0.2,Clean Water and Sanitation,0.0,Affordable and Clean Energy,0.8,Decent Work and Economic Growth,0.0,"Industry, Innovation and Infrastructure",0.0,Reduced Inequalities,0.2,Sustainable Cities and Communities,0.0,Responsible Consumption and Production,0.4,Climate Action,0.0,Life Below Water,0.0,Life on Land,0.6,"Peace, Justice and Strong Institutions",0.0,Partnerships for the Goals
QLD_Murweh_Rural_2025,2025,QLD,45,0.0,No Poverty,0.0,Zero Hunger,0.4,Good Health and Well-being,0.0444,Quality Education,0.0222,Gender Equality,0.0889,Clean Water and Sanitation,0.0444,Affordable and Clean Energy,0.6667,Decent Work and Economic Growth,0.1333,"Industry, Innovation and Infrastructure",0.0,Reduced Inequalities,0.4444,Sustainable Cities and Communities,0.0889,Responsible Consumption and Production,0.2222,Climate Action,0.0,Life Below Water,0.0667,Life on Land,0.1778,"Peace, Justice and Strong Institutions",0.0222,Partnerships for the Goals
QLD_Pormpuraaw_Rural_2025,2025,QLD,9,0.0,No Poverty,0.1111,Zero Hunger,0.2222,Good Health and Well-being,0.1111,Quality Education,0.1111,Gender Equality,0.0,Clean Water and Sanitation,0.0,Affordable and Clean Energy,0.7778,Decent Work and Economic Growth,0.2222,"Industry, Innovation and Infrastructure",0.0,Reduced Inequalities,0.2222,Sustainable Cities and Communities,0.1111,Responsible Consumption and Production,0.0,Climate Action,0.0,Life Below Water,0.1111,Life on Land,0.2222,"Peace, Justice and Strong Institutions",0.0,Partnerships for the Goals
QLD_Quilpie_Rural_2025,2025,QLD,27,0.037,No Poverty,0.0,Zero Hunger,0.6667,Good Health and Well-being,0.0741,Quality Education,0.037,Gender Equality,0.0741,Clean Water and Sanitation,0.0,Affordable and Clean Energy,0.7037,Decent Work and Economic Growth,0.0741,"Industry, Innovation and Infrastructure",0.0,Reduced Inequalities,0.4815,Sustainable Cities and Communities,0.0741,Responsible Consumption and Production,0.1481,Climate Action,0.0,Life Below Water,0.0741,Life on Land,0.3333,"Peace, Justice and Strong Institutions",0.037,Partnerships for the Goals
QLD_Redland_Urban_2025,2025,QLD,11,0.0909,No Poverty,0.0,Zero Hunger,0.8182,Good Health and Well-being,0.0909,Quality Education,0.0,Gender Equality,0.0,Clean Water and Sanitation,0.0,Affordable and Clean Energy,0.7273,Decent Work and Economic Growth,0.1818,"Industry, Innovation and Infrastructure",0.0,Reduced Inequalities,0.6364,Sustainable Cities and Communities,0.0,Responsible Consumption and Production,0.3636,Climate Action,0.0909,Life Below Water,0.0909,Life on Land,0.1818,"Peace, Justice and Strong Institutions",0.0909,Partnerships for the Goals
QLD_Cloncurry_Rural_2025,2025,QLD,36,0.0278,No Poverty,0.0278,Zero Hunger,0.5556,Good Health and Well-being,0.0278,Quality Education,0.0278,Gender Equality,0.2778,Clean Water and Sanitation,0.1111,Affordable and Clean Energy,0.6111,Decent Work and Economic Growth,0.0556,"Industry, Innovation and Infrastructure",0.0,Reduced Inequalities,0.4722,Sustainable Cities and Communities,0.0556,Responsible Consumption and Production,0.1944,Climate Action,0.0,Life Below Water,0.1389,Life on Land,0.1667,"Peace, Justice and Strong Institutions",0.0,Partnerships for the Goals
QLD_Southern Downs_Urban_2025,2025,QLD,28,0.0357,No Poverty,0.0,Zero Hunger,0.5714,Good Health and Well-being,0.0714,Quality Education,0.0357,Gender Equality,0.2857,Clean Water and Sanitation,0.0,Affordable and Clean Energy,0.7143,Decent Work and Economic Growth,0.0714,"Industry, Innovation and Infrastructure",0.0,Reduced Inequalities,0.3929,Sustainable Cities and Communities,0.1429,Responsible Consumption and Production,0.5,Climate Action,0.0,Life Below Water,0.0714,Life on Land,0.1786,"Peace, Justice and Strong Institutions",0.0,Partnerships for the Goals
QLD_Rockhampton_Urban_2025,2025,QLD,14,0.0714,No Poverty,0.0,Zero Hunger,0.7143,Good Health and Well-being,0.0,Quality Education,0.0,Gender Equality,0.0,Clean Water and Sanitation,0.0,Affordable and Clean Energy,0.9286,Decent Work and Economic Growth,0.4286,"Industry, Innovation and Infrastructure",0.0,Reduced Inequalities,0.7143,Sustainable Cities and Communities,0.0,Responsible Consumption and Production,0.4286,Climate Action,0.0,Life Below Water,0.0,Life on Land,0.0714,"Peace, Justice and Strong Institutions",0.0,Partnerships for the Goals
QLD_Scenic Rim_Urban_2025,2025,QLD,13,0.1538,No Poverty,0.0,Zero Hunger,0.6923,Good Health and Well-being,0.0,Quality Education,0.0,Gender Equality,0.0769,Clean Water and Sanitation,0.0,Affordable and Clean Energy,0.8462,Decent Work and Economic Growth,0.2308,"Industry, Innovation and Infrastructure",0.0,Reduced Inequalities,0.7692,Sustainable Cities and Communities,0.0,Responsible Consumption and Production,0.4615,Climate Action,0.0,Life Below Water,0.0769,Life on Land,0.5385,"Peace, Justice and Strong Institutions",0.0,Partnerships for the Goals
QLD_Sunshine Coast_Urban_2025,2025,QLD,3,0.0,No Poverty,0.0,Zero Hunger,0.6667,Good Health and Well-being,0.0,Quality Education,0.0,Gender Equality,0.3333,Clean Water and Sanitation,0.0,Affordable and Clean Energy,1.0,Decent Work and Economic Growth,0.0,"Industry, Innovation and Infrastructure",0.0,Reduced Inequalities,0.6667,Sustainable Cities and Communities,0.3333,Responsible Consumption and Production,0.0,Climate Action,0.0,Life Below Water,0.0,Life on Land,0.6667,"Peace, Justice and Strong Institutions",0.0,Partnerships for the Goals
QLD_Toowoomba_Urban_2025,2025,QLD,3,0.0,No Poverty,0.0,Zero Hunger,0.6667,Good Health and Well-being,0.0,Quality Education,0.0,Gender Equality,0.3333,Clean Water and Sanitation,0.0,Affordable and Clean Energy,0.3333,Decent Work and Economic Growth,0.0,"Industry, Innovation and Infrastructure",0.0,Reduced Inequalities,0.3333,Sustainable Cities and Communities,0.0,Responsible Consumption and Production,0.3333,Climate Action,0.0,Life Below Water,0.0,Life on Land,0.3333,"Peace, Justice and Strong Institutions",0.0,Partnerships for the Goals
QLD_Townsville_Urban_2025,2025,QLD,30,0.0333,No Poverty,0.0,Zero Hunger,0.5,Good Health and Well-being,0.0333,Quality Education,0.0,Gender Equality,0.1333,Clean Water and Sanitation,0.0,Affordable and Clean Energy,0.7333,Decent Work and Economic Growth,0.0667,"Industry, Innovation and Infrastructure",0.0333,Reduced Inequalities,0.4667,Sustainable Cities and Communities,0.0667,Responsible Consumption and Production,0.2333,Climate Action,0.0,Life Below Water,0.0333,Life on Land,0.6,"Peace, Justice and Strong Institutions",0.0,Partnerships for the Goals
QLD_Torres Strait Islands_Rural_2025,2025,QLD,53,0.1321,No Poverty,0.0377,Zero Hunger,0.4717,Good Health and Well-being,0.1887,Quality Education,0.0755,Gender Equality,0.0,Clean Water and Sanitation,0.0,Affordable and Clean Energy,0.6038,Decent Work and Economic Growth,0.0943,"Industry, Innovation and Infrastructure",0.0377,Reduced Inequalities,0.0377,Sustainable Cities and Communities,0.0566,Responsible Consumption and Production,0.0943,Climate Action,0.1509,Life Below Water,0.0943,Life on Land,0.3774,"Peace, Justice and Strong Institutions",0.0566,Partnerships for the Goals
QLD_Whitsunday_Urban_2025,2025,QLD,33,0.0303,No Poverty,0.0303,Zero Hunger,0.5152,Good Health and Well-being,0.0606,Quality Education,0.0,Gender Equality,0.1212,Clean Water and Sanitation,0.0909,Affordable and Clean Energy,0.6667,Decent Work and Economic Growth,0.1212,"Industry, Innovation and Infrastructure",0.0,Reduced Inequalities,0.4848,Sustainable Cities and Communities,0.0909,Responsible Consumption and Production,0.1818,Climate Action,0.0303,Life Below Water,0.0,Life on Land,0.303,"Peace, Justice and Strong Institutions",0.0606,Partnerships for the Goals
QLD_Winton_Rural_2025,2025,QLD,28,0.0357,No Poverty,0.0357,Zero Hunger,0.6786,Good Health and Well-being,0.2143,Quality Education,0.0357,Gender Equality,0.0,Clean Water and Sanitation,0.0357,Affordable and Clean Energy,0.7857,Decent Work and Economic Growth,0.1071,"Industry, Innovation and Infrastructure",0.0,Reduced Inequalities,0.4286,Sustainable Cities and Communities,0.0714,Responsible Consumption and Production,0.1429,Climate Action,0.0,Life Below Water,0.1071,Life on Land,0.25,"Peace, Justice and Strong Institutions",0.0357,Partnerships for the Goals
QLD_Noosa_Urban_2025,2025,QLD,10,0.0,No Poverty,0.0,Zero Hunger,0.2,Good Health and Well-being,0.0,Quality Education,0.0,Gender Equality,0.0,Clean Water and Sanitation,0.0,Affordable and Clean Energy,0.9,Decent Work and Economic Growth,0.3,"Industry, Innovation and Infrastructure",0.0,Reduced Inequalities,0.3,Sustainable Cities and Communities,0.0,Responsible Consumption and Production,0.2,Climate Action,0.0,Life Below Water,0.2,Life on Land,0.1,"Peace, Justice and Strong Institutions",0.0,Partnerships for the Goals
QLD_Somerset_Urban_2025,2025,QLD,15,0.0,No Poverty,0.0667,Zero Hunger,0.6,Good Health and Well-being,0.0,Quality Education,0.1333,Gender Equality,0.1333,Clean Water and Sanitation,0.0,Affordable and Clean Energy,0.8,Decent Work and Economic Growth,0.2,"Industry, Innovation and Infrastructure",0.0,Reduced Inequalities,0.4667,Sustainable Cities and Communities,0.0,Responsible Consumption and Production,0.4,Climate Action,0.0,Life Below Water,0.2,Life on Land,0.2,"Peace, Justice and Strong Institutions",0.0,Partnerships for the Goals
SA_Adelaide_Urban_2025,2025,SA,30,0.1,No Poverty,0.0333,Zero Hunger,0.5,Good Health and Well-being,0.0,Quality Education,0.0,Gender Equality,0.0667,Clean Water and Sanitation,0.0667,Affordable and Clean Energy,0.7667,Decent Work and Economic Growth,0.0,"Industry, Innovation and Infrastructure",0.0333,Reduced Inequalities,0.7,Sustainable Cities and Communities,0.1,Responsible Consumption and Production,0.1,Climate Action,0.0,Life Below Water,0.1333,Life on Land,0.6333,"Peace, Justice and Strong Institutions",0.0333,Partnerships for the Goals
SA_Adelaide Plains_Rural_2025,2025,SA,34,0.0,No Poverty,0.0,Zero Hunger,0.4706,Good Health and Well-being,0.1176,Quality Education,0.0,Gender Equality,0.1176,Clean Water and Sanitation,0.0294,Affordable and Clean Energy,0.5294,Decent Work and Economic Growth,0.2353,"Industry, Innovation and Infrastructure",0.0,Reduced Inequalities,0.5,Sustainable Cities and Communities,0.0588,Responsible Consumption and Production,0.0588,Climate Action,0.0,Life Below Water,0.0,Life on Land,0.2059,"Peace, Justice and Strong Institutions",0.0,Partnerships for the Goals
VIC_Maribyrnong_Urban_2024,2024,VIC,147,0.0748,No Poverty,0.0068,Zero Hunger,0.5034,Good Health and Well-being,0.1429,Quality Education,0.0476,Gender Equality,0.034,Clean Water and Sanitation,0.0476,Affordable and Clean Energy,0.6463,Decent Work and Economic Growth,0.1429,"Industry, Innovation and Infrastructure",0.034,Reduced Inequalities,0.4286,Sustainable Cities and Communities,0.0748,Responsible Consumption and Production,0.2449,Climate Action,0.0068,Life Below Water,0.0816,Life on Land,0.3129,"Peace, Justice and Strong Institutions",0.0408,Partnerships for the Goals
SA_Barunga West_Rural_2025,2025,SA,8,0.0,No Poverty,0.0,Zero Hunger,0.375,Good Health and Well-being,0.0,Quality Education,0.0,Gender Equality,0.0,Clean Water and Sanitation,0.0,Affordable and Clean Energy,0.75,Decent Work and Economic Growth,0.125,"Industry, Innovation and Infrastructure",0.125,Reduced Inequalities,0.75,Sustainable Cities and Communities,0.125,Responsible Consumption and Production,0.25,Climate Action,0.0,Life Below Water,0.0,Life on Land,0.5,"Peace, Justice and Strong Institutions",0.125,Partnerships for the Goals
SA_Adelaide Hills_Urban_2025,2025,SA,20,0.1,No Poverty,0.05,Zero Hunger,0.6,Good Health and Well-being,0.15,Quality Education,0.0,Gender Equality,0.05,Clean Water and Sanitation,0.15,Affordable and Clean Energy,0.6,Decent Work and Economic Growth,0.15,"Industry, Innovation and Infrastructure",0.0,Reduced Inequalities,0.1,Sustainable Cities and Communities,0.15,Responsible Consumption and Production,0.3,Climate Action,0.0,Life Below Water,0.05,Life on Land,0.6,"Peace, Justice and Strong Institutions",0.0,Partnerships for the Goals
SA_Alexandrina_Urban_2025,2025,SA,48,0.0208,No Poverty,0.0,Zero Hunger,0.5,Good Health and Well-being,0.125,Quality Education,0.0417,Gender Equality,0.0625,Clean Water and Sanitation,0.0417,Affordable and Clean Energy,0.5833,Decent Work and Economic Growth,0.0833,"Industry, Innovation and Infrastructure",0.0,Reduced Inequalities,0.5,Sustainable Cities and Communities,0.0625,Responsible Consumption and Production,0.1875,Climate Action,0.0417,Life Below Water,0.0625,Life on Land,0.4583,"Peace, Justice and Strong Institutions",0.0833,Partnerships for the Goals
SA_Burnside_Urban_2025,2025,SA,39,0.0,No Poverty,0.0,Zero Hunger,0.359,Good Health and Well-being,0.0256,Quality Education,0.0256,Gender Equality,0.0513,Clean Water and Sanitation,0.1538,Affordable and Clean Energy,0.4872,Decent Work and Economic Growth,0.1026,"Industry, Innovation and Infrastructure",0.0,Reduced Inequalities,0.2308,Sustainable Cities and Communities,0.1538,Responsible Consumption and Production,0.2821,Climate Action,0.0,Life Below Water,0.1538,Life on Land,0.3333,"Peace, Justice and Strong Institutions",0.0,Partnerships for the Goals
SA_Berri Barmera_Rural_2025,2025,SA,23,0.0435,No Poverty,0.0,Zero Hunger,0.3478,Good Health and Well-being,0.0435,Quality Education,0.0,Gender Equality,0.1304,Clean Water and Sanitation,0.0,Affordable and Clean Energy,0.5217,Decent Work and Economic Growth,0.087,"Industry, Innovation and Infrastructure",0.0,Reduced Inequalities,0.3913,Sustainable Cities and Communities,0.087,Responsible Consumption and Production,0.2174,Climate Action,0.0,Life Below Water,0.1739,Life on Land,0.4348,"Peace, Justice and Strong Institutions",0.0435,Partnerships for the Goals
SA_Ceduna_Rural_2025,2025,SA,11,0.0,No Poverty,0.0,Zero Hunger,0.0909,Good Health and Well-being,0.0,Quality Education,0.0,Gender Equality,0.0,Clean Water and Sanitation,0.0,Affordable and Clean Energy,0.5455,Decent Work and Economic Growth,0.0,"Industry, Innovation and Infrastructure",0.0,Reduced Inequalities,0.7273,Sustainable Cities and Communities,0.0,Responsible Consumption and Production,0.0,Climate Action,0.0,Life Below Water,0.0909,Life on Land,0.9091,"Peace, Justice and Strong Institutions",0.0,Partnerships for the Goals
SA_Campbelltown_Urban_2025,2025,SA,16,0.0,No Poverty,0.0,Zero Hunger,0.5,Good Health and Well-being,0.0,Quality Education,0.0,Gender Equality,0.0,Clean Water and Sanitation,0.125,Affordable and Clean Energy,0.6875,Decent Work and Economic Growth,0.0625,"Industry, Innovation and Infrastructure",0.0,Reduced Inequalities,0.5625,Sustainable Cities and Communities,0.25,Responsible Consumption and Production,0.25,Climate Action,0.0,Life Below Water,0.0,Life on Land,0.4375,"Peace, Justice and Strong Institutions",0.0,Partnerships for the Goals
SA_Clare Gilbert Valleys_Rural_2025,2025,SA,11,0.0,No Poverty,0.0,Zero Hunger,0.1818,Good Health and Well-being,0.0,Quality Education,0.0909,Gender Equality,0.0909,Clean Water and Sanitation,0.0909,Affordable and Clean Energy,0.6364,Decent Work and Economic Growth,0.1818,"Industry, Innovation and Infrastructure",0.0,Reduced Inequalities,0.3636,Sustainable Cities and Communities,0.0,Responsible Consumption and Production,0.0909,Climate Action,0.0,Life Below Water,0.2727,Life on Land,0.3636,"Peace, Justice and Strong Institutions",0.0,Partnerships for the Goals
SA_Coober Pedy_Rural_2025,2025,SA,30,0.0667,No Poverty,0.0,Zero Hunger,0.4,Good Health and Well-being,0.1,Quality Education,0.0667,Gender Equality,0.0667,Clean Water and Sanitation,0.1667,Affordable and Clean Energy,0.7667,Decent Work and Economic Growth,0.0667,"Industry, Innovation and Infrastructure",0.0,Reduced Inequalities,0.4667,Sustainable Cities and Communities,0.0667,Responsible Consumption and Production,0.0333,Climate Action,0.0,Life Below Water,0.0667,Life on Land,0.4,"Peace, Justice and Strong Institutions",0.0333,Partnerships for the Goals
QLD_Tablelands_Urban_2025,2025,QLD,22,0.0,No Poverty,0.0,Zero Hunger,0.4091,Good Health and Well-being,0.0455,Quality Education,0.0,Gender Equality,0.0909,Clean Water and Sanitation,0.0455,Affordable and Clean Energy,0.5,Decent Work and Economic Growth,0.0909,"Industry, Innovation and Infrastructure",0.0,Reduced Inequalities,0.2273,Sustainable Cities and Communities,0.1364,Responsible Consumption and Production,0.4091,Climate Action,0.0,Life Below Water,0.2273,Life on Land,0.2727,"Peace, Justice and Strong Institutions",0.0909,Partnerships for the Goals
SA_Charles Sturt_Urban_2025,2025,SA,65,0.0462,No Poverty,0.0154,Zero Hunger,0.5692,Good Health and Well-being,0.1385,Quality Education,0.0154,Gender Equality,0.0769,Clean Water and Sanitation,0.1077,Affordable and Clean Energy,0.7692,Decent Work and Economic Growth,0.1231,"Industry, Innovation and Infrastructure",0.0,Reduced Inequalities,0.4308,Sustainable Cities and Communities,0.1077,Responsible Consumption and Production,0.3077,Climate Action,0.0154,Life Below Water,0.0462,Life on Land,0.4,"Peace, Justice and Strong Institutions",0.0615,Partnerships for the Goals
SA_Cleve_Rural_2025,2025,SA,7,0.0,No Poverty,0.0,Zero Hunger,0.8571,Good Health and Well-being,0.0,Quality Education,0.0,Gender Equality,0.0,Clean Water and Sanitation,0.0,Affordable and Clean Energy,0.5714,Decent Work and Economic Growth,0.4286,"Industry, Innovation and Infrastructure",0.0,Reduced Inequalities,0.2857,Sustainable Cities and Communities,0.0,Responsible Consumption and Production,0.4286,Climate Action,0.0,Life Below Water,0.0,Life on Land,0.5714,"Peace, Justice and Strong Institutions",0.0,Partnerships for the Goals
QLD_Mackay_Urban_2025,2025,QLD,50,0.04,No Poverty,0.0,Zero Hunger,0.42,Good Health and Well-being,0.12,Quality Education,0.06,Gender Equality,0.02,Clean Water and Sanitation,0.1,Affordable and Clean Energy,0.56,Decent Work and Economic Growth,0.12,"Industry, Innovation and Infrastructure",0.0,Reduced Inequalities,0.42,Sustainable Cities and Communities,0.02,Responsible Consumption and Production,0.14,Climate Action,0.08,Life Below Water,0.12,Life on Land,0.18,"Peace, Justice and Strong Institutions",0.06,Partnerships for the Goals
SA_Flinders Ranges_Rural_2025,2025,SA,13,0.0,No Poverty,0.0,Zero Hunger,0.6923,Good Health and Well-being,0.0,Quality Education,0.0,Gender Equality,0.0,Clean Water and Sanitation,0.0769,Affordable and Clean Energy,0.6923,Decent Work and Economic Growth,0.0769,"Industry, Innovation and Infrastructure",0.0,Reduced Inequalities,0.8462,Sustainable Cities and Communities,0.0,Responsible Consumption and Production,0.3077,Climate Action,0.0,Life Below Water,0.0769,Life on Land,0.6154,"Peace, Justice and Strong Institutions",0.0,Partnerships for the Goals
SA_Copper Coast_Rural_2025,2025,SA,42,0.119,No Poverty,0.0,Zero Hunger,0.4762,Good Health and Well-being,0.0714,Quality Education,0.0476,Gender Equality,0.0238,Clean Water and Sanitation,0.0238,Affordable and Clean Energy,0.6429,Decent Work and Economic Growth,0.0952,"Industry, Innovation and Infrastructure",0.0476,Reduced Inequalities,0.619,Sustainable Cities and Communities,0.0238,Responsible Consumption and Production,0.119,Climate Action,0.0,Life Below Water,0.0714,Life on Land,0.381,"Peace, Justice and Strong Institutions",0.0,Partnerships for the Goals
SA_Franklin Harbour_Rural_2025,2025,SA,13,0.1538,No Poverty,0.0,Zero Hunger,0.5385,Good Health and Well-being,0.0,Quality Education,0.0,Gender Equality,0.1538,Clean Water and Sanitation,0.0769,Affordable and Clean Energy,0.5385,Decent Work and Economic Growth,0.2308,"Industry, Innovation and Infrastructure",0.0769,Reduced Inequalities,0.3077,Sustainable Cities and Communities,0.0,Responsible Consumption and Production,0.3077,Climate Action,0.0769,Life Below Water,0.1538,Life on Land,0.3077,"Peace, Justice and Strong Institutions",0.0,Partnerships for the Goals
QLD_Yarrabah_Rural_2025,2025,QLD,5,0.2,No Poverty,0.0,Zero Hunger,1.0,Good Health and Well-being,0.2,Quality Education,0.2,Gender Equality,0.0,Clean Water and Sanitation,0.0,Affordable and Clean Energy,1.0,Decent Work and Economic Growth,0.0,"Industry, Innovation and Infrastructure",0.0,Reduced Inequalities,0.8,Sustainable Cities and Communities,0.0,Responsible Consumption and Production,0.0,Climate Action,0.0,Life Below Water,0.2,Life on Land,0.8,"Peace, Justice and Strong Institutions",0.0,Partnerships for the Goals
SA_Gawler_Urban_2025,2025,SA,94,0.0213,No Poverty,0.0106,Zero Hunger,0.6277,Good Health and Well-being,0.0638,Quality Education,0.0532,Gender Equality,0.0957,Clean Water and Sanitation,0.0213,Affordable and Clean Energy,0.7979,Decent Work and Economic Growth,0.117,"Industry, Innovation and Infrastructure",0.0,Reduced Inequalities,0.5532,Sustainable Cities and Communities,0.0319,Responsible Consumption and Production,0.1915,Climate Action,0.0106,Life Below Water,0.1277,Life on Land,0.3404,"Peace, Justice and Strong Institutions",0.0106,Partnerships for the Goals
SA_Grant_Rural_2025,2025,SA,70,0.1,No Poverty,0.0,Zero Hunger,0.5286,Good Health and Well-being,0.1143,Quality Education,0.0143,Gender Equality,0.0857,Clean Water and Sanitation,0.0571,Affordable and Clean Energy,0.6,Decent Work and Economic Growth,0.0857,"Industry, Innovation and Infrastructure",0.0,Reduced Inequalities,0.5857,Sustainable Cities and Communities,0.0714,Responsible Consumption and Production,0.1429,Climate Action,0.0,Life Below Water,0.0143,Life on Land,0.4143,"Peace, Justice and Strong Institutions",0.0429,Partnerships for the Goals
SA_Holdfast Bay_Urban_2025,2025,SA,76,0.0789,No Poverty,0.0,Zero Hunger,0.5,Good Health and Well-being,0.0921,Quality Education,0.0132,Gender Equality,0.0658,Clean Water and Sanitation,0.0526,Affordable and Clean Energy,0.5921,Decent Work and Economic Growth,0.1184,"Industry, Innovation and Infrastructure",0.0132,Reduced Inequalities,0.4211,Sustainable Cities and Communities,0.0395,Responsible Consumption and Production,0.2237,Climate Action,0.0263,Life Below Water,0.1053,Life on Land,0.2895,"Peace, Justice and Strong Institutions",0.0658,Partnerships for the Goals
SA_Karoonda East Murray_Rural_2025,2025,SA,7,0.1429,No Poverty,0.0,Zero Hunger,0.5714,Good Health and Well-being,0.4286,Quality Education,0.1429,Gender Equality,0.0,Clean Water and Sanitation,0.0,Affordable and Clean Energy,0.4286,Decent Work and Economic Growth,0.0,"Industry, Innovation and Infrastructure",0.0,Reduced Inequalities,0.1429,Sustainable Cities and Communities,0.1429,Responsible Consumption and Production,0.1429,Climate Action,0.0,Life Below Water,0.0,Life on Land,0.8571,"Peace, Justice and Strong Institutions",0.1429,Partnerships for the Goals
SA_Kangaroo Island_Rural_2025,2025,SA,63,0.0794,No Poverty,0.0,Zero Hunger,0.5397,Good Health and Well-being,0.0476,Quality Education,0.0159,Gender Equality,0.0635,Clean Water and Sanitation,0.0794,Affordable and Clean Energy,0.5556,Decent Work and Economic Growth,0.1111,"Industry, Innovation and Infrastructure",0.0,Reduced Inequalities,0.4286,Sustainable Cities and Communities,0.0952,Responsible Consumption and Production,0.254,Climate Action,0.0,Life Below Water,0.1429,Life on Land,0.3016,"Peace, Justice and Strong Institutions",0.0635,Partnerships for the Goals
SA_Kimba_Rural_2025,2025,SA,32,0.0938,No Poverty,0.0312,Zero Hunger,0.8125,Good Health and Well-being,0.0625,Quality Education,0.0938,Gender Equality,0.125,Clean Water and Sanitation,0.0625,Affordable and Clean Energy,0.8125,Decent Work and Economic Growth,0.1562,"Industry, Innovation and Infrastructure",0.0,Reduced Inequalities,0.5938,Sustainable Cities and Communities,0.0,Responsible Consumption and Production,0.2188,Climate Action,0.0,Life Below Water,0.0938,Life on Land,0.5,"Peace, Justice and Strong Institutions",0.0,Partnerships for the Goals
SA_Coorong_Rural_2025,2025,SA,18,0.1667,No Poverty,0.0556,Zero Hunger,0.6111,Good Health and Well-being,0.1111,Quality Education,0.0,Gender Equality,0.1667,Clean Water and Sanitation,0.1111,Affordable and Clean Energy,0.7222,Decent Work and Economic Growth,0.0556,"Industry, Innovation and Infrastructure",0.0556,Reduced Inequalities,0.3889,Sustainable Cities and Communities,0.0,Responsible Consumption and Production,0.3333,Climate Action,0.0,Life Below Water,0.2222,Life on Land,0.1667,"Peace, Justice and Strong Institutions",0.0,Partnerships for the Goals
SA_Lower Eyre Peninsula_Rural_2025,2025,SA,23,0.0,No Poverty,0.0,Zero Hunger,0.4348,Good Health and Well-being,0.1739,Quality Education,0.0435,Gender Equality,0.087,Clean Water and Sanitation,0.0,Affordable and Clean Energy,0.6087,Decent Work and Economic Growth,0.1304,"Industry, Innovation and Infrastructure",0.0,Reduced Inequalities,0.4783,Sustainable Cities and Communities,0.0,Responsible Consumption and Production,0.1739,Climate Action,0.0,Life Below Water,0.1739,Life on Land,0.3478,"Peace, Justice and Strong Institutions",0.0435,Partnerships for the Goals
SA_Light_Rural_2025,2025,SA,59,0.0508,No Poverty,0.0,Zero Hunger,0.5763,Good Health and Well-being,0.1017,Quality Education,0.0169,Gender Equality,0.0678,Clean Water and Sanitation,0.0678,Affordable and Clean Energy,0.7966,Decent Work and Economic Growth,0.1695,"Industry, Innovation and Infrastructure",0.0,Reduced Inequalities,0.678,Sustainable Cities and Communities,0.0,Responsible Consumption and Production,0.1525,Climate Action,0.0,Life Below Water,0.0678,Life on Land,0.322,"Peace, Justice and Strong Institutions",0.0169,Partnerships for the Goals
SA_Mitcham_Urban_2025,2025,SA,32,0.0625,No Poverty,0.0,Zero Hunger,0.4062,Good Health and Well-being,0.0312,Quality Education,0.0312,Gender Equality,0.0625,Clean Water and Sanitation,0.2188,Affordable and Clean Energy,0.5938,Decent Work and Economic Growth,0.2188,"Industry, Innovation and Infrastructure",0.0,Reduced Inequalities,0.4062,Sustainable Cities and Communities,0.0312,Responsible Consumption and Production,0.3438,Climate Action,0.0,Life Below Water,0.125,Life on Land,0.2188,"Peace, Justice and Strong Institutions",0.0312,Partnerships for the Goals
SA_Mid Murray_Rural_2025,2025,SA,27,0.0741,No Poverty,0.0,Zero Hunger,0.3704,Good Health and Well-being,0.0,Quality Education,0.0,Gender Equality,0.2222,Clean Water and Sanitation,0.0,Affordable and Clean Energy,0.4815,Decent Work and Economic Growth,0.0741,"Industry, Innovation and Infrastructure",0.037,Reduced Inequalities,0.5556,Sustainable Cities and Communities,0.037,Responsible Consumption and Production,0.1852,Climate Action,0.0,Life Below Water,0.1852,Life on Land,0.5185,"Peace, Justice and Strong Institutions",0.0,Partnerships for the Goals
SA_Marion_Urban_2025,2025,SA,48,0.0625,No Poverty,0.0,Zero Hunger,0.6875,Good Health and Well-being,0.0833,Quality Education,0.0417,Gender Equality,0.1042,Clean Water and Sanitation,0.0417,Affordable and Clean Energy,0.75,Decent Work and Economic Growth,0.0625,"Industry, Innovation and Infrastructure",0.0208,Reduced Inequalities,0.5833,Sustainable Cities and Communities,0.0208,Responsible Consumption and Production,0.1875,Climate Action,0.0417,Life Below Water,0.0,Life on Land,0.5833,"Peace, Justice and Strong Institutions",0.0417,Partnerships for the Goals
SA_Mount Barker_Urban_2025,2025,SA,21,0.1429,No Poverty,0.0476,Zero Hunger,0.7619,Good Health and Well-being,0.4286,Quality Education,0.1905,Gender Equality,0.0,Clean Water and Sanitation,0.0,Affordable and Clean Energy,0.619,Decent Work and Economic Growth,0.0476,"Industry, Innovation and Infrastructure",0.0,Reduced Inequalities,0.1905,Sustainable Cities and Communities,0.0,Responsible Consumption and Production,0.0,Climate Action,0.0,Life Below Water,0.0476,Life on Land,0.1905,"Peace, Justice and Strong Institutions",0.1429,Partnerships for the Goals
SA_Mount Remarkable_Rural_2025,2025,SA,40,0.05,No Poverty,0.0,Zero Hunger,0.375,Good Health and Well-being,0.05,Quality Education,0.05,Gender Equality,0.075,Clean Water and Sanitation,0.025,Affordable and Clean Energy,0.4,Decent Work and Economic Growth,0.05,"Industry, Innovation and Infrastructure",0.025,Reduced Inequalities,0.525,Sustainable Cities and Communities,0.025,Responsible Consumption and Production,0.175,Climate Action,0.0,Life Below Water,0.125,Life on Land,0.425,"Peace, Justice and Strong Institutions",0.075,Partnerships for the Goals
SA_Loxton Waikerie_Rural_2025,2025,SA,39,0.1026,No Poverty,0.0256,Zero Hunger,0.5385,Good Health and Well-being,0.0513,Quality Education,0.0513,Gender Equality,0.1538,Clean Water and Sanitation,0.0513,Affordable and Clean Energy,0.6154,Decent Work and Economic Growth,0.0769,"Industry, Innovation and Infrastructure",0.0256,Reduced Inequalities,0.3846,Sustainable Cities and Communities,0.0769,Responsible Consumption and Production,0.1282,Climate Action,0.0,Life Below Water,0.1282,Life on Land,0.2821,"Peace, Justice and Strong Institutions",0.0,Partnerships for the Goals
SA_Mount Gambier_Urban_2025,2025,SA,121,0.0826,No Poverty,0.0083,Zero Hunger,0.5537,Good Health and Well-being,0.1322,Quality Education,0.0661,Gender Equality,0.0496,Clean Water and Sanitation,0.0165,Affordable and Clean Energy,0.6198,Decent Work and Economic Growth,0.0661,"Industry, Innovation and Infrastructure",0.0083,Reduced Inequalities,0.4959,Sustainable Cities and Communities,0.0496,Responsible Consumption and Production,0.124,Climate Action,0.0248,Life Below Water,0.0579,Life on Land,0.3058,"Peace, Justice and Strong Institutions",0.0083,Partnerships for the Goals
SA_Naracoorte Lucindale_Rural_2025,2025,SA,6,0.0,No Poverty,0.0,Zero Hunger,0.1667,Good Health and Well-being,0.1667,Quality Education,0.0,Gender Equality,0.0,Clean Water and Sanitation,0.1667,Affordable and Clean Energy,0.8333,Decent Work and Economic Growth,0.0,"Industry, Innovation and Infrastructure",0.0,Reduced Inequalities,0.6667,Sustainable Cities and Communities,0.0,Responsible Consumption and Production,0.0,Climate Action,0.0,Life Below Water,0.1667,Life on Land,0.3333,"Peace, Justice and Strong Institutions",0.0,Partnerships for the Goals
SA_Northern Areas_Rural_2025,2025,SA,15,0.0,No Poverty,0.0,Zero Hunger,0.4,Good Health and Well-being,0.0,Quality Education,0.0,Gender Equality,0.1333,Clean Water and Sanitation,0.1333,Affordable and Clean Energy,0.8,Decent Work and Economic Growth,0.1333,"Industry, Innovation and Infrastructure",0.1333,Reduced Inequalities,0.4667,Sustainable Cities and Communities,0.0667,Responsible Consumption and Production,0.1333,Climate Action,0.0,Life Below Water,0.0667,Life on Land,0.2667,"Peace, Justice and Strong Institutions",0.0,Partnerships for the Goals
SA_Orroroo Carrieton_Rural_2025,2025,SA,20,0.1,No Poverty,0.0,Zero Hunger,0.7,Good Health and Well-being,0.0,Quality Education,0.05,Gender Equality,0.05,Clean Water and Sanitation,0.0,Affordable and Clean Energy,0.65,Decent Work and Economic Growth,0.0,"Industry, Innovation and Infrastructure",0.0,Reduced Inequalities,0.8,Sustainable Cities and Communities,0.0,Responsible Consumption and Production,0.05,Climate Action,0.0,Life Below Water,0.05,Life on Land,0.4,"Peace, Justice and Strong Institutions",0.0,Partnerships for the Goals
SA_Onkaparinga_Urban_2025,2025,SA,15,0.0,No Poverty,0.0,Zero Hunger,0.6667,Good Health and Well-being,0.1333,Quality Education,0.0,Gender Equality,0.0667,Clean Water and Sanitation,0.0,Affordable and Clean Energy,0.8667,Decent Work and Economic Growth,0.2667,"Industry, Innovation and Infrastructure",0.0,Reduced Inequalities,0.2667,Sustainable Cities and Communities,0.0667,Responsible Consumption and Production,0.2667,Climate Action,0.0667,Life Below Water,0.0667,Life on Land,0.5333,"Peace, Justice and Strong Institutions",0.0,Partnerships for the Goals
SA_Norwood Payneham St Peters_Urban_2025,2025,SA,42,0.0952,No Poverty,0.0,Zero Hunger,0.4048,Good Health and Well-being,0.119,Quality Education,0.0476,Gender Equality,0.0952,Clean Water and Sanitation,0.0476,Affordable and Clean Energy,0.6905,Decent Work and Economic Growth,0.1429,"Industry, Innovation and Infrastructure",0.0,Reduced Inequalities,0.619,Sustainable Cities and Communities,0.0,Responsible Consumption and Production,0.1905,Climate Action,0.0,Life Below Water,0.0238,Life on Land,0.5714,"Peace, Justice and Strong Institutions",0.0,Partnerships for the Goals
SA_Murray Bridge_Rural_2025,2025,SA,14,0.1429,No Poverty,0.0,Zero Hunger,0.5714,Good Health and Well-being,0.1429,Quality Education,0.0714,Gender Equality,0.1429,Clean Water and Sanitation,0.0,Affordable and Clean Energy,0.8571,Decent Work and Economic Growth,0.0,"Industry, Innovation and Infrastructure",0.0,Reduced Inequalities,0.5,Sustainable Cities and Communities,0.0714,Responsible Consumption and Production,0.2143,Climate Action,0.0,Life Below Water,0.0714,Life on Land,0.1429,"Peace, Justice and Strong Institutions",0.0,Partnerships for the Goals
SA_Port Adelaide Enfield_Urban_2025,2025,SA,31,0.129,No Poverty,0.0,Zero Hunger,0.4839,Good Health and Well-being,0.0968,Quality Education,0.0968,Gender Equality,0.0645,Clean Water and Sanitation,0.0968,Affordable and Clean Energy,0.7742,Decent Work and Economic Growth,0.1613,"Industry, Innovation and Infrastructure",0.0645,Reduced Inequalities,0.4194,Sustainable Cities and Communities,0.129,Responsible Consumption and Production,0.129,Climate Action,0.0,Life Below Water,0.0645,Life on Land,0.3871,"Peace, Justice and Strong Institutions",0.0323,Partnerships for the Goals
SA_Playford_Urban_2025,2025,SA,54,0.0185,No Poverty,0.0,Zero Hunger,0.5926,Good Health and Well-being,0.0556,Quality Education,0.0,Gender Equality,0.2222,Clean Water and Sanitation,0.0,Affordable and Clean Energy,0.7407,Decent Work and Economic Growth,0.1111,"Industry, Innovation and Infrastructure",0.0,Reduced Inequalities,0.4815,Sustainable Cities and Communities,0.1111,Responsible Consumption and Production,0.1481,Climate Action,0.0,Life Below Water,0.1296,Life on Land,0.537,"Peace, Justice and Strong Institutions",0.0185,Partnerships for the Goals
SA_Port Lincoln_Urban_2025,2025,SA,27,0.0,No Poverty,0.0,Zero Hunger,0.5185,Good Health and Well-being,0.037,Quality Education,0.0,Gender Equality,0.0741,Clean Water and Sanitation,0.0741,Affordable and Clean Energy,0.6296,Decent Work and Economic Growth,0.037,"Industry, Innovation and Infrastructure",0.0,Reduced Inequalities,0.6296,Sustainable Cities and Communities,0.037,Responsible Consumption and Production,0.1852,Climate Action,0.0741,Life Below Water,0.1111,Life on Land,0.5185,"Peace, Justice and Strong Institutions",0.1111,Partnerships for the Goals
SA_Prospect_Urban_2025,2025,SA,28,0.0357,No Poverty,0.0,Zero Hunger,0.7143,Good Health and Well-being,0.0714,Quality Education,0.0357,Gender Equality,0.1786,Clean Water and Sanitation,0.0357,Affordable and Clean Energy,0.8214,Decent Work and Economic Growth,0.0,"Industry, Innovation and Infrastructure",0.0,Reduced Inequalities,0.5714,Sustainable Cities and Communities,0.1786,Responsible Consumption and Production,0.3214,Climate Action,0.0,Life Below Water,0.1071,Life on Land,0.3571,"Peace, Justice and Strong Institutions",0.0,Partnerships for the Goals
SA_Robe_Rural_2025,2025,SA,19,0.0,No Poverty,0.0,Zero Hunger,0.3158,Good Health and Well-being,0.0,Quality Education,0.0,Gender Equality,0.0526,Clean Water and Sanitation,0.1053,Affordable and Clean Energy,0.5789,Decent Work and Economic Growth,0.0,"Industry, Innovation and Infrastructure",0.0,Reduced Inequalities,0.4211,Sustainable Cities and Communities,0.2632,Responsible Consumption and Production,0.0526,Climate Action,0.1053,Life Below Water,0.0,Life on Land,0.4737,"Peace, Justice and Strong Institutions",0.0,Partnerships for the Goals
SA_Port Pirie_Rural_2025,2025,SA,42,0.0476,No Poverty,0.0,Zero Hunger,0.4286,Good Health and Well-being,0.2143,Quality Education,0.0238,Gender Equality,0.0238,Clean Water and Sanitation,0.0476,Affordable and Clean Energy,0.5952,Decent Work and Economic Growth,0.0476,"Industry, Innovation and Infrastructure",0.0,Reduced Inequalities,0.3333,Sustainable Cities and Communities,0.0714,Responsible Consumption and Production,0.119,Climate Action,0.0,Life Below Water,0.0476,Life on Land,0.2381,"Peace, Justice and Strong Institutions",0.0238,Partnerships for the Goals
SA_Renmark Paringa_Rural_2025,2025,SA,33,0.0303,No Poverty,0.0,Zero Hunger,0.4242,Good Health and Well-being,0.0606,Quality Education,0.0303,Gender Equality,0.1515,Clean Water and Sanitation,0.0,Affordable and Clean Energy,0.5758,Decent Work and Economic Growth,0.1515,"Industry, Innovation and Infrastructure",0.0,Reduced Inequalities,0.5152,Sustainable Cities and Communities,0.0909,Responsible Consumption and Production,0.2424,Climate Action,0.0,Life Below Water,0.0303,Life on Land,0.2121,"Peace, Justice and Strong Institutions",0.0303,Partnerships for the Goals
SA_Roxby Downs_Rural_2025,2025,SA,6,0.1667,No Poverty,0.0,Zero Hunger,0.6667,Good Health and Well-being,0.0,Quality Education,0.0,Gender Equality,0.3333,Clean Water and Sanitation,0.5,Affordable and Clean Energy,0.8333,Decent Work and Economic Growth,0.0,"Industry, Innovation and Infrastructure",0.0,Reduced Inequalities,0.3333,Sustainable Cities and Communities,0.0,Responsible Consumption and Production,0.3333,Climate Action,0.0,Life Below Water,0.1667,Life on Land,0.1667,"Peace, Justice and Strong Institutions",0.1667,Partnerships for the Goals
SA_Southern Mallee_Rural_2025,2025,SA,25,0.0,No Poverty,0.0,Zero Hunger,0.52,Good Health and Well-being,0.04,Quality Education,0.04,Gender Equality,0.08,Clean Water and Sanitation,0.08,Affordable and Clean Energy,0.64,Decent Work and Economic Growth,0.28,"Industry, Innovation and Infrastructure",0.0,Reduced Inequalities,0.52,Sustainable Cities and Communities,0.04,Responsible Consumption and Production,0.08,Climate Action,0.0,Life Below Water,0.04,Life on Land,0.36,"Peace, Justice and Strong Institutions",0.0,Partnerships for the Goals
SA_Salisbury_Urban_2025,2025,SA,20,0.05,No Poverty,0.0,Zero Hunger,0.6,Good Health and Well-being,0.0,Quality Education,0.05,Gender Equality,0.1,Clean Water and Sanitation,0.0,Affordable and Clean Energy,0.7,Decent Work and Economic Growth,0.1,"Industry, Innovation and Infrastructure",0.0,Reduced Inequalities,0.7,Sustainable Cities and Communities,0.05,Responsible Consumption and Production,0.1,Climate Action,0.0,Life Below Water,0.15,Life on Land,0.5,"Peace, Justice and Strong Institutions",0.0,Partnerships for the Goals
SA_Streaky Bay_Rural_2025,2025,SA,19,0.0,No Poverty,0.0,Zero Hunger,0.6316,Good Health and Well-being,0.1053,Quality Education,0.0,Gender Equality,0.1579,Clean Water and Sanitation,0.0,Affordable and Clean Energy,0.7368,Decent Work and Economic Growth,0.0,"Industry, Innovation and Infrastructure",0.0,Reduced Inequalities,0.5789,Sustainable Cities and Communities,0.0,Responsible Consumption and Production,0.2632,Climate Action,0.1579,Life Below Water,0.2105,Life on Land,0.6842,"Peace, Justice and Strong Institutions",0.0,Partnerships for the Goals
SA_Tatiara_Rural_2025,2025,SA,41,0.122,No Poverty,0.0,Zero Hunger,0.3902,Good Health and Well-being,0.1707,Quality Education,0.0732,Gender Equality,0.0488,Clean Water and Sanitation,0.0,Affordable and Clean Energy,0.7317,Decent Work and Economic Growth,0.0244,"Industry, Innovation and Infrastructure",0.0244,Reduced Inequalities,0.3902,Sustainable Cities and Communities,0.0732,Responsible Consumption and Production,0.0732,Climate Action,0.0,Life Below Water,0.0244,Life on Land,0.3171,"Peace, Justice and Strong Institutions",0.0732,Partnerships for the Goals
SA_The Barossa_Rural_2025,2025,SA,15,0.0,No Poverty,0.0667,Zero Hunger,0.4667,Good Health and Well-being,0.1333,Quality Education,0.0667,Gender Equality,0.0,Clean Water and Sanitation,0.0,Affordable and Clean Energy,0.7333,Decent Work and Economic Growth,0.0667,"Industry, Innovation and Infrastructure",0.0,Reduced Inequalities,0.5333,Sustainable Cities and Communities,0.0667,Responsible Consumption and Production,0.0667,Climate Action,0.0,Life Below Water,0.1333,Life on Land,0.3333,"Peace, Justice and Strong Institutions",0.1333,Partnerships for the Goals
SA_Unley_Urban_2025,2025,SA,47,0.0,No Poverty,0.0,Zero Hunger,0.5957,Good Health and Well-being,0.0851,Quality Education,0.0213,Gender Equality,0.1489,Clean Water and Sanitation,0.1489,Affordable and Clean Energy,0.766,Decent Work and Economic Growth,0.1277,"Industry, Innovation and Infrastructure",0.0,Reduced Inequalities,0.6809,Sustainable Cities and Communities,0.0213,Responsible Consumption and Production,0.3191,Climate Action,0.0,Life Below Water,0.0638,Life on Land,0.5532,"Peace, Justice and Strong Institutions",0.0638,Partnerships for the Goals
SA_Tumby Bay_Rural_2025,2025,SA,8,0.0,No Poverty,0.0,Zero Hunger,0.5,Good Health and Well-being,0.0,Quality Education,0.0,Gender Equality,0.125,Clean Water and Sanitation,0.0,Affordable and Clean Energy,0.375,Decent Work and Economic Growth,0.0,"Industry, Innovation and Infrastructure",0.0,Reduced Inequalities,0.875,Sustainable Cities and Communities,0.125,Responsible Consumption and Production,0.375,Climate Action,0.0,Life Below Water,0.0,Life on Land,0.25,"Peace, Justice and Strong Institutions",0.0,Partnerships for the Goals
SA_Victor Harbor_Urban_2025,2025,SA,77,0.0909,No Poverty,0.013,Zero Hunger,0.5584,Good Health and Well-being,0.1039,Quality Education,0.026,Gender Equality,0.026,Clean Water and Sanitation,0.039,Affordable and Clean Energy,0.7532,Decent Work and Economic Growth,0.1039,"Industry, Innovation and Infrastructure",0.026,Reduced Inequalities,0.5455,Sustainable Cities and Communities,0.039,Responsible Consumption and Production,0.2078,Climate Action,0.026,Life Below Water,0.026,Life on Land,0.4286,"Peace, Justice and Strong Institutions",0.013,Partnerships for the Goals
SA_Walkerville_Urban_2025,2025,SA,58,0.1034,No Poverty,0.0,Zero Hunger,0.7069,Good Health and Well-being,0.069,Quality Education,0.0345,Gender Equality,0.1207,Clean Water and Sanitation,0.0345,Affordable and Clean Energy,0.7414,Decent Work and Economic Growth,0.1379,"Industry, Innovation and Infrastructure",0.0172,Reduced Inequalities,0.5,Sustainable Cities and Communities,0.0862,Responsible Consumption and Production,0.2759,Climate Action,0.0,Life Below Water,0.1034,Life on Land,0.3448,"Peace, Justice and Strong Institutions",0.0,Partnerships for the Goals
SA_Wattle Range_Rural_2025,2025,SA,32,0.0312,No Poverty,0.0312,Zero Hunger,0.5312,Good Health and Well-being,0.1875,Quality Education,0.0,Gender Equality,0.0312,Clean Water and Sanitation,0.0,Affordable and Clean Energy,0.7188,Decent Work and Economic Growth,0.0938,"Industry, Innovation and Infrastructure",0.0,Reduced Inequalities,0.5,Sustainable Cities and Communities,0.0,Responsible Consumption and Production,0.125,Climate Action,0.0312,Life Below Water,0.1562,Life on Land,0.3125,"Peace, Justice and Strong Institutions",0.0312,Partnerships for the Goals
SA_Whyalla_Rural_2025,2025,SA,25,0.08,No Poverty,0.0,Zero Hunger,0.48,Good Health and Well-being,0.12,Quality Education,0.0,Gender Equality,0.0,Clean Water and Sanitation,0.08,Affordable and Clean Energy,0.72,Decent Work and Economic Growth,0.08,"Industry, Innovation and Infrastructure",0.0,Reduced Inequalities,0.6,Sustainable Cities and Communities,0.0,Responsible Consumption and Production,0.2,Climate Action,0.08,Life Below Water,0.12,Life on Land,0.36,"Peace, Justice and Strong Institutions",0.0,Partnerships for the Goals
SA_West Torrens_Urban_2025,2025,SA,100,0.01,No Poverty,0.01,Zero Hunger,0.4,Good Health and Well-being,0.03,Quality Education,0.04,Gender Equality,0.2,Clean Water and Sanitation,0.04,Affordable and Clean Energy,0.49,Decent Work and Economic Growth,0.16,"Industry, Innovation and Infrastructure",0.01,Reduced Inequalities,0.42,Sustainable Cities and Communities,0.09,Responsible Consumption and Production,0.27,Climate Action,0.0,Life Below Water,0.14,Life on Land,0.25,"Peace, Justice and Strong Institutions",0.11,Partnerships for the Goals
SA_Wudinna_Rural_2025,2025,SA,25,0.04,No Poverty,0.04,Zero Hunger,0.36,Good Health and Well-being,0.32,Quality Education,0.0,Gender Equality,0.12,Clean Water and Sanitation,0.08,Affordable and Clean Energy,0.4,Decent Work and Economic Growth,0.0,"Industry, Innovation and Infrastructure",0.0,Reduced Inequalities,0.52,Sustainable Cities and Communities,0.04,Responsible Consumption and Production,0.12,Climate Action,0.0,Life Below Water,0.2,Life on Land,0.36,"Peace, Justice and Strong Institutions",0.0,Partnerships for the Goals
TAS_Break O Day_Rural_2025,2025,TAS,51,0.0784,No Poverty,0.0,Zero Hunger,0.6275,Good Health and Well-being,0.098,Quality Education,0.0196,Gender Equality,0.098,Clean Water and Sanitation,0.0392,Affordable and Clean Energy,0.7647,Decent Work and Economic Growth,0.0588,"Industry, Innovation and Infrastructure",0.0,Reduced Inequalities,0.549,Sustainable Cities and Communities,0.098,Responsible Consumption and Production,0.3922,Climate Action,0.0588,Life Below Water,0.1373,Life on Land,0.3725,"Peace, Justice and Strong Institutions",0.0392,Partnerships for the Goals
SA_Yorke Peninsula_Rural_2025,2025,SA,54,0.0185,No Poverty,0.0185,Zero Hunger,0.3148,Good Health and Well-being,0.0741,Quality Education,0.0741,Gender Equality,0.0556,Clean Water and Sanitation,0.0556,Affordable and Clean Energy,0.4444,Decent Work and Economic Growth,0.0926,"Industry, Innovation and Infrastructure",0.0,Reduced Inequalities,0.3148,Sustainable Cities and Communities,0.0741,Responsible Consumption and Production,0.0741,Climate Action,0.037,Life Below Water,0.0926,Life on Land,0.3889,"Peace, Justice and Strong Institutions",0.037,Partnerships for the Goals
SA_Yankalilla_Rural_2025,2025,SA,76,0.0395,No Poverty,0.0395,Zero Hunger,0.5921,Good Health and Well-being,0.0395,Quality Education,0.0132,Gender Equality,0.1184,Clean Water and Sanitation,0.0658,Affordable and Clean Energy,0.8684,Decent Work and Economic Growth,0.1447,"Industry, Innovation and Infrastructure",0.0,Reduced Inequalities,0.5132,Sustainable Cities and Communities,0.1184,Responsible Consumption and Production,0.25,Climate Action,0.0,Life Below Water,0.0395,Life on Land,0.3684,"Peace, Justice and Strong Institutions",0.0263,Partnerships for the Goals
TAS_Circular Head_Rural_2025,2025,TAS,24,0.0833,No Poverty,0.0,Zero Hunger,0.5833,Good Health and Well-being,0.2083,Quality Education,0.125,Gender Equality,0.0417,Clean Water and Sanitation,0.0417,Affordable and Clean Energy,0.7083,Decent Work and Economic Growth,0.0833,"Industry, Innovation and Infrastructure",0.0,Reduced Inequalities,0.5417,Sustainable Cities and Communities,0.0,Responsible Consumption and Production,0.0833,Climate Action,0.0,Life Below Water,0.0,Life on Land,0.4583,"Peace, Justice and Strong Institutions",0.0,Partnerships for the Goals
TAS_Burnie_Urban_2025,2025,TAS,6,0.0,No Poverty,0.0,Zero Hunger,0.8333,Good Health and Well-being,0.0,Quality Education,0.0,Gender Equality,0.0,Clean Water and Sanitation,0.1667,Affordable and Clean Energy,0.8333,Decent Work and Economic Growth,0.1667,"Industry, Innovation and Infrastructure",0.0,Reduced Inequalities,0.8333,Sustainable Cities and Communities,0.0,Responsible Consumption and Production,0.0,Climate Action,0.0,Life Below Water,0.1667,Life on Land,0.3333,"Peace, Justice and Strong Institutions",0.0,Partnerships for the Goals
TAS_Central Highlands_Rural_2025,2025,TAS,34,0.0294,No Poverty,0.0,Zero Hunger,0.5588,Good Health and Well-being,0.1471,Quality Education,0.0294,Gender Equality,0.1471,Clean Water and Sanitation,0.0588,Affordable and Clean Energy,0.6765,Decent Work and Economic Growth,0.2059,"Industry, Innovation and Infrastructure",0.0294,Reduced Inequalities,0.3529,Sustainable Cities and Communities,0.1765,Responsible Consumption and Production,0.2647,Climate Action,0.0,Life Below Water,0.1176,Life on Land,0.3529,"Peace, Justice and Strong Institutions",0.0294,Partnerships for the Goals
TAS_Derwent Valley_Rural_2025,2025,TAS,53,0.0377,No Poverty,0.0,Zero Hunger,0.566,Good Health and Well-being,0.0566,Quality Education,0.0377,Gender Equality,0.2642,Clean Water and Sanitation,0.0,Affordable and Clean Energy,0.566,Decent Work and Economic Growth,0.0189,"Industry, Innovation and Infrastructure",0.0,Reduced Inequalities,0.3396,Sustainable Cities and Communities,0.0755,Responsible Consumption and Production,0.3208,Climate Action,0.0189,Life Below Water,0.1132,Life on Land,0.2642,"Peace, Justice and Strong Institutions",0.0,Partnerships for the Goals
TAS_Clarence_Urban_2025,2025,TAS,50,0.08,No Poverty,0.02,Zero Hunger,0.56,Good Health and Well-being,0.18,Quality Education,0.02,Gender Equality,0.02,Clean Water and Sanitation,0.04,Affordable and Clean Energy,0.7,Decent Work and Economic Growth,0.08,"Industry, Innovation and Infrastructure",0.02,Reduced Inequalities,0.46,Sustainable Cities and Communities,0.02,Responsible Consumption and Production,0.04,Climate Action,0.0,Life Below Water,0.02,Life on Land,0.34,"Peace, Justice and Strong Institutions",0.04,Partnerships for the Goals
TAS_Devonport_Urban_2025,2025,TAS,38,0.0,No Poverty,0.0,Zero Hunger,0.5263,Good Health and Well-being,0.0789,Quality Education,0.0,Gender Equality,0.0263,Clean Water and Sanitation,0.0526,Affordable and Clean Energy,0.8158,Decent Work and Economic Growth,0.2105,"Industry, Innovation and Infrastructure",0.0,Reduced Inequalities,0.4211,Sustainable Cities and Communities,0.1053,Responsible Consumption and Production,0.1579,Climate Action,0.0,Life Below Water,0.0263,Life on Land,0.1316,"Peace, Justice and Strong Institutions",0.0526,Partnerships for the Goals
TAS_Flinders_Rural_2025,2025,TAS,21,0.0952,No Poverty,0.0,Zero Hunger,0.7143,Good Health and Well-being,0.0476,Quality Education,0.0476,Gender Equality,0.0476,Clean Water and Sanitation,0.0476,Affordable and Clean Energy,0.8095,Decent Work and Economic Growth,0.0952,"Industry, Innovation and Infrastructure",0.0,Reduced Inequalities,0.5238,Sustainable Cities and Communities,0.2381,Responsible Consumption and Production,0.0952,Climate Action,0.0476,Life Below Water,0.0476,Life on Land,0.5238,"Peace, Justice and Strong Institutions",0.0,Partnerships for the Goals
TAS_Dorset_Rural_2025,2025,TAS,14,0.0,No Poverty,0.0714,Zero Hunger,0.5,Good Health and Well-being,0.0,Quality Education,0.0,Gender Equality,0.2857,Clean Water and Sanitation,0.0,Affordable and Clean Energy,0.7143,Decent Work and Economic Growth,0.0,"Industry, Innovation and Infrastructure",0.0,Reduced Inequalities,0.6429,Sustainable Cities and Communities,0.2143,Responsible Consumption and Production,0.2143,Climate Action,0.0,Life Below Water,0.0,Life on Land,0.5,"Peace, Justice and Strong Institutions",0.0,Partnerships for the Goals
TAS_Glamorgan Spring Bay_Rural_2025,2025,TAS,15,0.0667,No Poverty,0.0,Zero Hunger,0.6,Good Health and Well-being,0.0667,Quality Education,0.0,Gender Equality,0.0,Clean Water and Sanitation,0.0667,Affordable and Clean Energy,0.7333,Decent Work and Economic Growth,0.1333,"Industry, Innovation and Infrastructure",0.0,Reduced Inequalities,0.6,Sustainable Cities and Communities,0.0667,Responsible Consumption and Production,0.1333,Climate Action,0.0,Life Below Water,0.1333,Life on Land,0.4667,"Peace, Justice and Strong Institutions",0.0,Partnerships for the Goals
TAS_Glenorchy_Urban_2025,2025,TAS,49,0.0204,No Poverty,0.0,Zero Hunger,0.6327,Good Health and Well-being,0.1633,Quality Education,0.0408,Gender Equality,0.0612,Clean Water and Sanitation,0.0204,Affordable and Clean Energy,0.7143,Decent Work and Economic Growth,0.0408,"Industry, Innovation and Infrastructure",0.0204,Reduced Inequalities,0.4082,Sustainable Cities and Communities,0.102,Responsible Consumption and Production,0.0816,Climate Action,0.0,Life Below Water,0.0408,Life on Land,0.2041,"Peace, Justice and Strong Institutions",0.0,Partnerships for the Goals
TAS_Hobart_Urban_2025,2025,TAS,48,0.0208,No Poverty,0.0,Zero Hunger,0.5208,Good Health and Well-being,0.0417,Quality Education,0.0,Gender Equality,0.0833,Clean Water and Sanitation,0.1042,Affordable and Clean Energy,0.6875,Decent Work and Economic Growth,0.0417,"Industry, Innovation and Infrastructure",0.0,Reduced Inequalities,0.6042,Sustainable Cities and Communities,0.0833,Responsible Consumption and Production,0.375,Climate Action,0.0208,Life Below Water,0.1875,Life on Land,0.25,"Peace, Justice and Strong Institutions",0.0208,Partnerships for the Goals
TAS_Huon Valley_Rural_2025,2025,TAS,120,0.025,No Poverty,0.0083,Zero Hunger,0.5333,Good Health and Well-being,0.0833,Quality Education,0.0083,Gender Equality,0.075,Clean Water and Sanitation,0.0583,Affordable and Clean Energy,0.6333,Decent Work and Economic Growth,0.125,"Industry, Innovation and Infrastructure",0.0083,Reduced Inequalities,0.325,Sustainable Cities and Communities,0.05,Responsible Consumption and Production,0.25,Climate Action,0.025,Life Below Water,0.1333,Life on Land,0.2917,"Peace, Justice and Strong Institutions",0.0417,Partnerships for the Goals
TAS_Kentish_Rural_2025,2025,TAS,42,0.0714,No Poverty,0.0,Zero Hunger,0.5238,Good Health and Well-being,0.1429,Quality Education,0.0476,Gender Equality,0.0238,Clean Water and Sanitation,0.0238,Affordable and Clean Energy,0.6905,Decent Work and Economic Growth,0.1667,"Industry, Innovation and Infrastructure",0.0,Reduced Inequalities,0.5238,Sustainable Cities and Communities,0.0952,Responsible Consumption and Production,0.1429,Climate Action,0.0,Life Below Water,0.0238,Life on Land,0.4762,"Peace, Justice and Strong Institutions",0.0476,Partnerships for the Goals
TAS_King Island_Rural_2025,2025,TAS,25,0.08,No Poverty,0.04,Zero Hunger,0.56,Good Health and Well-being,0.08,Quality Education,0.0,Gender Equality,0.04,Clean Water and Sanitation,0.04,Affordable and Clean Energy,0.64,Decent Work and Economic Growth,0.2,"Industry, Innovation and Infrastructure",0.04,Reduced Inequalities,0.24,Sustainable Cities and Communities,0.08,Responsible Consumption and Production,0.28,Climate Action,0.0,Life Below Water,0.28,Life on Land,0.32,"Peace, Justice and Strong Institutions",0.0,Partnerships for the Goals
TAS_Launceston_Urban_2025,2025,TAS,74,0.0946,No Poverty,0.0541,Zero Hunger,0.6081,Good Health and Well-being,0.1081,Quality Education,0.0405,Gender Equality,0.0946,Clean Water and Sanitation,0.0405,Affordable and Clean Energy,0.7568,Decent Work and Economic Growth,0.0811,"Industry, Innovation and Infrastructure",0.0,Reduced Inequalities,0.5676,Sustainable Cities and Communities,0.0811,Responsible Consumption and Production,0.2432,Climate Action,0.0,Life Below Water,0.027,Life on Land,0.3514,"Peace, Justice and Strong Institutions",0.0135,Partnerships for the Goals
TAS_Meander Valley_Urban_2025,2025,TAS,9,0.0,No Poverty,0.0,Zero Hunger,0.7778,Good Health and Well-being,0.1111,Quality Education,0.0,Gender Equality,0.1111,Clean Water and Sanitation,0.0,Affordable and Clean Energy,1.0,Decent Work and Economic Growth,0.1111,"Industry, Innovation and Infrastructure",0.0,Reduced Inequalities,0.5556,Sustainable Cities and Communities,0.0,Responsible Consumption and Production,0.4444,Climate Action,0.0,Life Below Water,0.0,Life on Land,0.5556,"Peace, Justice and Strong Institutions",0.0,Partnerships for the Goals
SA_Elliston_Rural_2025,2025,SA,26,0.0385,No Poverty,0.0,Zero Hunger,0.5,Good Health and Well-being,0.0769,Quality Education,0.0,Gender Equality,0.0769,Clean Water and Sanitation,0.0769,Affordable and Clean Energy,0.7692,Decent Work and Economic Growth,0.2692,"Industry, Innovation and Infrastructure",0.0,Reduced Inequalities,0.5769,Sustainable Cities and Communities,0.1923,Responsible Consumption and Production,0.3077,Climate Action,0.0,Life Below Water,0.1154,Life on Land,0.3846,"Peace, Justice and Strong Institutions",0.0769,Partnerships for the Goals
TAS_Sorell_Urban_2025,2025,TAS,14,0.0714,No Poverty,0.0,Zero Hunger,0.7857,Good Health and Well-being,0.0714,Quality Education,0.0,Gender Equality,0.1429,Clean Water and Sanitation,0.0,Affordable and Clean Energy,0.7857,Decent Work and Economic Growth,0.0,"Industry, Innovation and Infrastructure",0.0,Reduced Inequalities,0.7143,Sustainable Cities and Communities,0.1429,Responsible Consumption and Production,0.1429,Climate Action,0.0,Life Below Water,0.2143,Life on Land,0.2857,"Peace, Justice and Strong Institutions",0.0,Partnerships for the Goals
TAS_Southern Midlands_Rural_2025,2025,TAS,1,0.0,No Poverty,0.0,Zero Hunger,0.0,Good Health and Well-being,0.0,Quality Education,0.0,Gender Equality,0.0,Clean Water and Sanitation,0.0,Affordable and Clean Energy,1.0,Decent Work and Economic Growth,0.0,"Industry, Innovation and Infrastructure",0.0,Reduced Inequalities,0.0,Sustainable Cities and Communities,0.0,Responsible Consumption and Production,0.0,Climate Action,0.0,Life Below Water,0.0,Life on Land,1.0,"Peace, Justice and Strong Institutions",0.0,Partnerships for the Goals
SA_Port Augusta_Rural_2025,2025,SA,49,0.0408,No Poverty,0.0,Zero Hunger,0.6122,Good Health and Well-being,0.102,Quality Education,0.0204,Gender Equality,0.0204,Clean Water and Sanitation,0.0204,Affordable and Clean Energy,0.4898,Decent Work and Economic Growth,0.1224,"Industry, Innovation and Infrastructure",0.0,Reduced Inequalities,0.4694,Sustainable Cities and Communities,0.0204,Responsible Consumption and Production,0.102,Climate Action,0.0204,Life Below Water,0.1837,Life on Land,0.2857,"Peace, Justice and Strong Institutions",0.0408,Partnerships for the Goals
TAS_Tasman_Rural_2025,2025,TAS,51,0.0196,No Poverty,0.0,Zero Hunger,0.451,Good Health and Well-being,0.0392,Quality Education,0.0196,Gender Equality,0.0,Clean Water and Sanitation,0.0196,Affordable and Clean Energy,0.7059,Decent Work and Economic Growth,0.1176,"Industry, Innovation and Infrastructure",0.0,Reduced Inequalities,0.3922,Sustainable Cities and Communities,0.0588,Responsible Consumption and Production,0.1569,Climate Action,0.0392,Life Below Water,0.0196,Life on Land,0.4118,"Peace, Justice and Strong Institutions",0.0,Partnerships for the Goals
TAS_West Coast_Rural_2025,2025,TAS,45,0.0222,No Poverty,0.0222,Zero Hunger,0.5333,Good Health and Well-being,0.0,Quality Education,0.0222,Gender Equality,0.1778,Clean Water and Sanitation,0.0444,Affordable and Clean Energy,0.6889,Decent Work and Economic Growth,0.1111,"Industry, Innovation and Infrastructure",0.0222,Reduced Inequalities,0.4,Sustainable Cities and Communities,0.0444,Responsible Consumption and Production,0.4444,Climate Action,0.0889,Life Below Water,0.0889,Life on Land,0.2889,"Peace, Justice and Strong Institutions",0.0222,Partnerships for the Goals
TAS_George Town_Rural_2025,2025,TAS,28,0.0714,No Poverty,0.0,Zero Hunger,0.6786,Good Health and Well-being,0.1429,Quality Education,0.0357,Gender Equality,0.0357,Clean Water and Sanitation,0.0714,Affordable and Clean Energy,0.6429,Decent Work and Economic Growth,0.0,"Industry, Innovation and Infrastructure",0.0,Reduced Inequalities,0.3929,Sustainable Cities and Communities,0.0357,Responsible Consumption and Production,0.0714,Climate Action,0.0,Life Below Water,0.0714,Life on Land,0.2857,"Peace, Justice and Strong Institutions",0.0,Partnerships for the Goals
TAS_Waratah Wynyard_Rural_2025,2025,TAS,40,0.025,No Poverty,0.025,Zero Hunger,0.6,Good Health and Well-being,0.1,Quality Education,0.025,Gender Equality,0.15,Clean Water and Sanitation,0.05,Affordable and Clean Energy,0.65,Decent Work and Economic Growth,0.0,"Industry, Innovation and Infrastructure",0.0,Reduced Inequalities,0.425,Sustainable Cities and Communities,0.15,Responsible Consumption and Production,0.325,Climate Action,0.025,Life Below Water,0.325,Life on Land,0.275,"Peace, Justice and Strong Institutions",0.075,Partnerships for the Goals
VIC_Ballarat_Urban_2025,2025,VIC,1,0.0,No Poverty,0.0,Zero Hunger,1.0,Good Health and Well-being,0.0,Quality Education,0.0,Gender Equality,0.0,Clean Water and Sanitation,0.0,Affordable and Clean Energy,1.0,Decent Work and Economic Growth,0.0,"Industry, Innovation and Infrastructure",0.0,Reduced Inequalities,1.0,Sustainable Cities and Communities,0.0,Responsible Consumption and Production,0.0,Climate Action,0.0,Life Below Water,0.0,Life on Land,1.0,"Peace, Justice and Strong Institutions",0.0,Partnerships for the Goals
TAS_West Tamar_Urban_2025,2025,TAS,13,0.0,No Poverty,0.0,Zero Hunger,0.5385,Good Health and Well-being,0.0769,Quality Education,0.0,Gender Equality,0.0769,Clean Water and Sanitation,0.0769,Affordable and Clean Energy,0.6154,Decent Work and Economic Growth,0.0769,"Industry, Innovation and Infrastructure",0.0,Reduced Inequalities,0.7692,Sustainable Cities and Communities,0.0,Responsible Consumption and Production,0.0769,Climate Action,0.0769,Life Below Water,0.0769,Life on Land,0.1538,"Peace, Justice and Strong Institutions",0.0,Partnerships for the Goals
VIC_Alpine_Rural_2025,2025,VIC,77,0.026,No Poverty,0.013,Zero Hunger,0.5065,Good Health and Well-being,0.0779,Quality Education,0.0519,Gender Equality,0.039,Clean Water and Sanitation,0.026,Affordable and Clean Energy,0.6234,Decent Work and Economic Growth,0.0649,"Industry, Innovation and Infrastructure",0.0,Reduced Inequalities,0.4805,Sustainable Cities and Communities,0.039,Responsible Consumption and Production,0.3377,Climate Action,0.0,Life Below Water,0.0649,Life on Land,0.4156,"Peace, Justice and Strong Institutions",0.0,Partnerships for the Goals
VIC_Baw Baw_Urban_2025,2025,VIC,45,0.0444,No Poverty,0.0,Zero Hunger,0.8,Good Health and Well-being,0.0889,Quality Education,0.0444,Gender Equality,0.0667,Clean Water and Sanitation,0.0667,Affordable and Clean Energy,0.7333,Decent Work and Economic Growth,0.0667,"Industry, Innovation and Infrastructure",0.0,Reduced Inequalities,0.5778,Sustainable Cities and Communities,0.0,Responsible Consumption and Production,0.1778,Climate Action,0.0,Life Below Water,0.1111,Life on Land,0.3333,"Peace, Justice and Strong Institutions",0.0444,Partnerships for the Goals
VIC_Bass Coast_Urban_2025,2025,VIC,42,0.0,No Poverty,0.0238,Zero Hunger,0.6429,Good Health and Well-being,0.0,Quality Education,0.1667,Gender Equality,0.0476,Clean Water and Sanitation,0.0,Affordable and Clean Energy,0.7143,Decent Work and Economic Growth,0.119,"Industry, Innovation and Infrastructure",0.0,Reduced Inequalities,0.3571,Sustainable Cities and Communities,0.0714,Responsible Consumption and Production,0.1429,Climate Action,0.0952,Life Below Water,0.0714,Life on Land,0.4048,"Peace, Justice and Strong Institutions",0.0,Partnerships for the Goals
VIC_Benalla_Rural_2025,2025,VIC,20,0.1,No Poverty,0.0,Zero Hunger,0.45,Good Health and Well-being,0.05,Quality Education,0.05,Gender Equality,0.0,Clean Water and Sanitation,0.05,Affordable and Clean Energy,0.7,Decent Work and Economic Growth,0.0,"Industry, Innovation and Infrastructure",0.05,Reduced Inequalities,0.65,Sustainable Cities and Communities,0.0,Responsible Consumption and Production,0.15,Climate Action,0.0,Life Below Water,0.0,Life on Land,0.45,"Peace, Justice and Strong Institutions",0.0,Partnerships for the Goals
VIC_Bayside_Urban_2025,2025,VIC,51,0.0196,No Poverty,0.0,Zero Hunger,0.6275,Good Health and Well-being,0.0392,Quality Education,0.0392,Gender Equality,0.0392,Clean Water and Sanitation,0.0392,Affordable and Clean Energy,0.5294,Decent Work and Economic Growth,0.0588,"Industry, Innovation and Infrastructure",0.0,Reduced Inequalities,0.4118,Sustainable Cities and Communities,0.0588,Responsible Consumption and Production,0.1373,Climate Action,0.0392,Life Below Water,0.1961,Life on Land,0.4314,"Peace, Justice and Strong Institutions",0.0196,Partnerships for the Goals
VIC_Bendigo_Urban_2025,2025,VIC,27,0.0741,No Poverty,0.0,Zero Hunger,0.7778,Good Health and Well-being,0.037,Quality Education,0.037,Gender Equality,0.1111,Clean Water and Sanitation,0.0,Affordable and Clean Energy,0.7037,Decent Work and Economic Growth,0.037,"Industry, Innovation and Infrastructure",0.0,Reduced Inequalities,0.6667,Sustainable Cities and Communities,0.0741,Responsible Consumption and Production,0.1111,Climate Action,0.0,Life Below Water,0.0,Life on Land,0.6296,"Peace, Justice and Strong Institutions",0.0741,Partnerships for the Goals
VIC_Buloke_Rural_2025,2025,VIC,39,0.1538,No Poverty,0.0256,Zero Hunger,0.641,Good Health and Well-being,0.0513,Quality Education,0.0256,Gender Equality,0.2051,Clean Water and Sanitation,0.0513,Affordable and Clean Energy,0.7179,Decent Work and Economic Growth,0.0513,"Industry, Innovation and Infrastructure",0.0256,Reduced Inequalities,0.359,Sustainable Cities and Communities,0.0769,Responsible Consumption and Production,0.2821,Climate Action,0.0513,Life Below Water,0.0513,Life on Land,0.359,"Peace, Justice and Strong Institutions",0.1282,Partnerships for the Goals
VIC_Boroondara_Urban_2025,2025,VIC,47,0.1064,No Poverty,0.0,Zero Hunger,0.6596,Good Health and Well-being,0.0851,Quality Education,0.0638,Gender Equality,0.0213,Clean Water and Sanitation,0.0851,Affordable and Clean Energy,0.6809,Decent Work and Economic Growth,0.0851,"Industry, Innovation and Infrastructure",0.0,Reduced Inequalities,0.4681,Sustainable Cities and Communities,0.0426,Responsible Consumption and Production,0.2128,Climate Action,0.0,Life Below Water,0.1064,Life on Land,0.3617,"Peace, Justice and Strong Institutions",0.0,Partnerships for the Goals
VIC_Brimbank_Urban_2025,2025,VIC,50,0.2,No Poverty,0.0,Zero Hunger,0.66,Good Health and Well-being,0.04,Quality Education,0.02,Gender Equality,0.06,Clean Water and Sanitation,0.08,Affordable and Clean Energy,0.74,Decent Work and Economic Growth,0.04,"Industry, Innovation and Infrastructure",0.04,Reduced Inequalities,0.56,Sustainable Cities and Communities,0.04,Responsible Consumption and Production,0.1,Climate Action,0.02,Life Below Water,0.06,Life on Land,0.54,"Peace, Justice and Strong Institutions",0.04,Partnerships for the Goals
VIC_Cardinia_Urban_2025,2025,VIC,47,0.0426,No Poverty,0.0213,Zero Hunger,0.6383,Good Health and Well-being,0.0638,Quality Education,0.0638,Gender Equality,0.0638,Clean Water and Sanitation,0.0851,Affordable and Clean Energy,0.7021,Decent Work and Economic Growth,0.0851,"Industry, Innovation and Infrastructure",0.0,Reduced Inequalities,0.4894,Sustainable Cities and Communities,0.0213,Responsible Consumption and Production,0.234,Climate Action,0.0,Life Below Water,0.1277,Life on Land,0.4043,"Peace, Justice and Strong Institutions",0.0426,Partnerships for the Goals
VIC_Campaspe_Urban_2025,2025,VIC,57,0.0175,No Poverty,0.0175,Zero Hunger,0.5789,Good Health and Well-being,0.1053,Quality Education,0.0702,Gender Equality,0.1754,Clean Water and Sanitation,0.0702,Affordable and Clean Energy,0.6842,Decent Work and Economic Growth,0.0877,"Industry, Innovation and Infrastructure",0.0,Reduced Inequalities,0.4561,Sustainable Cities and Communities,0.1579,Responsible Consumption and Production,0.193,Climate Action,0.0175,Life Below Water,0.1053,Life on Land,0.4211,"Peace, Justice and Strong Institutions",0.0526,Partnerships for the Goals
VIC_Colac Otway_Urban_2025,2025,VIC,1,0.0,No Poverty,0.0,Zero Hunger,0.0,Good Health and Well-being,0.0,Quality Education,0.0,Gender Equality,0.0,Clean Water and Sanitation,0.0,Affordable and Clean Energy,1.0,Decent Work and Economic Growth,1.0,"Industry, Innovation and Infrastructure",0.0,Reduced Inequalities,0.0,Sustainable Cities and Communities,0.0,Responsible Consumption and Production,0.0,Climate Action,1.0,Life Below Water,0.0,Life on Land,0.0,"Peace, Justice and Strong Institutions",0.0,Partnerships for the Goals
VIC_Corangamite_Rural_2025,2025,VIC,26,0.1154,No Poverty,0.0,Zero Hunger,0.6154,Good Health and Well-being,0.1154,Quality Education,0.1538,Gender Equality,0.1154,Clean Water and Sanitation,0.1538,Affordable and Clean Energy,0.6538,Decent Work and Economic Growth,0.0769,"Industry, Innovation and Infrastructure",0.0769,Reduced Inequalities,0.3846,Sustainable Cities and Communities,0.0385,Responsible Consumption and Production,0.2308,Climate Action,0.0,Life Below Water,0.0385,Life on Land,0.3462,"Peace, Justice and Strong Institutions",0.0,Partnerships for the Goals
VIC_Casey_Urban_2025,2025,VIC,82,0.0854,No Poverty,0.0,Zero Hunger,0.7317,Good Health and Well-being,0.0976,Quality Education,0.0732,Gender Equality,0.0,Clean Water and Sanitation,0.0244,Affordable and Clean Energy,0.8049,Decent Work and Economic Growth,0.061,"Industry, Innovation and Infrastructure",0.0244,Reduced Inequalities,0.561,Sustainable Cities and Communities,0.0244,Responsible Consumption and Production,0.0854,Climate Action,0.0,Life Below Water,0.0366,Life on Land,0.4878,"Peace, Justice and Strong Institutions",0.0366,Partnerships for the Goals
VIC_Central Goldfields_Rural_2025,2025,VIC,34,0.1176,No Poverty,0.0882,Zero Hunger,0.5,Good Health and Well-being,0.0588,Quality Education,0.0,Gender Equality,0.0294,Clean Water and Sanitation,0.1176,Affordable and Clean Energy,0.5882,Decent Work and Economic Growth,0.0882,"Industry, Innovation and Infrastructure",0.0,Reduced Inequalities,0.4412,Sustainable Cities and Communities,0.0,Responsible Consumption and Production,0.2353,Climate Action,0.0,Life Below Water,0.0882,Life on Land,0.3235,"Peace, Justice and Strong Institutions",0.0,Partnerships for the Goals
TAS_Latrobe_Rural_2025,2025,TAS,45,0.1111,No Poverty,0.0222,Zero Hunger,0.4667,Good Health and Well-being,0.1111,Quality Education,0.0444,Gender Equality,0.0222,Clean Water and Sanitation,0.0444,Affordable and Clean Energy,0.7111,Decent Work and Economic Growth,0.1778,"Industry, Innovation and Infrastructure",0.0222,Reduced Inequalities,0.4667,Sustainable Cities and Communities,0.0889,Responsible Consumption and Production,0.1556,Climate Action,0.0,Life Below Water,0.0,Life on Land,0.5778,"Peace, Justice and Strong Institutions",0.0222,Partnerships for the Goals
VIC_East Gippsland_Urban_2025,2025,VIC,95,0.0842,No Poverty,0.0,Zero Hunger,0.6,Good Health and Well-being,0.1158,Quality Education,0.0316,Gender Equality,0.0842,Clean Water and Sanitation,0.0211,Affordable and Clean Energy,0.7895,Decent Work and Economic Growth,0.1684,"Industry, Innovation and Infrastructure",0.0105,Reduced Inequalities,0.3368,Sustainable Cities and Communities,0.0842,Responsible Consumption and Production,0.2526,Climate Action,0.0105,Life Below Water,0.0737,Life on Land,0.3684,"Peace, Justice and Strong Institutions",0.0737,Partnerships for the Goals
VIC_Dandenong_Urban_2025,2025,VIC,49,0.1837,No Poverty,0.0,Zero Hunger,0.7551,Good Health and Well-being,0.0612,Quality Education,0.0612,Gender Equality,0.0,Clean Water and Sanitation,0.0204,Affordable and Clean Energy,0.8163,Decent Work and Economic Growth,0.0612,"Industry, Innovation and Infrastructure",0.0408,Reduced Inequalities,0.5306,Sustainable Cities and Communities,0.0612,Responsible Consumption and Production,0.1429,Climate Action,0.0,Life Below Water,0.0204,Life on Land,0.4694,"Peace, Justice and Strong Institutions",0.0612,Partnerships for the Goals
VIC_Darebin_Urban_2025,2025,VIC,81,0.1605,No Poverty,0.0,Zero Hunger,0.6914,Good Health and Well-being,0.0617,Quality Education,0.0864,Gender Equality,0.037,Clean Water and Sanitation,0.0247,Affordable and Clean Energy,0.679,Decent Work and Economic Growth,0.0988,"Industry, Innovation and Infrastructure",0.0247,Reduced Inequalities,0.4938,Sustainable Cities and Communities,0.0494,Responsible Consumption and Production,0.1728,Climate Action,0.0,Life Below Water,0.0494,Life on Land,0.5309,"Peace, Justice and Strong Institutions",0.0247,Partnerships for the Goals
VIC_Gannawarra_Rural_2025,2025,VIC,40,0.05,No Poverty,0.025,Zero Hunger,0.475,Good Health and Well-being,0.075,Quality Education,0.075,Gender Equality,0.1,Clean Water and Sanitation,0.05,Affordable and Clean Energy,0.575,Decent Work and Economic Growth,0.1,"Industry, Innovation and Infrastructure",0.025,Reduced Inequalities,0.4,Sustainable Cities and Communities,0.075,Responsible Consumption and Production,0.2,Climate Action,0.0,Life Below Water,0.05,Life on Land,0.475,"Peace, Justice and Strong Institutions",0.025,Partnerships for the Goals
VIC_Geelong_Urban_2025,2025,VIC,68,0.0294,No Poverty,0.0441,Zero Hunger,0.7059,Good Health and Well-being,0.0294,Quality Education,0.1176,Gender Equality,0.0294,Clean Water and Sanitation,0.0294,Affordable and Clean Energy,0.6176,Decent Work and Economic Growth,0.0735,"Industry, Innovation and Infrastructure",0.0147,Reduced Inequalities,0.3235,Sustainable Cities and Communities,0.0441,Responsible Consumption and Production,0.0735,Climate Action,0.0441,Life Below Water,0.1029,Life on Land,0.4118,"Peace, Justice and Strong Institutions",0.0588,Partnerships for the Goals
VIC_Frankston_Urban_2025,2025,VIC,104,0.1154,No Poverty,0.0288,Zero Hunger,0.6058,Good Health and Well-being,0.125,Quality Education,0.125,Gender Equality,0.0192,Clean Water and Sanitation,0.0096,Affordable and Clean Energy,0.7788,Decent Work and Economic Growth,0.1058,"Industry, Innovation and Infrastructure",0.0,Reduced Inequalities,0.4423,Sustainable Cities and Communities,0.0288,Responsible Consumption and Production,0.125,Climate Action,0.0288,Life Below Water,0.125,Life on Land,0.3269,"Peace, Justice and Strong Institutions",0.0288,Partnerships for the Goals
VIC_Glenelg_Urban_2025,2025,VIC,61,0.082,No Poverty,0.0164,Zero Hunger,0.6885,Good Health and Well-being,0.082,Quality Education,0.082,Gender Equality,0.0328,Clean Water and Sanitation,0.0492,Affordable and Clean Energy,0.7541,Decent Work and Economic Growth,0.2131,"Industry, Innovation and Infrastructure",0.0,Reduced Inequalities,0.5246,Sustainable Cities and Communities,0.0164,Responsible Consumption and Production,0.1311,Climate Action,0.0164,Life Below Water,0.0492,Life on Land,0.3115,"Peace, Justice and Strong Institutions",0.0,Partnerships for the Goals
VIC_Hepburn_Rural_2025,2025,VIC,24,0.0833,No Poverty,0.0,Zero Hunger,0.5833,Good Health and Well-being,0.0,Quality Education,0.0417,Gender Equality,0.0833,Clean Water and Sanitation,0.1667,Affordable and Clean Energy,0.5417,Decent Work and Economic Growth,0.0833,"Industry, Innovation and Infrastructure",0.0,Reduced Inequalities,0.6667,Sustainable Cities and Communities,0.0833,Responsible Consumption and Production,0.3333,Climate Action,0.0,Life Below Water,0.0833,Life on Land,0.6667,"Peace, Justice and Strong Institutions",0.0,Partnerships for the Goals
VIC_Glen Eira_Urban_2025,2025,VIC,95,0.1053,No Poverty,0.0,Zero Hunger,0.6737,Good Health and Well-being,0.0105,Quality Education,0.0947,Gender Equality,0.0211,Clean Water and Sanitation,0.1579,Affordable and Clean Energy,0.6842,Decent Work and Economic Growth,0.0842,"Industry, Innovation and Infrastructure",0.0105,Reduced Inequalities,0.3368,Sustainable Cities and Communities,0.0737,Responsible Consumption and Production,0.3474,Climate Action,0.0105,Life Below Water,0.0526,Life on Land,0.4105,"Peace, Justice and Strong Institutions",0.0105,Partnerships for the Goals
VIC_Golden Plains_Urban_2025,2025,VIC,43,0.0698,No Poverty,0.0,Zero Hunger,0.6512,Good Health and Well-being,0.1395,Quality Education,0.0233,Gender Equality,0.0233,Clean Water and Sanitation,0.0233,Affordable and Clean Energy,0.5349,Decent Work and Economic Growth,0.1628,"Industry, Innovation and Infrastructure",0.0,Reduced Inequalities,0.5116,Sustainable Cities and Communities,0.0465,Responsible Consumption and Production,0.1395,Climate Action,0.0,Life Below Water,0.093,Life on Land,0.2791,"Peace, Justice and Strong Institutions",0.0465,Partnerships for the Goals
VIC_Horsham_Urban_2025,2025,VIC,35,0.0857,No Poverty,0.0,Zero Hunger,0.5429,Good Health and Well-being,0.0571,Quality Education,0.0,Gender Equality,0.0286,Clean Water and Sanitation,0.0,Affordable and Clean Energy,0.6286,Decent Work and Economic Growth,0.0857,"Industry, Innovation and Infrastructure",0.0571,Reduced Inequalities,0.6286,Sustainable Cities and Communities,0.0571,Responsible Consumption and Production,0.2,Climate Action,0.0,Life Below Water,0.1714,Life on Land,0.3714,"Peace, Justice and Strong Institutions",0.0,Partnerships for the Goals
VIC_Hume_Urban_2025,2025,VIC,37,0.1351,No Poverty,0.0,Zero Hunger,0.7568,Good Health and Well-being,0.027,Quality Education,0.0541,Gender Equality,0.0811,Clean Water and Sanitation,0.1351,Affordable and Clean Energy,0.8108,Decent Work and Economic Growth,0.1081,"Industry, Innovation and Infrastructure",0.027,Reduced Inequalities,0.4865,Sustainable Cities and Communities,0.0541,Responsible Consumption and Production,0.1892,Climate Action,0.027,Life Below Water,0.0811,Life on Land,0.5405,"Peace, Justice and Strong Institutions",0.027,Partnerships for the Goals
VIC_Hobsons Bay_Urban_2025,2025,VIC,79,0.1013,No Poverty,0.0127,Zero Hunger,0.6076,Good Health and Well-being,0.1899,Quality Education,0.0506,Gender Equality,0.0127,Clean Water and Sanitation,0.0253,Affordable and Clean Energy,0.5949,Decent Work and Economic Growth,0.0759,"Industry, Innovation and Infrastructure",0.0253,Reduced Inequalities,0.4304,Sustainable Cities and Communities,0.0127,Responsible Consumption and Production,0.1139,Climate Action,0.038,Life Below Water,0.1392,Life on Land,0.4051,"Peace, Justice and Strong Institutions",0.0,Partnerships for the Goals
VIC_Indigo_Rural_2025,2025,VIC,12,0.0833,No Poverty,0.0,Zero Hunger,0.5833,Good Health and Well-being,0.0833,Quality Education,0.0,Gender Equality,0.0833,Clean Water and Sanitation,0.25,Affordable and Clean Energy,0.75,Decent Work and Economic Growth,0.0,"Industry, Innovation and Infrastructure",0.0,Reduced Inequalities,0.4167,Sustainable Cities and Communities,0.0833,Responsible Consumption and Production,0.4167,Climate Action,0.0,Life Below Water,0.0,Life on Land,0.5,"Peace, Justice and Strong Institutions",0.0,Partnerships for the Goals
VIC_Latrobe_Urban_2025,2025,VIC,9,0.0,No Poverty,0.0,Zero Hunger,0.5556,Good Health and Well-being,0.0,Quality Education,0.0,Gender Equality,0.0,Clean Water and Sanitation,0.0,Affordable and Clean Energy,0.7778,Decent Work and Economic Growth,0.0,"Industry, Innovation and Infrastructure",0.0,Reduced Inequalities,0.7778,Sustainable Cities and Communities,0.0,Responsible Consumption and Production,0.1111,Climate Action,0.0,Life Below Water,0.0,Life on Land,0.6667,"Peace, Justice and Strong Institutions",0.0,Partnerships for the Goals
VIC_Knox_Urban_2025,2025,VIC,63,0.1111,No Poverty,0.0317,Zero Hunger,0.5873,Good Health and Well-being,0.1111,Quality Education,0.0952,Gender Equality,0.0317,Clean Water and Sanitation,0.0317,Affordable and Clean Energy,0.6032,Decent Work and Economic Growth,0.0952,"Industry, Innovation and Infrastructure",0.0,Reduced Inequalities,0.5873,Sustainable Cities and Communities,0.0317,Responsible Consumption and Production,0.1111,Climate Action,0.0,Life Below Water,0.0635,Life on Land,0.4444,"Peace, Justice and Strong Institutions",0.0159,Partnerships for the Goals
VIC_Loddon_Rural_2025,2025,VIC,121,0.124,No Poverty,0.0083,Zero Hunger,0.5372,Good Health and Well-being,0.124,Quality Education,0.0331,Gender Equality,0.0909,Clean Water and Sanitation,0.0083,Affordable and Clean Energy,0.6281,Decent Work and Economic Growth,0.0661,"Industry, Innovation and Infrastructure",0.0,Reduced Inequalities,0.5702,Sustainable Cities and Communities,0.0,Responsible Consumption and Production,0.1322,Climate Action,0.0248,Life Below Water,0.0744,Life on Land,0.3719,"Peace, Justice and Strong Institutions",0.0496,Partnerships for the Goals
VIC_Macedon Ranges_Urban_2025,2025,VIC,70,0.0429,No Poverty,0.0,Zero Hunger,0.5714,Good Health and Well-being,0.0429,Quality Education,0.0714,Gender Equality,0.0143,Clean Water and Sanitation,0.0571,Affordable and Clean Energy,0.5571,Decent Work and Economic Growth,0.1429,"Industry, Innovation and Infrastructure",0.0143,Reduced Inequalities,0.3714,Sustainable Cities and Communities,0.0429,Responsible Consumption and Production,0.2429,Climate Action,0.0,Life Below Water,0.1,Life on Land,0.4286,"Peace, Justice and Strong Institutions",0.0429,Partnerships for the Goals
VIC_Mansfield_Rural_2025,2025,VIC,50,0.02,No Poverty,0.0,Zero Hunger,0.6,Good Health and Well-being,0.04,Quality Education,0.04,Gender Equality,0.08,Clean Water and Sanitation,0.02,Affordable and Clean Energy,0.58,Decent Work and Economic Growth,0.06,"Industry, Innovation and Infrastructure",0.0,Reduced Inequalities,0.52,Sustainable Cities and Communities,0.1,Responsible Consumption and Production,0.18,Climate Action,0.0,Life Below Water,0.1,Life on Land,0.24,"Peace, Justice and Strong Institutions",0.06,Partnerships for the Goals
VIC_Manningham_Urban_2025,2025,VIC,242,0.0372,No Poverty,0.0289,Zero Hunger,0.686,Good Health and Well-being,0.0826,Quality Education,0.0455,Gender Equality,0.1116,Clean Water and Sanitation,0.0496,Affordable and Clean Energy,0.5537,Decent Work and Economic Growth,0.062,"Industry, Innovation and Infrastructure",0.0083,Reduced Inequalities,0.314,Sustainable Cities and Communities,0.0702,Responsible Consumption and Production,0.1901,Climate Action,0.0248,Life Below Water,0.2025,Life on Land,0.2025,"Peace, Justice and Strong Institutions",0.0165,Partnerships for the Goals
NSW_Wollondilly_Urban_2025,2025,NSW,95,0.1474,No Poverty,0.0421,Zero Hunger,0.5684,Good Health and Well-being,0.0947,Quality Education,0.0526,Gender Equality,0.0526,Clean Water and Sanitation,0.0737,Affordable and Clean Energy,0.8,Decent Work and Economic Growth,0.1579,"Industry, Innovation and Infrastructure",0.0105,Reduced Inequalities,0.4105,Sustainable Cities and Communities,0.0421,Responsible Consumption and Production,0.2632,Climate Action,0.0,Life Below Water,0.1158,Life on Land,0.2842,"Peace, Justice and Strong Institutions",0.0,Partnerships for the Goals
VIC_Melbourne_Urban_2025,2025,VIC,81,0.0741,No Poverty,0.0123,Zero Hunger,0.5926,Good Health and Well-being,0.0988,Quality Education,0.1852,Gender Equality,0.037,Clean Water and Sanitation,0.1358,Affordable and Clean Energy,0.8148,Decent Work and Economic Growth,0.0617,"Industry, Innovation and Infrastructure",0.0123,Reduced Inequalities,0.4568,Sustainable Cities and Communities,0.1235,Responsible Consumption and Production,0.321,Climate Action,0.0,Life Below Water,0.0494,Life on Land,0.4074,"Peace, Justice and Strong Institutions",0.1235,Partnerships for the Goals
VIC_Maroondah_Urban_2025,2025,VIC,143,0.0769,No Poverty,0.021,Zero Hunger,0.6014,Good Health and Well-being,0.1469,Quality Education,0.0909,Gender Equality,0.0629,Clean Water and Sanitation,0.042,Affordable and Clean Energy,0.6154,Decent Work and Economic Growth,0.0979,"Industry, Innovation and Infrastructure",0.007,Reduced Inequalities,0.4336,Sustainable Cities and Communities,0.0629,Responsible Consumption and Production,0.1329,Climate Action,0.0,Life Below Water,0.0699,Life on Land,0.3636,"Peace, Justice and Strong Institutions",0.0769,Partnerships for the Goals
VIC_Melton_Urban_2025,2025,VIC,51,0.1373,No Poverty,0.0196,Zero Hunger,0.5882,Good Health and Well-being,0.1569,Quality Education,0.1373,Gender Equality,0.0,Clean Water and Sanitation,0.0,Affordable and Clean Energy,0.7843,Decent Work and Economic Growth,0.1373,"Industry, Innovation and Infrastructure",0.0196,Reduced Inequalities,0.4706,Sustainable Cities and Communities,0.0196,Responsible Consumption and Production,0.0588,Climate Action,0.0,Life Below Water,0.0588,Life on Land,0.3529,"Peace, Justice and Strong Institutions",0.0392,Partnerships for the Goals
SA_Goyder_Rural_2025,2025,SA,72,0.0556,No Poverty,0.0278,Zero Hunger,0.5139,Good Health and Well-being,0.0556,Quality Education,0.125,Gender Equality,0.0694,Clean Water and Sanitation,0.0833,Affordable and Clean Energy,0.6528,Decent Work and Economic Growth,0.0694,"Industry, Innovation and Infrastructure",0.0278,Reduced Inequalities,0.4444,Sustainable Cities and Communities,0.0417,Responsible Consumption and Production,0.1667,Climate Action,0.0139,Life Below Water,0.0972,Life on Land,0.3333,"Peace, Justice and Strong Institutions",0.0,Partnerships for the Goals
VIC_Mildura_Urban_2025,2025,VIC,38,0.0789,No Poverty,0.0,Zero Hunger,0.6053,Good Health and Well-being,0.1316,Quality Education,0.0263,Gender Equality,0.1316,Clean Water and Sanitation,0.0789,Affordable and Clean Energy,0.7368,Decent Work and Economic Growth,0.1842,"Industry, Innovation and Infrastructure",0.0,Reduced Inequalities,0.3947,Sustainable Cities and Communities,0.0263,Responsible Consumption and Production,0.3684,Climate Action,0.0263,Life Below Water,0.1053,Life on Land,0.2105,"Peace, Justice and Strong Institutions",0.0263,Partnerships for the Goals
VIC_Merri Bek_Urban_2025,2025,VIC,86,0.093,No Poverty,0.0,Zero Hunger,0.7209,Good Health and Well-being,0.1628,Quality Education,0.1395,Gender Equality,0.0349,Clean Water and Sanitation,0.0698,Affordable and Clean Energy,0.814,Decent Work and Economic Growth,0.0465,"Industry, Innovation and Infrastructure",0.0349,Reduced Inequalities,0.3721,Sustainable Cities and Communities,0.0116,Responsible Consumption and Production,0.2326,Climate Action,0.0,Life Below Water,0.0581,Life on Land,0.4767,"Peace, Justice and Strong Institutions",0.0233,Partnerships for the Goals
VIC_Moira_Urban_2025,2025,VIC,35,0.0571,No Poverty,0.0,Zero Hunger,0.5429,Good Health and Well-being,0.0571,Quality Education,0.0286,Gender Equality,0.0571,Clean Water and Sanitation,0.0,Affordable and Clean Energy,0.6286,Decent Work and Economic Growth,0.0857,"Industry, Innovation and Infrastructure",0.0286,Reduced Inequalities,0.5429,Sustainable Cities and Communities,0.1143,Responsible Consumption and Production,0.0857,Climate Action,0.0571,Life Below Water,0.0286,Life on Land,0.5143,"Peace, Justice and Strong Institutions",0.0,Partnerships for the Goals
VIC_Monash_Urban_2025,2025,VIC,89,0.0562,No Poverty,0.0,Zero Hunger,0.618,Good Health and Well-being,0.1236,Quality Education,0.1685,Gender Equality,0.0449,Clean Water and Sanitation,0.0562,Affordable and Clean Energy,0.6292,Decent Work and Economic Growth,0.0449,"Industry, Innovation and Infrastructure",0.0112,Reduced Inequalities,0.3483,Sustainable Cities and Communities,0.0899,Responsible Consumption and Production,0.1573,Climate Action,0.0112,Life Below Water,0.1011,Life on Land,0.4607,"Peace, Justice and Strong Institutions",0.0225,Partnerships for the Goals
VIC_Moonee Valley_Urban_2025,2025,VIC,76,0.0921,No Poverty,0.0132,Zero Hunger,0.6711,Good Health and Well-being,0.1316,Quality Education,0.1316,Gender Equality,0.0395,Clean Water and Sanitation,0.0789,Affordable and Clean Energy,0.75,Decent Work and Economic Growth,0.0263,"Industry, Innovation and Infrastructure",0.0526,Reduced Inequalities,0.4474,Sustainable Cities and Communities,0.0658,Responsible Consumption and Production,0.1711,Climate Action,0.0,Life Below Water,0.0658,Life on Land,0.5789,"Peace, Justice and Strong Institutions",0.0263,Partnerships for the Goals
VIC_Moorabool_Urban_2025,2025,VIC,15,0.0667,No Poverty,0.0,Zero Hunger,0.4667,Good Health and Well-being,0.1333,Quality Education,0.0,Gender Equality,0.1333,Clean Water and Sanitation,0.0,Affordable and Clean Energy,0.6667,Decent Work and Economic Growth,0.0,"Industry, Innovation and Infrastructure",0.0667,Reduced Inequalities,0.3333,Sustainable Cities and Communities,0.0667,Responsible Consumption and Production,0.1333,Climate Action,0.0,Life Below Water,0.0667,Life on Land,0.7333,"Peace, Justice and Strong Institutions",0.0,Partnerships for the Goals
VIC_Mount Alexander_Urban_2025,2025,VIC,31,0.129,No Poverty,0.0645,Zero Hunger,0.6129,Good Health and Well-being,0.0968,Quality Education,0.0323,Gender Equality,0.0323,Clean Water and Sanitation,0.0,Affordable and Clean Energy,0.6452,Decent Work and Economic Growth,0.0645,"Industry, Innovation and Infrastructure",0.0,Reduced Inequalities,0.4839,Sustainable Cities and Communities,0.129,Responsible Consumption and Production,0.0968,Climate Action,0.0,Life Below Water,0.0645,Life on Land,0.2903,"Peace, Justice and Strong Institutions",0.0323,Partnerships for the Goals
VIC_Moyne_Rural_2025,2025,VIC,28,0.0357,No Poverty,0.0,Zero Hunger,0.6071,Good Health and Well-being,0.0714,Quality Education,0.0714,Gender Equality,0.0357,Clean Water and Sanitation,0.0357,Affordable and Clean Energy,0.8929,Decent Work and Economic Growth,0.0357,"Industry, Innovation and Infrastructure",0.0,Reduced Inequalities,0.4286,Sustainable Cities and Communities,0.0714,Responsible Consumption and Production,0.0357,Climate Action,0.0,Life Below Water,0.0,Life on Land,0.3929,"Peace, Justice and Strong Institutions",0.1429,Partnerships for the Goals
VIC_Mornington Peninsula_Urban_2025,2025,VIC,125,0.072,No Poverty,0.064,Zero Hunger,0.6,Good Health and Well-being,0.144,Quality Education,0.056,Gender Equality,0.048,Clean Water and Sanitation,0.072,Affordable and Clean Energy,0.696,Decent Work and Economic Growth,0.08,"Industry, Innovation and Infrastructure",0.0,Reduced Inequalities,0.288,Sustainable Cities and Communities,0.056,Responsible Consumption and Production,0.176,Climate Action,0.032,Life Below Water,0.08,Life on Land,0.336,"Peace, Justice and Strong Institutions",0.064,Partnerships for the Goals
VIC_Northern Grampians_Rural_2025,2025,VIC,71,0.169,No Poverty,0.0,Zero Hunger,0.7042,Good Health and Well-being,0.1268,Quality Education,0.0141,Gender Equality,0.0563,Clean Water and Sanitation,0.0141,Affordable and Clean Energy,0.6761,Decent Work and Economic Growth,0.0563,"Industry, Innovation and Infrastructure",0.0141,Reduced Inequalities,0.493,Sustainable Cities and Communities,0.0563,Responsible Consumption and Production,0.1831,Climate Action,0.0,Life Below Water,0.0563,Life on Land,0.2113,"Peace, Justice and Strong Institutions",0.0,Partnerships for the Goals
VIC_Port Phillip_Urban_2025,2025,VIC,16,0.0,No Poverty,0.0,Zero Hunger,0.875,Good Health and Well-being,0.0,Quality Education,0.0625,Gender Equality,0.0,Clean Water and Sanitation,0.0625,Affordable and Clean Energy,0.6875,Decent Work and Economic Growth,0.0625,"Industry, Innovation and Infrastructure",0.0625,Reduced Inequalities,0.625,Sustainable Cities and Communities,0.0625,Responsible Consumption and Production,0.125,Climate Action,0.0625,Life Below Water,0.125,Life on Land,0.25,"Peace, Justice and Strong Institutions",0.0,Partnerships for the Goals
VIC_Nillumbik_Urban_2025,2025,VIC,97,0.134,No Poverty,0.0,Zero Hunger,0.5155,Good Health and Well-being,0.1031,Quality Education,0.0722,Gender Equality,0.0309,Clean Water and Sanitation,0.0619,Affordable and Clean Energy,0.567,Decent Work and Economic Growth,0.0619,"Industry, Innovation and Infrastructure",0.0,Reduced Inequalities,0.3711,Sustainable Cities and Communities,0.0515,Responsible Consumption and Production,0.1959,Climate Action,0.0,Life Below Water,0.1959,Life on Land,0.3505,"Peace, Justice and Strong Institutions",0.0206,Partnerships for the Goals
TAS_Northern Midlands_Rural_2025,2025,TAS,45,0.0667,No Poverty,0.0,Zero Hunger,0.5556,Good Health and Well-being,0.0444,Quality Education,0.0,Gender Equality,0.1111,Clean Water and Sanitation,0.1111,Affordable and Clean Energy,0.7111,Decent Work and Economic Growth,0.1111,"Industry, Innovation and Infrastructure",0.0,Reduced Inequalities,0.5556,Sustainable Cities and Communities,0.0222,Responsible Consumption and Production,0.2667,Climate Action,0.0,Life Below Water,0.0667,Life on Land,0.2889,"Peace, Justice and Strong Institutions",0.0444,Partnerships for the Goals
VIC_Pyrenees_Rural_2025,2025,VIC,44,0.0682,No Poverty,0.0,Zero Hunger,0.4773,Good Health and Well-being,0.1136,Quality Education,0.0,Gender Equality,0.1591,Clean Water and Sanitation,0.0682,Affordable and Clean Energy,0.6364,Decent Work and Economic Growth,0.0909,"Industry, Innovation and Infrastructure",0.0227,Reduced Inequalities,0.4545,Sustainable Cities and Communities,0.0682,Responsible Consumption and Production,0.2045,Climate Action,0.0,Life Below Water,0.0682,Life on Land,0.2955,"Peace, Justice and Strong Institutions",0.0455,Partnerships for the Goals
VIC_Queenscliffe_Urban_2025,2025,VIC,32,0.0625,No Poverty,0.0312,Zero Hunger,0.5938,Good Health and Well-being,0.0312,Quality Education,0.0625,Gender Equality,0.0625,Clean Water and Sanitation,0.0,Affordable and Clean Energy,0.625,Decent Work and Economic Growth,0.0312,"Industry, Innovation and Infrastructure",0.0,Reduced Inequalities,0.7188,Sustainable Cities and Communities,0.0938,Responsible Consumption and Production,0.125,Climate Action,0.0625,Life Below Water,0.0938,Life on Land,0.3438,"Peace, Justice and Strong Institutions",0.0312,Partnerships for the Goals
VIC_Southern Grampians_Rural_2025,2025,VIC,8,0.125,No Poverty,0.125,Zero Hunger,0.375,Good Health and Well-being,0.125,Quality Education,0.0,Gender Equality,0.25,Clean Water and Sanitation,0.125,Affordable and Clean Energy,0.625,Decent Work and Economic Growth,0.25,"Industry, Innovation and Infrastructure",0.0,Reduced Inequalities,0.375,Sustainable Cities and Communities,0.125,Responsible Consumption and Production,0.375,Climate Action,0.0,Life Below Water,0.0,Life on Land,0.25,"Peace, Justice and Strong Institutions",0.125,Partnerships for the Goals
VIC_Shepparton_Urban_2025,2025,VIC,52,0.0385,No Poverty,0.0385,Zero Hunger,0.6346,Good Health and Well-being,0.0769,Quality Education,0.0385,Gender Equality,0.1154,Clean Water and Sanitation,0.0192,Affordable and Clean Energy,0.6731,Decent Work and Economic Growth,0.0769,"Industry, Innovation and Infrastructure",0.0192,Reduced Inequalities,0.4808,Sustainable Cities and Communities,0.0962,Responsible Consumption and Production,0.1154,Climate Action,0.0,Life Below Water,0.0,Life on Land,0.4038,"Peace, Justice and Strong Institutions",0.0769,Partnerships for the Goals
VIC_South Gippsland_Urban_2025,2025,VIC,48,0.1458,No Poverty,0.0208,Zero Hunger,0.5625,Good Health and Well-being,0.0417,Quality Education,0.0417,Gender Equality,0.0417,Clean Water and Sanitation,0.0208,Affordable and Clean Energy,0.5625,Decent Work and Economic Growth,0.0417,"Industry, Innovation and Infrastructure",0.0,Reduced Inequalities,0.6042,Sustainable Cities and Communities,0.0417,Responsible Consumption and Production,0.3125,Climate Action,0.0208,Life Below Water,0.125,Life on Land,0.5208,"Peace, Justice and Strong Institutions",0.0833,Partnerships for the Goals
VIC_Stonnington_Urban_2025,2025,VIC,26,0.0,No Poverty,0.0,Zero Hunger,0.6538,Good Health and Well-being,0.0769,Quality Education,0.0385,Gender Equality,0.0769,Clean Water and Sanitation,0.0769,Affordable and Clean Energy,0.9231,Decent Work and Economic Growth,0.2308,"Industry, Innovation and Infrastructure",0.0,Reduced Inequalities,0.4615,Sustainable Cities and Communities,0.0,Responsible Consumption and Production,0.2692,Climate Action,0.0,Life Below Water,0.0769,Life on Land,0.5385,"Peace, Justice and Strong Institutions",0.0769,Partnerships for the Goals
VIC_Surf Coast_Urban_2025,2025,VIC,1,0.0,No Poverty,0.0,Zero Hunger,1.0,Good Health and Well-being,0.0,Quality Education,0.0,Gender Equality,0.0,Clean Water and Sanitation,0.0,Affordable and Clean Energy,1.0,Decent Work and Economic Growth,0.0,"Industry, Innovation and Infrastructure",0.0,Reduced Inequalities,0.0,Sustainable Cities and Communities,0.0,Responsible Consumption and Production,0.0,Climate Action,0.0,Life Below Water,0.0,Life on Land,1.0,"Peace, Justice and Strong Institutions",0.0,Partnerships for the Goals
VIC_Strathbogie_Rural_2025,2025,VIC,48,0.125,No Poverty,0.0417,Zero Hunger,0.6042,Good Health and Well-being,0.125,Quality Education,0.125,Gender Equality,0.0833,Clean Water and Sanitation,0.0833,Affordable and Clean Energy,0.7708,Decent Work and Economic Growth,0.125,"Industry, Innovation and Infrastructure",0.0,Reduced Inequalities,0.4375,Sustainable Cities and Communities,0.0208,Responsible Consumption and Production,0.2708,Climate Action,0.0,Life Below Water,0.0625,Life on Land,0.375,"Peace, Justice and Strong Institutions",0.0417,Partnerships for the Goals
VIC_Towong_Rural_2025,2025,VIC,38,0.0789,No Poverty,0.0263,Zero Hunger,0.5526,Good Health and Well-being,0.1316,Quality Education,0.0,Gender Equality,0.0263,Clean Water and Sanitation,0.0526,Affordable and Clean Energy,0.7105,Decent Work and Economic Growth,0.1053,"Industry, Innovation and Infrastructure",0.0526,Reduced Inequalities,0.5263,Sustainable Cities and Communities,0.0,Responsible Consumption and Production,0.2105,Climate Action,0.0,Life Below Water,0.2105,Life on Land,0.2632,"Peace, Justice and Strong Institutions",0.0,Partnerships for the Goals
VIC_Warrnambool_Urban_2025,2025,VIC,26,0.0385,No Poverty,0.0,Zero Hunger,0.3846,Good Health and Well-being,0.0,Quality Education,0.0,Gender Equality,0.0,Clean Water and Sanitation,0.0,Affordable and Clean Energy,0.6154,Decent Work and Economic Growth,0.0385,"Industry, Innovation and Infrastructure",0.0,Reduced Inequalities,0.6154,Sustainable Cities and Communities,0.0,Responsible Consumption and Production,0.1154,Climate Action,0.1154,Life Below Water,0.0769,Life on Land,0.3077,"Peace, Justice and Strong Institutions",0.0385,Partnerships for the Goals
VIC_Wangaratta_Urban_2025,2025,VIC,53,0.0377,No Poverty,0.0189,Zero Hunger,0.5094,Good Health and Well-being,0.0,Quality Education,0.0189,Gender Equality,0.0755,Clean Water and Sanitation,0.0566,Affordable and Clean Energy,0.6792,Decent Work and Economic Growth,0.0943,"Industry, Innovation and Infrastructure",0.0,Reduced Inequalities,0.434,Sustainable Cities and Communities,0.0755,Responsible Consumption and Production,0.1509,Climate Action,0.0,Life Below Water,0.0943,Life on Land,0.4528,"Peace, Justice and Strong Institutions",0.0189,Partnerships for the Goals
VIC_Wellington_Urban_2025,2025,VIC,62,0.0484,No Poverty,0.0323,Zero Hunger,0.629,Good Health and Well-being,0.0645,Quality Education,0.0968,Gender Equality,0.0806,Clean Water and Sanitation,0.0484,Affordable and Clean Energy,0.6774,Decent Work and Economic Growth,0.0484,"Industry, Innovation and Infrastructure",0.0161,Reduced Inequalities,0.4839,Sustainable Cities and Communities,0.0323,Responsible Consumption and Production,0.2097,Climate Action,0.0323,Life Below Water,0.1129,Life on Land,0.371,"Peace, Justice and Strong Institutions",0.0161,Partnerships for the Goals
VIC_Yarra Ranges_Urban_2025,2025,VIC,18,0.1667,No Poverty,0.0,Zero Hunger,0.7778,Good Health and Well-being,0.0,Quality Education,0.1667,Gender Equality,0.0,Clean Water and Sanitation,0.0,Affordable and Clean Energy,0.7222,Decent Work and Economic Growth,0.0556,"Industry, Innovation and Infrastructure",0.0,Reduced Inequalities,0.5,Sustainable Cities and Communities,0.0,Responsible Consumption and Production,0.1111,Climate Action,0.0,Life Below Water,0.0556,Life on Land,0.4444,"Peace, Justice and Strong Institutions",0.0,Partnerships for the Goals
VIC_Wodonga_Urban_2025,2025,VIC,65,0.0923,No Poverty,0.0,Zero Hunger,0.6923,Good Health and Well-being,0.0615,Quality Education,0.0462,Gender Equality,0.0308,Clean Water and Sanitation,0.0615,Affordable and Clean Energy,0.7538,Decent Work and Economic Growth,0.0462,"Industry, Innovation and Infrastructure",0.0308,Reduced Inequalities,0.4462,Sustainable Cities and Communities,0.0769,Responsible Consumption and Production,0.1692,Climate Action,0.0,Life Below Water,0.0308,Life on Land,0.5692,"Peace, Justice and Strong Institutions",0.0462,Partnerships for the Goals
VIC_Yarra_Urban_2025,2025,VIC,60,0.05,No Poverty,0.0167,Zero Hunger,0.6833,Good Health and Well-being,0.0833,Quality Education,0.0833,Gender Equality,0.0333,Clean Water and Sanitation,0.1167,Affordable and Clean Energy,0.75,Decent Work and Economic Growth,0.0,"Industry, Innovation and Infrastructure",0.0,Reduced Inequalities,0.4667,Sustainable Cities and Communities,0.0167,Responsible Consumption and Production,0.2333,Climate Action,0.0,Life Below Water,0.1167,Life on Land,0.3333,"Peace, Justice and Strong Institutions",0.05,Partnerships for the Goals
WA_Albany_Urban_2025,2025,WA,18,0.0556,No Poverty,0.0,Zero Hunger,0.7778,Good Health and Well-being,0.2222,Quality Education,0.0,Gender Equality,0.0,Clean Water and Sanitation,0.0,Affordable and Clean Energy,0.7778,Decent Work and Economic Growth,0.0556,"Industry, Innovation and Infrastructure",0.0,Reduced Inequalities,0.8333,Sustainable Cities and Communities,0.0,Responsible Consumption and Production,0.0556,Climate Action,0.1111,Life Below Water,0.0,Life on Land,0.1111,"Peace, Justice and Strong Institutions",0.0556,Partnerships for the Goals
VIC_Whitehorse_Urban_2025,2025,VIC,83,0.1446,No Poverty,0.012,Zero Hunger,0.6506,Good Health and Well-being,0.1687,Quality Education,0.0723,Gender Equality,0.1084,Clean Water and Sanitation,0.0482,Affordable and Clean Energy,0.7229,Decent Work and Economic Growth,0.0482,"Industry, Innovation and Infrastructure",0.012,Reduced Inequalities,0.4578,Sustainable Cities and Communities,0.0361,Responsible Consumption and Production,0.1807,Climate Action,0.0,Life Below Water,0.1325,Life on Land,0.3494,"Peace, Justice and Strong Institutions",0.0241,Partnerships for the Goals
VIC_Yarriambiack_Rural_2025,2025,VIC,72,0.0417,No Poverty,0.0,Zero Hunger,0.5,Good Health and Well-being,0.2222,Quality Education,0.0833,Gender Equality,0.0556,Clean Water and Sanitation,0.0139,Affordable and Clean Energy,0.6111,Decent Work and Economic Growth,0.0833,"Industry, Innovation and Infrastructure",0.0139,Reduced Inequalities,0.2917,Sustainable Cities and Communities,0.0833,Responsible Consumption and Production,0.1111,Climate Action,0.0139,Life Below Water,0.0278,Life on Land,0.3333,"Peace, Justice and Strong Institutions",0.0694,Partnerships for the Goals
WA_Ashburton_Rural_2025,2025,WA,8,0.125,No Poverty,0.0,Zero Hunger,0.875,Good Health and Well-being,0.0,Quality Education,0.0,Gender Equality,0.0,Clean Water and Sanitation,0.125,Affordable and Clean Energy,0.75,Decent Work and Economic Growth,0.25,"Industry, Innovation and Infrastructure",0.125,Reduced Inequalities,0.5,Sustainable Cities and Communities,0.0,Responsible Consumption and Production,0.0,Climate Action,0.0,Life Below Water,0.0,Life on Land,0.25,"Peace, Justice and Strong Institutions",0.25,Partnerships for the Goals
WA_Bassendean_Urban_2025,2025,WA,16,0.0625,No Poverty,0.0,Zero Hunger,0.5625,Good Health and Well-being,0.0,Quality Education,0.0,Gender Equality,0.25,Clean Water and Sanitation,0.0625,Affordable and Clean Energy,0.5625,Decent Work and Economic Growth,0.0625,"Industry, Innovation and Infrastructure",0.0,Reduced Inequalities,0.5625,Sustainable Cities and Communities,0.0625,Responsible Consumption and Production,0.5,Climate Action,0.0,Life Below Water,0.375,Life on Land,0.25,"Peace, Justice and Strong Institutions",0.0,Partnerships for the Goals
WA_Belmont_Urban_2025,2025,WA,21,0.0,No Poverty,0.0,Zero Hunger,0.6667,Good Health and Well-being,0.0476,Quality Education,0.0,Gender Equality,0.0952,Clean Water and Sanitation,0.0952,Affordable and Clean Energy,0.5714,Decent Work and Economic Growth,0.1905,"Industry, Innovation and Infrastructure",0.0,Reduced Inequalities,0.7619,Sustainable Cities and Communities,0.0,Responsible Consumption and Production,0.381,Climate Action,0.0,Life Below Water,0.0952,Life on Land,0.5238,"Peace, Justice and Strong Institutions",0.0952,Partnerships for the Goals
WA_Beverley_Rural_2025,2025,WA,10,0.0,No Poverty,0.0,Zero Hunger,0.3,Good Health and Well-being,0.0,Quality Education,0.0,Gender Equality,0.0,Clean Water and Sanitation,0.0,Affordable and Clean Energy,0.8,Decent Work and Economic Growth,0.1,"Industry, Innovation and Infrastructure",0.0,Reduced Inequalities,0.7,Sustainable Cities and Communities,0.1,Responsible Consumption and Production,0.0,Climate Action,0.0,Life Below Water,0.0,Life on Land,0.4,"Peace, Justice and Strong Institutions",0.0,Partnerships for the Goals
WA_Bridgetown Greenbushes_Rural_2025,2025,WA,16,0.0625,No Poverty,0.0,Zero Hunger,0.6875,Good Health and Well-being,0.0,Quality Education,0.0,Gender Equality,0.0,Clean Water and Sanitation,0.0625,Affordable and Clean Energy,0.75,Decent Work and Economic Growth,0.0625,"Industry, Innovation and Infrastructure",0.0,Reduced Inequalities,0.75,Sustainable Cities and Communities,0.0625,Responsible Consumption and Production,0.1875,Climate Action,0.0,Life Below Water,0.125,Life on Land,0.375,"Peace, Justice and Strong Institutions",0.0,Partnerships for the Goals
WA_Boddington_Rural_2025,2025,WA,3,0.0,No Poverty,0.0,Zero Hunger,1.0,Good Health and Well-being,0.0,Quality Education,0.0,Gender Equality,0.0,Clean Water and Sanitation,0.0,Affordable and Clean Energy,1.0,Decent Work and Economic Growth,0.0,"Industry, Innovation and Infrastructure",0.0,Reduced Inequalities,1.0,Sustainable Cities and Communities,0.0,Responsible Consumption and Production,0.3333,Climate Action,0.0,Life Below Water,0.0,Life on Land,1.0,"Peace, Justice and Strong Institutions",0.0,Partnerships for the Goals
WA_Boyup Brooke_Rural_2025,2025,WA,32,0.0938,No Poverty,0.0,Zero Hunger,0.8125,Good Health and Well-being,0.1875,Quality Education,0.0,Gender Equality,0.1875,Clean Water and Sanitation,0.0,Affordable and Clean Energy,0.7812,Decent Work and Economic Growth,0.0312,"Industry, Innovation and Infrastructure",0.0312,Reduced Inequalities,0.6875,Sustainable Cities and Communities,0.0625,Responsible Consumption and Production,0.2812,Climate Action,0.0,Life Below Water,0.1875,Life on Land,0.3125,"Peace, Justice and Strong Institutions",0.0312,Partnerships for the Goals
WA_Bayswater_Urban_2025,2025,WA,110,0.0727,No Poverty,0.0091,Zero Hunger,0.7091,Good Health and Well-being,0.0545,Quality Education,0.0182,Gender Equality,0.1,Clean Water and Sanitation,0.0273,Affordable and Clean Energy,0.7182,Decent Work and Economic Growth,0.0545,"Industry, Innovation and Infrastructure",0.0182,Reduced Inequalities,0.7727,Sustainable Cities and Communities,0.0364,Responsible Consumption and Production,0.1727,Climate Action,0.0,Life Below Water,0.0818,Life on Land,0.3636,"Peace, Justice and Strong Institutions",0.0182,Partnerships for the Goals
WA_Broomehill Tambellup_Rural_2025,2025,WA,11,0.0,No Poverty,0.0,Zero Hunger,0.3636,Good Health and Well-being,0.1818,Quality Education,0.0,Gender Equality,0.0,Clean Water and Sanitation,0.0,Affordable and Clean Energy,0.5455,Decent Work and Economic Growth,0.0909,"Industry, Innovation and Infrastructure",0.0,Reduced Inequalities,0.6364,Sustainable Cities and Communities,0.0,Responsible Consumption and Production,0.1818,Climate Action,0.0,Life Below Water,0.0,Life on Land,0.8182,"Peace, Justice and Strong Institutions",0.0,Partnerships for the Goals
WA_Bunbury_Urban_2025,2025,WA,50,0.06,No Poverty,0.0,Zero Hunger,0.56,Good Health and Well-being,0.04,Quality Education,0.06,Gender Equality,0.04,Clean Water and Sanitation,0.08,Affordable and Clean Energy,0.8,Decent Work and Economic Growth,0.28,"Industry, Innovation and Infrastructure",0.0,Reduced Inequalities,0.56,Sustainable Cities and Communities,0.1,Responsible Consumption and Production,0.18,Climate Action,0.0,Life Below Water,0.0,Life on Land,0.38,"Peace, Justice and Strong Institutions",0.06,Partnerships for the Goals
WA_Busselton_Urban_2025,2025,WA,10,0.2,No Poverty,0.0,Zero Hunger,0.6,Good Health and Well-being,0.0,Quality Education,0.0,Gender Equality,0.1,Clean Water and Sanitation,0.0,Affordable and Clean Energy,0.6,Decent Work and Economic Growth,0.0,"Industry, Innovation and Infrastructure",0.0,Reduced Inequalities,0.6,Sustainable Cities and Communities,0.1,Responsible Consumption and Production,0.3,Climate Action,0.0,Life Below Water,0.3,Life on Land,0.3,"Peace, Justice and Strong Institutions",0.1,Partnerships for the Goals
WA_Cambridge_Urban_2025,2025,WA,21,0.0952,No Poverty,0.0,Zero Hunger,0.4762,Good Health and Well-being,0.1429,Quality Education,0.0,Gender Equality,0.0952,Clean Water and Sanitation,0.0952,Affordable and Clean Energy,0.619,Decent Work and Economic Growth,0.1429,"Industry, Innovation and Infrastructure",0.0,Reduced Inequalities,0.381,Sustainable Cities and Communities,0.0476,Responsible Consumption and Production,0.0952,Climate Action,0.0,Life Below Water,0.1429,Life on Land,0.381,"Peace, Justice and Strong Institutions",0.0476,Partnerships for the Goals
WA_Bruce Rock_Rural_2025,2025,WA,12,0.1667,No Poverty,0.0,Zero Hunger,0.75,Good Health and Well-being,0.0,Quality Education,0.0833,Gender Equality,0.0,Clean Water and Sanitation,0.0833,Affordable and Clean Energy,0.8333,Decent Work and Economic Growth,0.1667,"Industry, Innovation and Infrastructure",0.0,Reduced Inequalities,0.6667,Sustainable Cities and Communities,0.0833,Responsible Consumption and Production,0.1667,Climate Action,0.0,Life Below Water,0.0833,Life on Land,0.5833,"Peace, Justice and Strong Institutions",0.0,Partnerships for the Goals
WA_Broome_Rural_2025,2025,WA,22,0.0455,No Poverty,0.0,Zero Hunger,0.6818,Good Health and Well-being,0.1364,Quality Education,0.0,Gender Equality,0.0,Clean Water and Sanitation,0.1364,Affordable and Clean Energy,0.7273,Decent Work and Economic Growth,0.0909,"Industry, Innovation and Infrastructure",0.0,Reduced Inequalities,0.5,Sustainable Cities and Communities,0.0,Responsible Consumption and Production,0.0909,Climate Action,0.0909,Life Below Water,0.0455,Life on Land,0.2727,"Peace, Justice and Strong Institutions",0.0,Partnerships for the Goals
WA_Capel_Rural_2025,2025,WA,69,0.029,No Poverty,0.029,Zero Hunger,0.4493,Good Health and Well-being,0.087,Quality Education,0.0,Gender Equality,0.0725,Clean Water and Sanitation,0.0725,Affordable and Clean Energy,0.6232,Decent Work and Economic Growth,0.0725,"Industry, Innovation and Infrastructure",0.029,Reduced Inequalities,0.3043,Sustainable Cities and Communities,0.0145,Responsible Consumption and Production,0.2174,Climate Action,0.0145,Life Below Water,0.3188,Life on Land,0.1449,"Peace, Justice and Strong Institutions",0.0435,Partnerships for the Goals
WA_Carnamah_Rural_2025,2025,WA,6,0.1667,No Poverty,0.0,Zero Hunger,0.1667,Good Health and Well-being,0.0,Quality Education,0.0,Gender Equality,0.0,Clean Water and Sanitation,0.1667,Affordable and Clean Energy,0.3333,Decent Work and Economic Growth,0.0,"Industry, Innovation and Infrastructure",0.0,Reduced Inequalities,0.3333,Sustainable Cities and Communities,0.0,Responsible Consumption and Production,0.0,Climate Action,0.0,Life Below Water,0.0,Life on Land,0.3333,"Peace, Justice and Strong Institutions",0.1667,Partnerships for the Goals
WA_Chapman Valley_Rural_2025,2025,WA,5,0.2,No Poverty,0.0,Zero Hunger,1.0,Good Health and Well-being,0.0,Quality Education,0.0,Gender Equality,0.0,Clean Water and Sanitation,0.0,Affordable and Clean Energy,1.0,Decent Work and Economic Growth,0.0,"Industry, Innovation and Infrastructure",0.0,Reduced Inequalities,0.8,Sustainable Cities and Communities,0.0,Responsible Consumption and Production,0.2,Climate Action,0.0,Life Below Water,0.0,Life on Land,0.6,"Peace, Justice and Strong Institutions",0.0,Partnerships for the Goals
WA_Chittering_Rural_2025,2025,WA,70,0.0143,No Poverty,0.0143,Zero Hunger,0.6,Good Health and Well-being,0.0286,Quality Education,0.0,Gender Equality,0.0286,Clean Water and Sanitation,0.0429,Affordable and Clean Energy,0.6571,Decent Work and Economic Growth,0.1286,"Industry, Innovation and Infrastructure",0.0,Reduced Inequalities,0.5571,Sustainable Cities and Communities,0.0571,Responsible Consumption and Production,0.1571,Climate Action,0.0,Life Below Water,0.0857,Life on Land,0.4143,"Peace, Justice and Strong Institutions",0.0429,Partnerships for the Goals
WA_Brookton_Rural_2025,2025,WA,25,0.04,No Poverty,0.0,Zero Hunger,0.48,Good Health and Well-being,0.24,Quality Education,0.04,Gender Equality,0.04,Clean Water and Sanitation,0.04,Affordable and Clean Energy,0.64,Decent Work and Economic Growth,0.08,"Industry, Innovation and Infrastructure",0.0,Reduced Inequalities,0.4,Sustainable Cities and Communities,0.0,Responsible Consumption and Production,0.04,Climate Action,0.0,Life Below Water,0.16,Life on Land,0.56,"Peace, Justice and Strong Institutions",0.04,Partnerships for the Goals
VIC_Hindmarsh_Rural_2025,2025,VIC,39,0.0769,No Poverty,0.0513,Zero Hunger,0.5897,Good Health and Well-being,0.0513,Quality Education,0.0769,Gender Equality,0.0,Clean Water and Sanitation,0.0256,Affordable and Clean Energy,0.5897,Decent Work and Economic Growth,0.1282,"Industry, Innovation and Infrastructure",0.0,Reduced Inequalities,0.5385,Sustainable Cities and Communities,0.0,Responsible Consumption and Production,0.1538,Climate Action,0.0256,Life Below Water,0.1026,Life on Land,0.4103,"Peace, Justice and Strong Institutions",0.0256,Partnerships for the Goals
WA_Carnarvon_Rural_2025,2025,WA,17,0.0588,No Poverty,0.0,Zero Hunger,0.7647,Good Health and Well-being,0.1176,Quality Education,0.0588,Gender Equality,0.0588,Clean Water and Sanitation,0.0,Affordable and Clean Energy,0.9412,Decent Work and Economic Growth,0.2353,"Industry, Innovation and Infrastructure",0.0,Reduced Inequalities,0.5882,Sustainable Cities and Communities,0.0,Responsible Consumption and Production,0.2353,Climate Action,0.0588,Life Below Water,0.1176,Life on Land,0.3529,"Peace, Justice and Strong Institutions",0.1176,Partnerships for the Goals
WA_Claremont_Urban_2025,2025,WA,26,0.0,No Poverty,0.0,Zero Hunger,0.5769,Good Health and Well-being,0.2692,Quality Education,0.0385,Gender Equality,0.0769,Clean Water and Sanitation,0.0,Affordable and Clean Energy,0.7308,Decent Work and Economic Growth,0.0385,"Industry, Innovation and Infrastructure",0.0385,Reduced Inequalities,0.5385,Sustainable Cities and Communities,0.0385,Responsible Consumption and Production,0.0769,Climate Action,0.0,Life Below Water,0.0,Life on Land,0.3846,"Peace, Justice and Strong Institutions",0.0,Partnerships for the Goals
WA_Coolgardie_Rural_2025,2025,WA,21,0.0952,No Poverty,0.0476,Zero Hunger,0.7143,Good Health and Well-being,0.0476,Quality Education,0.0,Gender Equality,0.1429,Clean Water and Sanitation,0.0952,Affordable and Clean Energy,0.7143,Decent Work and Economic Growth,0.0476,"Industry, Innovation and Infrastructure",0.1429,Reduced Inequalities,0.5238,Sustainable Cities and Communities,0.0476,Responsible Consumption and Production,0.2381,Climate Action,0.0,Life Below Water,0.0,Life on Land,0.2857,"Peace, Justice and Strong Institutions",0.0952,Partnerships for the Goals
WA_Cockburn_Urban_2025,2025,WA,178,0.0618,No Poverty,0.0,Zero Hunger,0.6742,Good Health and Well-being,0.0843,Quality Education,0.0337,Gender Equality,0.0787,Clean Water and Sanitation,0.0337,Affordable and Clean Energy,0.7247,Decent Work and Economic Growth,0.1404,"Industry, Innovation and Infrastructure",0.0112,Reduced Inequalities,0.5674,Sustainable Cities and Communities,0.0618,Responsible Consumption and Production,0.1854,Climate Action,0.0169,Life Below Water,0.0955,Life on Land,0.2528,"Peace, Justice and Strong Institutions",0.0393,Partnerships for the Goals
WA_Corrigin_Rural_2025,2025,WA,15,0.0,No Poverty,0.0,Zero Hunger,0.7333,Good Health and Well-being,0.0,Quality Education,0.0,Gender Equality,0.0,Clean Water and Sanitation,0.0,Affordable and Clean Energy,0.7333,Decent Work and Economic Growth,0.1333,"Industry, Innovation and Infrastructure",0.0,Reduced Inequalities,0.8667,Sustainable Cities and Communities,0.0,Responsible Consumption and Production,0.1333,Climate Action,0.0,Life Below Water,0.0667,Life on Land,0.6667,"Peace, Justice and Strong Institutions",0.0,Partnerships for the Goals
WA_Cottesloe_Urban_2025,2025,WA,14,0.0714,No Poverty,0.0,Zero Hunger,0.9286,Good Health and Well-being,0.0,Quality Education,0.0,Gender Equality,0.1429,Clean Water and Sanitation,0.1429,Affordable and Clean Energy,0.7143,Decent Work and Economic Growth,0.0,"Industry, Innovation and Infrastructure",0.0714,Reduced Inequalities,0.7143,Sustainable Cities and Communities,0.0,Responsible Consumption and Production,0.1429,Climate Action,0.0,Life Below Water,0.0714,Life on Land,0.3571,"Peace, Justice and Strong Institutions",0.0714,Partnerships for the Goals
WA_Cuballing_Rural_2025,2025,WA,9,0.0,No Poverty,0.0,Zero Hunger,1.0,Good Health and Well-being,0.2222,Quality Education,0.0,Gender Equality,0.0,Clean Water and Sanitation,0.0,Affordable and Clean Energy,0.8889,Decent Work and Economic Growth,0.1111,"Industry, Innovation and Infrastructure",0.0,Reduced Inequalities,0.5556,Sustainable Cities and Communities,0.0,Responsible Consumption and Production,0.2222,Climate Action,0.0,Life Below Water,0.2222,Life on Land,0.2222,"Peace, Justice and Strong Institutions",0.0,Partnerships for the Goals
WA_Cue_Rural_2025,2025,WA,3,0.0,No Poverty,0.0,Zero Hunger,0.3333,Good Health and Well-being,0.0,Quality Education,0.0,Gender Equality,0.3333,Clean Water and Sanitation,0.0,Affordable and Clean Energy,0.6667,Decent Work and Economic Growth,0.0,"Industry, Innovation and Infrastructure",0.0,Reduced Inequalities,1.0,Sustainable Cities and Communities,0.0,Responsible Consumption and Production,0.3333,Climate Action,0.0,Life Below Water,0.3333,Life on Land,0.6667,"Peace, Justice and Strong Institutions",0.0,Partnerships for the Goals
WA_Dandaragan_Rural_2025,2025,WA,38,0.0,No Poverty,0.0526,Zero Hunger,0.6842,Good Health and Well-being,0.0526,Quality Education,0.0,Gender Equality,0.1053,Clean Water and Sanitation,0.0526,Affordable and Clean Energy,0.7895,Decent Work and Economic Growth,0.2632,"Industry, Innovation and Infrastructure",0.0,Reduced Inequalities,0.5526,Sustainable Cities and Communities,0.0,Responsible Consumption and Production,0.3684,Climate Action,0.0263,Life Below Water,0.2632,Life on Land,0.2105,"Peace, Justice and Strong Institutions",0.0,Partnerships for the Goals
WA_Collie_Rural_2025,2025,WA,8,0.0,No Poverty,0.0,Zero Hunger,0.75,Good Health and Well-being,0.125,Quality Education,0.0,Gender Equality,0.125,Clean Water and Sanitation,0.0,Affordable and Clean Energy,0.875,Decent Work and Economic Growth,0.25,"Industry, Innovation and Infrastructure",0.0,Reduced Inequalities,0.5,Sustainable Cities and Communities,0.125,Responsible Consumption and Production,0.125,Climate Action,0.0,Life Below Water,0.0,Life on Land,0.375,"Peace, Justice and Strong Institutions",0.0,Partnerships for the Goals
WA_Dardanup_Rural_2025,2025,WA,25,0.0,No Poverty,0.0,Zero Hunger,0.52,Good Health and Well-being,0.08,Quality Education,0.0,Gender Equality,0.0,Clean Water and Sanitation,0.0,Affordable and Clean Energy,0.64,Decent Work and Economic Growth,0.16,"Industry, Innovation and Infrastructure",0.0,Reduced Inequalities,0.56,Sustainable Cities and Communities,0.0,Responsible Consumption and Production,0.08,Climate Action,0.04,Life Below Water,0.04,Life on Land,0.24,"Peace, Justice and Strong Institutions",0.04,Partnerships for the Goals
WA_Donnybrook Balingup_Rural_2025,2025,WA,32,0.0938,No Poverty,0.0,Zero Hunger,0.6875,Good Health and Well-being,0.0625,Quality Education,0.0,Gender Equality,0.1562,Clean Water and Sanitation,0.0938,Affordable and Clean Energy,0.6875,Decent Work and Economic Growth,0.0938,"Industry, Innovation and Infrastructure",0.0,Reduced Inequalities,0.5,Sustainable Cities and Communities,0.1562,Responsible Consumption and Production,0.375,Climate Action,0.0,Life Below Water,0.125,Life on Land,0.4062,"Peace, Justice and Strong Institutions",0.0312,Partnerships for the Goals
WA_Cunderdin_Rural_2025,2025,WA,16,0.0,No Poverty,0.0,Zero Hunger,0.375,Good Health and Well-being,0.1875,Quality Education,0.0,Gender Equality,0.0,Clean Water and Sanitation,0.0,Affordable and Clean Energy,0.6875,Decent Work and Economic Growth,0.0625,"Industry, Innovation and Infrastructure",0.0,Reduced Inequalities,0.3125,Sustainable Cities and Communities,0.0625,Responsible Consumption and Production,0.125,Climate Action,0.0,Life Below Water,0.0,Life on Land,0.25,"Peace, Justice and Strong Institutions",0.0,Partnerships for the Goals
WA_Dowerin_Rural_2025,2025,WA,13,0.0,No Poverty,0.0,Zero Hunger,0.6154,Good Health and Well-being,0.0769,Quality Education,0.1538,Gender Equality,0.0,Clean Water and Sanitation,0.0,Affordable and Clean Energy,0.8462,Decent Work and Economic Growth,0.2308,"Industry, Innovation and Infrastructure",0.0,Reduced Inequalities,0.3077,Sustainable Cities and Communities,0.0,Responsible Consumption and Production,0.0769,Climate Action,0.0,Life Below Water,0.0,Life on Land,0.6154,"Peace, Justice and Strong Institutions",0.0769,Partnerships for the Goals
WA_Dumbleyung_Rural_2025,2025,WA,23,0.087,No Poverty,0.0,Zero Hunger,0.6522,Good Health and Well-being,0.0,Quality Education,0.0,Gender Equality,0.0435,Clean Water and Sanitation,0.0435,Affordable and Clean Energy,0.7391,Decent Work and Economic Growth,0.0435,"Industry, Innovation and Infrastructure",0.0,Reduced Inequalities,0.7826,Sustainable Cities and Communities,0.0435,Responsible Consumption and Production,0.087,Climate Action,0.0,Life Below Water,0.0,Life on Land,0.3043,"Peace, Justice and Strong Institutions",0.0,Partnerships for the Goals
WA_East Pilbara_Rural_2025,2025,WA,34,0.0294,No Poverty,0.0,Zero Hunger,0.6471,Good Health and Well-being,0.1471,Quality Education,0.1176,Gender Equality,0.0588,Clean Water and Sanitation,0.1471,Affordable and Clean Energy,0.7059,Decent Work and Economic Growth,0.0882,"Industry, Innovation and Infrastructure",0.0,Reduced Inequalities,0.4706,Sustainable Cities and Communities,0.0294,Responsible Consumption and Production,0.1176,Climate Action,0.0,Life Below Water,0.0588,Life on Land,0.2059,"Peace, Justice and Strong Institutions",0.0588,Partnerships for the Goals
WA_Esperance_Rural_2025,2025,WA,95,0.0632,No Poverty,0.0316,Zero Hunger,0.5053,Good Health and Well-being,0.1368,Quality Education,0.0421,Gender Equality,0.0421,Clean Water and Sanitation,0.0105,Affordable and Clean Energy,0.7368,Decent Work and Economic Growth,0.1579,"Industry, Innovation and Infrastructure",0.0105,Reduced Inequalities,0.2316,Sustainable Cities and Communities,0.0947,Responsible Consumption and Production,0.1789,Climate Action,0.0421,Life Below Water,0.0947,Life on Land,0.2421,"Peace, Justice and Strong Institutions",0.0737,Partnerships for the Goals
WA_Exmouth_Rural_2025,2025,WA,32,0.0,No Poverty,0.0,Zero Hunger,0.5,Good Health and Well-being,0.0625,Quality Education,0.0312,Gender Equality,0.0,Clean Water and Sanitation,0.0,Affordable and Clean Energy,0.5938,Decent Work and Economic Growth,0.1562,"Industry, Innovation and Infrastructure",0.0625,Reduced Inequalities,0.4062,Sustainable Cities and Communities,0.125,Responsible Consumption and Production,0.0938,Climate Action,0.0,Life Below Water,0.0312,Life on Land,0.3438,"Peace, Justice and Strong Institutions",0.0312,Partnerships for the Goals
WA_Geraldton_Urban_2025,2025,WA,18,0.0556,No Poverty,0.0,Zero Hunger,0.6111,Good Health and Well-being,0.0,Quality Education,0.1111,Gender Equality,0.0,Clean Water and Sanitation,0.0556,Affordable and Clean Energy,0.8333,Decent Work and Economic Growth,0.2778,"Industry, Innovation and Infrastructure",0.0556,Reduced Inequalities,0.5,Sustainable Cities and Communities,0.1111,Responsible Consumption and Production,0.1667,Climate Action,0.0,Life Below Water,0.0556,Life on Land,0.5,"Peace, Justice and Strong Institutions",0.0,Partnerships for the Goals
WA_Fremantle_Urban_2025,2025,WA,18,0.0,No Poverty,0.0,Zero Hunger,0.5556,Good Health and Well-being,0.1667,Quality Education,0.1111,Gender Equality,0.1111,Clean Water and Sanitation,0.1111,Affordable and Clean Energy,0.6111,Decent Work and Economic Growth,0.0,"Industry, Innovation and Infrastructure",0.0,Reduced Inequalities,0.7222,Sustainable Cities and Communities,0.0,Responsible Consumption and Production,0.1667,Climate Action,0.0,Life Below Water,0.0556,Life on Land,0.2778,"Peace, Justice and Strong Institutions",0.0556,Partnerships for the Goals
WA_Gingin_Rural_2025,2025,WA,12,0.0,No Poverty,0.0,Zero Hunger,0.6667,Good Health and Well-being,0.0833,Quality Education,0.0,Gender Equality,0.0,Clean Water and Sanitation,0.0833,Affordable and Clean Energy,0.6667,Decent Work and Economic Growth,0.0,"Industry, Innovation and Infrastructure",0.0,Reduced Inequalities,0.5,Sustainable Cities and Communities,0.0833,Responsible Consumption and Production,0.1667,Climate Action,0.0833,Life Below Water,0.0,Life on Land,0.3333,"Peace, Justice and Strong Institutions",0.0,Partnerships for the Goals
WA_Gnowangerup_Rural_2025,2025,WA,20,0.0,No Poverty,0.05,Zero Hunger,0.5,Good Health and Well-being,0.1,Quality Education,0.0,Gender Equality,0.0,Clean Water and Sanitation,0.05,Affordable and Clean Energy,0.5,Decent Work and Economic Growth,0.15,"Industry, Innovation and Infrastructure",0.0,Reduced Inequalities,0.45,Sustainable Cities and Communities,0.0,Responsible Consumption and Production,0.05,Climate Action,0.0,Life Below Water,0.0,Life on Land,0.3,"Peace, Justice and Strong Institutions",0.05,Partnerships for the Goals
WA_Gosnells_Urban_2025,2025,WA,13,0.0,No Poverty,0.0,Zero Hunger,0.3846,Good Health and Well-being,0.1538,Quality Education,0.0,Gender Equality,0.0769,Clean Water and Sanitation,0.0769,Affordable and Clean Energy,0.6154,Decent Work and Economic Growth,0.0,"Industry, Innovation and Infrastructure",0.0,Reduced Inequalities,0.6923,Sustainable Cities and Communities,0.0,Responsible Consumption and Production,0.2308,Climate Action,0.0,Life Below Water,0.1538,Life on Land,0.0,"Peace, Justice and Strong Institutions",0.0,Partnerships for the Goals
WA_Canning_Urban_2025,2025,WA,62,0.129,No Poverty,0.0,Zero Hunger,0.8065,Good Health and Well-being,0.0484,Quality Education,0.0161,Gender Equality,0.2581,Clean Water and Sanitation,0.0968,Affordable and Clean Energy,0.9194,Decent Work and Economic Growth,0.0323,"Industry, Innovation and Infrastructure",0.0,Reduced Inequalities,0.7419,Sustainable Cities and Communities,0.1129,Responsible Consumption and Production,0.4032,Climate Action,0.0,Life Below Water,0.1452,Life on Land,0.2258,"Peace, Justice and Strong Institutions",0.0161,Partnerships for the Goals
WA_Denmark_Rural_2025,2025,WA,27,0.1481,No Poverty,0.0,Zero Hunger,0.8148,Good Health and Well-being,0.1481,Quality Education,0.037,Gender Equality,0.1111,Clean Water and Sanitation,0.037,Affordable and Clean Energy,0.7778,Decent Work and Economic Growth,0.0741,"Industry, Innovation and Infrastructure",0.037,Reduced Inequalities,0.5556,Sustainable Cities and Communities,0.037,Responsible Consumption and Production,0.2593,Climate Action,0.0,Life Below Water,0.2222,Life on Land,0.2963,"Peace, Justice and Strong Institutions",0.0,Partnerships for the Goals
WA_Goomalling_Rural_2025,2025,WA,9,0.1111,No Poverty,0.1111,Zero Hunger,0.6667,Good Health and Well-being,0.0,Quality Education,0.0,Gender Equality,0.0,Clean Water and Sanitation,0.1111,Affordable and Clean Energy,0.7778,Decent Work and Economic Growth,0.0,"Industry, Innovation and Infrastructure",0.0,Reduced Inequalities,0.6667,Sustainable Cities and Communities,0.0,Responsible Consumption and Production,0.1111,Climate Action,0.0,Life Below Water,0.0,Life on Land,0.4444,"Peace, Justice and Strong Institutions",0.0,Partnerships for the Goals
WA_Harvey_Urban_2025,2025,WA,62,0.0484,No Poverty,0.0161,Zero Hunger,0.7258,Good Health and Well-being,0.0645,Quality Education,0.0161,Gender Equality,0.0484,Clean Water and Sanitation,0.0484,Affordable and Clean Energy,0.8065,Decent Work and Economic Growth,0.129,"Industry, Innovation and Infrastructure",0.0,Reduced Inequalities,0.5484,Sustainable Cities and Communities,0.0645,Responsible Consumption and Production,0.1613,Climate Action,0.0806,Life Below Water,0.129,Life on Land,0.4032,"Peace, Justice and Strong Institutions",0.0161,Partnerships for the Goals
WA_Kalamunda_Urban_2025,2025,WA,68,0.1029,No Poverty,0.0,Zero Hunger,0.75,Good Health and Well-being,0.1029,Quality Education,0.0294,Gender Equality,0.1618,Clean Water and Sanitation,0.0147,Affordable and Clean Energy,0.7647,Decent Work and Economic Growth,0.0735,"Industry, Innovation and Infrastructure",0.0,Reduced Inequalities,0.6618,Sustainable Cities and Communities,0.0441,Responsible Consumption and Production,0.2941,Climate Action,0.0147,Life Below Water,0.1324,Life on Land,0.2647,"Peace, Justice and Strong Institutions",0.0441,Partnerships for the Goals
WA_Joondalup_Urban_2025,2025,WA,91,0.044,No Poverty,0.0,Zero Hunger,0.6374,Good Health and Well-being,0.0549,Quality Education,0.0879,Gender Equality,0.0989,Clean Water and Sanitation,0.011,Affordable and Clean Energy,0.7033,Decent Work and Economic Growth,0.0769,"Industry, Innovation and Infrastructure",0.0,Reduced Inequalities,0.6154,Sustainable Cities and Communities,0.022,Responsible Consumption and Production,0.2088,Climate Action,0.011,Life Below Water,0.1538,Life on Land,0.2637,"Peace, Justice and Strong Institutions",0.044,Partnerships for the Goals
WA_Kalgoorlie Boulder_Urban_2025,2025,WA,56,0.0714,No Poverty,0.0,Zero Hunger,0.5536,Good Health and Well-being,0.1071,Quality Education,0.0714,Gender Equality,0.0893,Clean Water and Sanitation,0.0,Affordable and Clean Energy,0.7857,Decent Work and Economic Growth,0.0179,"Industry, Innovation and Infrastructure",0.0,Reduced Inequalities,0.6607,Sustainable Cities and Communities,0.0536,Responsible Consumption and Production,0.1607,Climate Action,0.0,Life Below Water,0.0179,Life on Land,0.5714,"Peace, Justice and Strong Institutions",0.0357,Partnerships for the Goals
WA_Katanning_Rural_2025,2025,WA,32,0.0625,No Poverty,0.0,Zero Hunger,0.5938,Good Health and Well-being,0.3125,Quality Education,0.0,Gender Equality,0.0625,Clean Water and Sanitation,0.0625,Affordable and Clean Energy,0.6562,Decent Work and Economic Growth,0.0938,"Industry, Innovation and Infrastructure",0.0,Reduced Inequalities,0.4375,Sustainable Cities and Communities,0.0312,Responsible Consumption and Production,0.0938,Climate Action,0.0,Life Below Water,0.125,Life on Land,0.2812,"Peace, Justice and Strong Institutions",0.0938,Partnerships for the Goals
WA_Karratha_Urban_2025,2025,WA,48,0.0833,No Poverty,0.0,Zero Hunger,0.6875,Good Health and Well-being,0.0417,Quality Education,0.0208,Gender Equality,0.0625,Clean Water and Sanitation,0.0625,Affordable and Clean Energy,0.7708,Decent Work and Economic Growth,0.0208,"Industry, Innovation and Infrastructure",0.0,Reduced Inequalities,0.8125,Sustainable Cities and Communities,0.1042,Responsible Consumption and Production,0.25,Climate Action,0.0,Life Below Water,0.0208,Life on Land,0.25,"Peace, Justice and Strong Institutions",0.0208,Partnerships for the Goals
WA_Kellerberrin_Rural_2025,2025,WA,3,0.0,No Poverty,0.0,Zero Hunger,0.3333,Good Health and Well-being,0.0,Quality Education,0.0,Gender Equality,0.0,Clean Water and Sanitation,0.0,Affordable and Clean Energy,1.0,Decent Work and Economic Growth,0.0,"Industry, Innovation and Infrastructure",0.0,Reduced Inequalities,0.6667,Sustainable Cities and Communities,0.0,Responsible Consumption and Production,0.0,Climate Action,0.0,Life Below Water,0.0,Life on Land,0.3333,"Peace, Justice and Strong Institutions",0.0,Partnerships for the Goals
WA_Kent_Rural_2025,2025,WA,3,0.0,No Poverty,0.0,Zero Hunger,0.6667,Good Health and Well-being,0.0,Quality Education,0.0,Gender Equality,0.0,Clean Water and Sanitation,0.3333,Affordable and Clean Energy,0.6667,Decent Work and Economic Growth,0.0,"Industry, Innovation and Infrastructure",0.0,Reduced Inequalities,0.0,Sustainable Cities and Communities,0.3333,Responsible Consumption and Production,0.6667,Climate Action,0.0,Life Below Water,0.3333,Life on Land,0.3333,"Peace, Justice and Strong Institutions",0.0,Partnerships for the Goals
WA_Dundas_Rural_2025,2025,WA,17,0.1765,No Poverty,0.0588,Zero Hunger,0.5882,Good Health and Well-being,0.0,Quality Education,0.0588,Gender Equality,0.1176,Clean Water and Sanitation,0.0,Affordable and Clean Energy,0.8235,Decent Work and Economic Growth,0.1176,"Industry, Innovation and Infrastructure",0.0588,Reduced Inequalities,0.6471,Sustainable Cities and Communities,0.0588,Responsible Consumption and Production,0.2941,Climate Action,0.0588,Life Below Water,0.1176,Life on Land,0.4118,"Peace, Justice and Strong Institutions",0.0,Partnerships for the Goals
WA_Kulin_Rural_2025,2025,WA,10,0.1,No Poverty,0.2,Zero Hunger,0.6,Good Health and Well-being,0.0,Quality Education,0.0,Gender Equality,0.0,Clean Water and Sanitation,0.0,Affordable and Clean Energy,0.9,Decent Work and Economic Growth,0.2,"Industry, Innovation and Infrastructure",0.0,Reduced Inequalities,0.6,Sustainable Cities and Communities,0.0,Responsible Consumption and Production,0.1,Climate Action,0.0,Life Below Water,0.0,Life on Land,0.3,"Peace, Justice and Strong Institutions",0.0,Partnerships for the Goals
WA_Irwin_Rural_2025,2025,WA,16,0.0625,No Poverty,0.0,Zero Hunger,0.5625,Good Health and Well-being,0.0625,Quality Education,0.0,Gender Equality,0.0625,Clean Water and Sanitation,0.0,Affordable and Clean Energy,0.75,Decent Work and Economic Growth,0.125,"Industry, Innovation and Infrastructure",0.0,Reduced Inequalities,0.5,Sustainable Cities and Communities,0.125,Responsible Consumption and Production,0.0625,Climate Action,0.0625,Life Below Water,0.125,Life on Land,0.3125,"Peace, Justice and Strong Institutions",0.0,Partnerships for the Goals
WA_Koorda_Rural_2025,2025,WA,10,0.1,No Poverty,0.0,Zero Hunger,0.5,Good Health and Well-being,0.0,Quality Education,0.0,Gender Equality,0.1,Clean Water and Sanitation,0.0,Affordable and Clean Energy,0.7,Decent Work and Economic Growth,0.0,"Industry, Innovation and Infrastructure",0.0,Reduced Inequalities,0.6,Sustainable Cities and Communities,0.1,Responsible Consumption and Production,0.0,Climate Action,0.0,Life Below Water,0.1,Life on Land,0.1,"Peace, Justice and Strong Institutions",0.1,Partnerships for the Goals
WA_Kojonup_Rural_2025,2025,WA,9,0.0,No Poverty,0.0,Zero Hunger,0.7778,Good Health and Well-being,0.3333,Quality Education,0.1111,Gender Equality,0.1111,Clean Water and Sanitation,0.0,Affordable and Clean Energy,1.0,Decent Work and Economic Growth,0.1111,"Industry, Innovation and Infrastructure",0.0,Reduced Inequalities,0.5556,Sustainable Cities and Communities,0.0,Responsible Consumption and Production,0.1111,Climate Action,0.0,Life Below Water,0.1111,Life on Land,0.5556,"Peace, Justice and Strong Institutions",0.0,Partnerships for the Goals
WA_Lake Grace_Rural_2025,2025,WA,13,0.0,No Poverty,0.0,Zero Hunger,0.3077,Good Health and Well-being,0.0,Quality Education,0.0,Gender Equality,0.0769,Clean Water and Sanitation,0.0,Affordable and Clean Energy,0.4615,Decent Work and Economic Growth,0.0769,"Industry, Innovation and Infrastructure",0.0,Reduced Inequalities,0.6154,Sustainable Cities and Communities,0.0769,Responsible Consumption and Production,0.0,Climate Action,0.0,Life Below Water,0.0,Life on Land,0.3846,"Peace, Justice and Strong Institutions",0.0,Partnerships for the Goals
WA_Laverton_Rural_2025,2025,WA,14,0.0714,No Poverty,0.0,Zero Hunger,0.2143,Good Health and Well-being,0.0,Quality Education,0.0714,Gender Equality,0.0714,Clean Water and Sanitation,0.0,Affordable and Clean Energy,0.6429,Decent Work and Economic Growth,0.0714,"Industry, Innovation and Infrastructure",0.0,Reduced Inequalities,0.7143,Sustainable Cities and Communities,0.0,Responsible Consumption and Production,0.0714,Climate Action,0.0,Life Below Water,0.1429,Life on Land,0.1429,"Peace, Justice and Strong Institutions",0.0714,Partnerships for the Goals
WA_Leonora_Rural_2025,2025,WA,20,0.05,No Poverty,0.0,Zero Hunger,0.7,Good Health and Well-being,0.05,Quality Education,0.0,Gender Equality,0.05,Clean Water and Sanitation,0.0,Affordable and Clean Energy,0.75,Decent Work and Economic Growth,0.0,"Industry, Innovation and Infrastructure",0.0,Reduced Inequalities,0.7,Sustainable Cities and Communities,0.0,Responsible Consumption and Production,0.2,Climate Action,0.0,Life Below Water,0.15,Life on Land,0.3,"Peace, Justice and Strong Institutions",0.1,Partnerships for the Goals
WA_Manjimup_Rural_2025,2025,WA,43,0.0465,No Poverty,0.0233,Zero Hunger,0.6279,Good Health and Well-being,0.0698,Quality Education,0.0,Gender Equality,0.093,Clean Water and Sanitation,0.0465,Affordable and Clean Energy,0.5581,Decent Work and Economic Growth,0.0233,"Industry, Innovation and Infrastructure",0.0,Reduced Inequalities,0.5116,Sustainable Cities and Communities,0.0698,Responsible Consumption and Production,0.2558,Climate Action,0.0465,Life Below Water,0.1628,Life on Land,0.2791,"Peace, Justice and Strong Institutions",0.1163,Partnerships for the Goals
WA_Mandurah_Urban_2025,2025,WA,51,0.098,No Poverty,0.0,Zero Hunger,0.7451,Good Health and Well-being,0.098,Quality Education,0.0196,Gender Equality,0.098,Clean Water and Sanitation,0.0196,Affordable and Clean Energy,0.8039,Decent Work and Economic Growth,0.0196,"Industry, Innovation and Infrastructure",0.0,Reduced Inequalities,0.7451,Sustainable Cities and Communities,0.0196,Responsible Consumption and Production,0.1961,Climate Action,0.0588,Life Below Water,0.0392,Life on Land,0.3333,"Peace, Justice and Strong Institutions",0.0196,Partnerships for the Goals
WA_Melville_Urban_2025,2025,WA,84,0.0952,No Poverty,0.0,Zero Hunger,0.6667,Good Health and Well-being,0.1429,Quality Education,0.0119,Gender Equality,0.0357,Clean Water and Sanitation,0.0595,Affordable and Clean Energy,0.6548,Decent Work and Economic Growth,0.1071,"Industry, Innovation and Infrastructure",0.0119,Reduced Inequalities,0.4881,Sustainable Cities and Communities,0.0595,Responsible Consumption and Production,0.1667,Climate Action,0.0238,Life Below Water,0.1071,Life on Land,0.2976,"Peace, Justice and Strong Institutions",0.0,Partnerships for the Goals
WA_Kondinin_Urban_2025,2025,WA,9,0.1111,No Poverty,0.0,Zero Hunger,0.8889,Good Health and Well-being,0.2222,Quality Education,0.1111,Gender Equality,0.2222,Clean Water and Sanitation,0.0,Affordable and Clean Energy,0.8889,Decent Work and Economic Growth,0.0,"Industry, Innovation and Infrastructure",0.0,Reduced Inequalities,0.5556,Sustainable Cities and Communities,0.0,Responsible Consumption and Production,0.2222,Climate Action,0.0,Life Below Water,0.1111,Life on Land,0.6667,"Peace, Justice and Strong Institutions",0.1111,Partnerships for the Goals
WA_Meekatharra_Rural_2025,2025,WA,7,0.1429,No Poverty,0.0,Zero Hunger,0.7143,Good Health and Well-being,0.0,Quality Education,0.0,Gender Equality,0.0,Clean Water and Sanitation,0.0,Affordable and Clean Energy,0.8571,Decent Work and Economic Growth,0.1429,"Industry, Innovation and Infrastructure",0.0,Reduced Inequalities,0.7143,Sustainable Cities and Communities,0.0,Responsible Consumption and Production,0.0,Climate Action,0.0,Life Below Water,0.0,Life on Land,0.5714,"Peace, Justice and Strong Institutions",0.0,Partnerships for the Goals
WA_Mingenew_Rural_2025,2025,WA,22,0.0909,No Poverty,0.0,Zero Hunger,0.8182,Good Health and Well-being,0.0909,Quality Education,0.0,Gender Equality,0.0455,Clean Water and Sanitation,0.0,Affordable and Clean Energy,0.8182,Decent Work and Economic Growth,0.0455,"Industry, Innovation and Infrastructure",0.0,Reduced Inequalities,0.8182,Sustainable Cities and Communities,0.0455,Responsible Consumption and Production,0.2273,Climate Action,0.0,Life Below Water,0.1818,Life on Land,0.4091,"Peace, Justice and Strong Institutions",0.0909,Partnerships for the Goals
WA_Merredin_Rural_2025,2025,WA,66,0.0758,No Poverty,0.0152,Zero Hunger,0.7121,Good Health and Well-being,0.0455,Quality Education,0.0152,Gender Equality,0.1515,Clean Water and Sanitation,0.0455,Affordable and Clean Energy,0.7576,Decent Work and Economic Growth,0.0758,"Industry, Innovation and Infrastructure",0.0,Reduced Inequalities,0.5909,Sustainable Cities and Communities,0.0303,Responsible Consumption and Production,0.1818,Climate Action,0.0152,Life Below Water,0.0606,Life on Land,0.1818,"Peace, Justice and Strong Institutions",0.0606,Partnerships for the Goals
WA_Mt Marshall_Rural_2025,2025,WA,5,0.0,No Poverty,0.0,Zero Hunger,0.8,Good Health and Well-being,0.0,Quality Education,0.0,Gender Equality,0.0,Clean Water and Sanitation,0.0,Affordable and Clean Energy,0.8,Decent Work and Economic Growth,0.2,"Industry, Innovation and Infrastructure",0.0,Reduced Inequalities,0.6,Sustainable Cities and Communities,0.0,Responsible Consumption and Production,0.4,Climate Action,0.0,Life Below Water,0.2,Life on Land,0.4,"Peace, Justice and Strong Institutions",0.0,Partnerships for the Goals
WA_Menzies_Rural_2025,2025,WA,4,0.0,No Poverty,0.0,Zero Hunger,0.0,Good Health and Well-being,0.0,Quality Education,0.25,Gender Equality,0.25,Clean Water and Sanitation,0.0,Affordable and Clean Energy,0.25,Decent Work and Economic Growth,0.25,"Industry, Innovation and Infrastructure",0.0,Reduced Inequalities,0.0,Sustainable Cities and Communities,0.0,Responsible Consumption and Production,0.0,Climate Action,0.0,Life Below Water,0.5,Life on Land,0.25,"Peace, Justice and Strong Institutions",0.0,Partnerships for the Goals
WA_Mundaring_Rural_2025,2025,WA,29,0.0,No Poverty,0.0345,Zero Hunger,0.7241,Good Health and Well-being,0.1724,Quality Education,0.0,Gender Equality,0.1034,Clean Water and Sanitation,0.0345,Affordable and Clean Energy,0.6207,Decent Work and Economic Growth,0.0,"Industry, Innovation and Infrastructure",0.0,Reduced Inequalities,0.3793,Sustainable Cities and Communities,0.1724,Responsible Consumption and Production,0.2414,Climate Action,0.0,Life Below Water,0.2759,Life on Land,0.2069,"Peace, Justice and Strong Institutions",0.0,Partnerships for the Goals
WA_Murchison_Rural_2025,2025,WA,14,0.1429,No Poverty,0.0,Zero Hunger,0.7857,Good Health and Well-being,0.0714,Quality Education,0.0714,Gender Equality,0.0714,Clean Water and Sanitation,0.0714,Affordable and Clean Energy,0.8571,Decent Work and Economic Growth,0.0714,"Industry, Innovation and Infrastructure",0.0714,Reduced Inequalities,0.5,Sustainable Cities and Communities,0.0714,Responsible Consumption and Production,0.2143,Climate Action,0.0,Life Below Water,0.0,Life on Land,0.3571,"Peace, Justice and Strong Institutions",0.0,Partnerships for the Goals
WA_Murray_Rural_2025,2025,WA,19,0.0526,No Poverty,0.0,Zero Hunger,0.8421,Good Health and Well-being,0.0526,Quality Education,0.0,Gender Equality,0.1053,Clean Water and Sanitation,0.0,Affordable and Clean Energy,0.7368,Decent Work and Economic Growth,0.1053,"Industry, Innovation and Infrastructure",0.0,Reduced Inequalities,0.8947,Sustainable Cities and Communities,0.0,Responsible Consumption and Production,0.2105,Climate Action,0.0,Life Below Water,0.1053,Life on Land,0.3684,"Peace, Justice and Strong Institutions",0.0,Partnerships for the Goals
WA_Narrogin_Rural_2025,2025,WA,71,0.0563,No Poverty,0.0423,Zero Hunger,0.831,Good Health and Well-being,0.1549,Quality Education,0.0,Gender Equality,0.0704,Clean Water and Sanitation,0.0423,Affordable and Clean Energy,0.9014,Decent Work and Economic Growth,0.0986,"Industry, Innovation and Infrastructure",0.0,Reduced Inequalities,0.507,Sustainable Cities and Communities,0.0704,Responsible Consumption and Production,0.0986,Climate Action,0.0,Life Below Water,0.0845,Life on Land,0.4366,"Peace, Justice and Strong Institutions",0.0,Partnerships for the Goals
WA_Ngaanyatjarraku_Rural_2025,2025,WA,6,0.0,No Poverty,0.0,Zero Hunger,0.6667,Good Health and Well-being,0.0,Quality Education,0.0,Gender Equality,0.0,Clean Water and Sanitation,0.0,Affordable and Clean Energy,0.8333,Decent Work and Economic Growth,0.1667,"Industry, Innovation and Infrastructure",0.0,Reduced Inequalities,0.6667,Sustainable Cities and Communities,0.0,Responsible Consumption and Production,0.1667,Climate Action,0.0,Life Below Water,0.0,Life on Land,0.6667,"Peace, Justice and Strong Institutions",0.0,Partnerships for the Goals
WA_Narembeen_Rural_2025,2025,WA,17,0.1176,No Poverty,0.0,Zero Hunger,0.7059,Good Health and Well-being,0.1765,Quality Education,0.0,Gender Equality,0.0588,Clean Water and Sanitation,0.1765,Affordable and Clean Energy,0.4706,Decent Work and Economic Growth,0.1765,"Industry, Innovation and Infrastructure",0.0,Reduced Inequalities,0.5294,Sustainable Cities and Communities,0.0,Responsible Consumption and Production,0.2941,Climate Action,0.0,Life Below Water,0.0,Life on Land,0.4118,"Peace, Justice and Strong Institutions",0.0,Partnerships for the Goals
WA_Morawa_Rural_2025,2025,WA,33,0.0606,No Poverty,0.0,Zero Hunger,0.697,Good Health and Well-being,0.1818,Quality Education,0.0,Gender Equality,0.0303,Clean Water and Sanitation,0.0909,Affordable and Clean Energy,0.6667,Decent Work and Economic Growth,0.0909,"Industry, Innovation and Infrastructure",0.0,Reduced Inequalities,0.5152,Sustainable Cities and Communities,0.0303,Responsible Consumption and Production,0.1515,Climate Action,0.0,Life Below Water,0.0,Life on Land,0.3939,"Peace, Justice and Strong Institutions",0.0,Partnerships for the Goals
WA_Northam_Rural_2025,2025,WA,40,0.075,No Poverty,0.0,Zero Hunger,0.675,Good Health and Well-being,0.175,Quality Education,0.05,Gender Equality,0.125,Clean Water and Sanitation,0.15,Affordable and Clean Energy,0.525,Decent Work and Economic Growth,0.05,"Industry, Innovation and Infrastructure",0.0,Reduced Inequalities,0.375,Sustainable Cities and Communities,0.05,Responsible Consumption and Production,0.15,Climate Action,0.0,Life Below Water,0.125,Life on Land,0.45,"Peace, Justice and Strong Institutions",0.125,Partnerships for the Goals
WA_Peppermint Grove_Urban_2025,2025,WA,26,0.0,No Poverty,0.0,Zero Hunger,0.5,Good Health and Well-being,0.0385,Quality Education,0.1538,Gender Equality,0.0,Clean Water and Sanitation,0.0,Affordable and Clean Energy,0.5385,Decent Work and Economic Growth,0.0769,"Industry, Innovation and Infrastructure",0.0,Reduced Inequalities,0.4231,Sustainable Cities and Communities,0.0385,Responsible Consumption and Production,0.1154,Climate Action,0.0385,Life Below Water,0.2692,Life on Land,0.1923,"Peace, Justice and Strong Institutions",0.0385,Partnerships for the Goals
WA_Northampton_Rural_2025,2025,WA,11,0.0,No Poverty,0.0909,Zero Hunger,0.6364,Good Health and Well-being,0.0,Quality Education,0.0,Gender Equality,0.0,Clean Water and Sanitation,0.0,Affordable and Clean Energy,0.6364,Decent Work and Economic Growth,0.0,"Industry, Innovation and Infrastructure",0.0,Reduced Inequalities,0.4545,Sustainable Cities and Communities,0.0,Responsible Consumption and Production,0.0909,Climate Action,0.0,Life Below Water,0.1818,Life on Land,0.4545,"Peace, Justice and Strong Institutions",0.0,Partnerships for the Goals
WA_Pingelly_Rural_2025,2025,WA,22,0.1364,No Poverty,0.0,Zero Hunger,0.6818,Good Health and Well-being,0.0455,Quality Education,0.0455,Gender Equality,0.0,Clean Water and Sanitation,0.0455,Affordable and Clean Energy,0.8182,Decent Work and Economic Growth,0.1364,"Industry, Innovation and Infrastructure",0.0,Reduced Inequalities,0.6364,Sustainable Cities and Communities,0.0909,Responsible Consumption and Production,0.0909,Climate Action,0.0,Life Below Water,0.0,Life on Land,0.5,"Peace, Justice and Strong Institutions",0.1818,Partnerships for the Goals
WA_Plantagenet_Rural_2025,2025,WA,12,0.0,No Poverty,0.0,Zero Hunger,0.5,Good Health and Well-being,0.0833,Quality Education,0.0,Gender Equality,0.25,Clean Water and Sanitation,0.0,Affordable and Clean Energy,0.5833,Decent Work and Economic Growth,0.0833,"Industry, Innovation and Infrastructure",0.0,Reduced Inequalities,0.5833,Sustainable Cities and Communities,0.0,Responsible Consumption and Production,0.4167,Climate Action,0.0,Life Below Water,0.0,Life on Land,0.1667,"Peace, Justice and Strong Institutions",0.0833,Partnerships for the Goals
WA_Nannup_Rural_2025,2025,WA,28,0.1429,No Poverty,0.0,Zero Hunger,0.75,Good Health and Well-being,0.0357,Quality Education,0.1071,Gender Equality,0.0357,Clean Water and Sanitation,0.0714,Affordable and Clean Energy,0.6786,Decent Work and Economic Growth,0.0,"Industry, Innovation and Infrastructure",0.0,Reduced Inequalities,0.75,Sustainable Cities and Communities,0.0357,Responsible Consumption and Production,0.2143,Climate Action,0.0,Life Below Water,0.1429,Life on Land,0.3929,"Peace, Justice and Strong Institutions",0.0,Partnerships for the Goals
WA_Nungarin_Rural_2025,2025,WA,12,0.0833,No Poverty,0.0,Zero Hunger,0.3333,Good Health and Well-being,0.0,Quality Education,0.0,Gender Equality,0.0833,Clean Water and Sanitation,0.1667,Affordable and Clean Energy,0.5,Decent Work and Economic Growth,0.3333,"Industry, Innovation and Infrastructure",0.0,Reduced Inequalities,0.5,Sustainable Cities and Communities,0.0,Responsible Consumption and Production,0.0833,Climate Action,0.0,Life Below Water,0.0,Life on Land,0.5,"Peace, Justice and Strong Institutions",0.0,Partnerships for the Goals
WA_Ravensthorpe_Rural_2025,2025,WA,19,0.0526,No Poverty,0.0,Zero Hunger,0.5263,Good Health and Well-being,0.0526,Quality Education,0.0,Gender Equality,0.0526,Clean Water and Sanitation,0.0526,Affordable and Clean Energy,0.4737,Decent Work and Economic Growth,0.1579,"Industry, Innovation and Infrastructure",0.0,Reduced Inequalities,0.6316,Sustainable Cities and Communities,0.0526,Responsible Consumption and Production,0.1053,Climate Action,0.0,Life Below Water,0.1053,Life on Land,0.1579,"Peace, Justice and Strong Institutions",0.1053,Partnerships for the Goals
WA_Quairading_Rural_2025,2025,WA,45,0.0,No Poverty,0.0222,Zero Hunger,0.6444,Good Health and Well-being,0.1333,Quality Education,0.0222,Gender Equality,0.0222,Clean Water and Sanitation,0.0444,Affordable and Clean Energy,0.4889,Decent Work and Economic Growth,0.0667,"Industry, Innovation and Infrastructure",0.0,Reduced Inequalities,0.6,Sustainable Cities and Communities,0.0444,Responsible Consumption and Production,0.1333,Climate Action,0.0222,Life Below Water,0.0444,Life on Land,0.2889,"Peace, Justice and Strong Institutions",0.0444,Partnerships for the Goals
WA_Sandstone_Rural_2025,2025,WA,9,0.1111,No Poverty,0.0,Zero Hunger,0.4444,Good Health and Well-being,0.0,Quality Education,0.0,Gender Equality,0.1111,Clean Water and Sanitation,0.0,Affordable and Clean Energy,0.6667,Decent Work and Economic Growth,0.0,"Industry, Innovation and Infrastructure",0.0,Reduced Inequalities,0.5556,Sustainable Cities and Communities,0.1111,Responsible Consumption and Production,0.0,Climate Action,0.0,Life Below Water,0.0,Life on Land,0.5556,"Peace, Justice and Strong Institutions",0.0,Partnerships for the Goals
WA_South Perth_Urban_2025,2025,WA,25,0.12,No Poverty,0.0,Zero Hunger,0.6,Good Health and Well-being,0.12,Quality Education,0.04,Gender Equality,0.08,Clean Water and Sanitation,0.04,Affordable and Clean Energy,0.72,Decent Work and Economic Growth,0.0,"Industry, Innovation and Infrastructure",0.04,Reduced Inequalities,0.72,Sustainable Cities and Communities,0.04,Responsible Consumption and Production,0.12,Climate Action,0.0,Life Below Water,0.12,Life on Land,0.16,"Peace, Justice and Strong Institutions",0.0,Partnerships for the Goals
WA_Serpentine Jarrahdale_Urban_2025,2025,WA,20,0.05,No Poverty,0.0,Zero Hunger,0.8,Good Health and Well-being,0.1,Quality Education,0.0,Gender Equality,0.2,Clean Water and Sanitation,0.0,Affordable and Clean Energy,0.8,Decent Work and Economic Growth,0.05,"Industry, Innovation and Infrastructure",0.0,Reduced Inequalities,0.5,Sustainable Cities and Communities,0.15,Responsible Consumption and Production,0.15,Climate Action,0.0,Life Below Water,0.15,Life on Land,0.2,"Peace, Justice and Strong Institutions",0.0,Partnerships for the Goals
WA_Perenjori_Rural_2025,2025,WA,10,0.2,No Poverty,0.0,Zero Hunger,0.6,Good Health and Well-being,0.0,Quality Education,0.0,Gender Equality,0.0,Clean Water and Sanitation,0.2,Affordable and Clean Energy,0.6,Decent Work and Economic Growth,0.1,"Industry, Innovation and Infrastructure",0.0,Reduced Inequalities,0.6,Sustainable Cities and Communities,0.1,Responsible Consumption and Production,0.0,Climate Action,0.0,Life Below Water,0.2,Life on Land,0.2,"Peace, Justice and Strong Institutions",0.0,Partnerships for the Goals
WA_Subiaco_Urban_2025,2025,WA,9,0.0,No Poverty,0.0,Zero Hunger,0.6667,Good Health and Well-being,0.2222,Quality Education,0.0,Gender Equality,0.0,Clean Water and Sanitation,0.1111,Affordable and Clean Energy,0.5556,Decent Work and Economic Growth,0.1111,"Industry, Innovation and Infrastructure",0.0,Reduced Inequalities,0.8889,Sustainable Cities and Communities,0.0,Responsible Consumption and Production,0.0,Climate Action,0.0,Life Below Water,0.0,Life on Land,0.4444,"Peace, Justice and Strong Institutions",0.0,Partnerships for the Goals
WA_Swan_Urban_2025,2025,WA,79,0.0633,No Poverty,0.0127,Zero Hunger,0.6709,Good Health and Well-being,0.1266,Quality Education,0.038,Gender Equality,0.0506,Clean Water and Sanitation,0.038,Affordable and Clean Energy,0.6835,Decent Work and Economic Growth,0.0759,"Industry, Innovation and Infrastructure",0.0,Reduced Inequalities,0.6835,Sustainable Cities and Communities,0.038,Responsible Consumption and Production,0.1899,Climate Action,0.0127,Life Below Water,0.0633,Life on Land,0.481,"Peace, Justice and Strong Institutions",0.038,Partnerships for the Goals
WA_Trayning_Rural_2025,2025,WA,6,0.0,No Poverty,0.0,Zero Hunger,0.5,Good Health and Well-being,0.0,Quality Education,0.0,Gender Equality,0.0,Clean Water and Sanitation,0.0,Affordable and Clean Energy,0.6667,Decent Work and Economic Growth,0.0,"Industry, Innovation and Infrastructure",0.0,Reduced Inequalities,0.6667,Sustainable Cities and Communities,0.0,Responsible Consumption and Production,0.1667,Climate Action,0.0,Life Below Water,0.0,Life on Land,0.3333,"Peace, Justice and Strong Institutions",0.0,Partnerships for the Goals
WA_Upper Gascoyne_Rural_2025,2025,WA,17,0.1176,No Poverty,0.0,Zero Hunger,0.2941,Good Health and Well-being,0.0588,Quality Education,0.0,Gender Equality,0.0588,Clean Water and Sanitation,0.0,Affordable and Clean Energy,0.5882,Decent Work and Economic Growth,0.0,"Industry, Innovation and Infrastructure",0.0,Reduced Inequalities,0.6471,Sustainable Cities and Communities,0.0588,Responsible Consumption and Production,0.0,Climate Action,0.0,Life Below Water,0.0588,Life on Land,0.2353,"Peace, Justice and Strong Institutions",0.2353,Partnerships for the Goals
WA_Victoria Park_Urban_2025,2025,WA,11,0.0909,No Poverty,0.0,Zero Hunger,0.7273,Good Health and Well-being,0.0,Quality Education,0.0909,Gender Equality,0.1818,Clean Water and Sanitation,0.0,Affordable and Clean Energy,0.8182,Decent Work and Economic Growth,0.1818,"Industry, Innovation and Infrastructure",0.0909,Reduced Inequalities,0.5455,Sustainable Cities and Communities,0.0,Responsible Consumption and Production,0.2727,Climate Action,0.0,Life Below Water,0.2727,Life on Land,0.1818,"Peace, Justice and Strong Institutions",0.0909,Partnerships for the Goals
WA_Victoria Plains_Rural_2025,2025,WA,31,0.0645,No Poverty,0.0,Zero Hunger,0.4194,Good Health and Well-being,0.0,Quality Education,0.0,Gender Equality,0.129,Clean Water and Sanitation,0.0968,Affordable and Clean Energy,0.5484,Decent Work and Economic Growth,0.0645,"Industry, Innovation and Infrastructure",0.0323,Reduced Inequalities,0.5161,Sustainable Cities and Communities,0.0968,Responsible Consumption and Production,0.2258,Climate Action,0.0,Life Below Water,0.0,Life on Land,0.3226,"Peace, Justice and Strong Institutions",0.0645,Partnerships for the Goals
WA_Tammin_Rural_2025,2025,WA,11,0.1818,No Poverty,0.0,Zero Hunger,0.3636,Good Health and Well-being,0.0,Quality Education,0.0,Gender Equality,0.0,Clean Water and Sanitation,0.0909,Affordable and Clean Energy,0.7273,Decent Work and Economic Growth,0.0,"Industry, Innovation and Infrastructure",0.1818,Reduced Inequalities,0.6364,Sustainable Cities and Communities,0.0,Responsible Consumption and Production,0.0,Climate Action,0.0,Life Below Water,0.0,Life on Land,0.3636,"Peace, Justice and Strong Institutions",0.0,Partnerships for the Goals
WA_Vincent_Urban_2025,2025,WA,19,0.0,No Poverty,0.0,Zero Hunger,0.6842,Good Health and Well-being,0.1053,Quality Education,0.0,Gender Equality,0.0,Clean Water and Sanitation,0.1579,Affordable and Clean Energy,0.6842,Decent Work and Economic Growth,0.0,"Industry, Innovation and Infrastructure",0.0,Reduced Inequalities,0.4737,Sustainable Cities and Communities,0.0526,Responsible Consumption and Production,0.4211,Climate Action,0.0,Life Below Water,0.1579,Life on Land,0.3684,"Peace, Justice and Strong Institutions",0.0,Partnerships for the Goals
WA_Wagin_Rural_2025,2025,WA,29,0.069,No Poverty,0.0,Zero Hunger,0.5517,Good Health and Well-being,0.0345,Quality Education,0.0,Gender Equality,0.1379,Clean Water and Sanitation,0.069,Affordable and Clean Energy,0.5172,Decent Work and Economic Growth,0.1034,"Industry, Innovation and Infrastructure",0.0,Reduced Inequalities,0.6207,Sustainable Cities and Communities,0.069,Responsible Consumption and Production,0.1724,Climate Action,0.0,Life Below Water,0.1724,Life on Land,0.2414,"Peace, Justice and Strong Institutions",0.0,Partnerships for the Goals
WA_Wanneroo_Urban_2025,2025,WA,1,1.0,No Poverty,0.0,Zero Hunger,1.0,Good Health and Well-being,1.0,Quality Education,1.0,Gender Equality,0.0,Clean Water and Sanitation,0.0,Affordable and Clean Energy,1.0,Decent Work and Economic Growth,0.0,"Industry, Innovation and Infrastructure",0.0,Reduced Inequalities,1.0,Sustainable Cities and Communities,0.0,Responsible Consumption and Production,0.0,Climate Action,0.0,Life Below Water,0.0,Life on Land,1.0,"Peace, Justice and Strong Institutions",0.0,Partnerships for the Goals
WA_Wandering_Rural_2025,2025,WA,23,0.0435,No Poverty,0.0,Zero Hunger,0.4783,Good Health and Well-being,0.0435,Quality Education,0.0,Gender Equality,0.087,Clean Water and Sanitation,0.0435,Affordable and Clean Energy,0.6957,Decent Work and Economic Growth,0.3043,"Industry, Innovation and Infrastructure",0.0,Reduced Inequalities,0.5217,Sustainable Cities and Communities,0.0,Responsible Consumption and Production,0.087,Climate Action,0.0,Life Below Water,0.1304,Life on Land,0.3043,"Peace, Justice and Strong Institutions",0.0435,Partnerships for the Goals
WA_Waroona_Rural_2025,2025,WA,6,0.0,No Poverty,0.0,Zero Hunger,0.6667,Good Health and Well-being,0.0,Quality Education,0.0,Gender Equality,0.1667,Clean Water and Sanitation,0.0,Affordable and Clean Energy,0.8333,Decent Work and Economic Growth,0.0,"Industry, Innovation and Infrastructure",0.0,Reduced Inequalities,0.5,Sustainable Cities and Communities,0.0,Responsible Consumption and Production,0.0,Climate Action,0.0,Life Below Water,0.0,Life on Land,0.8333,"Peace, Justice and Strong Institutions",0.0,Partnerships for the Goals
WA_Westonia_Rural_2025,2025,WA,11,0.0909,No Poverty,0.0,Zero Hunger,0.8182,Good Health and Well-being,0.1818,Quality Education,0.0909,Gender Equality,0.0,Clean Water and Sanitation,0.0,Affordable and Clean Energy,0.8182,Decent Work and Economic Growth,0.0909,"Industry, Innovation and Infrastructure",0.0,Reduced Inequalities,0.2727,Sustainable Cities and Communities,0.0,Responsible Consumption and Production,0.0909,Climate Action,0.0,Life Below Water,0.0909,Life on Land,0.3636,"Peace, Justice and Strong Institutions",0.0,Partnerships for the Goals
WA_Wickepin_Rural_2025,2025,WA,8,0.0,No Poverty,0.0,Zero Hunger,0.25,Good Health and Well-being,0.0,Quality Education,0.0,Gender Equality,0.0,Clean Water and Sanitation,0.125,Affordable and Clean Energy,0.75,Decent Work and Economic Growth,0.0,"Industry, Innovation and Infrastructure",0.0,Reduced Inequalities,0.625,Sustainable Cities and Communities,0.0,Responsible Consumption and Production,0.125,Climate Action,0.0,Life Below Water,0.0,Life on Land,0.5,"Peace, Justice and Strong Institutions",0.0,Partnerships for the Goals
WA_Williams_Rural_2025,2025,WA,4,0.25,No Poverty,0.25,Zero Hunger,0.5,Good Health and Well-being,0.0,Quality Education,0.0,Gender Equality,0.25,Clean Water and Sanitation,0.0,Affordable and Clean Energy,0.75,Decent Work and Economic Growth,0.25,"Industry, Innovation and Infrastructure",0.0,Reduced Inequalities,0.75,Sustainable Cities and Communities,0.0,Responsible Consumption and Production,0.25,Climate Action,0.0,Life Below Water,0.0,Life on Land,0.0,"Peace, Justice and Strong Institutions",0.25,Partnerships for the Goals
WA_West Arthur_Rural_2025,2025,WA,24,0.125,No Poverty,0.0417,Zero Hunger,0.5,Good Health and Well-being,0.0,Quality Education,0.0,Gender Equality,0.1667,Clean Water and Sanitation,0.1667,Affordable and Clean Energy,0.5417,Decent Work and Economic Growth,0.1667,"Industry, Innovation and Infrastructure",0.0,Reduced Inequalities,0.25,Sustainable Cities and Communities,0.0833,Responsible Consumption and Production,0.25,Climate Action,0.0,Life Below Water,0.125,Life on Land,0.2917,"Peace, Justice and Strong Institutions",0.0,Partnerships for the Goals
WA_Woodanilling_Rural_2025,2025,WA,11,0.0909,No Poverty,0.0,Zero Hunger,0.8182,Good Health and Well-being,0.0,Quality Education,0.0,Gender Equality,0.0909,Clean Water and Sanitation,0.0,Affordable and Clean Energy,0.9091,Decent Work and Economic Growth,0.0,"Industry, Innovation and Infrastructure",0.0,Reduced Inequalities,0.5455,Sustainable Cities and Communities,0.0,Responsible Consumption and Production,0.1818,Climate Action,0.0,Life Below Water,0.1818,Life on Land,0.3636,"Peace, Justice and Strong Institutions",0.6364,Partnerships for the Goals
WA_Wiluna_Rural_2025,2025,WA,11,0.0909,No Poverty,0.0,Zero Hunger,0.8182,Good Health and Well-being,0.0,Quality Education,0.0,Gender Equality,0.0,Clean Water and Sanitation,0.1818,Affordable and Clean Energy,0.9091,Decent Work and Economic Growth,0.2727,"Industry, Innovation and Infrastructure",0.0,Reduced Inequalities,0.9091,Sustainable Cities and Communities,0.0,Responsible Consumption and Production,0.1818,Climate Action,0.0,Life Below Water,0.0909,Life on Land,0.0909,"Peace, Justice and Strong Institutions",0.0,Partnerships for the Goals
WA_Wyndham East Kimberley_Rural_2025,2025,WA,2,0.0,No Poverty,0.0,Zero Hunger,0.5,Good Health and Well-being,0.0,Quality Education,0.0,Gender Equality,0.0,Clean Water and Sanitation,0.0,Affordable and Clean Energy,1.0,Decent Work and Economic Growth,0.0,"Industry, Innovation and Infrastructure",0.0,Reduced Inequalities,1.0,Sustainable Cities and Communities,0.0,Responsible Consumption and Production,0.5,Climate Action,0.0,Life Below Water,0.0,Life on Land,1.0,"Peace, Justice and Strong Institutions",0.0,Partnerships for the Goals
WA_Yilgarn_Rural_2025,2025,WA,2,0.0,No Poverty,0.0,Zero Hunger,0.0,Good Health and Well-being,0.0,Quality Education,0.0,Gender Equality,0.0,Clean Water and Sanitation,0.0,Affordable and Clean Energy,0.5,Decent Work and Economic Growth,0.0,"Industry, Innovation and Infrastructure",0.0,Reduced Inequalities,0.0,Sustainable Cities and Communities,0.0,Responsible Consumption and Production,0.0,Climate Action,0.0,Life Below Water,0.0,Life on Land,0.5,"Peace, Justice and Strong Institutions",0.0,Partnerships for the Goals
WA_York_Rural_2025,2025,WA,14,0.0714,No Poverty,0.0,Zero Hunger,0.7143,Good Health and Well-being,0.0,Quality Education,0.0,Gender Equality,0.1429,Clean Water and Sanitation,0.0714,Affordable and Clean Energy,0.9286,Decent Work and Economic Growth,0.0,"Industry, Innovation and Infrastructure",0.0,Reduced Inequalities,0.5714,Sustainable Cities and Communities,0.0,Responsible Consumption and Production,0.3571,Climate Action,0.0,Life Below Water,0.2143,Life on Land,0.5714,"Peace, Justice and Strong Institutions",0.1429,Partnerships for the Goals
WA_Kwinana_Urban_2025,2025,WA,78,0.1154,No Poverty,0.0,Zero Hunger,0.7692,Good Health and Well-being,0.1154,Quality Education,0.0,Gender Equality,0.1026,Clean Water and Sanitation,0.141,Affordable and Clean Energy,0.8077,Decent Work and Economic Growth,0.0641,"Industry, Innovation and Infrastructure",0.0,Reduced Inequalities,0.7308,Sustainable Cities and Communities,0.0385,Responsible Consumption and Production,0.2564,Climate Action,0.0,Life Below Water,0.0897,Life on Land,0.3462,"Peace, Justice and Strong Institutions",0.0,Partnerships for the Goals
WA_Rockingham_Urban_2025,2025,WA,21,0.0952,No Poverty,0.0,Zero Hunger,0.4286,Good Health and Well-being,0.0476,Quality Education,0.0,Gender Equality,0.0476,Clean Water and Sanitation,0.0952,Affordable and Clean Energy,0.7143,Decent Work and Economic Growth,0.0,"Industry, Innovation and Infrastructure",0.0,Reduced Inequalities,0.5714,Sustainable Cities and Communities,0.1429,Responsible Consumption and Production,0.1905,Climate Action,0.0,Life Below Water,0.0476,Life on Land,0.5238,"Peace, Justice and Strong Institutions",0.0,Partnerships for the Goals
WA_Wongan Ballidu_Rural_2025,2025,WA,32,0.125,No Poverty,0.0,Zero Hunger,0.8125,Good Health and Well-being,0.0312,Quality Education,0.0312,Gender Equality,0.0625,Clean Water and Sanitation,0.0,Affordable and Clean Energy,0.75,Decent Work and Economic Growth,0.0938,"Industry, Innovation and Infrastructure",0.0312,Reduced Inequalities,0.7188,Sustainable Cities and Communities,0.0,Responsible Consumption and Production,0.0938,Climate Action,0.0,Life Below Water,0.0,Life on Land,0.2188,"Peace, Justice and Strong Institutions",0.0312,Partnerships for the Goals
SA_Kingston_Rural_2025,2025,SA,66,0.0303,No Poverty,0.0,Zero Hunger,0.6364,Good Health and Well-being,0.1061,Quality Education,0.1061,Gender Equality,0.0303,Clean Water and Sanitation,0.0455,Affordable and Clean Energy,0.7576,Decent Work and Economic Growth,0.1061,"Industry, Innovation and Infrastructure",0.0,Reduced Inequalities,0.4242,Sustainable Cities and Communities,0.0,Responsible Consumption and Production,0.1515,Climate Action,0.0455,Life Below Water,0.1515,Life on Land,0.4848,"Peace, Justice and Strong Institutions",0.0303,Partnerships for the Goals
VIC_Maribyrnong_Urban_2025,2025,VIC,106,0.1038,No Poverty,0.0189,Zero Hunger,0.6038,Good Health and Well-being,0.0849,Quality Education,0.1038,Gender Equality,0.066,Clean Water and Sanitation,0.066,Affordable and Clean Energy,0.717,Decent Work and Economic Growth,0.0849,"Industry, Innovation and Infrastructure",0.0283,Reduced Inequalities,0.5,Sustainable Cities and Communities,0.066,Responsible Consumption and Production,0.2075,Climate Action,0.0,Life Below Water,0.0283,Life on Land,0.3679,"Peace, Justice and Strong Institutions",0.0472,Partnerships for the Goals
VIC_Kingston_Urban_2025,2025,VIC,66,0.0303,No Poverty,0.0,Zero Hunger,0.6364,Good Health and Well-being,0.1061,Quality Education,0.1061,Gender Equality,0.0303,Clean Water and Sanitation,0.0455,Affordable and Clean Energy,0.7576,Decent Work and Economic Growth,0.1061,"Industry, Innovation and Infrastructure",0.0,Reduced Inequalities,0.4242,Sustainable Cities and Communities,0.0,Responsible Consumption and Production,0.1515,Climate Action,0.0455,Life Below Water,0.1515,Life on Land,0.4848,"Peace, Justice and Strong Institutions",0.0303,Partnerships for the Goals
