activity_text,top_sdg,top_score,source_file
"agencies to run community events including NAIDOC week West Daly Regional Council Focus 4: Delivering on our promises Objective We grow our services by listening and seeking new opportunities, working with others to support our communities today and in the future",17,0.8369438846906027,NT_Unknown_Rural_2025_alignment
3.4 Complete a review of sporting infrastructure across 3 communities 3.5 Upgrade security lighting Upgraded security lighting is ongoing at all Council properties to be completed in the 2025–26 financial year,11,0.7541522040963172,NT_Unknown_Rural_2025_alignment
"Waste management Council provided a range of waste management services for residents, businesses and community-based organisations across 2024–25 These included regular waste collection services, kerbside garbage collection, litter patrol, regular hard waste removal, community and pre-cyclone clean-up days, waste management facilities management, planning and developing operational policy and strategy, and community education and engagement",12,0.9907190099358558,NT_Unknown_Rural_2025_alignment
(iii) Impairment of financial assets Financial assets are evaluated at each balance sheet date to determine any evidence of impairment,10,0.4578825958470504,NT_Unknown_Rural_2025_alignment
 Evaluate the appropriateness of accounting policies used and the reasonableness of accounting estimates and related disclosures made by the CEO,12,0.6714143957197667,NT_Unknown_Rural_2025_alignment
system to capture road asset data (GIS) West Daly Regional Council Action Statement Council has been collaborating with Animal Management in Rural and Remote Indigenous Communities (AMRRIC) to support animal management in community Further and ongoing collaboration will continue in 2025-26 as well as to develop a formalised Animal Management Plan for the next 5 years,15,0.9457855423291524,NT_Unknown_Rural_2025_alignment
Several cemeteries and burial sites located within the 3 communities and throughout the Homelands were managed by the Council in 2024–25,15,0.4969792664051056,NT_Unknown_Rural_2025_alignment
"Carefully and methodically working through this targeted review process strengthens the long term sustainability of our business operations and it’s crucial that we continue to operate on a strong foundation so we can achieve our vision of making a difference in our community and creating places that are respectful, peaceful and safe",12,0.8445842243731022,NT_Unknown_Rural_2025_alignment
"There are 5 management zones across the Northern Territory under the Bushfires Management Act 2016 and within Bushfires NT jurisdiction, with the West Daly region under the Vernon Arafura Bushfire Management Zone The Vernon Arafura Regional Bushfire Management Plan supports community-wide fire management within our region and guides our response to and management of fire prevention activities",15,0.6084726800521215,NT_Unknown_Rural_2025_alignment
"By fostering open dialogue and active participation, we are building a more inclusive and responsive council As we look to the future, we remain committed to driving economic development, enhancing service delivery, and building resilient communities",11,0.6542403396517038,QLD_Unknown_Urban_2024_alignment
Stage 1 of the Collinsville Pump Track in Darcy Munro Park was soft launched on Monday 27 May The track was funded by Bowen Rail Company and is most suitable for beginners and intermediates,7,0.7425351403156917,QLD_Unknown_Urban_2024_alignment
Level 2 inspections have been completed with two bridges identified as requiring replacement in the near future These have been added to our capital program,11,0.6547546730637551,QLD_Unknown_Urban_2024_alignment
"Luke, who is a valued member of our Roads and Drainage team, completed his Certificate II and III in Construction through TAFE Queensland",17,0.7323049008846283,QLD_Unknown_Urban_2024_alignment
"AUDIT AND RISK Audit and Risk Committee Objectives: The Committee is established in accordance with Section 105, Local Government Act 2009, and Sections 208",11,0.7644255564808845,QLD_Unknown_Urban_2024_alignment
"Council’s investment in these parks enhances public spaces, supports local businesses, and stimulates the regional economy by driving local spending and attracting visitors",11,1.0,QLD_Unknown_Urban_2024_alignment
"Induction program delivered, with some elements of the program around team building and professional development carried over to 2024-2025 financial year budget as business as usual elements",17,0.8694746096928915,QLD_Unknown_Urban_2024_alignment
Capital Program and Network Planning To provide well-constructed infrastructure assets across the organisation and delivery of strategic planning associated with the long term infrastructure needs of our community,9,0.997145873427391,QLD_Unknown_Urban_2024_alignment
We provide direction and good decision making for our organisation and community in an understanding environment that embraces trust and continuous improvement Unity,17,0.8373363812764486,QLD_Unknown_Urban_2024_alignment
"At the 2023 Whitsunday Tourism Awards, the Whitsunday Coast Airport was awarded Gold, and Shute Harbour Marine Terminal received Silver in the Tourism, Retail, Hire, and Services category The accolades highlight the excellence and dedication of our local tourism infrastructure",17,0.6218069295088451,QLD_Unknown_Urban_2024_alignment
"Asset Management Strategy Director Corporate Services 100% In the project management space, the 2024/25 capital budget was built upon the foundations set in the previous year with project briefs developed for each capital works project This will enable to successful project management and delivery for the capital program The AMI Project has ramped up considerably in the last quarter, with design and key user workshops completed for the asset management modules",17,0.8195696771144867,QLD_Unknown_Urban_2024_alignment
"Each Council functional area has developed a business plan outlining their activities, highlighting operational and strategic elements, and linking these to functional roles, commercial activities, or organisational support These plans are being presented to the Council and CEO to enhance understanding of each area’s roles and responsibilities",11,0.7595587590932845,QLD_Unknown_Urban_2024_alignment
Director Corporate Services 80% Not Started Completed On Hold Progressing Not Progressing STATUS q4 quarterly highlights REPORT Reference Operational Initiative Action Name Authorising Officer Name Status Progress Comments Enhance employee skills in good record keeping practices to meet the standards of the Public Records Act 2002,17,0.7632509867350261,QLD_Unknown_Urban_2024_alignment
"Asset Management Plans (AMPs) were completed in September 2023 for Waste, Quarry and Shute Harbour awaiting another review then presentation to Councillors for endorsement",12,0.9820015886425972,QLD_Unknown_Urban_2024_alignment
"We are implementing the best practices from the Councils: reducing waste going to landfill, increasing recycling, and promoting a cleaner and healthier environment for today and tomorrow",12,0.9682668912410736,SA_Unknown_Rural_2024_alignment
LGA Hoarding and Squalor report completed Active/Lead/Control Resilient Hills & Coast Develop RH&C standalone website & new Climate Plan Strategy,13,0.9779289434552192,SA_Unknown_Rural_2024_alignment
"Finniss Vale Drive provides access to the township of Second Valley and is identified in the Southern and Hills Local Government Associations 2030 Regional Transport Plan as a regionally significant tourist and community route The existing road assets are nearing end of life with areas of significant pavement deformation, cracking and limited existing stormwater management infrastructure, resulting in occurrences of road stormwater runoff discharging uncontrolled into private property",11,0.85,SA_Unknown_Rural_2024_alignment
"At the end of the 2023-24 financial year, much of the Sealed Road Renewal program was completed with full completion forecast for September 2023 The completion of the sealing of Forktree Road was a major achievement",17,0.7534860074520111,SA_Unknown_Rural_2024_alignment
An assurance engagement on internal controls is not designed to detect all instances of controls operating ineffectively as it is not performed continuously throughout the period and the tests performed are on a sample basis,7,0.4881630738576253,SA_Unknown_Rural_2024_alignment
"Each year, an Annual Business Plan is adopted, which sets out the budget and funding sources for the year ahead This Annual Report outlines Council’s financial position and provides an update on Council’s progress in line with our strategic management plans, guided by the requirements of the Local Government Act 1999",11,0.8014780278205872,SA_Unknown_Rural_2024_alignment
"Our Community Four year focus PRIORITY 4: Providing for our children, young people and families Arts and creativity grants What we achieved The Mayors Short Story Challenge is a regional initiative of the Councils of the Fleurieu Peninsula and is supported by the Yankalilla Library The challenge encourages school students from reception to year 10 to let their imaginations run wild and share stories through creative writing",4,0.9614484310150146,SA_Unknown_Rural_2024_alignment
"Through their efforts, the Governance team helps maintain the integrity and accountability of Council’s operations Despite increased property search requests, the team has maintained prompt service delivery within legislated timeframes This reflects their dedication to cost-effective and timely service, which is aligned with the Council’s continuous improvement goals",11,0.6116384999752045,SA_Unknown_Rural_2024_alignment
"Maintenance What we achieved In 2020, an Economic Development Strategy was endorsed by Council This Strategy focuses on building a strong environment for local businesses, encouraging partnerships, and supporting investments in critical areas",12,0.7399709007143975,SA_Unknown_Rural_2024_alignment
"By supporting the deferral of key capital and operational projects and the introduction of a three-year budget plan, the Committee has supported initiatives to steer Council towards long-term financial sustainability",11,0.7069043802618981,SA_Unknown_Rural_2024_alignment
"Forktree Road In early 2023-24, the final works were completed on the Forktree Road sealing project, resulting in a newly sealed road that not only offers a convenient route for many users but also showcases some of the most stunning views in the region While initially scheduled for completion in the prior year, the project faced significant delays due to adverse weather conditions",17,0.687241405248642,SA_Unknown_Rural_2024_alignment
"Summary of Material Accounting Policies (continued) Council adopted AASB 2021-2, which makes some small amendments to a number of standards including the following: AASB 7, AASB 101, AASB 108, AASB 134 and AASB Practice Statement 2",12,0.7083596083521844,SA_Unknown_Rural_2024_alignment
"During the consultation period, the councils were engaged and passionate about the use of circular economy, the increase in FOGO and providing other community waste services",12,0.9862270149588586,SA_Unknown_Rural_2024_alignment
"A summary of the activities and discussions of the Audit & Risk Committee across meetings held in July, October and December 2023, as well as February, April and June 2024 are provided below",17,0.7189137240250906,SA_Unknown_Rural_2024_alignment
"Throughout the 2023-24 financial year, the Audit & Risk Committee has been actively engaged in comprehensive oversight, contributing to improved governance and risk management processes",17,0.64541627963384,SA_Unknown_Rural_2024_alignment
"Council has adopted the date of receipt of the Auditors' Report as the appropriate ""authorised for issue"" date relating to these General Purpose Financial Statements",12,0.3866318809986115,SA_Unknown_Rural_2024_alignment
"Funded by the Federal Government and the District Council of Yankalilla, the Commonwealth Home Support Program (CHSP), provides transport services that support older people to stay independent in their homes and communities for longer",11,0.8104083742499352,SA_Unknown_Rural_2024_alignment
Council’s Major Events and Festivals sponsorship program supports community events celebrating local culture and heritage that drive economic activity and community connection,11,0.7415885281562804,SA_Unknown_Rural_2024_alignment
"Evaluate the overall presentation, structure and content of the financial report, including the disclosures, and whether the financial report represents the underlying transactions and events in a manner that achieves fair presentation",17,0.5048111081123352,SA_Unknown_Rural_2024_alignment
Council has adopted all amendments mentioned above required for the year ended 30 June 2024 The adoption of these amendments did not have a material impact on the financial statements,13,0.434779196023941,SA_Unknown_Rural_2024_alignment
"Fleurieu Regional Waste Authority (FRWA) established to provide waste and recycling services for the City of Victor Harbor, Alexandrina Council, District Council of Yankalilla and Kangaroo Island Council",11,0.7345064103603363,SA_Unknown_Rural_2024_alignment
We also updated our website to include an alert banner capacity at the top of all website pages This banner increases the visibility of short-term urgent messages such as depot closures or when delayed kerbside collections,17,0.4439585904280345,SA_Unknown_Rural_2024_alignment
"Implement a strategic economic action plan based on the Northern Regional Futures Plan framework or similar; and Land Donated by Council In accordance with Section 30 of the Local Government (General) Regulations 2025, council is required to report on any non-application of the public tender process.",11,0.6394022714495659,TAS_Unknown_Urban_2025_alignment
"Exeter Bowls Club The NTDC is currently engaged in a number of initiatives including the development of the Regional Economic Development Plan This plan focuses on six key themes: Industry development, investment transaction, population growth, place-making, innovation and culture, and human capacity.) Council has not donated any land during the 2024/25 year",11,0.4980680536925793,TAS_Unknown_Urban_2025_alignment
BEAUTY POINT FORESHORE PROJECT INNOVA BUSINESS PARK The Beauty Point Foreshore Master Plan was developed in conjunction with Tas Ports and Tourism Northern Tasmania,17,0.689136286576589,TAS_Unknown_Urban_2025_alignment
"Condition was assessed taking into account both physical characteristics as well as holistic factors such as functionality, capability, utilisation and obsolescence",12,0.4917256885766983,TAS_Unknown_Urban_2025_alignment
Council has endorsed the concept design for an all abilities Fifty families have joined the group with more on the waitlist,1,0.7711397695541382,WA_Unknown__2023_alignment
"To ensure robust risk management at all levels of planning and decision making, risks are assessed at the strategic, corporate, operational and project levels The City’s IPRF is also aligned to legislative requirements for local governments in Western Australia as per the Local Government (Administration) Regulations 1996",11,0.84204949426651,WA_Unknown__2023_alignment
"Ngala at the Girrawheen Hub The City collaborated with Ngala’s Parenting Connection WA team to lease the main foyer, office and meeting rooms at the Girrawheen Hub This has enabled Ngala to provide a range of services in Girrawheen and surrounding areas, including parenting sessions at the Girrawheen Hub for the local community",17,0.7576135297616323,WA_Unknown__2023_alignment
"We have adopted a Personal Information Privacy Policy to ensure that all reasonable steps are taken so that the collection, use, disclosure and handling of all personal information by the City aligns with relevant Australian Privacy Principles of the Privacy Act 1988 (Cth)",16,0.8339120799303055,WA_Unknown__2023_alignment
SPECIAL INTEREST / FOCUS AREAS ∙ Clear direction and decision making ∙ Strong and diverse local economy ∙ Advocate in line with community priorities ∙ Manage natural assets and resources ∙ Facilities and activities for all,17,1.0,WA_Unknown__2023_alignment
"Through the framework, we provide clear guidelines for the roles of the Council, Council members, the CEO and employees, ensuring that all responsibilities are properly allocated and discharged by those accountable",11,0.4367979780733585,WA_Unknown__2023_alignment
"Except for cash flow and rate setting information, the financial report has been prepared on the accrual basis and is based on historical costs, modified, where applicable, by the measurement at fair value of selected non-current assets, financial assets and liabilities These amendments have no material impact on the current annual financial report",17,0.5674001077810924,WA_Unknown__2023_alignment
"OUR VALUES OUR BUSINESS PRINCIPLES The values provide a foundation for the City, distinguish us and guide our actions to deliver results The City has four key principles, identified by key stakeholders through the development of the SCP, that serve as the foundation of our operational delivery",11,0.8193860816955566,WA_Unknown__2023_alignment
Action owners provides updates on their progress on a six-monthly basis and all progress and requests for closure are reviewed by the internal audit service providers and a report presented to the Audit and Risk Committee,17,0.5387661357720693,WA_Unknown__2023_alignment
"∙ Audit and Risk Committee ∙ Business and Tourism Advisory Group SPECIAL INTEREST / FOCUS AREAS ∙ Catalina Regional Council ∙ Plan, develop and activate employment locations ∙ Community Safety Working Group ∙ Develop to meet current need and future growth ∙ East Wanneroo Community Reference Group ∙ Clear direction and decision making ∙ Environmental Advisory Group ∙ Manage waste and its impacts ∙ Festival and Cultural Events Committee ∙ Bringing people together",12,0.9402642688155174,WA_Unknown__2023_alignment
"Provide transparency to our operations, enhance and protect our reputation and raise awareness of our activities Value to the stakeholder Provide content and stories that gauge community trends, including social, environmental and economic data",17,1.0,WA_Unknown__2023_alignment
Smart Cities Alkimos Central Town Centre The City collaborated with a company that holds substantial expertise in Smart Cities and also works in partnership with Development WA and Lendlease to advance Smart Cities initiatives for Alkimos Central Town Centre and Train Station Precinct The Alkimos Central Smart Cities Project will serve as the model for implementing smart city concepts throughout the City in collaboration with other important stakeholders,11,0.8402890843152999,WA_Unknown__2023_alignment
"Appointed to Audit & Risk Committee and Revenue Review Committee on 21/02/23 WORKING GROUPS At the first Council meeting after an election, Council members nominate for and are appointed to internal working groups and external committees, working/advisory groups and regional councils The following table lists all working groups, advisory groups and external committees to which Council members are appointed",8,0.4778869792819023,WA_Unknown__2023_alignment
"CEO Provides overall leadership to the organisation and oversees the strategic planning, policy and program development across all aspects of our operations The CEO is responsible for the system we work within, the support we provide to the elected Council and the implementation of Council decisions The Office of the CEO encompasses corporate governance, legal advice, advocacy and economic development",12,0.6763677732646466,WA_Unknown__2023_alignment
∙ provide leadership and guidance to the community ∙ facilitate communication between the community and the Council ∙ participate in local government decision,11,0.6249004396796226,WA_Unknown__2023_alignment
REVENUE REVIEW COMMITTEE The Revenue Review Committee provides advice and makes recommendations to the Council on sources of revenue and related policy,12,0.5133897280693054,WA_Unknown__2023_alignment
"Provide for local economic growth and opportunities for the community and wider population Value to the stakeholder Support for business investment, development and growth How we engage Economic development team, digital and social media, meetings (formal, briefings, networking), correspondence/advice, events, workshops, biennial business survey, and the Your Say page of the City’s website",17,1.0,WA_Unknown__2023_alignment
"How we engage Meetings (formal, briefings, networking), correspondence, legislative reporting, events, public relations, advocacy and lobbying, negotiations, projects and joint ventures",16,0.9221056842803954,WA_Unknown__2023_alignment
ECONOMIC UNCERTAINTY Cost of living pressures and continued interest rate rises have created economic uncertainty and the fear of a recession,17,0.7171805699666342,WA_Unknown__2023_alignment
"By empowering leadership at all levels, we enable a high-performing, innovative and future-focused organisation, capable of making a positive difference to all stakeholders The City’s workforce capability requirements are diverse and varied, with roles that span entry level administration and customer service through to professional roles",17,0.8946082989374797,WA_Unknown__2023_alignment
"We initially supported the playgroup to access a community centre, apply for funding, recruit new members and engage with professionals to provide direct support to the group",17,0.7130776345729828,WA_Unknown__2023_alignment
"We regularly engage with the community and other stakeholders and encourage participation by people who live in, work in, visit, or support the City The City has a community engagement framework that is based on an international best practice model and ensures that our community’s feedback and concerns are acknowledged, considered and available for decision making",11,0.8425706606507302,WA_Unknown__2023_alignment
"supports the Asset Management Strategy This document details the planned actions to improve practices in line with the objectives and intent of the strategy, including timeframes for achieving them",17,0.7312645514806112,WA_Unknown__2023_alignment
"TRAINING AND PROFESSIONAL DEVELOPMENT To enable Council members to develop and maintain skills and knowledge relevant to their roles as representatives of the City, Council members are encouraged to attend conferences, workshops, forums and training events",11,0.8432367460727691,WA_Unknown__2023_alignment
ALL ABILITIES PLAYGROUND Council has endorsed the concept design for an all-abilities playground planned for Riverlinks Park in Clarkson The City received a state government grant of $2.6 million to develop a playground that focuses on disability access,11,0.7474280114769936,WA_Unknown__2023_alignment
Middle lower: Cockman House was built by the first permanent European settlers in what is now the City of Wanneroo,17,0.4323631525039673,WA_Unknown__2023_alignment
"Emergency Services Levy ∙ Update of the Internal Audit Log The audit reviewed and assessed the internal controls in place relating specifically to the Emergency Services Levy, focusing on the design and operational effectiveness The audit also considered whether processes are consistent with relevant policies, legislation and better practice",3,0.6477304548025131,WA_Unknown__2023_alignment
Ink in the Lines The exhibition provided a unique platform for the Australian public to engage with the stories behind the tattoos of modern veterans and their families,16,0.7628701670964559,WA_Unknown__2023_alignment
"In this section we look at: OUR HERITAGE SPACES SUPPORT NEURODIVERSE AUDIENCES ∙ our major achievements and challenges for this year Wanneroo Regional Museum now has sensory backpacks available for public use The sensory backpacks, which are also available at Cockman House and Buckingham House, were developed with the support of the City of Wanneroo’s Disability, Access and Inclusion Reference Group and advice from the Spectrum Space Women’s Council",5,0.8415888112187386,WA_Unknown__2023_alignment
"GOAL 3: A vibrant, innovative City with local opportunities for work, business and investment The City’s organisational purpose articulates why we do what we do, why we exist and what our cause is This purpose statement provides a clear message about the expectations the City has in working towards achieving the vision for the future",17,0.9249991178512572,WA_Unknown__2023_alignment
SPECIAL INTEREST / FOCUS AREAS ∙ Valued public places and spaces ∙ Manage natural assets and resources ∙ Prepared and resilient ∙ Advocate in line with community priorities ∙ Understand our stakeholders and their needs SPECIAL INTEREST / FOCUS AREAS COUNCIL-APPOINTED MEMBERSHIP OF COMMITTEES / WORKING GROUPS / EXTERNAL ∙ Value the contribution of all people ∙ Facilities and activities for all ∙ Strong and diverse local economy ∙ Develop local jobs and skills ∙ Manage and protect local biodiversity,15,0.9405657351016998,WA_Unknown__2023_alignment
WASTE MANAGEMENT ADVISORY COMMITTEE The Terms of Reference for the Committee were reviewed and endorsed by the Council in March 2022 The Waste Management Advisory Committee provides advice to the Council and to the City’s representatives on the Mindarie Regional Council on matters relating to waste management in the City,12,0.9889983838796615,WA_Unknown__2023_alignment
"FRAGOLA PARK, LANDSDALE To make sure the main soccer field was up to professional match standards, the City improved the floodlighting by installing 500-lux lights This project cost $2.7 million and was funded by the State Government’s WA Recovery Plan, along with a $126,000 contribution from the City",11,0.7725166216492653,WA_Unknown__2023_alignment
"∙ Hainsworth Youth Centre ∙ Wanneroo Youth Centre ∙ Clarkson Youth Hub and Butler Community Centre ∙ Yanchep Youth Centre During this financial year the Clarkson Youth Hub has undergone refurbishment The upgrades were jointly funded by the Australian Government’s Local Roads and Community Infrastructure Program, Lotterywest and the City While the refurbishment has been underway, the Clarkson youth program was delivered at Butler Community Centre, along with outreach activities at the Clarkson Skate Park",17,0.7642605404059093,WA_Unknown__2023_alignment
"MONTH LESSEE LOCATION Wanneroo Amateur Boxing Club inc. Portion Lot 502 (349K) Scenic Drive, Wanneroo Scouts Association of Australia, Western Australia Branch (Inc) (Scouts WA) Portion Lot 502 (349K) Scenic Drive, Wanneroo Scouts Association of Australia, Western Australia Branch (Inc) (Scouts WA) Lot 1 (76) Ashley Road, Tapping (Agreement for Lease) Avivo Live Life (inc.) Portion Lot 156 (23) Civic Drive, Wanneroo (Extension of Lease) MONTH LESSEE LOCATION Minister for Education Portion Lot 11169 (8) Aylesford Drive, Marangaroo (Licence) Optus Mobile Pty Ltd & Australian Tower Network Pty Ltd Portion Lot 12302 (1204) Wanneroo Road, Ashby Girrawheen Community Garden (inc.) Portion Lot 6 (11) Patrick Court, Girrawheen Olympic Kingsway Sports Club Portion Lot 555 (100) Kingsway, Madeley (CS04-11/21) Department of Communities Portion Lot 800 (46) Highclere Boulevard, Marangaroo Ocean Springs Pty Ltd as bare trustee for the Butler Joint Venture Storage Area, 100 Aurora Esplanade, Jindalee Yanchep Surf Life Saving Club (Inc) Portion Lot 520 (5) Brazier Road, Yanchep Wildflower Society of Western Australia inc. Portion Lot 555 (100) Kingsway, Madeley (Agreement for Lease) LAND TRANSACTIONS (APPROVED) The following land transactions in 2022/23 (leases, unless otherwise indicated) were approved by Council",11,0.7682527890205384,WA_Unknown__2023_alignment
"Our roads programme is developed in collaboration with WA Department of Main Roads, the Indian Ocean Territories Administration, Parks Australia and CIP",17,0.8063121140003204,WA_Unknown__2024_alignment
"Annual Report 2024 Page ii Economy, Housing, Education, Health, Social Councillors have been heavily engaged in advocacy with the Commonwealth Ministers and the Department, about the economic future of the Island",8,0.5697086018323898,WA_Unknown__2024_alignment
"Great Beach / CIDHS Clean up equipment is provided by Community Services for use in clean up campaigns such as gloves, scales, sieves, rubbish bags, tongs etc. Community Services also provides the Shire Training Room to environmental groups such as a Marine Debris Workshop held by Tangaroa Blue",12,0.6900158029794694,WA_Unknown__2024_alignment
"Whilst the regulatory framework only requires a revaluation to occur every five years, it also provides for the Shire to revalue earlier if it chooses to do so",11,0.5346550559103489,WA_Unknown__2024_alignment
Mills Road Intersection Works The Shire initiated plans to reconstruct key intersections along Mills Road to improve traffic flow and safety for heavy vehicles,11,0.8158555588126183,WA_Unknown_Rural_2025_alignment
"Stage 3 of the Kununurra Shared Loop Path will complete the circuit around Coolibah Drive, bridging the gap between local schools and the Leisure Centre This new section begins at the Post Office, where the existing path currently ends, and extends through to the Chestnut Avenue Once complete, this link will create a more direct route between East Kimberley College, the Kununurra School and Community Library, and the Kununurra Leisure Centre",4,0.7801585694154104,WA_Unknown_Rural_2025_alignment
"Workforce development, leadership programs, safety initiatives and integrated planning improvements supported staff capability and organisational resilience, ensuring we can simultaneously deliver major projects and maintain high-quality services for the community This is a great boost to our local economy",17,0.9386555353800456,WA_Unknown_Rural_2025_alignment
"Cloud Migration Migration to Office365 and other cloud-based productivity tools is progressing with completion planned for early 2025/26 This supports business continuity, remote collaboration, and improved digital service delivery under CBP Action 28.2",9,0.8933201346596082,WA_Unknown_Rural_2025_alignment
"Whilst the regulatory framework only requires a revaluation to occur every five years, it also provides for the Shire to revalue earlier if it chooses to do so",11,0.5346550559103489,WA_Unknown_Rural_2025_alignment
For example: Taking a leadership role in unifying the community The Shire’s Role Strategic Community Plan There a various roles that the Shire performs as a local government The Integrated Planning and Reporting Framework groups these in to the following: Key Informing Plans 10 Years Partner Collaboration with external stakeholders to deliver services and projects,11,0.85,WA_Unknown_Rural_2025_alignment
"Through the Community Grants Program, we supported more than 40 local organisations, events and initiatives These grants—delivered across Quick Grants, Rates Assistance Grants, Facility Grants and Event Grants—enabled community groups, volunteers and sporting clubs to deliver programs and activities that enrich community life in both towns",17,0.8713199694951376,WA_Unknown_Rural_2025_alignment
Vernon Lawrence Chief Executive Officer Strengthening Financial Resilience and Supporting Council The most important document the Shire produces is the Annual Budget The administration prepares what it considers to be a worst-case scenario ensuring that we maintain property rate increases at a minimum The budget was reviewed at the 2024/25 Mid-Year Budget Review where no significant changes were made The actual performance against budget has been very pleasing in that the operating deficit was $3.77 million better than forecast and a $1.08 million improvement on the prior year,11,0.6432946677207947,WA_Unknown_Rural_2025_alignment
"Leisure Centre upgrade to create a regional sport and leisure complex This stage includes the construction of a 50-metre lap pool, teaching pool, leisure pool, and Changing Places facility",17,0.6636595229307811,WA_Unknown_Rural_2025_alignment
"PROSPEROUS ECONOMY “We support business diversity, sustainability and choice...” “Liveability is high across the shire...” “We are an attractive destination...” Promoted our area as an attractive place to visit by: Facilitate commercially viable industrial precincts: Provided an efficient and cost",8,0.5377041877061128,NSW_Unknown__2025_alignment
"Delivered extensive Lake Ainsworth upgrades, including carpark and stormwater improvements, aquatic week control, bush regeneration, beach nourishment and bank stabilization, and new footpaths, boardwalk and landscaping. As a result of the 2024 Election, we also welcomed new councillors Michelle Bailey, Therese Crollick, Erin Karsten, Simon Kinny, and Damien Loone",6,0.8408207669258119,NSW_Unknown__2025_alignment
"During the year there were a number of new projects completed where the actual cost was recorded and the impact of depreciation at year end was negligible While these could be classified as valued at Level 2, given the low proportion of the total portfolio that these represented and the likelihood that in future valuations they would most likely be valued at Level 3, Council has adopted a policy that all water and wastewater infrastructure assets are deemed be valued at Level 3",6,0.99376080596447,NSW_Unknown__2025_alignment
"  CC2.1a Implement the Community Gallery Creative Action Plan This quarter, the NRCG implemented several initiatives including launch of new booking and financial systems at Ignite Studios, curation of the Nyangbul NAIDOC Exhibition featuring local First Nations artists and hosting a range of successful workshops and programs The team also continued preparations for the Ceramics Studio launch scheduled for September and began engaging local schools through gallery tours, with plans to expand educational outreach",17,0.6736222406228384,NSW_Unknown__2025_alignment
BMT has completed the flood study update and also updated DCP and LEP mapping as part of Strategy 2 of the project,17,0.8474379777908325,NSW_Unknown__2025_alignment
  CC3.2a Implement the Sport and Recreation Facilities Plan Major capital elements at Saunders Oval and Williams Reserve completed this quarter following wet weather impacts,17,0.6788550317287445,NSW_Unknown__2025_alignment
Pearces Creek Road footpath design and cost estimates completed up to the Adventist retirement village The concept design to link the remaining section of the pathways to the Wollongbar sports fields was completed in the third quarter,17,0.6195050477981567,NSW_Unknown__2025_alignment
" CC1.1f Implement Proactive Parking Program Parking patrols are conducted by licence plate recognition (Aero Ranger) and routine patrols including foot patrols, The use of smart technology has improved the coverage in the Shire The Fines Amendment (Parking Fines) Act 2024 will take affect from 1 July 2025 and Council implementing measures to ensure compliance with requirements of the amendments",11,0.8446059233546257,NSW_Unknown__2025_alignment
"Operated the Ballina Visitor Information Centre seven days a week with targeted marketing to locals and visitors, updated databases, completed accreditation, implemented a new Point of Sale system and prepared for a future online store",17,0.5510364969571432,NSW_Unknown__2025_alignment
Policy Objectives The objectives of this policy are to:  enable the reasonable and appropriate reimbursement of expenses incurred by councillors while undertaking their civic duties  enable facilities of a reasonable and appropriate standard to be provided to councillors to support them in undertaking their civic duties  ensure accountability and transparency in reimbursement of expenses and provision of facilities to councillors  ensure facilities and expenses provided to councillors meet community expectations  support a diversity of representation  fulfil the council’s statutory responsibilities,11,0.85,NSW_Unknown__2025_alignment
Home internet/NBN connection disability inclusion action plan DISABILITY I N C L U S I O N ACTION PLAN Adopted 28 September 2023,17,0.802201529343923,NSW_Unknown__2025_alignment
"Ballina Shire Council has adopted terms of reference for its audit, risk and improvement committee that are informed by the model terms of reference approved by the Departmental Chief Executive of the Office of Local Government and the committee operates in accordance with the terms of reference (section 216K of the Local Government (General) Regulation 2021)",11,0.7548376823663712,NSW_Unknown__2025_alignment
"Pearces Creek Road Bridge (joint project with Lismore City Council) Development of Land in Southern Cross Industrial Estate, Ballina and Russellton Estate, Wollongbar Kerr Street Duplication and Bentinck Street Lights Adopted and commenced delivery of Kingsford Smith Masterplan Wardell Village Revitalisation River Street Duplication (Stage 2",11,0.8118936029672622,NSW_Unknown__2025_alignment
Council’s Access Reference Group will also support the implementation of the plan by providing ongoing feedback on the progress of the actions The priorities associated with the actions listed will provide a framework for completing each action,11,0.7514145051836968,NSW_Unknown__2025_alignment
"Estimated close-down and restoration costs are provided for in the accounting period when the obligation arising from the related disturbance occurs, whether this occurs during the development or during the operation phase, based on the net present value of estimated future costs",15,0.6488856027523677,NSW_Unknown__2025_alignment
"At commencement date and each subsequent reporting date, Council assesses whether it is reasonably certain that the extension options will be exercised As at 30 June 2025, Council assessed that the exercise of any options is reasonably certain Therefore there are no potential future lease payments not included in the lease liabilities as at 30 June 2025",8,0.367645114660263,NSW_Unknown__2025_alignment
"Our ongoing initiatives, such as the Healthy Waterway Strategy and Illegal Dumping and Litter Prevention Strategy, are designed to protect our natural surroundings, ensuring a cleaner and healthier environment for future generations",17,0.8669008811314901,NSW_Unknown__2025_alignment
"Ballina Shire Council provides the audit, risk and improvement committee with direct and unrestricted access to the general manager and other senior management and the information and resources necessary to exercise its functions (section 216L of the Local Government (General) Regulation 2021)",11,0.680336381316185,NSW_Unknown__2025_alignment
"Safety, rights and justice: Ensuring the rights of people with disability are promoted, upheld and protected, and people with disability feel safe and enjoy equality before the law",16,0.9938132327795028,NSW_Unknown__2025_alignment
Ballina Shire Council has adopted an internal audit charter that is Compliant informed by the model internal audit charter approved by the Departmental Chief Executive of the Office of Local Government and the internal audit function operates in accordance with the charter (section 216O of the Local Government (General) Regulation 2021),11,0.6341255151629448,NSW_Unknown__2025_alignment
"In addition, Emigrant Point Road and Perrys Lane were prepared for sealing under the Marine Estate Management Strategy (MEMS) grant  HE1.1b Implement Floodplain Management Plans The “Preparing Australian Communities",14,0.9859755421876908,NSW_Unknown__2025_alignment
New Super Titan pump installed at the Yass WTP YASS WATER TREATMENT PLANT UPGRADE PROJECT With initial Stage 1 works completed,6,0.7153348602950573,NSW_Unknown_Rural_2025_alignment
"Corporate & Community, Infrastructure & Assets and Planning & Environment and a proposed new temporary directorate, Executive Services The Organisational Culture and Engagement Initiative was launched in May 2025 aimed at enhancing our workplace environment and fostering a more inclusive, collaborative, and positive culture across Yass Valley Council",11,0.5829471932649612,NSW_Unknown_Rural_2025_alignment
"We delivered five roadshows and received over 52 community submissions covering financial sustainability, strategic planning and village masterplans, road/footpath upgrades, equitable service delivery across villages and council support for community assets",11,0.85,NSW_Unknown_Rural_2025_alignment
"Accordingly, we will continue to develop frameworks and processes to ensure we can review the effectiveness of our actions to assess and address modern slavery risks in our procurement and supply chains moving forward, including taking steps to: Review Yass Valley Council policies and procedures; Work with suppliers to assess their progress in addressing modern slavey risks; Conduct and evaluate our risk assessment processes; and Conduct supplier questionnaires to identify modern slavery risks The results of these processes will enable us to adopt and strengthen our actions to continually improve our response to modern slavery",10,0.7498620154261589,NSW_Unknown_Rural_2025_alignment
"Traffic safety upgrades were completed from Sutton village to Back Creek Road, including the installation of lines, audible tactile markings, and raised reflective pavement marks",11,0.835596522450447,NSW_Unknown_Rural_2025_alignment
"including installation of a bubble plume aeration system at Yass Dam, upgrades to the Raw Water Pump Station (RWPS), and urgent works at the existing WTP the Final Business Case for a new water treatment plant was endorsed by Council in May 2024",6,0.9922291353940964,NSW_Unknown_Rural_2025_alignment
"Business Plans for Development Services, Community Services and ON HOLD Infrastructure Services will be developed in the 2023-24 financial year",17,1.0,QLD_Unknown_Urban_2023_alignment
"4.0 Our Year in Review OUR KEY STAKEHOLDERS 4.3 Connecting with our Community Association of Public Participation (IAP2), we endorse and aspire to the IAP2 Spectrum of Public Participation, Core Values and Code of Ethics",16,0.9986131656169892,QLD_Unknown_Urban_2023_alignment
"Developing our current and future Operations and a new addition with the employees who hold a delegation independent assistance with work and leaders through the continuation of treatment stream now available through according to the Local Government personal issues, as well as Manager the Australian Local Government this program This training provides Act as an Authorised Person",3,0.9339043200016022,QLD_Unknown_Urban_2023_alignment
"For the first time council delivered an delivery of the Switch ON Program, organisation wide Skin Check program which all employees participate in which saw 114 employees participate.",8,0.5063198337952296,QLD_Unknown_Urban_2023_alignment
Asset Managers and Service Managers (AMI) Project commenced during the have been engaged and have year with key roles of Project Manager committed to the mandated training and Project Support Officer being filled over the 2023/24 and 2024/25 financial to assist in the delivery of this objective,17,0.91910719871521,QLD_Unknown_Urban_2023_alignment
3.0 Our Organisation Jan has completed a Diploma in Management and has been recognized as a Paul Harris Fellow with Rotary International,17,0.958279569943746,QLD_Unknown_Urban_2023_alignment
A scope of works has also been data is maintained to enable effective developed providing a structured way asset management decision-making,17,0.6232123076915741,QLD_Unknown_Urban_2023_alignment
Flights Council to adopt the new Planning Scheme to the Gold Coast have been secured commencing and introduce a range of initiatives to accommodate future development,17,0.6534453729788463,QLD_Unknown_Urban_2023_alignment
"In July 2007, the Local Government Reform Commission released its report and recommended Each of the ILUA’s record how the parties shall that the two areas amalgamate",11,0.6534156029522419,QLD_Unknown_Urban_2023_alignment
Investigations through multiple data sources have provided sufficient recent sales evidence to enable the majority of the subject properties to be assessed,17,0.3910521666208903,QLD_Unknown_Urban_2023_alignment
4.0 Our Year in Review Key Focus Areas STRATEGIC CONTEXT The Asset Custodianship Model >> Implement the Asset Management identifies roles and responsibilities in Governance Framework ASSETS ($1.2B) SERVICES CHALLENGES relation to all individual assets and has been in use for a 12 month period and,17,0.8986974755922954,QLD_Unknown_Urban_2023_alignment
Warren was awarded life fellowship of the Planning Institute of Australia for his contributions to planning Retired on the Sunshine Coast and to the planning Rod Ferguson was appointed to the role of Chief profession more generally,17,0.7428366939226787,QLD_Unknown_Urban_2023_alignment
"policies and strategies that focus on effective risk in conjunction with the Committee, decision making relating to the operational business The Delegations Register which records these details management leadership, in addition to ongoing risk which includes the scope and objectives of the organisations, is being updated to align with is open for public inspection in accordance with reviews at an organisational and strategic level",12,0.8091594803333282,QLD_Unknown_Urban_2023_alignment
"Southern and Hills Local Government Association (S&HLGA) established to advocate and lobby on behalf of the Adelaide Hills Council, Alexandrina Council, Kangaroo Island Council, Mount Barker District Council, City of Victor Harbor and District Council of Yankalilla",11,0.7075684797763825,SA_Unknown_Rural_2023_alignment
"Township Sealing Program Over the past few years, Council has conducted extensive pavement maintenance work on this stretch of road With the road pavement now reaching the end of its useful life, we plan to apply for a special local roads funding grant of $800k, in addition to our own $400k Council contribution, to renew the road surface This renewal is necessary to ensure that the Southern Freight Corridor remains in satisfactory condition, guaranteeing the continued safety and efficiency of this vital transportation route",11,0.8395790175795554,SA_Unknown_Rural_2023_alignment
"In Acknowledging the importance of improving communication, a comprehensive Communications Strategy was developed and implemented and our refreshed approach to community engagement (with a focus on two-way conversations) provided important input to decision making on various projects",17,0.9314858913421632,SA_Unknown_Rural_2023_alignment
"Land acquired for road purposes during the year is initially recognised at cost, but transferred to fair value at reporting date, effectively writing off the expenditure",11,0.6755917088389397,SA_Unknown_Rural_2023_alignment
2.2 Actively support a reduction in single use plastics across the district The Customer Experience Team supported FLEC in the “Green Waste” program and worked with them to build their capacity to educate the community The Customer Service Team have led the organisation in-house to educate on recycling and green organics,12,0.9945035263895988,SA_Unknown_Rural_2023_alignment
An assurance engagement on internal controls is not designed to detect all instances of controls operating ineffectively as it is not performed continuously throughout the period and the tests performed are on a sample basis,7,0.4881630738576253,SA_Unknown_Rural_2023_alignment
"First draft of example cases studies developed Leadership, advocacy and marketing LGA Peri-Urban Governance review, New Government Policies and LG Reform, Relationship building with State Government MPs, Overabundant species Peri Urban Regional Organisation Governance review Peri-urban regional organisation yet to be investigated LG key issues Continuing to work with the LGA/SAROC Relationship with MPs Regularly meeting",17,0.957368016242981,SA_Unknown_Rural_2023_alignment
Our Environment Four year focus PRIORITY 2: Living sustainably Community Garden Project What we achieved Integrated pest management What we achieved Council’s Community Development Team partnered with the Fleurieu Coast Environment Centre (FLEC) to deliver a community garden with site selection complete and the design and build work for the garden underway The Integrated Pest Management Program is a regional program that Council contributes funds towards along with our regional counterparts Alexandrina Council and the City of Victor Harbor The program is coordinated by Landscapes SA and is part of the development of a Declared Pest Strategic Plan for the region,15,0.8813660144805908,SA_Unknown_Rural_2023_alignment
"Immediately prior to his commencement at Yankalilla, he managed the $20M Payinthi Community Hub, Library and Civic Centre at the City of Prospect together with a number of organisation and city-shaping projects",17,0.8488686879475912,SA_Unknown_Rural_2023_alignment
"By celebrating our indigenous stories and culture at places of significance, we can promote understanding and respect for the history and traditions of the Kaurna people",17,0.5906459192434947,SA_Unknown_Rural_2023_alignment
"Tourism Marketing, Visitor Services & Events Transport Waste & Recycling Community transport services, advocating for improved public transport Tourism marketing, major events and local events management, Fleurieu Coast Visitor Centre Kerbside waste collection, recycling depot, street cleaning and graffiti removal Heritage Arts & Cultural Activities Environmental health Regulating food safety, wastewater systems, water quality, sanitation, swimming pools/spas, vermin control Arts and culture development, public art, supporting the Arts & Culture Committee Council is working towards heritage preservation with owners of places identified as having Heritage of significance Planning & Development Agribusiness Services Emergency Planning Urban planning, building assessments, development assessments Supporting the Agriculture sector, Fleurieu AgFest, Carbon Farming Program Fire prevention, regional bush fire management plan, local and zone emergency management plans Customer service & Information Economic Development Administration Records management, FOI requests, Council and committees support, maintaining the electoral roll Supporting business development and connecting Council-to",11,1.0,SA_Unknown_Rural_2023_alignment
Other assets that are subject to depreciation are reviewed for impairment whenever events or changes in circumstances indicate that the carrying amount may not be recoverable,17,0.4413840174674988,SA_Unknown_Rural_2023_alignment
"In 2022-23 Hudson Howells were engaged to carry out a demand assessment to provide market information regarding the current and future needs of land for retail and bulky goods purposes so that appropriate strategic planning decisions can be made The Report also considers what the demand for retail and bulky goods retail might look like under a growth scenario based on the realisation of the Yankalilla, growth areas",17,0.7978592813014984,SA_Unknown_Rural_2023_alignment
"9.1 Engage with Government Stimulus and Support Packages 9.2 Undertake land use planning and investment attraction The DCY Structure Plan published in 2019 for the three main townships of Yankalilla, Carrickalinga and Normanville identifies growth areas",11,1.0,SA_Unknown_Rural_2023_alignment
12.4 Provide ongoing opportunities for the community to participate in decision making Council’s Community Engagement Framework provides the foundation for planning and delivering robust community engagement programs,11,0.8364277986884117,SA_Unknown_Rural_2023_alignment
Limitation of use This report has been prepared for the members of the Council in Accordance with Section 129 of the Local Government Act 1999 in relation to the internal controls specified above,11,0.779802674472332,SA_Unknown_Rural_2023_alignment
23 grant funds and in-kind support were provided to the Shannons Classic Car Rally and Festival Fleurieu to support these major events,11,0.6288116327822209,SA_Unknown_Rural_2023_alignment
"Each year, an Annual Business Plan is adopted which sets out the budget and funding sources for the year ahead This Annual Report provides an update on Council’s progress in line with our strategic management plans and is guided by the requirements of the Local Government Act 1999 It highlights the work done in year three of the Four Year Focus 2020-24 and outlines Council’s financial position",11,0.8283240653872489,SA_Unknown_Rural_2023_alignment
A thread of arts and creativity runs through many of the team’s initiatives The Arts and Creativity Grants fund provided by Council provides quick response funding for arts projects and art-specific school holiday programs are made available to the community,4,0.9269645512104034,SA_Unknown_Rural_2023_alignment
"We then engage with participants through our ‘Your Say Yankalilla’ website, face-to-face opportunities and hard copy submission forms The regularity of ‘seasons’ of enquiry in the Customer Experience area such as rates ‘season’ and dog and cat registration ‘season’",17,0.5404730637868246,SA_Unknown_Rural_2023_alignment
Building balanced long term regional resilience” This project identified and showcased projects and case studies to map effective strategies and pathways to improve both bushfire resilience and biodiversity management for landholders and landscapes in our region The S&HLGA Board commissioned Jeff Tate Consulting to undertake a strategic review of the 2021,15,0.9961061477661132,SA_Unknown_Rural_2023_alignment
A snapshot of the information in the Annual Business Plan for 2023-24 is provided below The Long-Term Financial Plan identifies where Council foresee what income and expenditure needs the district has over the next 10 years,11,0.5605650994777679,SA_Unknown_Rural_2023_alignment
"4.6 New library and community hub The new Yankalilla Library opened in February 2023, marking the completion of this project",4,0.7862217475970587,SA_Unknown_Rural_2023_alignment
Resources The continuation of the capacity building grant from the Local Government Research and Development Scheme has improved the capacity of the Executive Officer that has been applied across a range of Association projects and programs during the year,9,0.5090796058773994,SA_Unknown_Rural_2023_alignment
"Fleurieu Regional Waste Authority (FRWA) The Southern & Hills Local Government Association (S&HLGA) was established to improve the wellbeing of the region and its community The S&HLGA undertakes a regional coordinating, representational, advocating and marketing role on behalf of its member councils",11,0.85,SA_Unknown_Rural_2023_alignment
A new Reader collection featuring the phonic readers was introduced along with the ‘Grow in Reading Brochure’ to promote the library’s early childhood literacy services,4,0.8925624489784241,SA_Unknown_Rural_2023_alignment
"Our Economy Four year focus Priority 7: Developing tourism opportunities for economic benefit Economic Development Plan What we achieved Normanville SLSC & Café/Kiosk Redevelopment including Kiosk relocation What we achieved The recent introduction of the Agribusiness Development Officer and the Economic Development Support Officer to Council’s Economy, Tourism Team has provided the resources required to drive the implementation of Council’s Economic Development Plan",8,0.5925327834486962,SA_Unknown_Rural_2023_alignment
"In conjunction with the KI Council, we also plan to upgrade of the KI Resource Recovery Centre office in late 2023",12,0.717921670973301,SA_Unknown_Rural_2023_alignment
Stage one of the Normanville Foreshore Master Plan was completed with the refurbished of the Normanville Foreshore and the re-development of the Normanville SLSC & Café/Kiosk is well underway,17,0.7039988040924072,SA_Unknown_Rural_2023_alignment
"Information on the CEO, Directors and Group Manager, and general managers and their teams are provided on the following pages",17,0.6277759869893392,SA_Unknown_Rural_2023_alignment
"Oversight bodies such as the Local Government Inspectorate and the Independent Broad-based Anti-Corruption Commission (IBAC) have been established to ensure local governments operate lawfully, ethically, and in the public interest",16,0.5235851058612268,VIC_Unknown_Rural_2025_alignment
"Landscaping at Rupanyup Kindergarten was also completed in time for the commencement of the new school year The implementation of a 50km/h speed limit in Cromie Street Rupanyup, and Marma Street Murtoa, has been a welcomed addition to support road safety",11,0.8124671875238418,VIC_Unknown_Rural_2025_alignment
"Moreover, with regulatory compliance of the early years sector requiring ongoing monitoring, self-assessment, and continuous improvement to ensure that standards are consistently met, Yarriambiack Shire Council has developed a conversant Service Improvement Plan which highlights future direction in workforce development, aligning with Council’s Strategic Objective 2",8,0.7657987040281296,VIC_Unknown_Rural_2025_alignment
Governance & Management Items Assessment Community Engagement Policy Adopted in accordance with section 55 of the Act Policy outlining Council’s commitment to engaging with the community on matters of public interest The revised Community Engagement Policy and Procedure is set to be adopted at the 23 July 2025 Ordinary Council Meeting.,16,0.7474696389834086,VIC_Unknown_Rural_2025_alignment
"Additionally, over the past 12 months, we have diligently evaluated our compliance by thoroughly completing checklists related to VAGO Recommendations from pre-existing reports, as well as the Local Government Act 2020 and its supporting regulations This rigorous assessment process has enabled us to ensure that we are meeting all necessary standards and maintaining the highest level of governance",11,0.6144429751634598,VIC_Unknown_Rural_2025_alignment
"In line with our long term digital strategy, we also implemented single sign-on (SSO) functionality for compatible systems, improving both security and user experience This year also saw investment in hardware",9,0.8926515057881674,VIC_Unknown_Rural_2025_alignment
Council has adopted materiality thresholds relevant to each indicator and measure and explanations have not been provided for variations below the materiality thresholds unless the variance is considered to be material because of its nature,11,0.6211014795899391,VIC_Unknown_Rural_2025_alignment
"To encourage longer stays and increased visitor spend, Council is developing themed online touring itineraries on the Discover Yarriambiack website, offering ready-made experiences across the Shire",11,0.3406118865013122,VIC_Unknown_Rural_2025_alignment
Bernardine was appointed as the Manager People & Culture in March 2020 after holding the position of Human Resources/Governance Coordinator,17,0.6614362200101217,VIC_Unknown_Rural_2025_alignment
"Position Statement on Mining, Renewable Energy and Transmission Lines Position Statement on Mining, Renewable Energy and Transmission Lines In response to increasing regional tensions, the Councillors proactively adopted their Position Statement on Mining, Renewable Energy, and Transmission Lines on 29 January 2025 This position statement has received positive feedback from both the local community and external stakeholders",7,0.9957243782281876,VIC_Unknown_Rural_2025_alignment
"Indoor Stadiums and Aquatic Facilities (Round 1) These projects not only improve local facilities but also strengthen community connections and promote active, healthy lifestyles across the municipality",11,0.85,VIC_Unknown_Rural_2025_alignment
Asset Plan Adopted in accordance with section 92 of the Act Plan under section 92 of the Act setting out the asset maintenance and renewal needs for key years,17,0.6565039853254955,VIC_Unknown_Rural_2025_alignment
Framework Council Plan Reporting Report reviewing the performance of the Council against the Council Plan including the results in relation to the strategic indicators for the first six months of the financial year,11,0.572136914730072,VIC_Unknown_Rural_2025_alignment
Annual Budget Adopted in accordance with section 94 of the Act Plan under section 94 of the Act setting out the services to be provided and initiatives to be undertaken during the budget year and the funding and other resources required,17,0.8734863003094991,VIC_Unknown_Rural_2025_alignment
"Additionally, Section 49(A) provides rights of appeal if access to information through a Freedom of Information (FOI) request is not granted",5,0.5613000281453133,VIC_Unknown_Rural_2025_alignment
Anita was appointed as the Chief Financial Officer in 2025 and retained the position of Council’s Principal Accounting Officer in accordance with the Local Government Act 2020,5,0.8629231449961663,VIC_Unknown_Rural_2025_alignment
"Actively engages with and advocates for our community as partners in the growth and development of the Shire, where lifestyle, culture, and safety are valued",11,0.629266547203064,VIC_Unknown_Rural_2025_alignment
"Our IT security was strengthened with upgraded firewalls and VPN, and a full penetration test of Council systems was conducted to proactively identify and mitigate vulnerabilities",9,0.8429774985313416,VIC_Unknown_Rural_2025_alignment
"In my opinion, the accompanying performance statement has been prepared in accordance with the Local Government Act 2020 and the Local Government (Planning and Reporting) Regulations 2020",11,0.8396517512202263,VIC_Unknown_Rural_2025_alignment
Reviewed in accordance with section 11(7) of the Act and a register kept in accordance with sections 11(8) and 47(7) of the Act Meeting Procedures Governance Rules under section 60 of the Act governing the conduct of meetings of Council and delegated committees,6,0.3852170233130455,VIC_Unknown_Rural_2025_alignment
"Continued maintenance of Council’s extensive road network Council completed $12.6m of road works under Council Maintenance, Regional Economic Enabling Funding, Roads to Recovery and Disaster Recovery Funding Arrangements This amount includes $2.4m of works undertaken on behalf of the Department of Main Roads",11,1.0,QLD_Unknown__2023_alignment
"Council has been awarded $1,338,597 in funding under the Local Roads and Community Infrastructure Phase 4 program for the 2023/34 Financial Year This will be split across seven high impact projects covering road works to community infrastructure upgrades This includes $489,676 in funding directly to resealing Innamincka Road",11,0.85,QLD_Unknown__2023_alignment
Picarilli Merinos also provided the use of sheep and somewhere to keep them for the working dog demonstrations this year,17,0.4398693144321441,QLD_Unknown__2023_alignment
Bulloo Shire Council Dr Adam Kerezsy and Southern Queensland Landscapes staff and Rural Services staff completed fish surveys at nine sites along the Bulloo River,14,0.7749140650431315,QLD_Unknown__2023_alignment
"Initiatives like the Palmerston Business Newsletter, Business Futures Forum and capability workshops strengthened ties with over 3,000 local businesses, while face-to-face engagement helped identify challenges and celebrate success stories",17,0.990347464879354,NT_Unknown_Urban_2025_alignment
"COUNCILLOR BENJAMIN GIESECKE Ben, a Territory resident since 2004, launched his career in property after earning a Bachelor of Business (Property)",11,0.5000555267035961,NT_Unknown_Urban_2025_alignment
"Landscaping around the swing set was completed in September 2024 and by October new paths were installed to integrate the basketball court with the existing network, ensuring accessible and inclusive movement throughout these community spaces",17,0.6585505108038585,NT_Unknown_Urban_2025_alignment
"In partnership with Animal Management in Rural and Remote Indigenous Communities, Rangers also supported veterinarians at Howard Springs Community Village (15 Mile Camp), assisting with microchipping and the treatment of dogs and cats to enhance both animal welfare and public health outcomes",15,0.9350253740946451,NT_Unknown_Urban_2025_alignment
"In addition, Council adopted the following new policies, demonstrating good practice in maintaining current governance standards: Disability Inclusion and Access Plan",11,0.7049049067795277,NT_Unknown_Urban_2025_alignment
Lucy’s local government and NT Government roles and experience provide her deep governmental insight which she uses to help the community navigate the sometimes heavy bureaucracy,5,0.7984405272006989,NT_Unknown_Urban_2025_alignment
"We maintained a minimum of above 95% of rectification through the year These figures not only highlight the scale of operational activity undertaken by our technical teams but also reflect the collaborative relationship between Council and the community in shaping a well-connected, resilient and future-ready urban environment",11,1.0,NT_Unknown_Urban_2025_alignment
"In October, the library facilitated a workshop run by Dementia Australia where carers of people living PALMERSTON SENIORS NETWORK Palmerston Seniors Network was established to provide networking opportunities, sector updates and a platform for members to raise awareness of issues OLYMPIC & PARALYMPIC TEAMS",17,0.7231359680493673,NT_Unknown_Urban_2025_alignment
"YOUTH DROP IN SPORTS RISK MANAGEMENT AND AUDIT COMMITTEE Youth Drop-in Sports has been funded by the Northern Territory Government and supported by City of Palmerston since 2017, operating from the Palmerston Recreation Centre",4,0.6220600257317226,NT_Unknown_Urban_2025_alignment
"OTHER EVENTS AND ACTIVITIES Palmerston’s vibrant event season delivered a diverse range of activities that brought the community together through music, film, celebration and commemoration",17,0.678612490495046,NT_Unknown_Urban_2025_alignment
3.1 Grants The Council recognises grant revenues under AASB 1058 Income of Not-for-Profit Entities (AASB 1058) or AASB 15 Revenue from Contracts with Customers (AASB 15) when appropriate,8,0.4903543055057525,NT_Unknown_Urban_2025_alignment
"Council also reviewed 19 existing policies and adopted OUR ELECTED MEMBERS MAYOR ATHINA PASCOE-BELL Athina and her husband settled in Palmerston in 2004, choosing Marlow Lagoon as their home",11,0.5818264219164848,NT_Unknown_Urban_2025_alignment
Upgrades and renewal works were completed in the Tivendale and Wishart areas with the installation of energy efficient LED lighting,7,0.9883427727222442,NT_Unknown_Urban_2025_alignment
"LIBRARY 5-YEAR MASTERPLAN We have developed a Library 5-year Masterplan that includes an assessment of the existing library services and an exploration of innovations and trends in library design and service delivery The development focused on engagement with key stakeholders including staff, Elected Members and key external organisations",17,0.750993440548579,NT_Unknown_Urban_2025_alignment
"7 million project, jointly funded by the Tasmanian Government and the Waratah-Wynyard and Burnie City Councils, has delivered a 13",7,0.5956722273429236,TAS_Unknown_Rural_2025_alignment
"Undertake buildings review to plan for future energy efficiency adjustments (transition to LED) Support the revitalisation of Waratah’s public spaces, such as the Museum, Atheneum Hall and the Elma Fagan Hall",7,0.9715801697969436,TAS_Unknown_Rural_2025_alignment
"¾ Long-Term Planning: The revised Financial Management Strategy was reviewed, with the Panel commending its quality and alignment with Stephen Allen FCPA Chair, Audit Panel PUBLIC INTEREST DISCLOSURES The Public Interest Disclosures Act 2002 provides a mechanism to manage and regulate disclosures made to and against a public body in the public interest It also protects those who make bona fide disclosures",17,0.7981755832831066,TAS_Unknown_Rural_2025_alignment
"Collectively, these initiatives will deliver more reliable infrastructure, improved resilience, stronger compliance, and more efficient services for both staff and community",17,0.8776310086250305,TAS_Unknown_Rural_2025_alignment
"Developed in partnership with Wynyard High School and the Department of Communities, Families and Young People, Oval 3 now provides a vital training space to support the growth of junior and female football",4,0.5616897195577621,TAS_Unknown_Rural_2025_alignment
"During the year, the Sustainability and Environmental Advisory Panel (SEAP) provided expert guidance to Council on a range of environmental priorities The Panel supported the development of Council’s first Food Security Policy and coordinated a discussion at the Eco Village during the Tulip Festival",12,0.9218173322081566,TAS_Unknown_Rural_2025_alignment
"At Saunders Park, Waratah, near the caravan park, the playground was upgraded as part of the Waratah Community Plan, reinforcing the importance of play spaces in helping communities thrive These improvements reflect community feedback and ensure local playgrounds remain vibrant, welcoming spaces for residents and visitors to connect, play, and enjoy the outdoors",4,0.8067886630694072,TAS_Unknown_Rural_2025_alignment
"We encourage you to explore the report, to get a feel for the breadth and depth of projects and activities undertaken by Council on your behalf",11,0.4991644752025604,TAS_Unknown_Rural_2025_alignment
"During the 2024–25 financial year, key actions were delivered, including the installation of new lighting at Langley Park, which have enhanced safety, accessibility, and night-time use for football and cricket clubs, increasing participation and regional engagement",17,0.8139588435490926,TAS_Unknown_Rural_2025_alignment
Exploration of sustainable power infrastructure for Tulip Festival and future event utilisation Support existing groups to apply for grant funding to enable the community to host events,7,0.8674643582105637,TAS_Unknown_Rural_2025_alignment
"Actions are designed to be collaborative, practical and measurable, enabling Council and partners to respond to local insights while remaining flexible as community needs evolve",11,0.85,TAS_Unknown_Rural_2025_alignment
"quality outputs under pressure The Challenge is designed to build leadership, problem-solving and teamwork skills by placing local government staff in high-pressure scenarios that mirror real-world challenges",11,0.7964304909706116,TAS_Unknown_Rural_2025_alignment
"A Sharps Disposal program is also provided which assists in protecting members of the community from communicable diseases which can be caused through situations such as needle stick injury This is achieved by the provision of sharps disposal units in public toilets and sharps container collection facility at Council’s main Office, whereby replacement sharps containers are also provided",12,0.911961770951748,TAS_Unknown_Rural_2025_alignment
"1 July 30 June 100% Designs for the final stage of the Reece Jennings Bicycle Path were completed, with construction scheduled for 2024-25",11,0.6970613994002343,SA_Unknown_Urban_2024_alignment
"Ageing Well Our Ageing Well team maintained 5 regular programs for people in our community who are 50+ including Movers and Shakers, Share a Table, Fit Ball Drumming, Friday Movies and Coffee, Tea and Me",17,0.6953402360280355,SA_Unknown_Urban_2024_alignment
"Asset protection In order to help reduce the amount of damage caused to public infrastructure as a result of new developments, we created an ‘Asset protection’ project this year to help better inform developers and our community about how public assets can be protected",17,0.7895311713218689,SA_Unknown_Urban_2024_alignment
Bridge Upgrade The Daly Street bridge upgrade was delivered with the support of funding from the Australian Government provided under the Local Roads and Community Infrastructure Program,11,0.5975582069456578,SA_Unknown_Urban_2024_alignment
"‘Your Climate Resilient Home’ Guide We developed a new community guide, ‘Your Climate Resilient Home’, to provide our community with information to help design and build a home that will be more resilient to changes in climate The guide is designed to prompt people to think about sustainability in relation to their existing home or future home It covers topics such as building orientation, shading, ventilation, Insulation, building materials and renewable energy The guide is available on the Council website, with printed copies available at community events throughout the year as well as the Civic Centre and Hamra Library This year around 40 new contracts were awarded across a range of works, goods and services including road works, building construction works, plant and equipment and various consulting projects",13,0.7616491118073463,SA_Unknown_Urban_2024_alignment
"We facilitated 2 presentations this year: ‘Learn about Autism’, supported by Autism SA and ‘The NDIS and supports’, presented by Baptcare",3,0.7916376640399297,SA_Unknown_Urban_2024_alignment
"Adelaide Coastal Councils Network The management of the coastline by local government delivers important social, environmental and economic outcomes for our communities The City of West Torrens is a member council to the Adelaide Coastal Councils Network (ACCN) which aims to share information and experiences with other coastal councils and collaborate on projects and funding opportunities",11,0.6868545232415199,SA_Unknown_Urban_2024_alignment
 Evaluate the appropriateness of accounting policies used and the reasonableness of accounting estimates and related disclosures made by the Authority,12,0.6664173069596291,SA_Unknown_Urban_2024_alignment
Project manage the staged upgrade of the Reece Jennings Bicycle Path and the installation of bicycle racks and facilities in reserves,17,0.6424835820992788,SA_Unknown_Urban_2024_alignment
"Meetings: fourth Tuesday of alternate months commencing May 2024 The Thebarton Oval Precinct Masterplan Advisory Group (MAG) was established in January 2023 to provide advice to Council and the Adelaide Football Club with regard to the drafting of the masterplan by the Adelaide Football Club for the Thebarton Oval Precinct The MAG comprised the Mayor and two Elected Members, three representatives from the AFC and four members of the community",11,0.6744889158904552,SA_Unknown_Urban_2024_alignment
"1 July 30 June 100% Council's first Information Management Administration Policy was approved The policy helps Council align our information management with the expanded State Records 5 principle approach to information, data and systems",16,0.8274477689464887,SA_Unknown_Urban_2024_alignment
"Community Services Our Community Services Department provides programs, activities and services to facilitate meaningful community connections and lifelong learning opportunities across an all",4,0.9960024654865264,SA_Unknown_Urban_2024_alignment
"Cosplay Club enabled young people to get creative with sewing machines and the library’s 3D printer to make props and costumes from their favourite comics, manga, anime, TV shows and movies",9,0.7253149945934614,SA_Unknown_Urban_2024_alignment
New collections The City of West Torrens Library Service provides a range of special collections for borrowing that are based on requests from our community This year we introduced 4 new collections:,17,0.5132957299550375,SA_Unknown_Urban_2024_alignment
"Following consideration of the report, Council granted in-principle approval to proceed with the development of a detailed design development report",11,0.5461058740913868,SA_Unknown_Urban_2024_alignment
"Constructed Culvert 2023/24 Annual Report Upper Brown Hill Creek, Hawthorn Reserve The City of Mitcham upgraded the Hawthorn Reserve precinct in 2018/19 and the creek upgrades were expedited to coincide with this project The creek has been widened to ensure suﬃcient capacity and the banks have been laid back with naƟve planƟngs in the area adjacent the Mitcham library to retain a natural seƫng",6,0.9037791726589204,SA_Unknown_Urban_2024_alignment
"Community Land Management Plans are updated when changes occur, such as when land is purchased, sold or removed from the community land register",15,0.7112223009268444,SA_Unknown_Urban_2024_alignment
A resilient organisation that is able to effectively respond to emergency incidents and events The following table provides a progress report of actions adopted under our Community Plan 2030,17,0.8048974970976512,SA_Unknown_Urban_2024_alignment
"We support diversity, health and wellbeing, community cohesion and connections, and create opportunities to learn and enjoy the local area",17,0.8459375301996868,SA_Unknown_Urban_2024_alignment
"Meeting date Item Status Information Services security audit Confidential Review of internal decisions Section 270 of the Local Government Act 1999 provides for the internal review of decisions of the Council, employees and other people acting on Council’s behalf",11,0.6265632018446922,SA_Unknown_Urban_2024_alignment
"A comprehensive illustration suite was developed in-house to enhance Council’s brand, while allowing for more efficient and inclusive design outcomes",11,0.4052176685929298,SA_Unknown_Urban_2024_alignment
"Delivering in a heavily constrained environment, the works have been designed in collaboraƟon with property owners to meet the ﬂow capacity requirements while being sympatheƟc to the natural environment and the individual and unique objecƟves of each owner",7,0.824423876007398,SA_Unknown_Urban_2024_alignment
"Mellor Park itself was completed this year, giving residents an upgraded local community facility, along with new playground facilities, a new full size tennis court, a half basketball court, a bocce ring, new public toilets and upgraded parking",11,0.7067630970478058,SA_Unknown_Urban_2024_alignment
1 July 30 June 100% An independent audit on Council's cyber security was completed and acknowledged the work undertaken during the past 2 years The audit confirmed Council's approach is sound,9,0.6058614143133163,SA_Unknown_Urban_2024_alignment
We will also introduce customer satisfaction surveys into our library services area to better understand our consumers’ needs and help us plan better for the future,17,0.5114847421646118,SA_Unknown_Urban_2024_alignment
A major focus will be implementing a new platform and tool set for our Customer Contact Centre to help us deliver a better experience for our customers and community,17,0.6114864846070608,SA_Unknown_Urban_2024_alignment
A revised and updated version of the Thematic History for the Council area was completed that will allow Council to understand how heritage items fit within the broader historic framework and pattern of development for the district,11,0.6147302672863006,SA_Unknown_Urban_2024_alignment
"Final aspects of the new plan are being developed, with the final draft plan to be presented to the 3 partner councils in early 2024-25",11,0.6900833724439144,SA_Unknown_Urban_2024_alignment
"Creative Services During the year our Creative Services team provided information and engagement opportunities to our community about projects, services, events and programs in order to help residents gain a better understanding of what was happening in West Torrens and where rate dollars were allocated",17,0.7412939270337423,SA_Unknown_Urban_2024_alignment
"Policies are regularly reviewed to reflect the Council’s Corporate Planning Framework, legislative changes, Council resolutions and decisions of the Executive Management Team",11,0.4899113073647022,SA_Unknown_Urban_2024_alignment
"Daniel Baker General Manager, Engineering & HorƟculture City of Mitcham Aaron Wood Manager Assets & OperaƟons City of Unley The Board appoints a Project Director who is responsible for implemenƟng the decisions of the Board and managing the operaƟonal requirements of the project",17,0.8886933326721191,SA_Unknown_Urban_2024_alignment
"Nutrition Program A revamped fresh food menu was introduced, eliminating processed foods, packaged items, and high-sugar options While the children required some time to adjust, parent and caregiver feedback has been overwhelmingly positive, welcoming the healthier approach and reinforcing our commitment to nutritious meal offerings",2,0.9918241801857948,QLD_Unknown_Rural_2024_alignment
"5 additional staff employed since May 2024, 4 of the staff have completed pest managing training and have now acquired a pest treatment license",17,0.5730999012788137,QLD_Unknown_Rural_2024_alignment
"In preparation of these projects, Council will be constructing seven transitional houses, which are critical in addressing accommodation needs while the Ambrym Street project is undertaken, as well as our current upgrade program for existing social housing The “Healthy Housing” program has continued in conjunction with a number of State Government departments and community organisations, with the eventual outcome being that all social housing will be included in this program",11,0.839233197748661,QLD_Unknown_Rural_2024_alignment
"I encourage contractors, workers and staff to drop in to discuss any issue with me at any time The carpet in my office is looking worse for wear though, LOL",17,0.3494384884834289,QLD_Unknown_Rural_2024_alignment
Various other projects have been completed with one of those being the fencing upgrade to the cemetery The Work 4 Queensland funding is of great benefit to our community and provides funding for community improvements as well as employment opportunities for some Yarrabah locals,17,0.774522473414739,QLD_Unknown_Rural_2024_alignment
"Recently, two staff members completed their Certificate III and Diploma in Early Childhood Learning, with another staff member set to begin her Diploma in November",4,0.9987362921237946,QLD_Unknown_Rural_2024_alignment
"During the project, Council’s team of laboratory officers and scientists collaborated with the Townsville Airport officers and environmental scientists, to adapt their processes and enhance the lab’s capabilities, to meet the needs of external clients and the increasing global demand for ESdat With the shift to ESdat, Council analysts and clients can more efficiently analyse, report and share data while ensuring the highest level of quality control The successful implementation secured TLS a spot among some of the largest laboratories in the world on the Earth Science Information Systems website",9,0.699822504401207,QLD_Unknown__2024_alignment
"soil amelioration, which will reduce erosion, aid water penetration, promote plant growth and improved soil quality to support native vegetation and trees which will in turn stabilise the banks",15,0.8920249044895172,QLD_Unknown__2024_alignment
"Work Health and Safety Management System Council has established a Work Health and Safety Management System (WHSMS) comprising a set of policies, procedures and processes to systematically manage health and safety within Council This approach is a way to help meet Council’s duties and responsibilities under the Work Health and Safety Act 2011 The scope of the WHSMS applies to Council workers, contractors, sub-contractors, apprentices, trainees, volunteers, work experience students and others who may affect or be affected by Council workplaces or Council work activities",17,0.6588694453239441,QLD_Unknown__2024_alignment
"Purpose of this report This Operations Report is designed to provide an overview of the operations and performance of Water Services for the 2023/24 financial year, as measured against its Annual Performance Plan",6,0.9952057626843452,QLD_Unknown__2024_alignment
"In accordance with section 45(b) of the Local Government Act 2009, Council has established commercial business units for its significant water and resource recovery business activities",6,0.9923310477733612,QLD_Unknown__2024_alignment
"To address fire risk in bins, Resource Recovery has also produced social media messaging about keeping combustible items and batteries out of bins, educating community on the correct disposal",12,0.9927623116970062,QLD_Unknown__2024_alignment
"Exposure to financial risks is managed in accordance with Council approved policies on financial risk management These policies focus on managing the volatility of financial markets and seek to minimise potential adverse effects on the financial performance of Council These methods include sensitivity analysis in the case of market risk, ageing analysis for credit risk and short term investment strategies to ensure sufficient funds are available to meet short term liquidity requirements",8,0.4956250429153442,QLD_Unknown__2024_alignment
"Enables our people to work in a safe, healthy and productive environment, one that results in a functional, effective and efficient workforce capable of delivering our community needs and obligations",17,0.9031434853871664,VIC_Unknown_Urban_2025_alignment
"Wyndham City Council delivers a breadth of services to its community, from waste collection, parks and open space, community centres through to libraries",11,1.0,VIC_Unknown_Urban_2025_alignment
"Creates public value through the attraction of state, federal and commercial investment that provides an uplift to the local community and economy by way of jobs, enabling infrastructure and liveability",17,0.9965050220489502,VIC_Unknown_Urban_2025_alignment
"Complete a program of service reviews which delivers a set of efficiencies and continuous improvement actions for implementation by every service delivered by Council The Customer Charter was launched to the community in July 2024 and reflects Council’s commitment to putting customers at the centre of all we do, ensuring responsiveness and transparency in every interaction",12,0.6870731586217881,VIC_Unknown_Urban_2025_alignment
A draft of the Tarneit Place Intervention Logic (PIL) has been prepared and is currently being reviewed with relevant Council departments engaged in the planning of infrastructure for the catchment of the Tarneit PIL The timing of reporting it to Council and putting it on community consultation will coincide with the timing (post August 2025) of the Panel Hearing for Planning Scheme Amendment C266wynd (Implementation of The Wyndham Plan into the Municipal Planning Strategy),11,0.85,VIC_Unknown_Urban_2025_alignment
"Council adopted a new Community Engagement Policy 2025-29 in June 2025, making sure the community plays a real part in shaping the decisions that affect their lives",11,0.784033718585968,VIC_Unknown_Urban_2025_alignment
Work has also been commissioned to help Council better understand the condition of kindergarten infrastructure The track provides an excellent space for riders to develop and enhance their biking techniques in a safe and structured environment and provides a fun way to be physically active,4,0.5786830385526022,VIC_Unknown_Urban_2025_alignment
"Council supports Aboriginal and Torres Strait Islander peoples’ right to self-determination, increasing cultural safety and awareness and creating opportunities to improve our services for Aboriginal and Torres Strait Islander peoples",16,0.7208691936731338,VIC_Unknown_Urban_2025_alignment
"Infrastructure Provider: deliver and maintain recreational facilities, open spaces, playgrounds, libraries and the local road, footpath and cycle network to promote a healthy lifestyle",17,0.892820159594218,VIC_Unknown_Urban_2025_alignment
"Pavilion construction The implementation of the Tarneit North Community Precinct Master Plan will provide the local community with access to a wide range of community, sport and recreation services and infrastructure in a safe, welcoming, and sustainable environment across several settings The reserve is also known as Polly Parade Reserve The provision of active open space with supporting and ancillary infrastructure has been the focus this year, including:",11,0.8259466381072998,VIC_Unknown_Urban_2025_alignment
Updated 26 September 2023 (incorporation of Election Period Policy 2024) I certify that this information presents fairly the status of Council’s governance and management arrangements,11,0.525202913582325,VIC_Unknown_Urban_2025_alignment
"Installation of forty-nine emergency defibrillators units across all Council owned facilities, including Community Centres and sporting facilities in Wyndham has been completed This provides the community with access to lifesaving emergency equipment should the need arise The Divestment and Acquisition Plan was completed in 2024 It reviews all Council landholdings and aims to identify properties that are no longer required or Strategic Area 8: Delivering Public and Excellence PERFORMANCE RESULTS OUR ORGANISATION GOVERNANCE Organisation Our Our Organisation PERFORMANCE RESULTS OUR ORGANISATION GOVERNANCE Guiding Principles Our The following principles are enshrined in the way Council approaches its role and all elements of the work it does every day, as shown in its Council Plan",3,0.6515948782364528,VIC_Unknown_Urban_2025_alignment
"Quality assurance is assessed through the monitoring of agreed KPIs, which are reported to the Committee in the annual Internal Audit Performance Report.",12,0.6550390382111073,VIC_Unknown_Urban_2025_alignment
"Throughout the life of the current GEAP, Wyndham City has met all obligations under the Gender Equality Act, including the completion of a Workplace Gender Audit every two years As part of our ongoing commitment to gender equity, Council has successfully: The Council Employee Assistance Program provides staff and their immediate family short term confidential support when needed",5,0.997221396803856,VIC_Unknown_Urban_2025_alignment
"Council’s commitment to being a Child Safe Organisation, including our Child Code of Conduct and related policies are published on Council’s website",4,0.5631188750267029,VIC_Unknown_Urban_2025_alignment
Internal audit (Independent accounting professionals engaged by Council to provide analyses and recommendations aimed at improving Council’s governance risk and management controls) Internal auditor engaged,12,0.528210342079401,VIC_Unknown_Urban_2025_alignment
"PERFORMANCE RESULTS OUR ORGANISATION GOVERNANCE Wyndham City 2024/2025 Financial Report 5.8 Leases At inception of a contract, Council assesses whether a contract is, or contains, a lease",11,0.7129580670595169,VIC_Unknown_Urban_2025_alignment
"Public Safety and Crime Prevention Prioritise and expand public safety and crime prevention measures through implementation of social cohesion programs, youth programs, and preventative community measures",16,0.9978433269262312,VIC_Unknown_Urban_2025_alignment
Develop a divestment and acquisition plan which provides options for actioning the assessments made for Council land holdings within the Werribee Portfolio Plan,7,0.4446431995431582,VIC_Unknown_Urban_2025_alignment
Financial Plan (plan under section 91 of the Act outlining the financial and non-financial resources required for at least the next 10 financial years) Adopted in accordance with section 91 of the Act,17,0.844937264919281,VIC_Unknown_Urban_2025_alignment
"Recording and Reporting Internal Financial Controls Regulation 14 (e) of the Local Government (Financial Management) Regulations 2011 states internal controls implemented by the Council provide a reasonable assurance that its financial records are complete, accurate and reliable and were effective throughout the financial year",11,0.6673720273375511,SA_Unknown_Urban_2023_alignment
Federal MP Rebekha Sharkie (Mayo) and/or members of her team were regular attendees at S&HLGA Board meetings along with the regions State government MPs Regional Research Papers and Submissions The following Papers and Submissions have been prepared on behalf of Member Councils during the course of the year: o LGA Building Capacity progress report o o Bushfire and Biodiversity final report and acquittal,15,0.993391752243042,SA_Unknown_Urban_2023_alignment
"Encouraging voter enrolment amongst the community, particularly businesses and non-resident ratepayers who may otherwise not be on the voters roll",10,0.776383439620336,SA_Unknown_Urban_2023_alignment
Representative Appointments Arts and Culture Advisory Group The Arts and Culture Advisory Group was established to assist the Council to plan and support the implementation of the Community Plan with initiatives that cultivate a vibrant community culture,4,0.536625325679779,SA_Unknown_Urban_2023_alignment
"In partnership with the Food Embassy as our key educational provider, the Library also partnered with a number of other workshop providers, Council, local community groups and individuals to offer a wide range of experiences, all related to SGER",4,0.738221138715744,SA_Unknown_Urban_2023_alignment
"Staff Member consulted Complete Partner with SA icons, and local Tourist Attractions and Venues to increase Horse Tram promotions/exposure Key Relationships developed 3.3 Marketing Actions Indicator Target Develop a One-page Marketing Plan based on Strategic Planning Workshop Findings One-Page Plan in Achieved Business Plan Seek high-level media Opportunities & Stories 5 Media Stories Ongoing Consistent Social Media Content Publication Weekly Stories Ongoing Full Marketing Plan through a consultant Plan Complete In Progress Priority 4: Office & Shop Renovation Planning The Authority intends to improve point-of-sale/customer service experience at the tram office as well as staff facilities by renovating the current office and shop facilities This will vastly improve the service, possible income streams and staff effectiveness, retention, WHS and wellbeing",17,0.6441945830980937,SA_Unknown_Urban_2023_alignment
"We engage with community through our community events and activations, customer service, social media platforms, website, publications, rates notices, community facilities and programs",17,0.8433172106742859,SA_Unknown_Urban_2023_alignment
"Internal Government Our talented internal stakeholders provide highly valued skills and knowledge to assist in the delivery of more than 100 services across the Council The City of Victor Harbor works closely with other levels of government to shape legislation, share knowledge, identify funding opportunities, and advocate for the needs of the Fleurieu Peninsula The Council is one of Victor Harbor’s biggest employers, which means many of our employees are also local residents This leads to an extremely passionate and invested workforce, committed to achieving the best outcomes",11,0.8149526496529579,SA_Unknown_Urban_2023_alignment
Limitation on Use This report has been prepared for the members of the Authority in accordance with Section 129 of the Local Government Act 1999 in relation to Internal Controls specified above,11,0.7450805895328522,SA_Unknown_Urban_2023_alignment
"Not only will this help encourage development of local groups and individuals, but it will allow Council to better showcase and celebrate the impressive initiatives and projects being delivered by community through the assistance of these grant programs",11,0.85,SA_Unknown_Urban_2023_alignment
"Range Road, Waitpinga Urban Stormwater Master Plan Three Gullies Road Improvements In 2023, the City of Victor Harbor upgraded a stretch of Three Gullies Road in Encounter Bay, from Battye Road to adjacent Mayflower Court",11,0.8291747565865516,SA_Unknown_Urban_2023_alignment
"We protect our environment Other Highlights and Activities Fleurieu Youth Climate Summit New Fire Danger Rating System From 1 September 2022, Australians were introduced to a simplified, action-oriented Fire Danger Rating System",13,0.8024907920956612,SA_Unknown_Urban_2023_alignment
Council adopted The Bluff Master Plan at the June 2023 Ordinary Council meeting The City of Victor Harbor will now commence work in 2023/24 to implement some of the actions outlined within The Bluff Master Plan.,11,0.7495146394968033,SA_Unknown_Urban_2023_alignment
Implementing actions in response to what we heard through Community Satisfaction Surveys Corporate Reporting Rural Landscape | Nicole Rix Reporting Requirements,15,0.910413960615794,SA_Unknown_Urban_2023_alignment
All of our Councils have supported the implementation of the Summer Recycling Collections program for the 2022/23 summer The program has meant that co-mingled recycling and food/garden organics (FOGO) bins were collected weekly and general waste every fortnight The community embraced the Summer Program meaning that incredibly positive results were achieved in all Council areas,12,0.9728995752334596,SA_Unknown_Urban_2023_alignment
"Develop a Communications and Engagement Plan to maximise opportunities for people to provide input through a simple, easy-to-use process Key projects that set a direction or define a position of Council, have a high level of community interest, or decisions that have significant financial implication are considered by Council to adopt a community consultation plan and commence public consultation.",11,0.85,SA_Unknown_Urban_2023_alignment
"Social Impact Highlights YMCA in partnership with Surf Lifesaving SA and other community organisations, launched the Parnggi Yarluwar Porlar (Water Ocean Kids) program, of which the Fleurieu Aquatic Centre is a proud program member This initiative offers an invaluable opportunity to up to 25 First Nations children aged 7-12 years across SA to participate in free swimming lessons during Terms 2 and 3, in addition to the Nippers program at Goolwa Surf Lifesaving Club The funding for this program is from an Office of Recreation Sport and Racing Grant, a reflection of the YMCA’s proactive approach to seeking resources to facilitate such transformative programs, bringing the opportunity to local children in our community The impressive statistic of over 13,544 lessons delivered in 2022/23 underscores our dedication to imparting essential skills in the Fleurieu community With lessons catering to a diverse age range, spanning from 6-month-old infants to adults, including those with additional support needs, we continue to offer an inclusive and welcoming space for all",14,0.8278629368543625,SA_Unknown_Urban_2023_alignment
to be updated Council Member Reporting Behavioural Standards Complaint Management Process The Behavioural Standards for Council Members (Behavioural Standards) are established by the Minister for Local Government pursuant to section 75E of the Local Government Act 1999 (the Act) These Behavioural Standards form part of the conduct management framework for Council Members under the Act,11,0.7092034867107868,SA_Unknown_Urban_2023_alignment
operation between the regions: o Develop a working relationship with the LGA Management team o Have input into sector issues o Advocate on behalf of the regions o Share information and provide collegiate support Key achievements and outcomes: o Guidance and assistance with the regional road mapping exercise,17,0.9267943104108176,SA_Unknown_Urban_2023_alignment
Promote the findings and the next steps by making reports and information on final decisions available to the community Our promise The City of Victor Harbor’s Public Consultation Policy outlines our commitment to community engagement and the principles for conducting engagement,11,0.7170183485746383,SA_Unknown_Urban_2023_alignment
"Aqua Babies was launched in February 2023 and is a free program to introduce infants aged 3-6 months old to the water, providing a nurturing and supportive environment for their initial aquatic experiences",14,0.6367526495059331,SA_Unknown_Urban_2023_alignment
"Throughout 2022/23 the project team completed extensive community consultation through which the views, stories and opinions of many were heard",17,0.9283208847045898,SA_Unknown_Urban_2023_alignment
"Decision Making Structure Recreation Centre Management Committee The Recreation Centre Management Committee has been established to provide advice to Council on the management of the City of Victor Harbor’s Recreation Centre The Committee is made up of representatives from all licensed users and groups with regular bookings, along with two Council Members",11,0.5799542531967162,SA_Unknown_Urban_2023_alignment
"Disability Access and Inclusion Advisory Committee The Disability Access and Inclusion Advisory Committee was established to assist Council in enabling people with a disability to engage in all aspects of community life, and have equitable access The Committee met four times during 2022/23",10,0.5239203099111717,SA_Unknown_Urban_2023_alignment
Mental Health First Aid Training and Development The City of Victor Harbor is a a Mental Health First Aid Australia (MHFA) Gold Skilled Workplace The City of Victor Harbor provides training and development opportunities for its employees to ensure they are able to fulfil the requirements of their roles and meet the needs of the community,3,1.0,SA_Unknown_Urban_2023_alignment
SCOTS involves the coordination of local transport and volunteers as a cost effective means of improving access to services and opportunities for people living in the local area The scheme assists people of all ages who are transport disadvantaged,11,0.782718176305294,SA_Unknown_Urban_2023_alignment
"Safety upgrades to guard railing, including rail adjustments and end terminals Road construction works commenced in mid February 2023 and were completed by May 2023 The project was funded by the SA Government’s Special Local Roads Program",11,0.7746275772452355,SA_Unknown_Urban_2023_alignment
"Jan Wendy Victor Harbor Visitor Centre Inman Valley Cemetery Scrubbers Wendy is no stranger to volunteering Since her first volunteer role in 1985, she has provided her time and expertise to a wide range of community groups and initiatives, particularly in the environmental space",17,0.7545226315657299,SA_Unknown_Urban_2023_alignment
"Social and individual support through the Caring Neighbourhood Program The Council will provide activites, programs, resources and early intervention to support young people, children and families to thrive and be active within their community.",11,0.8447403523921966,SA_Unknown_Urban_2023_alignment
"Council is planning in a manner that protects our environment, retains our heritage, and preserves our character Whether you live, work, visit or invest in Victor Harbor, you will know that this is a truly special place As a seaside city, blessed with more than 30km of stunning coastline, we continue to explore and invest in the blue economy",11,0.5729913642406463,SA_Unknown_Urban_2023_alignment
"We engage with internal stakeholders through weekly Council Member Updates (email), weekly Staff Updates (email), department meetings, publications, intranet, briefing sessions and internal events",8,0.4247501539997756,SA_Unknown_Urban_2023_alignment
"We manage growth and change responsibly Other Highlights and Activities Top Tourism Town Award This change is a result of a significant level of investment in Victor Harbor, not only by Council but by all levels of government",8,0.6035447388887406,SA_Unknown_Urban_2023_alignment
"Fleurieu Families also delivered a range of free training sessions and courses to educate local families/parents/children and offer support Further work was undertaken in the disability access and inclusion space throughout the year, including the continued implementation of the Council’s Disability Access and Inclusion Plan 2020-24 This includes two eight-week ‘Circle of Security’ workshops, aimed to help parents enjoy a fulfilling relationship with their child It also includes two, two",8,0.7660108854373296,SA_Unknown_Urban_2023_alignment
"LGR s190(1)(h) the report on the internal audit for the financial year Internal Audit provides the Audit Committee, Chief Executive Officer and Senior Management with the assurance that Council’s internal control systems are efficient, effective, economically viable and risks are understood / managed",11,0.5874637949466706,QLD_Unknown_Rural_2023_alignment
"LGR s189 (2)(a) the total amount budgeted for the financial year as the local government’s discretionary funds LGR s189(2)(b) the prescribed amount (0.1% of the local government’s revenue from general rates for the previous financial year) for the local government for the financial year Nil Report LGR s189(2)(c) the total amount of discretionary funds budgeted for the financial year for councillors to allocate for each of the following purposes Nil report LGR s189(2)(c)(i) capital works of the local government that are for a community purpose Nil report LGR s189(2)(c)(ii) other community purposes Nil Report LGR s189(2)(d) the amount of discretionary funds budgeted for use by each councillor for the financial year Nil Report LGR s189(2)(e) if a councillor allocates discretionary funds in the financial year: LGR s189(2)(e)(i) the amount allocated Nil Report LGR s189(2)(e)(ii) the date the amount was allocated Nil Report LGR s189(2)(e)(iii) the way mentioned in section 202(1) in which the amount was allocated Nil Report LGR s189(2)(e)(iv) if the amount was allocated to a person or organisation—the name of the person or organisation to whom the allocation was made Nil Report LGR s189(2)(e)(v) the purpose for which the amount was allocated, including sufficient details to identify how the funds were, or are to be, spent Nil Report Implementing the Corporate Plan LGR s190(1)(a) the chief executive officer's assessment of the local government's progress towards implementing its 5-year corporate plan and annual operational plan On 15 June 2022, Council endorsed the Corporate plan 2022 The Corporate Plan sets the strategic direction and priorities for Yarrabah Aboriginal Shire Council for the next five years and focuses on the contribution that Council will make in realising the vision for Yarrabah The Corporate Plan is based on three Themes",17,0.9715340534845988,QLD_Unknown_Rural_2023_alignment
"I am happy to present the Annual Report for the Yarrabah Aboriginal Shire Council for the year ended 30 June 2023 This report is prepared in accordance to Section 182 of the Queensland Local Government Regulation 2012 and provides a detailed account of councils’ functions and performance Despite the challenges, such as budgetary impacts of rising material and labour costs, the focus has been on sustainability, resulting in a budget surplus and unqualified audit as shown in our financial reports for this year As mentioned by the Mayor, the commencement of the financial year involved a co-design approach between Council, Tropical Public Health Service (Queensland Health), Department of Energy & Public Works, Department of Communities, Housing & Digital Economy and other local organisations including Gurriny Yealamucka Health Service, the Yarrabah State School and Yarrabah Leaders Forum to develop a pilot “Healthy Housing” program The program saw the inspection of about 100 households in community These inspections took a holistic view of the participating households, addressing conditions as well as healthy living practices and taking a pro-active approach to address identified issues",11,0.8291862632036209,QLD_Unknown_Rural_2023_alignment
On-Track Working with the Rural Fire Service and Fire and Rescue NSW enabled various fuel reduction pile burns and dissemination of information to local area communities,7,0.9147809412082036,NSW_Unknown_Urban_2025_alignment
"Together, the Youth Forum will deliver projects, campaigns and events based on a priority agenda developed together early in their term",17,0.9808916846911112,NSW_Unknown_Urban_2025_alignment
"Annual Progress Update A new membership campaign was launched to grow engagement, with initial outreach through flyer inserts in rates notices, followed by a city centre poster campaign and social media promotion The campaign highlights the many benefits of library membership and aims to reach new audiences",17,0.5727084477742513,NSW_Unknown_Urban_2025_alignment
"Located in Stage 5, it provides approval for eight development stages with the potential for 1,600 residential lots This approval also includes consent for the Stage 1 subdivision, which will deliver 113 residential lots",11,0.8172718733549118,NSW_Unknown_Urban_2025_alignment
2025 Update Actions Status Comment Deliver civic activities which recognise and celebrate the city’s people Council delivered 16 events and civic activities throughout the year to recognise and celebrate the city’s people,11,0.8352872149944305,NSW_Unknown_Urban_2025_alignment
"Following this, a permanent position was established with the recruitment targeted specifically at people with intellectual disability This recruitment included an Easy Read information pack, meet and greet and customised interview and onboarding process.",17,0.6315784156322479,NSW_Unknown_Urban_2025_alignment
"On-Track In response to access changes linked to construction of The Globe development, Council delivered a dedicated communications and marketing campaign to support Globe Lane businesses This included updated web content, social media promotion, editorial support in local publications and radio advertising",11,0.5268310827612878,NSW_Unknown_Urban_2025_alignment
"On-Track A post implementation survey is planned for mid-2025-2026 financial year, in order to evaluate the success of the project from a customer perspective and further potential improvements",17,0.8180207510789236,NSW_Unknown_Urban_2025_alignment
"Detailed design is required to support the development of a future business case for funding As part of this project, Council staff also reviewed a concept design for a route between Figtree and Coniston Train Station and are now awaiting the next steps in design development The draft Lake Illawarra Shared Path Masterplan will be finalised in 2025",11,0.5824392664432525,NSW_Unknown_Urban_2025_alignment
"Council provides the internal audit function with direct and unrestricted Compliant access to staff, the audit, risk and improvement committee, and the information and resources necessary to undertake internal audit activities (section 216P of the Local Government (General) Regulation 2021)",11,0.73887867051363,NSW_Unknown_Urban_2025_alignment
"An Occupational Violence Prevention Program was implemented and a Psychosocial Hazard Procedure endorsed, with related training to be delivered in the upcoming year.",3,0.8929174939791362,NSW_Unknown_Urban_2025_alignment
"Libraries and Community Facilities Friends of Wollongong Library To encourage an interest in books, build links between the library and the community, promote library services and collections, and sponsor special events to build community interest in reading and the library",4,0.841702808936437,NSW_Unknown_Urban_2025_alignment
"Council’s audit, risk and improvement committee reviews the implementation of its risk management framework and provides a strategic assessment of its effectiveness to the governing body each council term (section 216S of the Local Government (General) Regulation 2021)",11,0.8149791479706764,NSW_Unknown_Urban_2025_alignment
"Work Health Safety Operations completed a project on updating risk assessments, with a total of 46 risk assessments being developed and/or reviewed to ensure alignment with current operational hazards and control measures",3,1.0,NSW_Unknown_Urban_2025_alignment
"Opportunities for community participation in Urban Greening actions were facilitated These included National Tree Day, Poem Forest days with schools and special community planting events around key sites such as Lake Illawarra, Puckeys Estate",17,0.8981596430142721,NSW_Unknown_Urban_2025_alignment
"National Aboriginal and Islanders Day Observance Committee (NAIDOC) small grants for not-for-profit groups holding community events during NAIDOC Week were provided This program aims to get as many people as possible involved in NAIDOC Week and celebrate the history, culture and achievements of the local Aboriginal and Torres Strait Islander communities",17,0.7811894516150157,NSW_Unknown_Urban_2025_alignment
"Throughout the year a range of guiding policies and documents were approved by the Council, including the Councillor Expenses Policy, Privacy Management Plan and the Risk Appetite Statement",12,0.4556222157925367,NSW_Unknown_Urban_2025_alignment
"Prepare the Coastal Management Program for the Wollongong Open Coast On-Track Several technical studies were completed throughout the year as part of Stage 2 of the Wollongong Coastal Management Program These included the Coastal and Estuary Processes Study, Cliff Instability Study, Coastal Entrance and Estuary Foreshore Erosion Study, Coastal and Tidal Inundation Study, and the Aboriginal Coastal Cultural Values Report",14,0.6534874885976314,NSW_Unknown_Urban_2025_alignment
Has your entity updated its modern slavery policies or procedures based on stakeholder feedback or lessons from a grievance mechanism during this period,10,0.744254757742087,NSW_Unknown_Urban_2025_alignment
"On-Track Provide opportunities for young people to develop skills, experience and exposure in creative industries Team Ignite participants supported and delivered various events with highlights including Youth Week Awards, Youth Week Markets, Teach Me How Gig, Rainbow Formal, Back to School Jams, Acoustic Sessions, Purple Fair Day and Music for the Mind",9,0.7188800780574481,NSW_Unknown_Urban_2025_alignment
"A cross organisational review of the status of all Supporting Documents was completed during the September quarter, to inform the development of the Delivery Program",17,0.8627061049143474,NSW_Unknown_Urban_2025_alignment
"Each exhibition was supported by a program of talks, performances, and the commencement of a free film program, kicked off with a presentation of Hello Dankness by the New York-based Australian collective Soda Jerk",17,0.5309560894966125,NSW_Unknown_Urban_2025_alignment
"Delivered a range of programs at our libraries that were AUSLAN interpreted, including Let’s Try, Drawing with a Drag Queen and an identity safety workshop.",17,0.6487078468004863,NSW_Unknown_Urban_2025_alignment
"Annual Progress Update Staff delivered a range of public health and safety services throughout 2024–2025, including the implementation of health, parking compliance and environmental programs",3,0.9706624209880828,NSW_Unknown_Urban_2025_alignment
"A 21-year licence has been granted to the Stingrays following public exhibition and Council adoption, with a Heads of Agreement also signed",14,0.8168846928377946,NSW_Unknown_Urban_2025_alignment
"Council has adopted terms of reference for its audit, risk and improvement committee that are informed by the model terms of reference approved by the Departmental Chief Executive of the Office of Local Government and the committee operates in accordance with the terms of reference (section 216K of the Local Government (General) Regulation 2021)",11,0.8409030256867408,NSW_Unknown_Urban_2025_alignment
"Relief from certain fees was introduced for emergency, affordable and accessible housing in association with adoption of the West Dapto Development Contributions Plan (2025)",11,0.8406410871148109,NSW_Unknown_Urban_2025_alignment
Council partnered with University of Wollongong to deliver education on psychological safety and psychosocial hazards in the workplace This will enable ongoing positive duty toward health in the workplace with its leadership team,3,1.0,NSW_Unknown_Urban_2025_alignment
Community Recycling Centre activities have been expanded to include polystyrene and embedded battery collections and an expanded list of e-waste items,12,0.9890069022774696,NSW_Unknown_Urban_2025_alignment
"Delayed Deliver amenities upgrade at Thomas Gibson Park, Thirroul On-Track The tender process for construction was completed, and construction is underway for planed completion in 2026",7,0.5638066318631172,NSW_Unknown_Urban_2025_alignment
"During the financial year, Council commenced a feasibility review of the Beaton Park Regional Precinct Masterplan, alongside the development of the Aquatic Facilities and Indoor Sports Strategy These documents aim to guide future investment and service delivery Once adopted, they will provide updated insights to inform and align the progression and finalisation of concept planning The project will remain deferred until the finalisation of the above strategies, expected in March 2026",11,0.8017516225576401,NSW_Unknown_Urban_2025_alignment
Support was provided for the Old Boys Social Club which includes a range of activities for older men to connect such as a volunteer led weekly gatherings in the library The Paint the Gong ReAD tent was delivered at various events and locations,5,0.8938045510649681,NSW_Unknown_Urban_2025_alignment
"Site visits were completed in May 2025 to confirm the scope of works, and concept design is currently underway, with detailed design to follow The refurbishment is financial years, as outlined in Council’s Infrastructure Delivery Program",9,0.8231698245207468,NSW_Unknown_Urban_2025_alignment
"2025 Update Actions Status Comment Review and deliver the Reconciliation Action A wide range of reconciliation initiatives were delivered throughout the year along with supporting community led events during National Aboriginal and Islanders Day Observance Committee (NAIDOC) Week and Reconciliation Week The Local Government Regional NAIDOC Awards were held, celebrating the contribution and achievements of Aboriginal and Torres Strait Islander communities in Wollongong, Shellharbour, Kiama and Shoalhaven local government areas The Lord Mayor’s Elders Luncheon was held to acknowledge and pay respect to the contribution that local Aboriginal Elders make to our community",16,0.6851844393213591,NSW_Unknown_Urban_2025_alignment
"New infrastructure was delivered at the Memorial Gardens and Wollongong Lawn Cemetery, including the completion of stage four of the front garden and construction of five new beams",17,0.6172742942969005,NSW_Unknown_Urban_2025_alignment
"128 North Macquarie Road, Calderwood Monetary contributions Body Function Byarong Creek (Mt Keira) Bushcare Riparian restoration City Beach Dunecare Dune restoration Clifton Bushcare Bushland restoration Coachwood Bushcare Unanderra Bushland restoration Coledale Bushcare Sea cliff restoration Colvin Street Bushland restoration Compton Street Bushland restoration Compton St FiReady Asset Protection Zone maintenance Emperor Court Bushcare Bushland restoration Farmborough Waterfall Bushcare Bushland restoration Figtree Oval Bushcare Riparian restoration Friends of the Botanic Gardens Through active volunteering, the Friends foster community interest in the garden, promote the role of education in the garden, and support the development of the garden by raising funds for specific projects",15,0.9972810447216034,NSW_Unknown_Urban_2025_alignment
2025 Update Actions Status Comment Develop and implement the Floodplain Risk Management Plans Significant progress was made in developing and implementing Floodplain Risk Management Plans The adoption of the Allans Creek and Fairy and Cabbage Tree Creek Flood Risk Management Studies and Plans were followed by critical updates and publication to support internal coordination and community access,13,0.9751744567155838,NSW_Unknown_Urban_2025_alignment
A trial program offering free pool entry for children during the school holidays encouraged youth participation at Corrimal and Dapto pools,6,0.656107238382101,NSW_Unknown_Urban_2025_alignment
"Service Optimisation Program, launched in July 2024 has provided a structured and data informed approach to identifying service improvement opportunities",9,0.871379430671533,NSW_Unknown_Urban_2025_alignment
"Creating an environment where everyone belongs and they can authentically represent themselves, where contributions are valued and recognised; and they feel they belong The following EEO initiatives were implemented across Council:",7,0.7004524432619412,NSW_Unknown_Urban_2025_alignment
"A range of events and activities were supported as part of 16 Days of Activism against Gender-Based Violence including the Reclaim the Night March, Women’s Creative Expressions Competition and a Rose Vigil in MacCabe Park, Wollongong",5,0.9984722664356231,NSW_Unknown_Urban_2025_alignment
"At The Drive, Stanwell Park, a major structural relining was completed on a large brick arch culvert situated on a steep and constrained site, preserving a key drainage asset despite significant access and engineering challenges",11,0.7127523488104344,NSW_Unknown_Urban_2025_alignment
"Delivered ‘Art and Dementia Tour’ program for people with dementia to have meaningful engagement with Wollongong Art Gallery exhibitions and collections, this is supported by the ‘Care for the Carer Program’ where carers are invited to participate in art therapy as respite.",3,0.7638774613539379,NSW_Unknown_Urban_2025_alignment
"Delayed Plan, design and undertake renewal works at Council’s Community, Commercial Pools and Ocean Rock Pools in accordance with the Infrastructure Delivery Program Heating upgrades were completed at Dapto Pool during the year",7,0.7069141166408857,NSW_Unknown_Urban_2025_alignment
"2025 Update Actions Status Comment Develop and regularly review Asset Management Plans to ensure appropriate investment in Council's asset base A comprehensive review has been completed and an asset management plan covering all assets has been drafted It considers the future demands, challenges and risks that influence decisions regarding investment over the lifecycle of assets The plan includes over 180,000 assets across transport, stormwater and floodplain, open space and recreation, buildings, plant and equipment, library collection, information management and technology, and artwork",11,0.7481000048816203,NSW_Unknown_Urban_2025_alignment
"Deliver a range of community development activities and programs that focus on diversity, access, inclusion, and capacity building The Refugee Challenge was held in partnership with Corrimal High School in partnership with Multicultural Communities Council of the Illawarra (MCCI)",4,0.9495694637298584,NSW_Unknown_Urban_2025_alignment
"Council has delivered a range of learning and development opportunities for Council officers to promote and support their understanding of disability, including:",11,0.4839693781137466,NSW_Unknown_Urban_2025_alignment
"Relationships with multicultural communities have been further strengthened through Tech Savvy funding, which enabled Community Connections and Learning to deliver watercolour workshops for the Chinese community following digital literacy sessions",9,0.8840317057569822,NSW_Unknown_Urban_2025_alignment
"Plan for a new Community Centre and Library to meet the needs of the community in Helensburgh and surrounding suburbs On-Track NSW Public Works has been engaged to deliver procurement and project management services for both the design and construction phases, with a project inception meeting held in May 2025",17,0.7271334528923035,NSW_Unknown_Urban_2025_alignment
"2025 Update Actions Status Comment Educate and continue to deliver waste diversion programs aligned with problematic waste streams Extensive waste education programs were delivered across the Local Government area, to help educate, promote and inspire the community to reduce waste, increase the use of Food Organics Garden Organics (FOGO) and to create behaviour change",12,0.9906576955318452,NSW_Unknown_Urban_2025_alignment
"On-Track In Horsley, a Planning Proposal to align zone boundaries with designated open space areas within the Forest Reach subdivision was endorsed to be finalised",15,0.840914676586787,NSW_Unknown_Urban_2025_alignment
"Additional support was provided to both the NSW RFS and NSW State Emergency Service (SES) during periods of high and extreme fire danger and during severe storm events, including those associated with ex-Tropical Cyclone Alfred",13,0.92265608416001,NSW_Unknown_Urban_2025_alignment
Why it matters to our community ICT disaster recovery services reviewed: The City reviewed and improved its backup and disaster recovery capabilities,11,1.0,WA_Unknown_Urban_2025_alignment
"Key improvements in These initiatives delivered measurable efficiency gains, enhanced service quality, and reinforced a culture of continuous improvement across the organisation.",9,0.7986023669640223,WA_Unknown_Urban_2025_alignment
Kirsten Thrush and Katie Russell were awarded the Women in Local Government accolade for their leadership in disaster recovery following the Mariginiup bushfire The City also won the Disaster Readiness & Recovery category for our community-first approach spanning preparedness through to recovery,5,0.7968285975456237,WA_Unknown_Urban_2025_alignment
"Christmas has arrived in the City of Wanneroo (1,015 views) Throughout 2024–25, the Communications and Brand team provided 140 sets of talking points to spokespeople who participated in media activities or official engagements throughout the year",17,0.7353158791859945,WA_Unknown_Urban_2025_alignment
"Heritage and history: Cockman House, Buckingham House, Wanneroo Museum, Art Gallery, and community history programs To support and celebrate our volunteers, we delivered several initiatives in 2024–25:",17,0.7568632562955221,WA_Unknown_Urban_2025_alignment
Strong privacy standards protect personal information and build trust in how the City manages data The City is prepared to fully implement the Privacy and Responsible Information Sharing Act 2024,11,0.8314412866830826,WA_Unknown_Urban_2025_alignment
City of Wanneroo Our City Our Performance Index and Key Terms Our Council Highlights & Challenges Our Organisation Our Performance Key achievements The initiatives and outcomes summarised below reflect our progress in delivering on Goal 7 and its supporting priorities: What we delivered What changed as a result,11,0.85,WA_Unknown_Urban_2025_alignment
"At the procurement stage, we assess contractor safety documentation to ensure appropriate controls are in place, including Safe Work Method Statements (SWMS) and relevant high-risk work licences",12,0.7469696201384068,WA_Unknown_Urban_2025_alignment
"Assets Planning and Sustainability Plans, builds and manages the City’s assets to a high standard This includes major infrastructure (such as roads and buildings) and natural assets (such as parks and the coastal environment), ensuring resources are used effectively to benefit the community",17,0.9463471174240112,WA_Unknown_Urban_2025_alignment
"Local laws Under section 3.16, local laws must be reviewed within fifteen years of commencement The City is continuing its review and update of all local laws",11,0.8462612532973289,WA_Unknown_Urban_2025_alignment
"Meanwhile, Australia Day celebrations in Girrawheen and Yanchep/Two Rocks engaged over 1,100 residents in family-friendly festivities, and Carols in the Park in Yanchep drew an estimated 5,000 people, continuing a cherished local tradition",17,0.5507466693719228,WA_Unknown_Urban_2025_alignment
"Yanchep coastal management The City provided support to various community groups and stakeholder organisations engaging communities in the City, including METRONET and Water Corporation",11,1.0,WA_Unknown_Urban_2025_alignment
"Supporting the WBA enabled the organisation to reach a broader range of local businesses, including small businesses and start-ups that often lack established support networks",17,0.8949886759122213,WA_Unknown_Urban_2025_alignment
"Each goal is supported by a set of 33 strategic priorities that guide operational planning and resource allocation These are detailed in the full SCP The City’s strategic goals are: Goal 1: An inclusive and accessible City with places and spaces that embrace all Goal 5: A well-planned, safe and resilient City that is easy to travel around and provides a connection between people and places Goal 2: A City with rich cultural histories, where people can visit and enjoy unique experiences Goal 6: A future focused City that advocates, engages and partners to progress the priorities of the community Goal 3: A vibrant, innovative City with local opportunities for work, business and investment Goal 7: A well-governed and managed City that makes informed decisions, provides strong community leadership and valued customer-focused services Goal 4: A sustainable City that balances the relationship between urban growth and the environment City of Wanneroo Our City Our Performance Index and Key Terms Our Council Highlights & Challenges Our Organisation Our City Our Performance Index and Key Terms Our Council Highlights & Challenges Our Organisation Our purpose To create a strong community with local opportunities to participate, be active, feel secure, contribute and belong",11,1.0,WA_Unknown_Urban_2025_alignment
"Organisational structure The City’s organisational structure includes the Office of the CEO and four directorates: The CEO manages the day-to-day operations of the organisation in line with the Council’s strategic direction, as outlined in the Strategic Community Plan and the four-year priorities of the Corporate Business Plan.",11,0.8129513409733773,WA_Unknown_Urban_2025_alignment
"align individual contributions with the Strategic Community Plan and Corporate Business Plan The PDRC process supports accountability, encourages meaningful dialogue between employees and leaders, and helps guide development planning across the organisation The framework is now being applied across key areas such as:",17,1.0,WA_Unknown_Urban_2025_alignment
"In addition, the annual report is reviewed and approved by Council The impact of our projects and programs on the community is primarily measured through the liveability survey",11,0.85,WA_Unknown_Urban_2025_alignment
"Cultural events and recognition We celebrated National Reconciliation Week and NAIDOC Week with events such as a flag raising ceremony, walk for reconciliation, Noongar Storytime sessions, and the Warangka Moorditj singing workshops The Wanneroo Regional Museum hosted exhibitions including For Our Elders and launched a permanent Welcome to Country display",17,0.6830387314160665,WA_Unknown_Urban_2025_alignment
"Why it matters to our community Built confidence, teamwork, and civic engagement through activities like Youth Week, Level Up, and school leadership programs",4,0.940773904323578,WA_Unknown_Urban_2025_alignment
"To support ongoing engagement, the project delivered ten weeks of co-designed youth outreach programming, reaching 217 young people The initiative culminated in a vibrant community event, co-led and designed by youth participants, which attracted over 300 community members",17,0.7880293329556783,WA_Unknown_Urban_2025_alignment
City of Wanneroo Our City Our Performance Index and Key Terms Our Council Highlights & Challenges Our Organisation Highlights & Challenges External awards and nominations The Riverlinks Park playground was awarded Best Public Works Project $2 million to $5 million and was a finalist in Excellence in Innovation,11,1.0,WA_Unknown_Urban_2025_alignment
Wanneroo Regional Museum successfully acquired the SS Alkimos lifeboat; a rare maritime artefact linked to one of Western Australia’s most iconic shipwrecks The lifeboat will be preserved and eventually displayed as part of the museum’s growing cultural heritage collections Discover Wanneroo: A new vision for tourism (Goal 2) What we delivered What changed as a result,17,0.4683679342269897,WA_Unknown_Urban_2025_alignment
"Revitalising Wanneroo Town Centre: Delivered a revitalisation strategy for the Wanneroo Town Centre, shaped by extensive community and stakeholder engagement",17,0.8104973534742992,WA_Unknown_Urban_2025_alignment
"Why it matters to our community It strengthens the City’s economic resilience, supports local businesses and tourism operators, and enhances the visitor experience for residents and tourists alike The strategy provides a clear direction for growing the visitor economy and elevates the City’s profile as a tourism destination The City consulted and engaged with key stakeholders to develop a new vision and strategy for the local visitor economy",17,0.7182245949904125,WA_Unknown_Urban_2025_alignment
We maintain essential controls such as ensuring operators hold the appropriate high-risk work licences and a verification of competency (VoC) is conducted to confirm that licensed operators can safely perform tasks in our specific work environment.,17,0.5843186378479004,WA_Unknown_Urban_2025_alignment
"Compliance Reported matters Each year, the City completes a compliance audit of its performance against the Local Government Act 1995 The audit is submitted to the Department of Local Government, Sport and Cultural Industries1 by the end of March",11,0.8456028128266334,WA_Unknown_Urban_2025_alignment
We are monitoring developments in this area to better understand and manage associated risks such as thermal runaway and fire.,7,0.8960897827148437,WA_Unknown_Urban_2025_alignment
"City of Wanneroo Our City Our Performance Index and Key Terms Our Council Highlights & Challenges Our Organisation Our Council Community engagement The City’s Community Engagement Framework is based on the International Association for Public Participation (IAP2) model and its Quality Assurance Standard for Community and Stakeholder Engagement It encourages participation from people who live in, work in, visit or support the City",17,0.8792659640312195,WA_Unknown_Urban_2025_alignment
We also monitor and review engagement outcomes and communicate these to participants and the broader community The City engages with the community and shares information through the following methods,11,0.8434723384976387,WA_Unknown_Urban_2025_alignment
"Together, we are building a community that celebrates diversity, protects its natural assets and creates opportunities for everyone to thrive",17,0.8991671601931255,WA_Unknown_Urban_2025_alignment
"In June 2025, Council endorsed the new Visitor Economy Strategy, which identifies tourism as a key strategic industry The strategy aims to position the City of Wanneroo as a destination that visitors enjoy, highlighting its active coastline, natural environment, and memorable experiences",8,0.5696648975213369,WA_Unknown_Urban_2025_alignment
"We also partner with LGIS to deliver contract risk training, raising awareness of key terms, common pitfalls, and mitigation strategies",13,0.8008841790159544,WA_Unknown_Urban_2025_alignment
"Updates are provided every six months by action owners, with progress reviewed and approved by directors, items requesting closure validated by IAF, items requesting extensions approved by the CEO and the report presented to the Audit and Risk Committee.",17,0.6279986600081127,WA_Unknown_Urban_2025_alignment
"Over the past 12 months, the outcomes achieved by the organisation have included: Bill Vandepeer, Chair Supporting more than 423 unique businesses and 163 community organisations, resulting in over $13 million in investment directly facilitated",17,1.0,SA_Unknown__2025_alignment
"time Administrative Officer to assist with daily council business and a Sports and Active Recreation Manager to coordinate the Sports and Active Rec program as well as supervise the Youth Development Officer This has further increased our agility, the improved the integrity of our daily business and service delivery to the community, and the general well-being of our young people",4,0.6321268280347189,NT_Unknown_Urban_2023_alignment
"A total of 25 newsletters and e-bulletins were published to an audience of 270+ subscribers, with a unique open rate range of 39-63%, well above industry average",9,0.6950689012805621,NT_Unknown_Urban_2023_alignment
"Council promotes a high standard for the food prepared and sold within the area through the on-going inspection, licensing and registration of the relevant food businesses and mobile/temporary food stalls involved",2,0.9791034424304964,TAS_Unknown_Rural_2023_alignment
"Evaluate the overall presentation, structure and content of the financial report, including the disclosures, and whether the financial report represent the underlying transactions and events in a manner that achieves fair presentation",17,0.5062046150366466,TAS_Unknown_Rural_2023_alignment
"Actions Progress Implement year 4 actions of the Waste and Resource Recovery Strategy 2019/24 Coordinate a community forum relating to bioenergy Progress Sisters Beach estuary works in partnership with the Sisters Beach WildCare Group Progress Fossil Bluff Biodiversity plantings in partnership with the Wynyard Landcare Group Plan for Camp Creek biodiversity enhancements and riparian reserve restoration in partnership with the community Implement year 3 actions of the Integrated Council Environment Plan (iCEP) Review the operational delivery model for the Waste Transfer Station Undertake Inglis River walking track options study In collaboration with Tas Fire, understand current bushfire risks for settlement areas C/Fwd: 20/21 Tasmanian Planning Scheme implementation",17,0.9629730383555096,TAS_Unknown_Rural_2023_alignment
"Priorities and recommendations are built around these key roles including the provision of public infrastructure, encouraging economic development, provision of visitor servicing, local marketing and the support of local events",17,0.925299624602,TAS_Unknown_Rural_2023_alignment
"Reliable and up-to-date AMPs (that flow through into a reliable and up-to-date SAMP and FMS) provide the foundation Council needs to make informed resource allocation decisions that adequately balance cost, risk and level of service to their communities in a way that is sustainable over the long term",7,0.6356259253621102,TAS_Unknown_Rural_2023_alignment
"They will be actively engaged in developing Council facilities, services and programs, and will be encouraged to provide input to planning for community needs",11,0.85,TAS_Unknown_Rural_2023_alignment
"Council also completed upgrades to the Waratah Community Hub, commenced Stage One of the Waratah Waterfall Walk, installed Tasmanian Tiger themed public art, addressed tip and town tidiness and in conjunction with the Community Board created a Community Directory and New Residents Kit While the plan is truly community-led, Council’s role is to provide strategic leadership in community development by taking an active role in mobilising community assets, identifying gaps and facilitating solutions",11,0.7917552583217622,TAS_Unknown_Rural_2023_alignment
"including ensuring that service levels are maintained, local representation is maintained, and the financial status of the community is strengthened",17,0.8957650264104208,TAS_Unknown_Rural_2023_alignment
"In the current year, Council has reviewed and assessed all the new accounting standards and interpretations that have been published, with future effective dates, and determined they are either not applicable to Council's activities or would have no material impact",12,0.404816459454596,TAS_Unknown_Rural_2023_alignment
"In the 2024-25 fnancial year, the City purchased key parcels of land to increase our green footprint and better support fora and fauna across the coast",17,0.8361891905466716,QLD_Unknown__2025_alignment
"Integrating risk thinking across business systems, to embed risk through implementing key controls across critical processes The SIAP is reviewed and approved by the Audit and Risk Committee annually The Internal Auditor attends each Committee meeting to report on the status of the SIAP, present findings of completed reviews and comment as required on managements progress implementing audit recommendations",12,0.7986605904996396,VIC_Unknown_Urban_2024_alignment
Efficient heat pump hot water upgrades have been planned for Galvin Park Pavilion in Werribee and will be installed during 2024/25,7,0.9437255156040192,VIC_Unknown_Urban_2024_alignment
Improve public lighting across Wyndham in line with Council’s Public Lighting Policy The Open Space Lighting Policy was adopted by Council on 22 August 2023,11,0.8262239670753478,VIC_Unknown_Urban_2024_alignment
"A review of the Open Space Strategy 2045 was adopted in 2016 and requires updating to better address contemporary open space planning themes, and to streamline the document",11,0.8599242748618127,VIC_Unknown_Urban_2024_alignment
"Wyndham City Council delivers a breadth of services to its community, from waste collection, parks and open space, community centres through to libraries",11,1.0,VIC_Unknown_Urban_2024_alignment
"Completed, 3 (100%) Major Initiatives and Initiatives Major Initiatives and Initiatives are key projects, services, programs or works that the Council has financial year",11,0.7527621449232101,VIC_Unknown_Urban_2024_alignment
"Their activity is facilitated by the risk function and performed by an external provider The Internal Audit service provider has extensive local government experience, the ability to provide specialist resources capable of assessing the diverse range of activity undertaken at Council and contributes industry knowledge to effectively benchmark performance",12,0.5639717988669872,VIC_Unknown_Urban_2024_alignment
"Detailed designs for the next stage of upgrade works in Duncans Road have also been prepared The Wyndham Park Car Park was designed, tendered and is under construction, with completion due in October 2024",11,0.7265633379817008,VIC_Unknown_Urban_2024_alignment
"In late 2023, five community organisations were announced as the successful recipients of these grants as follows: A First Nations organisation/producer has been engaged and planning is underway to determine a suitable date and venue for a large-scale community music event",17,0.7290432353814443,VIC_Unknown_Urban_2024_alignment
Revenue and Rating Plan (plan under section 93 of the Act setting out the rating structure of Council to levy rates and charges) Adopted in accordance with section 93 of the Act 6,11,0.7318485257923603,VIC_Unknown_Urban_2024_alignment
"PERFORMANCE RESULTS OUR ORGANISATION GOVERNANCE Wyndham City 2023/2024 Financial Report 5.8 Leases At inception of a contract, Council assesses whether a contract is, or contains, a lease",11,0.7168336693048477,VIC_Unknown_Urban_2024_alignment
"Council implemented a new phone payment gateway, which provides community an additional payment option for animal renewal payments, infringement notices, requests for additional bins and more",15,0.8985154728094737,VIC_Unknown_Urban_2024_alignment
"Deliver a centralised and independent legal function that provides internal legal advice, manages the panel of external service providers, project manages external referrals, and maintains Council's Instruments of Delegation, Authorisations and Appointment",9,0.5198873469233514,VIC_Unknown_Urban_2024_alignment
Supporting Wyndham businesses and Council to adopt inclusive employment practices that support diversity in their business and linking those businesses to local people who are looking for work,17,0.7724037766456604,VIC_Unknown_Urban_2024_alignment
"One of the five projects has been completed, engaging with a total of 672 participants in Wyndham The remaining four projects will finish by the end of July 2024",17,0.7585054636001587,VIC_Unknown_Urban_2024_alignment
"Provision of public art, exhibitions, events, art, and cultural activities Very Good (7.7) Very Good (7.4) Very Good (7.6) Community satisfaction with Council’s: Provision of sports ovals and other local sporting/recreation facilities Excellent (7.8) Excellent (7.9) Excellent (8.0) Encourage residents to be physically active and healthy through the provision of accessible and diverse sporting facilities, leisure, and recreational opportunities",11,0.8,VIC_Unknown_Urban_2024_alignment
"Information on Council’s website has been updated, new permit applications/forms developed, and offence data migrated to systems, with work continuing to develop procedures for new offence clauses including trolleys and heavy vehicles",11,0.7879704642295837,VIC_Unknown_Urban_2024_alignment
"Provides resources, services, spaces and programs that support Wyndham residents' increased levels of literacy, digital literacy, numeracy, community wellbeing and social connectedness",4,0.9804300665855408,VIC_Unknown_Urban_2024_alignment
"Delegations (documents setting out the powers, duties and functions of Council and the Chief Executive Officer that have been delegated to members of staff, in accordance with sections 11 and 47 of the Act) Reviewed in accordance with section 11(7) of the Act and a register kept in accordance with sections 11(8) and 47(7) of the Act Date of review: 27",8,0.5225996491188805,VIC_Unknown_Urban_2024_alignment
"Community Connector team supports carers and their families to access appropriate services based on their needs via Carers Victoria, Carers Gateway and other supports available",17,0.6764142711957296,VIC_Unknown_Urban_2024_alignment
Graffiti removal Very Good (7.5) Good (7.1) Very Good (7.3) Garbage collection Excellent (8.4) Excellent (8.2) Excellent (8.2) Green waste collection Excellent (8.3) Excellent (8.1) Excellent (8.2) Recycling waste collection Excellent (8.4) Excellent (8.2) Excellent (8.2) Hard waste collections Excellent (8.1) Excellent (7.8) Excellent (8.1) Provision and maintenance of public toilets Good (7.0) Solid (6.2) Poor (5.9) Community satisfaction with Council’s: Provide sustainable infrastructure through the construction of new assets and renewal of existing assets,12,0.9407288375496864,VIC_Unknown_Urban_2024_alignment
"A works program identifying priority sites for maintenance works is being prepared to guide future maintenance and improvement activities The Local Law has been gazetted and Victoria Police members have been authorised for alcohol offences, with named officers for all other offences",17,0.761426587899526,VIC_Unknown_Urban_2024_alignment
"Learning and participation is facilitated through library branches located at Pacific Werribee Shopping Centre, central Werribee, Point Cook, Manor Lakes, Tarneit, Williams Landing and Book Locker",4,0.937585324048996,VIC_Unknown_Urban_2024_alignment
"1 July 30 June 100% Designs for the final stage of the Reece Jennings Bicycle Path were completed, with construction scheduled for 2024-25",11,0.6970613994002343,SA_Unknown__2024_alignment
"Ageing Well Our Ageing Well team maintained 5 regular programs for people in our community who are 50+ including Movers and Shakers, Share a Table, Fit Ball Drumming, Friday Movies and Coffee, Tea and Me",17,0.6953402360280355,SA_Unknown__2024_alignment
"Asset protection In order to help reduce the amount of damage caused to public infrastructure as a result of new developments, we created an ‘Asset protection’ project this year to help better inform developers and our community about how public assets can be protected",17,0.7895311713218689,SA_Unknown__2024_alignment
Bridge Upgrade The Daly Street bridge upgrade was delivered with the support of funding from the Australian Government provided under the Local Roads and Community Infrastructure Program,11,0.5975582069456578,SA_Unknown__2024_alignment
"‘Your Climate Resilient Home’ Guide We developed a new community guide, ‘Your Climate Resilient Home’, to provide our community with information to help design and build a home that will be more resilient to changes in climate The guide is designed to prompt people to think about sustainability in relation to their existing home or future home It covers topics such as building orientation, shading, ventilation, Insulation, building materials and renewable energy The guide is available on the Council website, with printed copies available at community events throughout the year as well as the Civic Centre and Hamra Library This year around 40 new contracts were awarded across a range of works, goods and services including road works, building construction works, plant and equipment and various consulting projects",13,0.7616491118073463,SA_Unknown__2024_alignment
"We facilitated 2 presentations this year: ‘Learn about Autism’, supported by Autism SA and ‘The NDIS and supports’, presented by Baptcare",3,0.7916376640399297,SA_Unknown__2024_alignment
"Adelaide Coastal Councils Network The management of the coastline by local government delivers important social, environmental and economic outcomes for our communities The City of West Torrens is a member council to the Adelaide Coastal Councils Network (ACCN) which aims to share information and experiences with other coastal councils and collaborate on projects and funding opportunities",11,0.6868545232415199,SA_Unknown__2024_alignment
 Evaluate the appropriateness of accounting policies used and the reasonableness of accounting estimates and related disclosures made by the Authority,12,0.6664173069596291,SA_Unknown__2024_alignment
Project manage the staged upgrade of the Reece Jennings Bicycle Path and the installation of bicycle racks and facilities in reserves,17,0.6424835820992788,SA_Unknown__2024_alignment
"Meetings: fourth Tuesday of alternate months commencing May 2024 The Thebarton Oval Precinct Masterplan Advisory Group (MAG) was established in January 2023 to provide advice to Council and the Adelaide Football Club with regard to the drafting of the masterplan by the Adelaide Football Club for the Thebarton Oval Precinct The MAG comprised the Mayor and two Elected Members, three representatives from the AFC and four members of the community",11,0.6744889158904552,SA_Unknown__2024_alignment
"1 July 30 June 100% Council's first Information Management Administration Policy was approved The policy helps Council align our information management with the expanded State Records 5 principle approach to information, data and systems",16,0.8274477689464887,SA_Unknown__2024_alignment
"Community Services Our Community Services Department provides programs, activities and services to facilitate meaningful community connections and lifelong learning opportunities across an all",4,0.9960024654865264,SA_Unknown__2024_alignment
"Cosplay Club enabled young people to get creative with sewing machines and the library’s 3D printer to make props and costumes from their favourite comics, manga, anime, TV shows and movies",9,0.7253149945934614,SA_Unknown__2024_alignment
New collections The City of West Torrens Library Service provides a range of special collections for borrowing that are based on requests from our community This year we introduced 4 new collections:,17,0.5132957299550375,SA_Unknown__2024_alignment
"Following consideration of the report, Council granted in-principle approval to proceed with the development of a detailed design development report",11,0.5461058740913868,SA_Unknown__2024_alignment
"Constructed Culvert 2023/24 Annual Report Upper Brown Hill Creek, Hawthorn Reserve The City of Mitcham upgraded the Hawthorn Reserve precinct in 2018/19 and the creek upgrades were expedited to coincide with this project The creek has been widened to ensure suﬃcient capacity and the banks have been laid back with naƟve planƟngs in the area adjacent the Mitcham library to retain a natural seƫng",6,0.9037791726589204,SA_Unknown__2024_alignment
"Community Land Management Plans are updated when changes occur, such as when land is purchased, sold or removed from the community land register",15,0.7112223009268444,SA_Unknown__2024_alignment
A resilient organisation that is able to effectively respond to emergency incidents and events The following table provides a progress report of actions adopted under our Community Plan 2030,17,0.8048974970976512,SA_Unknown__2024_alignment
"We support diversity, health and wellbeing, community cohesion and connections, and create opportunities to learn and enjoy the local area",17,0.8459375301996868,SA_Unknown__2024_alignment
"Meeting date Item Status Information Services security audit Confidential Review of internal decisions Section 270 of the Local Government Act 1999 provides for the internal review of decisions of the Council, employees and other people acting on Council’s behalf",11,0.6265632018446922,SA_Unknown__2024_alignment
"A comprehensive illustration suite was developed in-house to enhance Council’s brand, while allowing for more efficient and inclusive design outcomes",11,0.4052176685929298,SA_Unknown__2024_alignment
"Delivering in a heavily constrained environment, the works have been designed in collaboraƟon with property owners to meet the ﬂow capacity requirements while being sympatheƟc to the natural environment and the individual and unique objecƟves of each owner",7,0.824423876007398,SA_Unknown__2024_alignment
"Mellor Park itself was completed this year, giving residents an upgraded local community facility, along with new playground facilities, a new full size tennis court, a half basketball court, a bocce ring, new public toilets and upgraded parking",11,0.7067630970478058,SA_Unknown__2024_alignment
1 July 30 June 100% An independent audit on Council's cyber security was completed and acknowledged the work undertaken during the past 2 years The audit confirmed Council's approach is sound,9,0.6058614143133163,SA_Unknown__2024_alignment
We will also introduce customer satisfaction surveys into our library services area to better understand our consumers’ needs and help us plan better for the future,17,0.5114847421646118,SA_Unknown__2024_alignment
A major focus will be implementing a new platform and tool set for our Customer Contact Centre to help us deliver a better experience for our customers and community,17,0.6114864846070608,SA_Unknown__2024_alignment
A revised and updated version of the Thematic History for the Council area was completed that will allow Council to understand how heritage items fit within the broader historic framework and pattern of development for the district,11,0.6147302672863006,SA_Unknown__2024_alignment
"Final aspects of the new plan are being developed, with the final draft plan to be presented to the 3 partner councils in early 2024-25",11,0.6900833724439144,SA_Unknown__2024_alignment
"Creative Services During the year our Creative Services team provided information and engagement opportunities to our community about projects, services, events and programs in order to help residents gain a better understanding of what was happening in West Torrens and where rate dollars were allocated",17,0.7412939270337423,SA_Unknown__2024_alignment
"Policies are regularly reviewed to reflect the Council’s Corporate Planning Framework, legislative changes, Council resolutions and decisions of the Executive Management Team",11,0.4899113073647022,SA_Unknown__2024_alignment
"Daniel Baker General Manager, Engineering & HorƟculture City of Mitcham Aaron Wood Manager Assets & OperaƟons City of Unley The Board appoints a Project Director who is responsible for implemenƟng the decisions of the Board and managing the operaƟonal requirements of the project",17,0.8886933326721191,SA_Unknown__2024_alignment
"Managed by the State Government through DevelopmentWA and operated by CORE Innovation Hub, the 51-hectare precinct now provides local, national, and global companies with access to one of the biggest testing and development facilities in the world",9,0.9810882031917572,WA_Unknown_Urban_2024_alignment
"Final design and construction is subject to future Council consideration, and anticipated to be completed in 2025/26 The LTFP is formally adopted by the Council and is reviewed at least biennially, with consideration for prevailing economic circumstances, Council Member priorities and community expectations",11,0.85,WA_Unknown_Urban_2024_alignment
They enable the wider community to share in Aboriginal culture and heritage and facilitate improved relationships between Aboriginal and non-Aboriginal people,17,0.7016573846340179,WA_Unknown_Urban_2024_alignment
"improve people’s quality of life and their health and wellbeing With both state and federal elections planned for 2025, over the next few years we will be refining and sharing the advocacy agenda to continue the success enjoyed so far.",17,0.8581725756327312,WA_Unknown_Urban_2024_alignment
"We started our formal advocacy journey in 2014 and since then we have successfully advocated for projects such as the rail extension to Yanchep and the Mitchell Freeway extension When new, significant projects emerge they become part of the advocacy plan.",17,0.8591460188229879,WA_Unknown_Urban_2024_alignment
hosted open day was delivered as part of this partnership This resulted in local businesses being more aware of the benefits of utilising the AARP facility It is estimated that this facility could generate between $453m and $608m in economic impact by 2030,17,0.7765459020932516,WA_Unknown_Urban_2024_alignment
Online mapping tool We successfully used the online Social Pinpoint mapping tool to obtain input and feedback from local residents on several projects This process was well supported by the community.,11,0.6357785108685493,WA_Unknown_Urban_2024_alignment
"To enable Council Members to develop and maintain skills and knowledge relevant to their roles as representatives of the City, Council Members are encouraged to attend conferences, workshops, forums and training events",11,0.8452142909169197,WA_Unknown_Urban_2024_alignment
"Trees provide many benefits, from reducing greenhouse gases to improving air quality and increasing habitats for local and native fauna The strategy will help us leverage technology and data to improve our ability to deliver community services and harness local opportunities in innovative ways The roll out of the GO bins for organic waste has allowed us to transform green waste into high quality soil-enhancing products such as mulch and potting mix",12,0.9885237616300584,WA_Unknown_Urban_2024_alignment
"They later built Cockman House, a rough limestone house that still exists today It is a rare type of dwelling, and its historical significance has been recognised with State Heritage status",5,0.3120570875108241,WA_Unknown_Urban_2024_alignment
Submissions are generally delivered by email or sent to or dropped into the Civic Centre The City engages with our community and communicates information in the following ways,11,0.8428530365228653,WA_Unknown_Urban_2024_alignment
"Two significant initiatives our youth outreach team also undertook were: We strengthened partnerships with pathways to employment providers and attended 2 events delivered in Merriwa targeting unemployed young people The two events, Pathway to Transport and Logistics Jobs Showcase, provided young people with information and access to direct pathway options to enter this industry, identified by Workforce Australia as a growing need for employers",8,0.7672324699163436,WA_Unknown_Urban_2024_alignment
Cr B Smith    The Waste Management Advisory Committee provides advice to the Council and to the City’s representatives on the Mindarie Regional Council on matters relating to waste management in the City,12,0.9692898213863372,WA_Unknown_Urban_2024_alignment
"Banksia Grove Urban Art Project: in response to the recurring issue of graffiti at Banksia Grove Skate Park, we initiated a 5-week urban art program The program featured an urban artist engaging with local young people, involving them in creating a community art piece",16,0.7461800118287405,WA_Unknown_Urban_2024_alignment
"review of the City’s interactive voice response (IVR) options, which included the addition of two new IVR options for high call volume areas for a more efficient customer experience Additionally, our QMS enhances knowledge retention by documenting how and why teams operate in specific ways This facilitates smoother knowledge transfer and accelerates the competency development of new team members.",17,0.6771719952424368,WA_Unknown_Urban_2024_alignment
"‘To create a strong community with local opportunities to participate, be active, feel secure, contribute and belong.’ ‘A welcoming community, connected through local opportunities.’ Goal 4: A sustainable City that balances the relationship between urban growth and the environment The seven strategic goals are supported by 33 strategic priorities that provide operational direction for the City’s administration to focus resources",11,1.0,WA_Unknown_Urban_2024_alignment
"provides overall leadership to the organisation and oversees the strategic planning, policy and program development across all aspects of our operations The CEO is responsible for the system we work within, the support we provide to the elected Council and the implementation of Council decisions The Office of the CEO encompasses corporate governance, legal advice, communications, advocacy and economic development",12,0.71537410736084,WA_Unknown_Urban_2024_alignment
"All new and existing contract managers receive training in the use of the City’s contract management system, both on its functionality and how it can be used in day-to-day contract management activities The system enhances our practices, drives contractor and supplier performance, and gives value-for-money procurement outcomes The status of current contracts awarded is reported to the Audit and Risk Committee biannually The expanded use of digitalised signatures continues to improve the time it takes to prepare and execute contracts, contract extensions and variations and obtain other internal contract or procurement related approvals The public tender threshold of $250,000 provides opportunities to source from invited businesses on a quotation basis, streamlining the process for procurements to that value The legislated tender exemption for contracting with Aboriginal and Torres Strait businesses was also clarified and",17,0.9128073851267496,WA_Unknown_Urban_2024_alignment
"We completed floodlighting construction at both the AFL and soccer ovals, allowing local clubs to host night games, as well as fundraisers such as family nights The upgrade frees up more match and training slots and helps keep up with the significant increase in grassroots participation from junior players As a local government we play a crucial role in shaping our communities and providing essential services",8,0.635481496527791,WA_Unknown_Urban_2024_alignment
"A Local Jobs Youth Conference, presented by Workforce Australia, provided unemployed young people a unique opportunity to access inspirational and motivational speakers, financial education relating to superannuation and career prospects through further learning at Edith Cowan University alternative pathways The Kickstarter Fund encourages residents, groups and local businesses to work together on smaller, low-cost projects in their local areas.",17,0.8363473415374756,WA_Unknown_Urban_2024_alignment
Yanchep Lagoon kiosk and changerooms upgrade $1.26M (local supplier Horizon West Landscape Constructions) Education and training An independent (external) review of the City’s fleet services function was undertaken with recommendations being progressed on a priority basis,14,0.6905069271028041,WA_Unknown_Urban_2024_alignment
"Our Corporate Governance Framework provides a basis for practising good governance in providing services and facilities to the broad range of people who have an interest in the City This includes residents, commercial and retail businesses, workers, and local, national and international visitors",16,0.8356417766213418,WA_Unknown_Urban_2024_alignment
City of Wanneroo Our Council Key Projects Yanchep Lagoon The lease (and agreement for lease) to Be Our Guest Holdings for the redevelopment of the Old Yanchep Surf Club site was approved by Council on 23 April 2024,14,0.4616977049062649,WA_Unknown_Urban_2024_alignment
 MRWA has approved the change from a roundabout to traffic signals at the intersection of Marangaroo Drive and Girrawheen Avenue and agreed to maintain grant funding towards works,11,0.7975209090709686,WA_Unknown_Urban_2024_alignment
"We communicate in many ways, including through our website, digital and print newsletters, social media, and advertorial and editorial content in the local community newspaper",17,0.5752250055472057,WA_Unknown_Urban_2024_alignment
"Progress towards this objective will be measured by a number of complementary strategic indicators, including measuring requests and responses to homelessness, the provision of social and affordable housing in significant developments, cultural festivals and events, the community grants program as well as selected customer satisfaction indicators.A close up portrait of a smiling elderly man in front of a yellow background",17,0.8913888533910116,VIC_Unknown__2023_alignment
"In addition, we launched the Be Connected program which aims to improve digital literacy and social inclusion for older Australians The Be Connected classes had a fantastic attendance rate of over 90% and a great response from participants",9,0.8786032513380051,VIC_Unknown__2023_alignment
"We will also collaborate with the Wurundjeri Woi Wurrung Council Narrap Team to consider alternative indicators of ecosystem health, design and deliver a monitoring program that measures diversity in fauna focussing on key indicator fauna groups and invest in a project that focuses on the long-term sustainability of locally rare flora and fauna",15,0.994275599718094,VIC_Unknown__2023_alignment
"We delivered a financially with a $23m surplus, which was $11m more than originally planned, significantly reduced our reliance on borrowing and created the capacity to repay borrowings 6 years earlier than planned (by 2024/25)",17,0.8012039462725322,VIC_Unknown__2023_alignment
"Build strategic partnerships with critical stakeholders, including other councils, peak bodies and industry, that supports Yarra City Council’s advocacy agenda and aligns with endorsed priorities and projects",11,0.8264939980506897,VIC_Unknown__2023_alignment
related impacts Completed ► Climate Resilient Neighbourhood Completed A zero carbon development planning scheme amendment was lodged with the Minister of Planning in July in conjunction with identical amendments from 23 other Victorian councils who have worked together with support from the Council Alliance for Sustainable Built Environment (CASBE) to share costs and to draft consistent proposed planning provisions,17,0.8825986584027609,VIC_Unknown__2023_alignment
"in-person language support at engagement pop-ups throughout the year ► a new online translation tool for Yarra’s top 10 language groups on the Council website ► translated printed material for the top 5 language at in-person events Outcomes: The new program was endorsed in October 2022 and included regular Meet the Mayor sessions, Community Tuesday stakeholder events and Councillor Conversations with Community sessions across the city",4,0.8362324635187786,VIC_Unknown__2023_alignment
Communications campaign Completed The Your Say Yarra subscription campaign continued to develop with an increase in subscribers during the year,17,0.5307298898696899,VIC_Unknown__2023_alignment
► 4 times the new and expanded parks ► We will implement the and the New ► 14% increase to car share parking and open space from the previous year,11,1.0,VIC_Unknown__2023_alignment
"Climate and environment Yarra urgently mitigates climate change while also adapting to its impacts and developing resilience in everything we do The community, business and industry are supported and encouraged to do the same",17,0.9312811493873596,VIC_Unknown__2023_alignment
"A range of treatments were delivered including raised pedestrian crossings on Gipps Street, Langridge Street, Stanton Street and Victoria Street; intersection improvements on Albert Street, Langridge Street, Otter Street and Rae Street; and speed reduction treatments on Drummond Street, George Street and Station Street",11,0.8401430992484092,VIC_Unknown__2023_alignment
We have strengthened our relationships with all levels of government and boosted our reputation as a municipality to invest in,5,0.4744954557418823,VIC_Unknown__2023_alignment
"Under section 68(A) 1 of the Domestic Animals Act 1994, each Council must, in consultation with the Secretary, prepare a domestic animal management plan on 4 December 2021 and at the end of each period of 4 years after that day The Domestic Animal Management Plan forms part of the Annual Report",15,0.904070148865382,VIC_Unknown__2023_alignment
We also developed a draft Financial Sustainability Strategy to guide Council on how to best manage our resources for the long term in the best interests of our community,12,0.9893784007430076,VIC_Unknown__2023_alignment
"A study to measure canopy cover, thermal imaging and green open space will provide us with up-to-date data and measure the progress since it was last done in 2014.A close up photo of a bird eating flowers in a gum tree",15,0.9920473992824554,VIC_Unknown__2023_alignment
"Autumn/winter season was completed The Greening Yarra Program aims to reduce the urban heat island effect through the planting of trees, shrubs and grasses to increase the tree canopy cover to improve liveability, and overall biodiversity values within Yarra",15,0.7723647356033325,VIC_Unknown__2023_alignment
"Lead, promote and facilitate the transition to active transport modes for people living and working in Yarra, as well as people moving through Yarra",11,0.8397859795093536,VIC_Unknown__2023_alignment
"A Management of Private Watercourses and Creeklines project developed a best practice guideline to support the community in undertaking creekline management on private property, which will be available on Council's website The Illawarra Feral Deer Management Program is undertaking a new tender panel for contracted deer controllers",15,0.988130420446396,NSW_Unknown_Urban_2024_alignment
"GOAL 2 | WE HAVE AN INNOVATIVE AND SUSTAINABLE ECONOMY City Centre Management Responsibility Manager Community Culture and Engagement About this Service From Wollongong Station to the foreshore, City Centre Management supports the revitalisation of the City Centre through the coordination and delivery of a range of strategies in collaboration with various stakeholders The service also ensures the smooth operation of the City Centre, particularly Crown Street Mall which is funded by the Special Mall Levy",17,0.8764240145683289,NSW_Unknown_Urban_2024_alignment
"Council is preparing a separate submission to Transport for NSW highlighting the concerns raised by Councillors, community and technical staff regarding the removal of the pedestrian bridge, lack of crossing facilities, and the removal of a roundabout in the latest plan iterations",11,0.85,NSW_Unknown_Urban_2024_alignment
"Annual Progress Update The digitisation of business processes for the outdoor and mobile workforce was completed throughout the year through the implementation of OneCouncil and the mobility project, bringing online approximately 800 additional technology users The Service Desk function has been introduced to depots, with regular tips and tricks released, and the tablet device interface was simplified The audio and video upgrade in the Council Chambers progressed during the year, with outstanding works to be completed during the caretaker period The decades old analogue equipment will be replaced with fit for purpose, contemporary digital audio and video equipment",9,0.9226593315601348,NSW_Unknown_Urban_2024_alignment
"Throughout the year, a range of youth development opportunities were delivered, including Rainbow League, Bellambi Connect, Study Sessions, Budget Bites, Girls Cafe, Dungeons and Dragons, Youth in Fashion, Bundaleer Connect, Teenz Connect, Crafts and Chat, workshops",17,0.8723612626393636,NSW_Unknown_Urban_2024_alignment
Adopted a new Climate Change Mitigation Plan 2023-2030 that will drive the implementation of strategies and projects to reduce greenhouse gas emissions in Wollongong,17,0.9113813440004984,NSW_Unknown_Urban_2024_alignment
"2024 Update Actions Status Comment Partner with the Greater Cities Commission with the development of the Region and Cities Plan During the financial year, Council partnered with the Greater Cities Commission (GCC) on the development of the Region and Illawarra Shoalhaven City Plans",11,0.840219579219818,NSW_Unknown_Urban_2024_alignment
"On-Track Deliver the Safer Cities: Her Way Wollongong Initiative, in partnership with the community Safer Cities: Her Way project was developed through a co-design process The design phase involved site audits, internal stakeholder meetings, development of design plans and scoping practices",17,0.7708780467510223,NSW_Unknown_Urban_2024_alignment
"On-Track During the year, Council was awarded $19.1 million worth of infrastructure grant funding; the largest of these being $9 million towards Stage 1 of the Darkes Road Sporting and Community Hub project and $4 million towards Stage 2 of the North Wollongong Beach Seawall project",9,0.6811343887845676,NSW_Unknown_Urban_2024_alignment
2024 Update Actions Status Comment Inspect all medium and high-risk retail food premises annually Council implemented the food surveillance program and completed all scheduled inspections as part of the Food Regulation Partnership with the NSW Food Authority,2,0.979972189962864,NSW_Unknown_Urban_2024_alignment
647 patrols of primary schools across the local government area were completed to monitor compliance and educate parents and care givers,4,0.9629163046677908,NSW_Unknown_Urban_2024_alignment
"Council was involved in the Deer Faecal pellet count research project, along with Local Land Services, NSW Department of Primary Industries, contractors and volunteers with 100 sites surveyed to assist with measuring the overall distribution and abundance of deer in the Local Government Area",15,0.9805627862612408,NSW_Unknown_Urban_2024_alignment
"A range of interventions were implemented throughout the year to increase perceptions of safety in Wollongong, Port Kembla and Dapto for women, girls and gender diverse people",5,0.99781285572052,NSW_Unknown_Urban_2024_alignment
"Council provides the internal audit function with direct and unrestricted Compliant access to staff, the audit, risk and improvement committee, and the information and resources necessary to undertake internal audit activities (section 216P of the Local Government (General) Regulation 2021)",11,0.73887867051363,NSW_Unknown_Urban_2024_alignment
"Ninety-six percent of the 10-year jobs target has been achieved within the first five years of Council’s Economic Development Strategy 2019-2029 The sectors with the largest job gains were health care and social assistance, construction, public administration and professional services The second Economic Insights Report was released in June, highlighting a range of economic data for the Wollongong Local Government Area (LGA) The monthly Economic Development business newsletter was sent to over 30,000 businesses across the LGA",8,0.913896096944809,NSW_Unknown_Urban_2024_alignment
On-Track GOAL 1 | WE VALUE AND PROTECT OUR ENVIRONMENT Emergency Management Responsibility Manager Infrastructure Strategy and Planning About this Service The service provides support in the planning and preparation for significant emergencies that may impact the safety and security of residents and visitors to the city,11,1.0,NSW_Unknown_Urban_2024_alignment
"Improvements in service delivery have been implemented and include electronic sign in for guests on arrival and the Microsoft teams phone system which allows calls to be answered at any park, providing greater customer service The review and approval of the Domestic Pets/Dogs Policy was completed with dogs/pets continuing to be allowed and remaining very popular at Corrimal Tourist Park",15,0.785163755218188,NSW_Unknown_Urban_2024_alignment
Educational posters containing a QR code were also developed and delivered to businesses selling swimming pool supplies and equipment The posters contained a QR code linked to Council's website where important information regarding swimming pool safety and compliance is available,6,0.907348438680172,NSW_Unknown_Urban_2024_alignment
"people, developed 12 episodes and weekly broadcasting by young Through Our Lens was launched with an exhibition celebrating International Women’s Day The images included young women and gender diverse young people with messages of strength and power",5,0.9960316568613052,NSW_Unknown_Urban_2024_alignment
"2024 Update Actions Status Comment Host six major events reflecting priority sectors and contribute to the acquisition and management of signature events Destination Wollongong supported 19 major events representing our key priority sectors including the World Darts Masters, Yours & Owls Festival, UniSport Australia Indigenous Nationals and the Tri the Gong Triathlon World Cup",17,0.7554044822851818,NSW_Unknown_Urban_2024_alignment
"Sector support was provided including coordination of the Wollongong Youth Network, sector training for youth workers and funding was provided for the Neighbourhood Youth Work Program",17,0.8139746387799581,NSW_Unknown_Urban_2024_alignment
"Furthermore, in December 2023, a Learning Management System (LMS) was implemented with the intention to develop mandatory training and provide access to learning opportunities for all staff via an accessible platform",4,0.9766986966133118,NSW_Unknown_Urban_2024_alignment
"Council staff have implemented a rehoming and adoption service for impounded companion animals and are trialling a foster care network Since the service commenced, 99 animals have been adopted",15,0.8587671766678493,NSW_Unknown_Urban_2024_alignment
"Operational service delivery GOAL 1 | WE VALUE AND PROTECT OUR ENVIRONMENT adjustments such as ""no mow zones"" were established on extreme and catastrophic forecasted fire days near bushfire prone areas",17,0.6684942543506622,NSW_Unknown_Urban_2024_alignment
"Through investment in local infrastructure including Crown Street footpath upgrades from Railway Parade to Gladstone Avenue, and Corrimal Street to Kembla Street, North Cycleway upgrades in Bulli and Woonona, continuing delivery of the Grand Pacific Walk in Clifton, and completion of the Cringila Link Cycleway, these projects have strengthened network connectivity of Council's active transport network",11,0.7979430592060089,NSW_Unknown_Urban_2024_alignment
"Sixty placement opportunities were provided through Council’s Work Experience and VET commenced with Council, including the engagement of a trainee via Elsa Dixon Employment Grant identify opportunities for students with disability to participate",4,0.9631961087385814,NSW_Unknown_Urban_2024_alignment
Community safety and access advice was provided on a range of Council projects The Language Aid Service continued to be delivered The service was expanded to include Vietnamese and Italian language aids,4,0.9226699074109396,NSW_Unknown_Urban_2024_alignment
Food Organics Garden Organics (FOGO) Hero's marketing campaign was developed and launched The FOGO Roadshow was conducted over five weeks across libraries in July and then two weeks in September across shopping centres The Plastic Free July event included Keira High School students doing a cleanup of Puckey's Estate focusing on microplastics and completing drone footage of 'Plastic Free Gong' on the beach spelt out with students themselves,12,0.9628924793004988,NSW_Unknown_Urban_2024_alignment
Deliver civic activities which recognise and celebrate the city’s people Council delivered over 14 civic events throughout the year to recognise and celebrate the city’s people,11,0.8305508173704147,NSW_Unknown_Urban_2024_alignment
Continued enhancements and support have been provided for automated NSW Environment Protection Authority reporting and whole of Council emissions reporting,7,0.6348010039329528,NSW_Unknown_Urban_2024_alignment
Some functions have been moved to Customer Service to allow for quicker resolution; this releases resources in operational teams to focus on delivery,9,0.7586616765856744,NSW_Unknown_Urban_2024_alignment
"A wide range of community engagement initiatives were delivered, sharing information with our community and listening to feedback, thoughts and ideas to inform decisions",17,0.9290574987729392,NSW_Unknown_Urban_2024_alignment
"Clifton Bushcare Bushland restoration Coledale Bushcare Sea cliff restoration Colvin Street Bushland restoration Compton Street Bushland restoration Compton St FiReady Asset Protection Zone maintenance Emperor Court Bushcare Bushland restoration Farmborough Waterfall Bushcare Bushland restoration Figtree Oval Bushcare Riparian restoration Friends of the Botanic Gardens Through active volunteering, the Friends foster community interest in the garden, promote the role of education in the garden, and support the development of the garden by raising funds for specific projects",15,0.9972403049468994,NSW_Unknown_Urban_2024_alignment
"Globe Lane was established as a vibrant Matilda’s Women’s World Cup Soccer Fan Zone and offered projected screenings of Matilda matches, music, and a festive ambience",5,0.7735981007814408,NSW_Unknown_Urban_2024_alignment
"On-Track Tours of access barriers for people who are blind and have low vision were provided by Guide Dogs NSW for Council officers in the Wollongong CBD The tours provided participants with an understanding of common access barriers related to streetscapes and activity centres As a result of the learnings, surface indicators were installed on the lower Crown Street crossing The Quiet Space was delivered at the New Years Eve and Australia Day events",11,0.8239324660301208,NSW_Unknown_Urban_2024_alignment
A full review of bushfire risk within the LGA and Council’s operational plan was completed in September 2023 and no additional APZs were recommended from the review,11,0.5829588899314404,NSW_Unknown_Urban_2024_alignment
"Crown Lands for authority to adopt The draft Plans of Management for Wollongong Foreshore Reserves and Hill 60, Port Kembla were endorsed and referred to DPE",15,0.876089741786321,NSW_Unknown_Urban_2024_alignment
A calendar of events to celebrate International Day of Persons with Disability was developed in partnership with Shellharbour City Council,3,0.4648713767528534,NSW_Unknown_Urban_2024_alignment
A quiet sensory space for young people has been created at Wollongong Youth Centre and accessible programs were provided to increase social connectedness and capacity of young people with disability,17,0.6975589692592621,NSW_Unknown_Urban_2024_alignment
"GOAL 1 | WE VALUE AND PROTECT OUR ENVIRONMENT Regulatory Compliance Responsibility Manager Regulation and Enforcement About this Service This service involves environment and development compliance, animal control and parking in accordance with statutory requirements and Council Policy Providing education programs and information to raise community awareness also forms part of this service",12,0.655323678702116,NSW_Unknown_Urban_2024_alignment
"Over the past two years, six new cycleways were constructed, delivering 3.2km of connections through joint funding by Wollongong City Council and NSW State Government",11,0.8180838345885276,NSW_Unknown_Urban_2024_alignment
A joint flyer was developed to promote the Community Recycling Centre and Community Recycling Stations will be inserted into the July Council rates notice,12,0.7749491310119629,NSW_Unknown_Urban_2024_alignment
"Additional support is provided by the platform Lifeworks App, which is underpinned by Council’s Employee Assistance Service provider, which includes free and confidential counselling services",9,0.7473650391300519,NSW_Unknown_Urban_2024_alignment
"On-Track Complete Social Infrastructure Feasibility Studies at Bong Bong Road, Yallah/Marshall Mount and Figtree Feasibility studies for planned community facilities at Yallah/Marshall Mount Town Centre have been completed",17,0.9104504187901816,NSW_Unknown_Urban_2024_alignment
Council has adopted an internal audit charter that is informed by the Compliant model internal audit charter approved by the Departmental Chief Executive of the Office of Local Government and the internal audit function operates in accordance with the charter (section 216O of the Local Government (General) Regulation 2021),11,0.7740829279422761,NSW_Unknown_Urban_2024_alignment
Council has endorsed the concept design for an all abilities Fifty families have joined the group with more on the waitlist,1,0.7711397695541382,WA_Unknown_Urban_2023_alignment
"To ensure robust risk management at all levels of planning and decision making, risks are assessed at the strategic, corporate, operational and project levels The City’s IPRF is also aligned to legislative requirements for local governments in Western Australia as per the Local Government (Administration) Regulations 1996",11,0.84204949426651,WA_Unknown_Urban_2023_alignment
"Ngala at the Girrawheen Hub The City collaborated with Ngala’s Parenting Connection WA team to lease the main foyer, office and meeting rooms at the Girrawheen Hub This has enabled Ngala to provide a range of services in Girrawheen and surrounding areas, including parenting sessions at the Girrawheen Hub for the local community",17,0.7576135297616323,WA_Unknown_Urban_2023_alignment
"We have adopted a Personal Information Privacy Policy to ensure that all reasonable steps are taken so that the collection, use, disclosure and handling of all personal information by the City aligns with relevant Australian Privacy Principles of the Privacy Act 1988 (Cth)",16,0.8339120799303055,WA_Unknown_Urban_2023_alignment
SPECIAL INTEREST / FOCUS AREAS ∙ Clear direction and decision making ∙ Strong and diverse local economy ∙ Advocate in line with community priorities ∙ Manage natural assets and resources ∙ Facilities and activities for all,17,1.0,WA_Unknown_Urban_2023_alignment
"Through the framework, we provide clear guidelines for the roles of the Council, Council members, the CEO and employees, ensuring that all responsibilities are properly allocated and discharged by those accountable",11,0.4367979780733585,WA_Unknown_Urban_2023_alignment
"Except for cash flow and rate setting information, the financial report has been prepared on the accrual basis and is based on historical costs, modified, where applicable, by the measurement at fair value of selected non-current assets, financial assets and liabilities These amendments have no material impact on the current annual financial report",17,0.5674001077810924,WA_Unknown_Urban_2023_alignment
"OUR VALUES OUR BUSINESS PRINCIPLES The values provide a foundation for the City, distinguish us and guide our actions to deliver results The City has four key principles, identified by key stakeholders through the development of the SCP, that serve as the foundation of our operational delivery",11,0.8193860816955566,WA_Unknown_Urban_2023_alignment
Action owners provides updates on their progress on a six-monthly basis and all progress and requests for closure are reviewed by the internal audit service providers and a report presented to the Audit and Risk Committee,17,0.5387661357720693,WA_Unknown_Urban_2023_alignment
"∙ Audit and Risk Committee ∙ Business and Tourism Advisory Group SPECIAL INTEREST / FOCUS AREAS ∙ Catalina Regional Council ∙ Plan, develop and activate employment locations ∙ Community Safety Working Group ∙ Develop to meet current need and future growth ∙ East Wanneroo Community Reference Group ∙ Clear direction and decision making ∙ Environmental Advisory Group ∙ Manage waste and its impacts ∙ Festival and Cultural Events Committee ∙ Bringing people together",12,0.9402642688155174,WA_Unknown_Urban_2023_alignment
"Provide transparency to our operations, enhance and protect our reputation and raise awareness of our activities Value to the stakeholder Provide content and stories that gauge community trends, including social, environmental and economic data",17,1.0,WA_Unknown_Urban_2023_alignment
Smart Cities Alkimos Central Town Centre The City collaborated with a company that holds substantial expertise in Smart Cities and also works in partnership with Development WA and Lendlease to advance Smart Cities initiatives for Alkimos Central Town Centre and Train Station Precinct The Alkimos Central Smart Cities Project will serve as the model for implementing smart city concepts throughout the City in collaboration with other important stakeholders,11,0.8402890843152999,WA_Unknown_Urban_2023_alignment
"Appointed to Audit & Risk Committee and Revenue Review Committee on 21/02/23 WORKING GROUPS At the first Council meeting after an election, Council members nominate for and are appointed to internal working groups and external committees, working/advisory groups and regional councils The following table lists all working groups, advisory groups and external committees to which Council members are appointed",8,0.4778869792819023,WA_Unknown_Urban_2023_alignment
"CEO Provides overall leadership to the organisation and oversees the strategic planning, policy and program development across all aspects of our operations The CEO is responsible for the system we work within, the support we provide to the elected Council and the implementation of Council decisions The Office of the CEO encompasses corporate governance, legal advice, advocacy and economic development",12,0.6763677732646466,WA_Unknown_Urban_2023_alignment
∙ provide leadership and guidance to the community ∙ facilitate communication between the community and the Council ∙ participate in local government decision,11,0.6249004396796226,WA_Unknown_Urban_2023_alignment
REVENUE REVIEW COMMITTEE The Revenue Review Committee provides advice and makes recommendations to the Council on sources of revenue and related policy,12,0.5133897280693054,WA_Unknown_Urban_2023_alignment
"Provide for local economic growth and opportunities for the community and wider population Value to the stakeholder Support for business investment, development and growth How we engage Economic development team, digital and social media, meetings (formal, briefings, networking), correspondence/advice, events, workshops, biennial business survey, and the Your Say page of the City’s website",17,1.0,WA_Unknown_Urban_2023_alignment
"How we engage Meetings (formal, briefings, networking), correspondence, legislative reporting, events, public relations, advocacy and lobbying, negotiations, projects and joint ventures",16,0.9221056842803954,WA_Unknown_Urban_2023_alignment
ECONOMIC UNCERTAINTY Cost of living pressures and continued interest rate rises have created economic uncertainty and the fear of a recession,17,0.7171805699666342,WA_Unknown_Urban_2023_alignment
"By empowering leadership at all levels, we enable a high-performing, innovative and future-focused organisation, capable of making a positive difference to all stakeholders The City’s workforce capability requirements are diverse and varied, with roles that span entry level administration and customer service through to professional roles",17,0.8946082989374797,WA_Unknown_Urban_2023_alignment
"We initially supported the playgroup to access a community centre, apply for funding, recruit new members and engage with professionals to provide direct support to the group",17,0.7130776345729828,WA_Unknown_Urban_2023_alignment
"We regularly engage with the community and other stakeholders and encourage participation by people who live in, work in, visit, or support the City The City has a community engagement framework that is based on an international best practice model and ensures that our community’s feedback and concerns are acknowledged, considered and available for decision making",11,0.8425706606507302,WA_Unknown_Urban_2023_alignment
"supports the Asset Management Strategy This document details the planned actions to improve practices in line with the objectives and intent of the strategy, including timeframes for achieving them",17,0.7312645514806112,WA_Unknown_Urban_2023_alignment
"TRAINING AND PROFESSIONAL DEVELOPMENT To enable Council members to develop and maintain skills and knowledge relevant to their roles as representatives of the City, Council members are encouraged to attend conferences, workshops, forums and training events",11,0.8432367460727691,WA_Unknown_Urban_2023_alignment
ALL ABILITIES PLAYGROUND Council has endorsed the concept design for an all-abilities playground planned for Riverlinks Park in Clarkson The City received a state government grant of $2.6 million to develop a playground that focuses on disability access,11,0.7474280114769936,WA_Unknown_Urban_2023_alignment
Middle lower: Cockman House was built by the first permanent European settlers in what is now the City of Wanneroo,17,0.4323631525039673,WA_Unknown_Urban_2023_alignment
"Emergency Services Levy ∙ Update of the Internal Audit Log The audit reviewed and assessed the internal controls in place relating specifically to the Emergency Services Levy, focusing on the design and operational effectiveness The audit also considered whether processes are consistent with relevant policies, legislation and better practice",3,0.6477304548025131,WA_Unknown_Urban_2023_alignment
Ink in the Lines The exhibition provided a unique platform for the Australian public to engage with the stories behind the tattoos of modern veterans and their families,16,0.7628701670964559,WA_Unknown_Urban_2023_alignment
"In this section we look at: OUR HERITAGE SPACES SUPPORT NEURODIVERSE AUDIENCES ∙ our major achievements and challenges for this year Wanneroo Regional Museum now has sensory backpacks available for public use The sensory backpacks, which are also available at Cockman House and Buckingham House, were developed with the support of the City of Wanneroo’s Disability, Access and Inclusion Reference Group and advice from the Spectrum Space Women’s Council",5,0.8415888112187386,WA_Unknown_Urban_2023_alignment
"GOAL 3: A vibrant, innovative City with local opportunities for work, business and investment The City’s organisational purpose articulates why we do what we do, why we exist and what our cause is This purpose statement provides a clear message about the expectations the City has in working towards achieving the vision for the future",17,0.9249991178512572,WA_Unknown_Urban_2023_alignment
SPECIAL INTEREST / FOCUS AREAS ∙ Valued public places and spaces ∙ Manage natural assets and resources ∙ Prepared and resilient ∙ Advocate in line with community priorities ∙ Understand our stakeholders and their needs SPECIAL INTEREST / FOCUS AREAS COUNCIL-APPOINTED MEMBERSHIP OF COMMITTEES / WORKING GROUPS / EXTERNAL ∙ Value the contribution of all people ∙ Facilities and activities for all ∙ Strong and diverse local economy ∙ Develop local jobs and skills ∙ Manage and protect local biodiversity,15,0.9405657351016998,WA_Unknown_Urban_2023_alignment
WASTE MANAGEMENT ADVISORY COMMITTEE The Terms of Reference for the Committee were reviewed and endorsed by the Council in March 2022 The Waste Management Advisory Committee provides advice to the Council and to the City’s representatives on the Mindarie Regional Council on matters relating to waste management in the City,12,0.9889983838796615,WA_Unknown_Urban_2023_alignment
"FRAGOLA PARK, LANDSDALE To make sure the main soccer field was up to professional match standards, the City improved the floodlighting by installing 500-lux lights This project cost $2.7 million and was funded by the State Government’s WA Recovery Plan, along with a $126,000 contribution from the City",11,0.7725166216492653,WA_Unknown_Urban_2023_alignment
"∙ Hainsworth Youth Centre ∙ Wanneroo Youth Centre ∙ Clarkson Youth Hub and Butler Community Centre ∙ Yanchep Youth Centre During this financial year the Clarkson Youth Hub has undergone refurbishment The upgrades were jointly funded by the Australian Government’s Local Roads and Community Infrastructure Program, Lotterywest and the City While the refurbishment has been underway, the Clarkson youth program was delivered at Butler Community Centre, along with outreach activities at the Clarkson Skate Park",17,0.7642605404059093,WA_Unknown_Urban_2023_alignment
"MONTH LESSEE LOCATION Wanneroo Amateur Boxing Club inc. Portion Lot 502 (349K) Scenic Drive, Wanneroo Scouts Association of Australia, Western Australia Branch (Inc) (Scouts WA) Portion Lot 502 (349K) Scenic Drive, Wanneroo Scouts Association of Australia, Western Australia Branch (Inc) (Scouts WA) Lot 1 (76) Ashley Road, Tapping (Agreement for Lease) Avivo Live Life (inc.) Portion Lot 156 (23) Civic Drive, Wanneroo (Extension of Lease) MONTH LESSEE LOCATION Minister for Education Portion Lot 11169 (8) Aylesford Drive, Marangaroo (Licence) Optus Mobile Pty Ltd & Australian Tower Network Pty Ltd Portion Lot 12302 (1204) Wanneroo Road, Ashby Girrawheen Community Garden (inc.) Portion Lot 6 (11) Patrick Court, Girrawheen Olympic Kingsway Sports Club Portion Lot 555 (100) Kingsway, Madeley (CS04-11/21) Department of Communities Portion Lot 800 (46) Highclere Boulevard, Marangaroo Ocean Springs Pty Ltd as bare trustee for the Butler Joint Venture Storage Area, 100 Aurora Esplanade, Jindalee Yanchep Surf Life Saving Club (Inc) Portion Lot 520 (5) Brazier Road, Yanchep Wildflower Society of Western Australia inc. Portion Lot 555 (100) Kingsway, Madeley (Agreement for Lease) LAND TRANSACTIONS (APPROVED) The following land transactions in 2022/23 (leases, unless otherwise indicated) were approved by Council",11,0.7682527890205384,WA_Unknown_Urban_2023_alignment
"Delayed (ongoing) Public Records Office Victoria (PROV): Fair access policy A History of Serviceton (recording) In February 2024, Council approved the Sport and Recreation Fair Access Policy The Fair Access Policy seeks to address known barriers experienced by women and girls in accessing and using community sports infrastructure The policy aims to progressively build capacity and capabilities of West Wimmera Shire Council in the identification, and elimination of systemic causes of gender inequality in policy, programs, communications, and delivery of services in relation to community sports infrastructure The policy will be used for all future active recreation and sporting infrastructure projects, including major and community grant applications",5,0.9867289030551912,VIC_Unknown__2024_alignment
A wide range of community groups also provide social and recreational opportunities for residents and help increase the strong sense of community,11,0.7299067426919938,VIC_Unknown__2024_alignment
4.2.3 Regularly provide information to the community via the website and other channels to ensure Council’s program and activities enjoy a high level of awareness,11,0.7928322536349297,VIC_Unknown__2024_alignment
"Government Visitors Throughout 2023/24, West Wimmera Shire Council provided communications and engagement support for many projects across all areas of the Council",11,0.6456206420660019,VIC_Unknown__2024_alignment
Council’s current assets of $8.821 million provide a fair capacity to meet our current liabilities of $6.450 million and demonstrate a balanced current ration of 1.4X,11,0.3960657790601253,VIC_Unknown__2024_alignment
2.4.4 Review Local Law to assist business opportunities in the shire and ensure the safety and amenities of our towns are preserved,11,0.6329980933666229,VIC_Unknown__2024_alignment
"Wimmera Community Profile The data set has previously been provided by Wimmera Primary Care Partnership, who have now joined the Grampians Region Public Health Unit within Grampians Health",3,1.0,VIC_Unknown__2024_alignment
"Delivered meals (Meals on Wheels) All service contracts entered into or purchases over $150,000 in the 2023/24 financial year went through the competitive process in accordance with section and the West Wimmera Shire Council Procurement Policy.",2,0.8860473683476449,VIC_Unknown__2024_alignment
BUSINESS GRANTS The Business Assistance and Business Streetscape grants continue to deliver on Council’s commitment to support local businesses with five successful streetscape grant applications during 2023/24,11,0.8297825454473495,VIC_Unknown__2024_alignment
"1.7.5 Partner with Wimmera Development Association (WDA) to implement a livability framework to connect our community and to help develop a region that thrives in social, economic, and environmental aspects",17,1.0,VIC_Unknown__2024_alignment
"Over the past 12 months, Council has built a framework around community grants using data collected from the independent review into our grants process along with the recommendations from the VAGO performance audit that ensures all grants are received and assessed in line with good governance against conflicts of interest This framework utilises the software program SmartyGrants, which is a program used by many councils in Victoria to manage their grant program",9,0.667997366408507,VIC_Unknown__2024_alignment
"Five goals have been identified as the focus for Council and community activity to achieve the vision: The Council Plan has been developed in accordance with relevant legislation and reflects the outcomes of consultation with the local community and other key stakeholders over the past year The plan is a roadmap for West Wimmera Shire Council, outlining where we are heading and what we all need to do to get there The Council Plan:",11,0.7715561233758925,VIC_Unknown__2024_alignment
"Road Management Act Ministerial Direction In accordance with section 22 of the Road Management Act 2004, a council must publish a copy or summary of any ministerial direction in its Annual Report",11,0.7725683692097663,VIC_Unknown__2024_alignment
"Council volunteers are involved in delivering Meals on Wheels in Edenhope, Apsley and Kaniva This is a vital service our volunteers provide to the community",12,0.5656213518977166,VIC_Unknown__2024_alignment
"Through diverse and localised management ar­ rangements, we empower local communities to take ownership of their recreational spaces.” Department of Premier and Cabinet (DPC): Serviceton Silo Art",17,0.7245949904123943,VIC_Unknown__2024_alignment
"West Wimmera Shire Council policies are reviewed regularly in accordance with a rolling review schedule The review includes compliance with relevant legislation, removal of any procedural items and tailoring of policies to current activities and reformatting to current template styles As policies are reviewed and endorsed by Council, they are uploaded onto Council’s website where public access is available",11,0.5577171296477318,VIC_Unknown__2024_alignment
"Photo: Dergholm Pub before and after 2023/24 all completed projects insights Photo: Harrow’s Johnny Mullagh Caravan Park Cabin REGIONAL CABINS PROJECT KANIVA OFFICE UPGRADE The Regional Cabins Project involves caravan parks across West Wimmera Shire Council receiving new cabins, in a bid to boost accommodation offerings for tourists across the region This project is progressing well, with Kaniva Poolside Caravan Park’s two cabins now open to the public",17,0.6986613571643829,VIC_Unknown__2024_alignment
"We have improved accessibility and legibility in promotional assets, materials, and signage by incorporating QR codes, considering font size, and using high-contrast text and colouring The Social and Health Impact Assessment Working Group reviewed and provided feedback on 18 development assessment applications, 8 scoping proposals, 2 planning environmental impact statement, and 1 set of flood controls to ensure the integration of accessibility considerations into plans The Learning and Development team provide internal and external facilitators with the necessary information to make reasonable adjustments for staff living with disability",11,1.0,NSW_Unknown_Urban_2023_alignment
A dedicated Grants Officer was appointed to improve efficiency and effectiveness in obtaining and administering grants that align with our strategic priorities.,17,0.6549212833245596,NSW_Unknown_Urban_2023_alignment
"A dedicated Business Improvement Officer was appointed as an important first step in establishing our approach to, and roll-out of, formal service reviews.",12,0.7420901310443878,NSW_Unknown_Urban_2023_alignment
"Staff awareness and training Staff training Yet to be developed Staff training to be programmed Awareness of Council’s policy and expectations Yet to be actioned Code of conduct extended to volunteers, contractors/suppliers and members of advisory committees",8,0.6879585159632067,NSW_Unknown_Urban_2023_alignment
"In celebration of International Men’s Day, Wollondilly Community Men’s Sheds (WOLCOMS) officially launched and screened a short film: BLOKES The film showcased the diversity and inclusion of the local Men’s Sheds of Wollondilly where blokes come together, share information and have a chat.",5,0.878633871436119,NSW_Unknown_Urban_2023_alignment
We have delivered a significant reform to our rating system that makes it fairer for all our residents and sets us up for the growth ahead.,17,0.7179620365301769,NSW_Unknown_Urban_2023_alignment
"Council reviews the value of these assets against quoted prices for the gross replacement cost of similar assets and by taking account of the pattern of consumption, the remaining useful life and residual value are able to be estimated",12,0.8486512696743012,NSW_Unknown_Urban_2023_alignment
Yet to be actioned Renewable energy (solar panels) Supplier Code of Conduct Current code of conduct fit for purpose Self-assessment questionnaire and risk assessment of suppliers to be developed where not using LGP contracts Contract KPIs in relation to modern slavery in place KPI measurement Too early to measure,7,0.9937518280744552,NSW_Unknown_Urban_2023_alignment
"Council engages two (2) dedicated Animal Control Officers who are primarily responsible for managing straying animals, fielding complaints regarding dog attacks, nuisance dog behaviours and management of feral cats These officers also are responsible for the maintenance of the dedicated Animals Shelter and the care and control of the Companion Animals impounded",15,0.9145552217960358,NSW_Unknown_Urban_2023_alignment
"A series of free school holiday programs were delivered with specialist support services at each activity to provide information, referrals and resources to our young people.",4,0.9127274254957836,NSW_Unknown_Urban_2023_alignment
"We completed the construction of Koala Crossing in Barwell Avenue, Kurrulta Park, upgraded the road humps in Holland Street, Thebarton and began the installation of speed humps in Elizabeth Street, Torrensville",11,0.6351757959723473,SA_Unknown__2023_alignment
"Significant accounting policies (continued) At the end of each annual reporting period, the depreciation method, useful life and residual value of each asset is reviewed by the Project Director in consultation with the Board's Asset Consultant",17,0.5943011740843456,SA_Unknown__2023_alignment
Upgrade of the Daly Street Bridge was completed in September 2021 After OperaƟon of the wetland Normal rain events These higher ﬂows will travel along the vegetated high ﬂow bypass channel to the outlet culvert,17,0.6535523136456808,SA_Unknown__2023_alignment
"Recognising the need for flexibility and to help manage the cost of living, Council will also implement a direct debit solution for ratepayers allowing payments can be tailored to individual circumstances This offers personal flexibility with the ability for ratepayers to self-manage payments based on individual circumstances",1,0.6241237115859986,SA_Unknown__2023_alignment
"to support positive health and wellbeing of our community by facilitating opportunities that build climate change resilience, particularly for our vulnerable community.",13,0.99099894374609,SA_Unknown__2023_alignment
"Public Interest Disclosure The Public Interest Disclosure Act 2018 protects people who disclose information about serious wrong doing within the South Australian public sector, including local government The City of West Torrens does not tolerate improper conduct by its employees, officers or Elected Members, or the use of reprisals against those who disclose such conduct",16,0.8942548123002052,SA_Unknown__2023_alignment
"In addition, the Board's Asset Capitalisation Policy is reviewed every 2 years, with the last review undertaken in June 2023",17,0.5525866150856018,SA_Unknown__2023_alignment
"Community planting events We introduced 2 new rebates to enhance the greening and cooling of West Torrens The Tree Incentive Rebates provided financial assistance for people to plant a shady tree to help cool their property while also improving local amenity and habitat for wildlife The Significant and Regulated Tree Rebate program provided financial assistance to maintain and protect these trees, which play an important role in our community and often have cultural and historical value",15,0.9422524273395538,SA_Unknown__2023_alignment
"1 July 30 June 100% The Dog and Cat Management Plan was endorsed by Council on 21 February 2023 The plan was subsequently submitted to the Dog and Cat Management Board for approval, which was received on 7 March 2023 The Board advised that the plan had been approved for 5 years and could come into effect immediately",15,0.8847429404656093,SA_Unknown__2023_alignment
"More generally, he has overseen significant capital works programs that have given light to the Thebarton Community Centre, the Camden Oval precinct upgrade, the Lockleys Oval upgrade and the Weigall Oval Reserve upgrade",17,0.8329427242279053,SA_Unknown__2023_alignment
1 July 30 March 100% The final Waste Management Strategy and report was endorsed by Council on 21 February 2023,12,0.994528931081295,SA_Unknown__2023_alignment
"We also completed the LATM study for the Kurralta Park/Marleston precinct area The framework will inform our overarching Strategic Asset Management Plan, which considers all asset classes and determines priorities The coming year We will be undertaking a range of road reconstructions, investing more funding for the upgrading of street lights to LED and further work on stormwater management",17,0.8864938219388326,SA_Unknown__2023_alignment
"We support jobs, businesses and industries to generate local economic growth and activity Percentage complete as Key projects Start date End date Comments Strategic objective",17,1.0,SA_Unknown__2023_alignment
"our city West Torrens is an appealing metropolitan location as it is close to the Adelaide Central Business District (CBD) and the city’s coastline It provides retail, industrial and service opportunities that contribute to a vibrant employment sector",11,0.9552661706209185,SA_Unknown__2023_alignment
"Works recently completed, or currently underway, involve the removal of weeds and exotic trees from the channel and its revegetation with local and native species that improve canopy cover, habitat values and biodiversity",15,0.9896691739559174,SA_Unknown__2023_alignment
"Following the November 2022 Local Government elections, Council established 4 Standing Committees (being committees comprising all Elected Members and known as ‘committees to the conclusion of the November 2026 Local Government periodic elections",11,0.7802260476946831,SA_Unknown__2023_alignment
Establish a Youth Advisory Committee to focus on how we can help youth in West Torrens and what they see as the role of Council.,8,0.5156133155028026,SA_Unknown__2023_alignment
"Regular Auslan story times for children and a monthly ‘Sign Squad’ group for young people to learn Auslan were also established at the Hamra Centre Library As a favoured sporting hub, the Lockleys Oval Sporting Facility saw a 71% increase in hours used, with 31 community groups utilising its 2 meeting rooms for 292 hours",4,0.8961369097232819,SA_Unknown__2023_alignment
1 July December 100% The Transport Strategy was adopted by Council on 16 August 2022 and is available on Council's website,11,0.8353653701543807,SA_Unknown__2023_alignment
"Stage one of the upgrade and improvement to open space areas at Richmond Oval were completed this year, with the addition of a play space, recreation space and public facilities",11,0.6735862645804882,SA_Unknown__2023_alignment
Procurement will also be releasing a RFQ for the Professional Services and Consultancy Panel as the current panel arrangement is due to expire in December 2023,17,0.7569786409536998,SA_Unknown__2023_alignment
Supporting our community-facing workforce Our team developed and/or supported the take-up of initiatives for our workforce and our community including:,17,0.9402092297871908,SA_Unknown__2023_alignment
1 July 30 June 100% Business intelligence information architecture based on business requirements for asset management was constructed to provide business intelligence on community assets,9,0.6405447110732396,SA_Unknown__2023_alignment
Terry Buss Chief ExecuƟve City of West Torrens The Board appoints a Project Director who is responsible for implemenƟng the decisions of the Board and managing the operaƟonal requirements of the project,17,0.7257091999053955,SA_Unknown__2023_alignment
Environmental Sustainability Climate Mitigation and Adaptation Strategy This year we prepared our first Climate Mitigation and Adaptation Strategy (2023-2027) which aims to build resilience to a changing climate The Strategy focuses on Council’s role in climate mitigation and adaptation and has 6 key objectives:,13,0.9955055547952651,SA_Unknown__2023_alignment
Participants were granted a long-term loan of a Microsoft Surface laptop and monthly mobile data plan until November of 2023,9,0.9061650842229524,SA_Unknown__2023_alignment
"Invest in Palmerston City of Palmerston launched the Invest in Palmerston webpage in May 2024 The economic development website provides an initial space for us to share important information on the Local economic plan and the progress, as well as any opportunities for In Palmerston we celebrate our cultures in a way that values our diversity",17,0.8159098029136658,NT_Unknown_Urban_2024_alignment
Every year our Community Satisfaction Survey is supported through our channels including the website and social media The survey went live on 4 August 2023 and received 35 online responses (in addition to phone calls made to residents directly by the external provider),17,0.7341524958610535,NT_Unknown_Urban_2024_alignment
"Whilst offering the laundry and shower services, the program enables Orange Sky to engage with people experiencing homelessness and connect them with other services to support their wellbeing",1,0.7831075954437257,NT_Unknown_Urban_2024_alignment
"y 264 cases of abandoned vehicles y 849 cases regarding public places y 216 cases of parking compliance y 171 overgrown vacant lot compliance actions y 1162 cases of other unrelated regulatory matters Community development and programs Palmerston Youth Festival To help support the community, City of Palmerston develops strong relationships with organisations that provide social services to help deliver effective development and health and wellbeing opportunities for the whole community This is delivered through various free programs, workshops, activations and facilities",17,0.8734882871309917,NT_Unknown_Urban_2024_alignment
Irrigation There were several irrigation upgrades throughout the municipality including significant works in the following spaces; y Maurice Dog Park irrigation upgrade Palmerston Lakes y Pretty Park irrigation upgrade y Roberts Park (Gray),6,0.9472246165275572,NT_Unknown_Urban_2024_alignment
"Halloween City of Palmerston collaborated with Event Cinema and Gateway Shopping Centre to organise a free, family-friendly Halloween event over two days which included activities such as movie screenings, trick or treat, haunted house, reptiles, a 360 photo booth plus a best dressed competition The event attracted over 4,500 attendees, an increase of 1,000 from the previous year",17,0.5050723751386007,NT_Unknown_Urban_2024_alignment
"In addition to traditional media, we also engaged two local media influencers to promote content which saw their videos collectively watched more than 40,000 times",17,0.5083903670310974,NT_Unknown_Urban_2024_alignment
"Dedicated volunteers regularly monitor and clear these bins The materials collected are then recycled into new products, diverting waste from landfill and reducing litter in our waterways",12,0.9868985536694528,NT_Unknown_Urban_2024_alignment
"Hooked on Palmerston Christmas Wonderland Palmerston’s own Catch and Release Fishing Competition, Hooked on Palmerston, launched again in June 2023, with registrations open the month prior",14,0.9373627488017082,NT_Unknown_Urban_2024_alignment
An audit of potholes was completed first resulting in 206 being identified to fixed As at 30 June 2024 130 of those were filled with work continuing in to the new financial year,17,0.6598934034506481,NT_Unknown_Urban_2024_alignment
"F45, Zumba, and Get Wet The program was supported by increased exposure in marketing and promotion and has helped local providers become established in Palmerston, while community members could participate in active and wellbeing activities without financial burden",17,0.7911443710327148,NT_Unknown_Urban_2024_alignment
"Development and planning proposals City of Palmerston are a referral authority for development proposals that occur within its municipal boundaries, including proposals to rezone and subdivide land As such, we provide important advice, feedback and information on developments occurring in Palmerston This year we have received and commented on 46 development proposals, which were supported by representations made by officers at Development Consent Authority meetings As a guiding authority, we also provided input into important Northern Territory Government (NTG) strategic projects such as updates to the NTG Subdivision Development Guidelines, changes to the Telecommunication facility provisions in NT Planning Scheme 2020 as well as input towards the Greater Holtze Area Plan",11,0.85,NT_Unknown_Urban_2024_alignment
City of Palmerston has established a partnership with Orange Sky for the delivery of a free mobile laundry and shower service outside the Palmerston Recreation Centre,11,0.7032803804576397,NT_Unknown_Urban_2024_alignment
"cost of $4m and supported with funding through the State Government’s Community Infrastructure Grants Program, provides increased, connected and accessible recreational opportunities throughout West Torrens",17,0.6784914433956146,SA_Unknown_Urban_2025_alignment
we will introduce compulsory awareness training for all staff and have an independent cyber security organisation conduct security assessments on Software as a Service (SaaS) providers that we use,9,0.8389112765192985,SA_Unknown_Urban_2025_alignment
"Council has adopted the date of receipt of the Auditors' Report as the appropriate ""authorised for issue"" date relating to these General Purpose Financial Statements",12,0.3866318809986115,SA_Unknown_Urban_2025_alignment
"Concrete swale and fencing 2024/25 Annual Report Pakapakanthi Wetland in Victoria Park (Park 16) This project involved construction of a wetland at the southern end of Victoria Park/Pakapakanthi (Park 16), adjacent Park Lands Creek",15,0.9822261234124502,SA_Unknown_Urban_2025_alignment
"Almost $31m of capital works have been completed in the past 2 years, largely due to the signiﬁcant funding contribution of the Commonwealth Government’s Preparing Australian Communities Program, matched by continued support from the State Government’s Stormwater Management Authority and the Cities of Adelaide, Burnside, Mitcham, Unley and West Torrens",17,0.871340831120809,SA_Unknown_Urban_2025_alignment
Funding provided via the Stormwater Management Authority and under various Commonwealth grant programs has facilitated accelerated delivery of important ﬂood mitigation works along Brown Hill Creek,6,0.9489472890496252,SA_Unknown_Urban_2025_alignment
We will manage requests for illegally dumped rubbish and ensure that residential requests for assistance are responded to in a timely manner.,11,0.7023447489142418,SA_Unknown_Urban_2025_alignment
"2023/24 Annual Report Ridge Park Flood Control Dam A ﬂood control dam was constructed on Glen Osmond Creek in Ridge Park Reserve, Myrtle Bank to reduce peak stormwater ﬂow in Glen Osmond Creek and reduce the risk of ﬂooding in downstream areas along Glen Osmond and Keswick Creeks",6,0.9403465664982796,SA_Unknown_Urban_2025_alignment
31 December 95% A draft Strategic and Corporate Planning Framework was developed and is being trialled across the organisation as plans come up for review,17,0.936975379784902,SA_Unknown_Urban_2025_alignment
Coxon Mayor Angelo Catinari Chief Executive Officer The final stage of the upgrade to Breakout Creek/Purruna Pari has been completed,6,0.8161968514323235,SA_Unknown_Urban_2025_alignment
A to Z State of Play’ were developed to provide additional strategic perspectives to our work and to identify alignment of technology investments with business goals.,9,0.9779124174118042,SA_Unknown_Urban_2025_alignment
"We established a bicycle and pedestrian actuated crossing on South Road at Mile End; South Road being one of the major arterial roads in West Torrens This was undertaken in partnership with the Department for Infrastructure and Transport (DIT), which owns and manages this road.",11,0.8165533482432367,SA_Unknown_Urban_2025_alignment
"Highlights of the past year Our Governance officers provide specialist advice, support and frameworks for staff and elected members to undertake their duties",17,0.7655932505925497,SA_Unknown_Urban_2025_alignment
"Provides protection to Adelaide Airport, which is currently at risk with a signiﬁcant ﬂood event likely to have major short term impacts on aviation operations for both domestic and international traﬃc.",17,0.6279216706752777,SA_Unknown_Urban_2025_alignment
"n a g s i t n h a g r O Service Plan reporting The following information provides a progress report, as at 30 June 2025, of actions adopted under our Community Plan 2034",17,0.93899538119634,SA_Unknown_Urban_2025_alignment
Infrastructure and asset management plans Public Health Plan Community land management plans Economic Development Plan Tree Strategy Strategic WHS and IM Improvement Plan Open Space Plan Dog and Cat Management Plan Western Region Tourism Destination Plan Climate Mitigation and Adaptation Strategy Transport and Movement Strategy Disability Access and Inclusion Plan Plans Annual Plans Corporate Plans Brown Hill Keswick Creek Stormwater Management Plan Waste and Resource Recovery Strategy Public Art Framework AdaptWest Climate Change Adaptation Plan Action Plans Technical and Master Plans Budget and Annual Business Plan Annual Service Plans Annual Capital Works Program Annual Asset Maintenance Plans & S t n u Climate Impact Statement e s t m a i n n o a r b i v i l n i How we are tackling climate change t E y Climate change is one of the most important issues for all of us,17,1.0,SA_Unknown_Urban_2025_alignment
"All members of Executive were provided with vehicles for work and personal use, which were included as part of their remuneration package",17,0.5125834047794342,SA_Unknown_Urban_2025_alignment
"Through their coordinated efforts, the department supports a liveable, vibrant, and sustainable urban environment which enhances the quality of life for residents and enhanced experiences for businesses and visitors alike",11,1.0,SA_Unknown_Urban_2025_alignment
"In collaboration with Be Well Co and Small and Family Business SA, the team facilitated a workshop focussing on psychosocial hazards in the workplace and how businesses can support the mental health and wellbeing of their staff",3,1.0,SA_Unknown_Urban_2025_alignment
"Strategy and Sustainability Waste management services Following an organisational restructure, our newly formed July 2024 The new department was created by merging the Strategic Planning and Sustainability teams with the Waste and Resource Recovery team, with this team being renamed to Waste and Circular Economy, signalling our stronger focus on circular economy efforts The new department provides strategic planning, sustainability, and waste management contract administration and education services",12,0.9948009780049324,SA_Unknown_Urban_2025_alignment
" Evaluate the overall presentation, structure and content of the financial report, including the disclosures, and whether the financial report represents the underlying transactions and events in a manner that achieves fair presentation",17,0.5048111081123352,SA_Unknown_Urban_2025_alignment
"Infrastructure, property, plant and equipment (continued) Cost approach for projects completed post asset valuations     $ $ Capital works-in-progress                                                Note 14",9,0.906584998846054,SA_Unknown_Urban_2025_alignment
"We launched a new City of West Torrens Employee Support Officer program in late 2024, appointing 6 staff to help colleagues across the organisation with day-to-day issues",17,0.7986635963122051,SA_Unknown_Urban_2025_alignment
"In the coming year, Governance and Risk will implement projects and programs to help achieve the objectives of the department and our organisation",17,0.927266279856364,SA_Unknown_Urban_2025_alignment
Current Board Members Judith Choate Chairperson Appointed Geoﬀ Vogt Deputy Chairperson Appointed Rachel Barratt Appointed Rob Gregory Appointed Howard Lacy Appointed Independent Member of Audit and Risk Committee Project Director Peta Mantzarapis David Linder-Patton 2024/25 Annual Report Owners Executive Committee The Owners Executive Committee is comprised of a representative from each of the Constituent Councils,12,0.7772152152657509,SA_Unknown_Urban_2025_alignment
"3.1.2 Partner with the Australian Electoral Commission to educate communities on TSRA Board nominations, election processes and outcomes Polling booths were delivered in remote communities weeks prior to the election date",17,0.6021712223688762,QLD_Unknown_Rural_2025_alignment
"We have also supported a region-wide, culturally appropriate selection process for Traditional Inhabitants to actively participate in Protected Zone Joint Authority advisory committees, ensuring that local voices are heard and influential in Torres Strait fisheries management",14,0.9946073756814005,QLD_Unknown_Rural_2025_alignment
"count of workshops, activities and events delivered Source: Culture, Art and Heritage Program data; TSRA travel and accommodation data 2.1.3 Torres Strait Islander and Aboriginal artists are showcased nationally and internationally Maintain/increase the number of artists, arts centres and arts cooperatives supported to exhibit at regional, national and international events Achieved Methodology: Quantitative analysis of Artist Register and other support activities Qualitative analysis of SmartyGrants data and in‑kind support provided Source: Culture, Art and Heritage Program and travel data; working agreement between Gab Titui and NorthSite; Gab Titui daily visitor data TSRA support provided to local art centres Achieved Continued over the page Part 2: Annual performance statements Performance measure Target Result rating Methodology and data source 2.1.4 Torres Strait Islander and Aboriginal peoples’ traditional languages are spoken and protected Support for the Torres Strait Traditional Languages Centre is maintained Achieved Methodology: Qualitative analysis of SmartyGrants data, secretariat support and other activities Qualitative review of SmartyGrants reporting on broadcasts in traditional language TSIMA grant supports local media production (radio programs) broadcasting in Torres Strait Islander and Aboriginal languages Achieved Source: Culture, Art and Heritage Program languages program data; TSRA external language funding from the Australian Government Department of Infrastructure, Transport, Regional Development, Communications, Sport and the Arts 2.1.5 TSRA Team maintains support for Indigenous Protected Areas (IPAs), and works with community and government to expand areas, where appropriate 3 sites remain IPAs Achieved Methodology: Quantitative measuring of IPA areas and total area protected Where community support strong, and grant funding obtained from government sponsors, look to expand IPAs Achieved Qualitative analysis of expansion activities (e.g",17,0.8949676156044006,QLD_Unknown_Rural_2025_alignment
"role in the broader region, and working productively with the First Nations Ambassador, participating in bilateral meetings on the Torres Strait Treaty The TSRA successfully supported the coordination and delivery of the election in partnership with the Australian Electoral Commission (AEC)",17,0.6720487276713054,QLD_Unknown_Rural_2025_alignment
1.2.8 TSRA maximises opportunities for Indigenous businesses to maintain TSRA-owned facilities The TSRA engaged 13 Indigenous businesses local to the Torres Strait to maintain TSRA,17,0.7611975570519766,QLD_Unknown_Rural_2025_alignment
"2.2.5 Establishment of the Torres Strait and Northern Peninsula Area Climate Resilience Centre to enable a coordinated regional response to better prepare for the impact of climate change across the region 2.2.4 TSRA-led submissions, advice and representations to government (any level) on opportunities and funding for climate change adaption and renewable energy infrastructure The TSRA actively participated in stakeholder engagements led by DCCEEW throughout 2024–25, taking part in steering committees and officer‑level working groups The TSRA met with Ergon Energy twice during 2024 to discuss the company’s commitment to renewables in the Torres Strait",7,0.9199120014905928,QLD_Unknown_Rural_2025_alignment
"1.1.2 Provide holistic business/tourism/ marketing support to develop identified creative arts and tourism opportunities Over 30 artistic and cultural events were supported; 120 artists and cultural practitioners displayed their work at events and exhibitions, including the Gab Titui Indigenous Art Awards, artists sold work through Gab Titui Cultural Centre; one regional creative arts industry strategy was developed; and one regional creative artists survey was completed",17,0.6534625093142192,QLD_Unknown_Rural_2025_alignment
"3.1.8 The Fisheries Advisory Committee (FAC) provides effective advice to the TSRA Board on fisheries matters The FAC ceased its 3-year term upon the expiration of the outgoing TSRA Board in November 2024 The TSRA prepared an assessment of the constitution and functionality of the FAC in May 2025 to inform discussions with the TSRA CEO, the TSRA Chairperson and the Fisheries Portfolio Member of the TSRA Board The selection process for members was undertaken through an open, fair and transparent process facilitated by TSRA Board members",14,0.9976488064527512,QLD_Unknown_Rural_2025_alignment
"matters relating to Torres Strait Islander and Aboriginal affairs in the Torres Strait region Investments in the community-controlled sector have expanded Indigenous-run services to improve health, education, and economic outcomes These reforms guide our progress towards equity and self-determination, reinforcing the TSRA’s commitment to Closing the Gap. the coordination of the activities of other Commonwealth bodies that affect Torres Strait Islander and Aboriginal people living in the Torres Strait region ○ provide information or advice to the minister upon request ○ take reasonable action as it considers necessary to protect Torres Strait Islander and Aboriginal sacred or significant information relating to the Torres Strait region Structure and location Under our legislation, the TSRA is divided into 2 arms, as shown in Figure 1.1",17,0.8210740486780803,QLD_Unknown_Rural_2025_alignment
"A community engagement strategy was developed to support visits to island communities to provide information, including hookah and free-dive safety advice delivered by WorkSafe Queensland; vessel safety kit demonstrations, including use of day and night flares, delivered by the Australian Maritime Safety Authority; and information about the registration of EPIRBs",14,0.947064711868763,QLD_Unknown_Rural_2025_alignment
"Phase 1 of the Safety Management System project was completed, which means we have a work health and safety management framework aligned with the national audit tool which can monitor performance against the criteria used by the work health and safety regulator (Comcare)",12,0.7054904422163963,QLD_Unknown_Rural_2025_alignment
"In addition, the TSRA, in partnership with Australian Volunteers International, facilitated an international exchange program with the Solomon Islands Rangers Association These engagements reflect the TSRA’s ongoing commitment to regional diplomacy, cross-border cooperation, and advocacy for the interests of Torres Strait communities",17,0.7089849313100179,QLD_Unknown_Rural_2025_alignment
‘In the ranger team I am supported to do meaningful work with our communities every day and grow my career up here in the Torres Strait,17,0.6516782939434052,QLD_Unknown_Rural_2025_alignment
"Following the election, the newly appointed Chairperson appointed Portfolio Members and Assistant Portfolio Members, aligning responsibilities with strategic priorities and program areas The TSRA remains dedicated to empowering emerging leaders by providing opportunities for learning, growth, and real-world experience",17,0.8289810021718343,QLD_Unknown_Rural_2025_alignment
Gab Titui provides annual opportunities for local artists through a call for art to be displayed and sold at regional art fairs This includes the Cairns Indigenous Art Fair and Darwin Aboriginal Art Fair,17,0.5803609391053518,QLD_Unknown_Rural_2025_alignment
"In 2024–25, the TSRA implemented quarterly non‑financial performance reporting for program areas, in addition to consolidated quarterly reporting on non-financial performance linked to reporting on financial performance and enterprise risk",17,0.7139877478281658,QLD_Unknown_Rural_2025_alignment
"Depreciation rates (useful lives), residual values and methods are reviewed at each reporting date and necessary adjustments are recognised in the current, or current and future reporting periods, as appropriate",12,0.6223327231407165,QLD_Unknown_Rural_2025_alignment
"3.2.4 Advocate for early intervention and other alternatives to incarceration to reduce the number of Torres Strait Islander and Aboriginal children in the youth justice system These organisations play a critical role in shaping, developing and implementing local, state and national policies supporting improved child protection outcomes, funding investment for Indigenous legal services, and delivering essential legal, justice and social supports to families and residents across the Torres Strait and the Northern Peninsula Area The Safe Communities Program adopts a holistic approach to supporting improved outcomes on key targets under the National Agreement on Closing the Gap The region has a unique model of governance led by all 3 tiers of government This enables the agency to leverage relationships with other government agencies and departments with direct policy responsibilities and policy levers to reduce the involvement of Torres Strait Islander and Aboriginal children in the youth and criminal justice system",16,0.9980676364898682,QLD_Unknown_Rural_2025_alignment
‘This will create new evidence and ideas directly from Torres Strait communities.’ Ronald says the research will have the potential to change the way Australian governments engage with communities in the Torres Strait,17,0.6812335550785065,QLD_Unknown_Rural_2025_alignment
"ad hoc opportunities 4.3.4 Funding is provided to community organisations working to improve youth, family, justice or aged care outcomes At least 3 organisations supported to continue operating Achieved Methodology: Quantitative and qualitative review of SmartyGrants data Source: Targeted capacity building for grantees in line with grant agreements Achieved SmartyGrants records; Safe Communities Program records; administrative data; grants data; funding agreements; contract documentation 4.3.5 Culturally appropriate legal services are available and accessible within the Torres Strait region Implementation and performance monitoring of core legal services and prevention, intervention and community legal education (PICLE) services Achieved Methodology: Output (contracts awarded) and qualitative analysis of contract reporting requirements Source: SmartyGrants records; Safe Communities Program records; administrative data; grants data; funding agreements; contract documentation Performance measure Target Result rating Methodology and data source 4.3.6 Support a whole",16,0.9730372244119644,QLD_Unknown_Rural_2025_alignment
"80 years The residual value and useful life of an asset is reviewed, and adjusted if applicable, at each balance date",10,0.4054521999458472,TAS_Unknown_Rural_2024_alignment
"Impairment of property, plant and equipment Property, plant and equipment that have a finite useful life are reviewed for impairment at each balance date and whenever events or changes in circumstances indicate that the carrying amount may not be recoverable",7,0.6715064550439518,TAS_Unknown_Rural_2024_alignment
"Council as lessee Council leases plant and equipment in the normal course of its business The majority of these leases have a non-cancellable term of 36 months The future aggregate minimum lease payments payable under non-cancellable operating leases are as follows: Riskpool Until June 2017, Riskpool provided public liability and professional indemnity insurance for its members The Council was a member of Riskpool The Trust Deed of Riskpool provides that, if there is a shortfall (whereby claims exceed contributions of members and reinsurance recoveries) in any fund year, then the Riskpool Board may make a call on members for that fund year",7,0.7936210785309474,TAS_Unknown_Rural_2024_alignment
We evaluate the appropriateness of accounting policies used and the reasonableness of accounting estimates and related disclosures made by the Council.,12,0.6271354922652245,TAS_Unknown_Rural_2024_alignment
"Through the reporting period, we have successfully delivered this through: Providing the secretariat function to the Mayors, Chairs and Iwi forum across our region The purpose of that forum is to allow for councils and iwi to cooperate in a no surprises approach, in good faith for good governance of the region. Providing the secretariat function to the West Coast Councils Chief Executives group this forum is similar to the Mayors, Chairs and Iwi forum, although focusses more on operational matters, working to enable efficiencies in processes for the communities we individually and collectively support.",11,0.7600357354879379,TAS_Unknown_Rural_2024_alignment
Southside (Hokitika Bridge) This scheme maintains five groynes and a section of These structures will continue to No maintenance or capital works have been carried out during continuous riprap that protect the riverbank from erosion be maintained to the the reporting period,6,0.8471923495531083,TAS_Unknown_Rural_2024_alignment
Council has facilitated an ongoing role for Poutini Ngāi Tahu in decision-making and resource management to relevant Council committees and forums such as the Resource Management Committee as well as providing opportunities to be involved throughout major policy and plan formation,15,0.5414636582136154,TAS_Unknown_Rural_2024_alignment
"programme makes adequate provision to is monitored and reviewed quarterly Joint Committee, the work programme was last reviewed by the Joint Achieved Not achieved maintain and implement the CDEM Group Plan",17,0.9654160340627036,TAS_Unknown_Rural_2024_alignment
"Resource Management Funding Impact for the year ended 30 June 2024 Regional transport planning Our regional transport work delivers the following for our West Coast community Our regional transport work focuses on delivering an effective, efficient and safe land transport system for our community by facilitating growth and economic development, reducing safety risk, maintaining and improving accessibility",11,1.0,TAS_Unknown_Rural_2024_alignment
"Economic outcomes A thriving, resilient and innovative economy is promoted, which creates many opportunities for growth, wealth generation and employment",17,0.9892761707305908,TAS_Unknown_Rural_2024_alignment
Instream macroinvertebrate community health is assessed at 29 river sites3 The SQMCI 4 comparisons The Semi Quantitative are made annually according to the method Meet baseline requirements and This is part of Council’s ongoing environmental monitoring required Achieved Achieved Macroinvertebrate Community Index (SQMCI) is stipulated under the measure,15,0.7155666500329971,TAS_Unknown_Rural_2024_alignment
"Council will Council will monitor progress through the following indicators 2022/23 Result 2021/22 Result Work with all levels of government and key stakeholders to ensure urban development and growth is managed to attain 20-minute neighborhoods’ which allow residents to get around easily, work and play locally",11,0.8469233791828156,VIC_Unknown_Urban_2023_alignment
"Procurement Policy (policy under section 108 of the Act outlining the principles, processes and procedures that will apply to the purchase of goods and services by the Council) Adopted in accordance with section 108 of the Act 11",12,0.7962579746544362,VIC_Unknown_Urban_2023_alignment
"In this way, the CEO is empowered to sub-delegate their powers to appropriate Council staff or members of a Community Asset Committee",8,0.5082256058851878,VIC_Unknown_Urban_2023_alignment
"Protects public health as it relates to state legislation, directives and standards through a range of education and enforcement measures",3,0.972215986251831,VIC_Unknown_Urban_2023_alignment
"Implemented a 3D planning tool to improve the design function for urban planning. The internal GEAP education road show was completed, embedding basic GEAP knowledge into our organisation prompting further deep dive conversations on equity More detail is available on Council’s website The Enterprise Agreement expired on 30th June 2023, however good faith bargaining, and discussions continue",11,1.0,VIC_Unknown_Urban_2023_alignment
"Develop long-term, innovative service plans for Council’s major services that meet the future needs of the community and inform asset management and financial modelling Explore, identify, and where appropriate, implement collaborative procurement with other Councils and Government agencies We also want to ensure that our customer service officers are equipped with the knowledge required to get answers to our customers quickly With over 60 service areas to represent, Council has built a knowledge base so our customer service team can have the information they need at their fingertips to answer customer enquiries The new knowledge base has a vastly improved search function and layout, supporting staff to provide consistent and reliable responses to the community",8,0.5989569395780564,VIC_Unknown_Urban_2023_alignment
"Deliver the Wyndham City Stadium Precinct Integrated Strategic Plan to inform the Urban Design Framework for the Riverdale Town Centre, the revision of the Riverdale Precinct Structure Plan and the development of the Oakbank Precinct Structure Plan A final draft of the Wyndham City Stadium Precinct Integrated Strategic Plan has been completed",11,0.8243453707695007,VIC_Unknown_Urban_2023_alignment
"Hosted two Smart City Summits (Urban Heat and Artificial Intelligence) introduced at Council with training for GIA’s being delivered to employees who will likely be required to complete a GIA within their role Conduct negotiations, staff engagement activities and statutory obligations required to develop a replacement Enterprise Agreement approved by the Fair Work Commission",17,0.90591033299764,VIC_Unknown_Urban_2023_alignment
"To support the campaign Council have introduced three significant changes to waste services including: “The Avalon Corridor will continue to provide a green break between Geelong (regional Victoria) and Werribee (metropolitan Melbourne), while protecting areas of recognised environmental, landscape, heritage and cultural value It will limit residential growth while supporting the expanded operations of Avalon Airport as Victoria’s second international airport and fostering new land use, development and employment opportunities on airport land and immediate surrounds (as appropriate) It will protect operations of the Western Treatment Plant to ensure it can continue to provide low-cost sewage treatment, recycled water for irrigation and support broader biodiversity values in the region.”",12,0.8315891382098197,VIC_Unknown_Urban_2023_alignment
"Welcome Wyndham City Council delivers a breadth of services to its community, from waste collection, parks and open space, community centres through to libraries",11,1.0,VIC_Unknown_Urban_2023_alignment
Council working towards a zero target) Implementation of the Resilient Wyndham Strategy Year 2 completed Year 1 completed Increase tree canopy and create green open spaces that are well maintained and attractive for all,15,0.9195563495159148,VIC_Unknown_Urban_2023_alignment
Council delivered a significant advocacy campaign before and after the election to activate the East Werribee Employment Precinct due to the potential to deliver new jobs in Melbourne’s west,8,0.8775483588377635,VIC_Unknown_Urban_2023_alignment
Council will Council will monitor progress through the following indicators 2022/23 Result 2021/22 Result Secure its financial sustainability into the future through responsible management of Council’s annual budgets and long-term financial outlook,11,0.7983580715656281,VIC_Unknown_Urban_2023_alignment
"Materials have been developed highlighting the roles and responsibilities of each tier of government and distribution occurred at the Mayoral Morning Teas and online This strategy looks at Wyndham’s long-term resilience and helps guide and manage the way Wyndham adapts, survives and thrives in the face of events such as climate change, extreme weather, natural disasters, pandemics, cyber-security attacks and economic downturn",13,0.569685729717215,VIC_Unknown_Urban_2023_alignment
"2.2.1 CEO & Chief of Staff The CEO's office and Chief of Staff provides organisational planning, community engagement, research and advocacy working towards the Wyndham 2040 vision",17,0.8755811055501302,VIC_Unknown_Urban_2023_alignment
"Truganina Community Centre (Interim name) Ward: Harrison Total Cost: $ 18.4M Development Contributions: $6.4M Grants: $ 7.9M Ward: Iramoo Total Cost: $ 13.7M Development Contributions: $7M Grants: $ 3.8M Located on Holyoake Parade in Manor Lakes, this new centre will provide kindergarten and maternal child health to the Manor Lakes North community This facility is being delivered in partnership with the State Government, who are contributing $1 million from the Growing Suburbs Fund and a further $3 million from the Building Blocks Program",17,0.7236059010028839,VIC_Unknown_Urban_2023_alignment
"Council will enable self-determination by transforming its systems and structures to address racism, promote cultural safety and transfer power and resources to communities",16,0.7268658055861792,VIC_Unknown_Urban_2023_alignment
"In addition, Council’s Employee Assistance Program was promoted widely during the year to ensure staff and their immediate families had professional and confidential support",8,0.793157924214999,VIC_Unknown_Urban_2023_alignment
"Strategic Area 4: A Green City PERFORMANCE RESULTS OUR ORGANISATION GOVERNANCE Council committed to the delivery of four initiatives within this strategic area, 75 per cent of which were completed, with a further 25 per cent progressing behind schedule",11,0.8239887383580208,VIC_Unknown_Urban_2023_alignment
"Council has engaged a First Nations Facilitator to lead all Reconciliation Action Plan engagement sessions The role of the facilitator will also be to provide expert advice and use culturally appropriate methods, with several yarning workshops held",16,0.3936587921157479,VIC_Unknown_Urban_2023_alignment
"Community Connector team supports carers and their families to access appropriate services based on their needs via Carers Victoria, Carers Gateway and other supports available",17,0.6764142711957296,VIC_Unknown_Urban_2023_alignment
"Progressing behind schedule The design of the K Road Cliffs Master Plan will provide improvements to the current drainage, visitor facilities, public access, amenity, and vegetation at the K Road Cliffs The tender for this work has been postponed to the 2023/24 year due to design delays",15,0.7561976065238317,VIC_Unknown_Urban_2023_alignment
"a dedicated First Nations unit has been established to strengthen Council’s efforts in reconciliation, inclusion, and safety of Aboriginal & Torres Strait Islander peoples",10,0.5846715137461822,VIC_Unknown_Urban_2023_alignment
"In Wyndham, a procurement dashboard has been developed and is actively displaying all upcoming tender activity The dashboard captures procurement activity from the annual capital expenditure and operational expenditure programs The dashboard enables visibility and forecasts procurement activity to assist with decision making and meeting Council’s social, economic and environmental procurement targets",12,0.8412388607859611,VIC_Unknown_Urban_2023_alignment
"Point Cook Bike Park Council actively supports and encourages cycling as a mode of transport and for recreation The Open Space Strategy guides the future planning, provision and management of Council owned and/or managed open spaces such as its parks, sportsgrounds, and is being reviewed to ensure it continues to align with the needs of Wyndham’s growing communities The soon to be completed $450,000 bike park upgrade, adds to the existing park along Corporate Drive and includes a new shelter, bike repair station, bike racks, drinking fountain with a water bottle refill tap, wayfinding signage, new picnic settings, additional seating, and more canopy trees and plants",11,1.0,VIC_Unknown_Urban_2023_alignment
"Both were upgraded from single-lane, low-level crossings to dual-lane concrete bridges, significantly improving safety and providing much needed accessibility during flood events for residents and travellers in these areas and beyond These projects were completed at a cost of $2 million for Jeir Creek Bridge and $3.2 million for Back Creek Road Bridge. The extension of Victoria Park Skate Park was made possible through $500,000 in funding from the Stronger Country Communities Fund This project introduced new skate ramps, designed to enhance the safety of the park by catering to a range of ages and skill levels",11,0.8300009392499924,NSW_Unknown_Rural_2024_alignment
"A major review of the Workforce Plan was also completed This comprehensive planning is aimed at shaping the future of our Shire, ensuring it remains vibrant, sustainable, and inclusive",8,0.7635550540685654,WA_Unknown_Rural_2024_alignment
"5.00pm start Cr Peter Wright Cr Denese Smythe *December OCM is held on 3rd Tuesday and no OCM is held in January Our Vision We aspire to be: ASPIRATION GOALS We aspire to be Our Community Diverse Heritage The Place To Be To be a close-knit community, full of life, in a welcoming and accessible place for all",17,0.7999680936336517,WA_Unknown_Rural_2024_alignment
Governance & Leadership The minor review of our Strategic Community Plan and Corporate Business Plan updated or removed some of the actions within the Plans,17,0.8102164665857952,WA_Unknown_Rural_2024_alignment
"Whilst the regulatory framework only requires a revaluation to occur every five years, it also provides for the Shire to revalue earlier if it chooses to do so",11,0.5346550559103489,WA_Unknown_Rural_2024_alignment
Procurement Council’s Governance Team has delivered procurement programs and accepted tenders and quotations to the value of approximately $9M in the reporting period,12,0.5440634259581567,NSW_Unknown__2024_alignment
"To monitor progress towards the achievement of strategic goals, Council Officers provide a half-yearly progress report to Council and the community on the Operational Plan The information following outlines the progress Council has made in achieving the specific projects and strategic goals of the 2023/24 Operational Plan This section of the report enables the community to review achievements of the principal activities in the 2023/24 Operational Plan",11,0.640117372483015,NSW_Unknown__2024_alignment
"Council’s Development and Planning staff encourage all applicants to attend pre-lodgement meetings as these enable Council and the applicant to identify potential matters which may delay the approvals process and provide an opportunity to address the issue before applications are lodged These meetings are encouraged prior to the lodgement of both the development application, and the subsequent lodgement of a construction or subdivision works certificate This rezoning facilitates the attraction of new business and residents and encourages growth for the Shire The proposals currently progressing through the approvals process are:  PP-2023-2528",11,1.0,NSW_Unknown__2024_alignment
"2024) Objective Develop multi-agency collaboration to facilitate the establishment of local tertiary education facilities and services Raise community awareness of TAFE programs and the importance of Forbes TAFE Engage with the TAFE hierarchy, State and Federal Government departments, Local Members and other stakeholders to maintain presence of TAFE in the Forbes Shire Develop the lake precinct via the Lake Forbes Activation Plan to address local resident recreational and social needs and provide a focus for tourism Deliver the Lake Forbes Activation Plan Deliver the actions from the Lake Forbes Activation Plan (LFAP) Develop opportunities for further recreational activities on Lake Forbes, Aquatic Area and Lachlan River Promote and utilise the Lake Forbes foreshore for events and community and commercial activities Implement actions from the Recreational Open Space Strategy that develop recreational opportunities and activities around the Forbes Aquatic Area and Lachlan River Support State and Federal Government undertakings to ensure flood mitigation and water security for the Shire Support State and Federal Government undertakings to ensure flood mitigation and water security for the Shire Liaise with state government departments to increase ground water licence allocations Liaise with state government departments to deliver outcomes through the safe and secure program funding for our Shire Actively manage surface and ground water licences to ensure high quality water is consistently and reliably available Prepare and adopt a Flood risk Management Plan for the Shire",6,0.9798075514435768,NSW_Unknown__2024_alignment
"2.2 Develop a risk-reducing sourcing strategy Council reviews the supplier responses to the Modern Slavery Questionnaire for procurements above $100,000",10,0.6167126634120942,NSW_Unknown__2024_alignment
"Foster and support the sourcing of local skilled and unskilled labour by public and private sector employers Collaborate with relevant stakeholders to support our community to source local skilled and unskilled labour Collaborate with the members of the regional economic development forum on key issues in sourcing workers Lobby the Federal Government for skilled immigration Support education and training providers to deliver programs for skilled and unskilled labour Ensure the long-term viability and growth of our regional livestock exchange Efficient commercial management of Central West Livestock Exchange Implement the Central West Livestock Exchange Operational Plant to budget Investigate further opportunities for market growth for Central West Livestock Exchange including exploring electronic selling platforms Ensure that public and private sector entities and business work co-operatively to strengthen and expand the Shire’s economic base Engage and support mining companies and business supporting the mining industry to continue to prosper in the region Engage with Evolution and NorthParkes Mines on a regular basis Partner with local stakeholders to identify barriers to the growth of our Shire’s economic base Attend monthly business chamber executive meetings and support other relevant initiatives Develop an Economic Development Strategy and an Employment Zone Land Use strategy that investigates barriers to economic growth Promote the Shire as an ideal location for investment and the establishment of innovative, sustainable businesses and light industry Recognise Forbes’ strategic advantage for manufacturing industries Promote inter-industry collaboration by connecting mutually beneficial businesses Continue to promote the sale of industrial and commercial land Continue to implement targeted sales strategy for the sale of industrial and commercial land FORBES SHIRE COUNCIL 2023-24 ANNUAL STATUTORY REPORT LOCAL ECONOMY Community Strategic Plan (2018",8,0.8910051864385605,NSW_Unknown__2024_alignment
"2024) Objective Review Council’s Asset Disposal procedures to identify efficiencies and ensure maximum return on investment for all Council assets Ensure Council remains up to date with industry best practice for the transition to electric technology Create a ‘Transition to electric fleet’ business paper for review Maintain Council’s fleet expansion program Identify and adopt strategies to attract, retain and support highly skilled and qualified staff in public agencies within the Shire Attract talent to Council and create opportunities to move to Forbes",7,0.9310503286123276,NSW_Unknown__2024_alignment
Council plans to invest in the installation of a lift in Town Hall to ensure zero barriers to employment across the entire Council operation,8,0.8800418001413346,NSW_Unknown__2024_alignment
"Focus group This provided an opportunity to synthesise the results of the survey consultation with the needs, opinions and ideas of the group participants The diversity of opinions has provided an opportunity to generate strategies/actions which build the action planning within the DIAP document",17,1.0,NSW_Unknown__2024_alignment
"All events are evaluated for how they included accessibility and inclusion, sensory and quiet area at events, use of Aruma for gifts etc. 4.1.3",11,0.711430439889431,NSW_Unknown__2024_alignment
"Create opportunities for warehousing, freight and distribution to Eastern Seaboard ports/airports Lobby State and Federal Government for improved freight corridors and utilise the Central West Industrial Park as a regional base where possible Develop initiatives to attract and retain local health and education services and professionals Develop options for the support of visiting students and professionals Undertake Business Case and Management Strategy for the Jemalong Regional Education Centre Operational Plan Identify and plan for the long term needs of communities within the Shire in the provision of major indoor and outdoor sporting, recreational infrastructure such as swimming pools and multi-purpose facilities Ensure the Forbes Olympic Pool is accessible for the whole community Carry out routine and programmed maintenance for Forbes Olympic Pool, including ensuring disability hoist is maintained and available for use at all times Learn to Swim lessons are available at the pool for the community with attendance maintained at acceptable levels Develop and implement a Sports and Recreation Management Plan Ensure an equitable and progressive approach to the provision of telecommunications services and infrastructure across the Shire Facilitate access to new communication networks in Australia’s digital economy Engage with relevant stakeholders and Government to lobby for new communication networks and NBN FORBES SHIRE COUNCIL 2023-24 ANNUAL STATUTORY REPORT INFRASTRUCTURE AND SERVICES Community Strategic Plan (2018",17,1.0,NSW_Unknown__2024_alignment
"Operational review of landfills to extend life Manage the waste minimisation and re-use framework Actively participate in NetWaste initiatives Maximise the diversion of waste from landfill through education, kerbside recycling, recycling services at FRWD, implementation of the CRC and supporting major businesses in identifying recycling opportunities",12,0.9945021116733552,NSW_Unknown__2024_alignment
"Council has funded an audit of the following facilities and areas and completed in October 2023, to inform the revision of the DIAP, with this plan to be completed by end Dec 2023",11,0.8169365673065186,NSW_Unknown__2024_alignment
"A list of available information is provided in the Yarriambiack Shire Council Part II Statement, published in accordance with the Freedom of Information Act 1982 and the Yarriambiack Shire Council Governance Rules",11,0.4162150514423847,VIC_Unknown_Rural_2024_alignment
"We successfully delivered four out of seven affordable homes, allowing our elderly residents to downsize and stay connected within our community The final three units will be delivered in the 24/25 financial year",11,0.7046677346229553,VIC_Unknown_Rural_2024_alignment
"improve our waste recycling, look at opportunities for hard waste collection” MAINTAINING COMPLIANCE: This goal is an ongoing one, Council will continue to work within its powers to ensure all areas meet regulations and compliance in Disability Discrimination Act (DDA) and information to ensure accessible services and buildings enable all Shire residents have the same life experiences regardless of ability or gender and ethnicity.",11,1.0,VIC_Unknown_Rural_2024_alignment
"We adopted our Tourism Strategy in December 2023, after consultation with our Yarriambiack Tourism Advisory Committee of Council, and the broader community",12,0.5990663114190102,VIC_Unknown_Rural_2024_alignment
Council updated its Family Violence Management Policy in May 2023 and has attended a number of meetings with stakeholders to ensure Council’s commitment in addressing the prevention of violence against women,5,0.9984708302021028,VIC_Unknown_Rural_2024_alignment
Tammy Smith Cr Kylie Zanker Chief Executive Officer Mayor The following information is provided in accordance with legislative and other requirements applying to Council,11,0.7536897334456444,VIC_Unknown_Rural_2024_alignment
"Sarah completed the LGPro Emerging Leaders Program in 2023 The Manager Community Strengthening & Engagement role is responsible for the management of Councils community and stakeholder engagement, community and economic development, events, tourism, arts and culture, customer service, and community libraries to deliver the best possible outcomes for community",5,0.9151780805587768,VIC_Unknown_Rural_2024_alignment
"Implemented a new Customer Request Management System, which has seen an increase in positive and proactive engagement with the community.",9,0.6838215077519417,VIC_Unknown_Rural_2024_alignment
"We also completed 1,296km of road maintenance in the financial year It has been a year of finishing what we started, and we look forward to the completion and opening of the Warracknabeal 3 Year Old Building and surrounds, the Warracknabeal Caravan Park amenities block, the Dunmunkle Community Library Precinct and the commencement of construction of the Murtoa Netball Tennis Courts and the Hopetoun Swimming Pool",17,0.7925597826639812,VIC_Unknown_Rural_2024_alignment
"Concurrently, we will evaluate which services are fundamental to our operations and should be delivered by us, and which could be handled by other providers The Annual Grants Program supports projects and activities to assist in building healthy, vibrant and sustainable communities across Yarriambiack Shire Council",11,0.6110563375949859,VIC_Unknown_Rural_2024_alignment
"Hopetoun and District Neighbourhood House Audit and Risk Committee Council established an Audit and Risk Committee in accordance with Section 53 of the Local Government Act 2020 and adopted the first Audit and Risk Committee Charter, to comply with the new Act on 28 August 2020",11,0.8300341892242432,VIC_Unknown_Rural_2024_alignment
X Budget adopted in accordance with section 94 of the Act Annual Budget Plan under section 94 of the Act setting out the services to be provided and initiatives to be undertaken during the budget year and the funding and other resources required,17,0.8367454012235006,VIC_Unknown_Rural_2024_alignment
"Community Health Project Murtoa Stick Shed: Rebecca Botheras, the Council’s Sport and Recreation Coordinator, successfully completed the Murtoa Stick shed Visitor Experience Project at the end of 2023",3,0.8630127280950546,VIC_Unknown_Rural_2024_alignment
X X X Internal Audit Council’s internal audit function provides independent and objective assurance that the appropriate processes and controls are in place across the Council,12,0.3902725023776293,VIC_Unknown_Rural_2024_alignment
X Governance Rules adopted in accordance with section 60 of the Act Meeting Procedures Governance Rules under section 60 of the Act governing the conduct of meetings of Council and delegated committees,16,0.7583247861266136,VIC_Unknown_Rural_2024_alignment
"X Reviewed in accordance with section 11(7) of the Act and a register kept in accordance with sections 11(8) and 47(7) of the Act Delegations Documents setting out the powers, duties and functions of Council and the Chief Executive Officer that have been delegated to members of staff, in accordance with sections 11 and 47 of the Act",11,0.5184723908007144,VIC_Unknown_Rural_2024_alignment
"Youth The Youth program is funded by FReeZA to deliver a diverse range of music, cultural and recreational events that is reflective of the interests of young people within the Yarriambiack Shire and to provide training and skill development activities that support young people to stage FreeZA events",8,0.8032195379336675,VIC_Unknown_Rural_2024_alignment
"Date of operation of current framework: X Established in accordance with section 53 of the Act Audit and Risk Committee Advisory committee of Council under section 53 and section 54 of the Local Government Act whose role is to monitor the compliance of Council policies and procedures, monitor Council’s financial reporting, monitor and provide advice on risk management, and provide oversight on internal and external audit functions",11,0.7590333914756775,VIC_Unknown_Rural_2024_alignment
A risk The external auditors attend the Audit and Risk Committee meetings to present the Audit Plan and Independent Audit Report The external audit management letter and responses are also provided to the Audit and Risk Committee,12,0.7800448073446751,VIC_Unknown_Rural_2024_alignment
"X Policy reviewed and adopted in accordance with section 108 of the Act Procurement Policy Policy under section 108 of the Act outlining the principles, processes and procedures that will apply to the purchase of goods and services by the Council",12,0.8389755327999592,VIC_Unknown_Rural_2024_alignment
MANAGER INFRASTRUCTURE & WORKS Joel was appointed as Manager Infrastructure & Works in August 2020 after holding the position of Manager Operations for the previous 2 years,9,0.8896242562731107,VIC_Unknown_Rural_2024_alignment
"Reviewing and if appropriate, recommending that Local Authorities in Minjilang, Warruwi, Gunbalanya and Maningrida Council approves financial statements (in conjunction Our Council with the auditor’s report)",11,0.6240525338351727,NT_Unknown_Rural_2023_alignment
"New signage has been designed to also facilitate this 5.5 Energy Develop a Renewable Energy Strategy Develop a Renewable Energy Strategy in consultation with local stakeholders that aligns with the ALGA, Northern Territory and Australian Federal Government renewable energy strategies and targets Consultations completed and Renewable Energy Strategy finalised TARGET NOT ACHIEVED: This strategy is of lower priority than Reduce Reuse and Recycle Strategy and leading edge procurement strategy 5.6 Policy Devise and implement a Sustainability and Climate Action Policy Research and develop WARC Environment and Sustainability Management Strategy and Policy Environment and Sustainability Management Strategy and Policy completed TARGET NOT ACHIEVED: This strategy is of lower priority than Reduce Reuse and Recycle Strategy and leading edge procurement strategy TARGET IN PROGRESS: This is in the research and development stage Commence developing a strategy to reduce environmental impact of Council's fleet, plant and machinery Progress of draft strategy to reduce environmental impact of Council's fleet, plant and machinery reviewed WEST ARNHEM REGIONAL COUNCIL PILLAR 6: Foundations of Governance Integrity is at the heart of everything we do",7,0.9884640318155288,NT_Unknown_Rural_2023_alignment
"Concessionary Leases For leases that have significantly below market terms and conditions principally to enable the Council to further its objectives (commonly known as peppercorn / concessionary leases), the Council has adopted the temporary relief under AASB 2019-8 and measures the right of use assets at cost on initial recognition",7,0.4457400180896124,NT_Unknown_Rural_2023_alignment
"▪ Evaluate the overall presentation, structure, and content of the financial report, including the disclosures, and whether the financial report represents the underlying transactions and events in a manner that achieves fair presentation",17,0.5380892256895702,NT_Unknown_Rural_2023_alignment
"Financial Performance The financial statements, except for the cash flow information, have been prepared on an accruals basis and are based on historical costs, modified, where applicable, by the measurement at fair value of selected non-current assets, financial assets and financial liabilities The amounts presented in the financial statements have been rounded to the nearest dollar",17,0.6463262935479482,NT_Unknown_Rural_2023_alignment
"Review the debtor and creditor lists, and ensure professional memberships, referees, and claims sufficient funds are available to pay forthcoming debts",17,0.6014508505662283,NT_Unknown_Rural_2023_alignment
"WEST ARNHEM REGIONAL COUNCIL Local Authority Projects o i g n e a R l Throughout the 2022-23 period, West Arnhem’s Local Authorities have supported and funded a number of major community and infrastructure projects: REGIONAL",11,0.85,NT_Unknown_Rural_2023_alignment
They also created and implemented an agreement for all current and new staff to sign to work with community safety in our communities,17,0.6991028289000194,NT_Unknown_Rural_2023_alignment
"Strongly funded by the Maningrida Local Authority Board, the New Year’s fireworks display provided an opportunity for residents to experience a fireworks show of this calibre",17,0.5402435859044393,NT_Unknown_Rural_2023_alignment
"In addition to this, the members were encouraged to provide feedback on the current organisational values of The community barbecues coincided with Local Authority ‘Respectful’, ‘Inclusive’, ‘Innovative’ and ‘Integrity’ and meetings to also allow residents to meet the Local Authority suggest alternative values which might drive organisational members in their community and learn how they can be culture and direction",17,0.7907068729400635,NT_Unknown_Rural_2023_alignment
"In a partnership with Charles Darwin University (CDU), the program is delivered face-to-face by trainers who visit each of our communities every three weeks to work with WARC employees who wish to improve their literacy levels",4,0.9986894726753236,NT_Unknown_Rural_2023_alignment
"¾ We maintain transparent communication with families, carers, and the community, and actively seek feedback for continuous improvement on our child safe approach",5,0.5344223921895027,TAS_Unknown__2024_alignment
"Our land and coastlines support a rich level of animal and plant biodiversity, as well as being highly valued by our community for the benefits of supporting recreation, health and wellbeing",15,0.9221177399158478,TAS_Unknown__2024_alignment
"Occasionally, there can be friction between the needs of our natural, productive and built environments As a commitment to addressing some of these conflicts and getting the balance between them right, Council developed its first Integrated Council Environmental Plan (iCEP) in 2020 The ten-year, evidence-based plan reflects current research and technical insight This year progress against iCEP included planning and early research for the development of a Vegetation Framework to inform Council operations",15,0.9905489087104796,TAS_Unknown__2024_alignment
We manage the interest rate exposure on our debt portfolio by appropriate budgeting strategies and obtaining approval for borrowings from the Department of Treasury and Finance each year,17,0.5924018720785778,TAS_Unknown__2024_alignment
"In the current year, Council has reviewed and assessed all the new accounting standards and interpretations that have been published, with future effective dates, and determined they are either not applicable to Council's activities or would have no material impact",12,0.4048163917288184,TAS_Unknown__2024_alignment
"Council promotes a high standard for the food prepared and sold within the area through the on-going inspection, licensing and registration of the relevant food businesses and mobile/temporary food stalls involved",2,0.9791034424304964,TAS_Unknown__2024_alignment
"Planning for community safety and resilience Working with our community The Port Creek Flood Mitigation project, which received $1 million in funding from the Department of Police, Fire, and Emergency Management, has been successfully completed, ensuring that we are better prepared for future flood events and can safeguard both our residents and vital infrastructure",17,0.7857956985632579,TAS_Unknown__2024_alignment
"Working together the group developed an Action Plan that not only ensures compliance with the new legislative requirements, but also provides clear guidance for continuous improvement",17,0.9622687101364136,TAS_Unknown__2024_alignment
"Actions Progress C/Fwd: Establish an enclosed dog exercise area in Wynyard Deliver year four actions of the Health and Wellbeing Plan Deliver year four actions of the Age-Friendly Communities Plan Deliver year four actions of the Youth Plan Implement Public Art projects in consultation with the Public Art Advisory Group Enhance and promote the online calendar Design and planning for the upgrade of the Warawyn Early Learning Centre C/Fwd: Implement actions arising from the Cemetery Strategy C/Fwd: Upgrade of Waratah Community Hub facility Implement the agreed actions arising from the Settlement Strategy C/Fwd: Construction of a public toilet at Yolla COMMUNITY, RECREATION AND WELLBEING Waratah-Wynyard Council is a healthy community with access to more recreational choices in safe and welcoming environments The community will enjoy programs and recreational spaces that are inclusive, thriving and energetic, and will have access to high quality facilities, service and equipment",4,0.8638914426167806,TAS_Unknown__2024_alignment
"KEY ACHIEVEMENTS with key stakeholders including Somerset Primary School, sporting clubs and current recreation space users, a DRAFT Master Plan was produced in May 2024 The Draft Plan was presented to the public for a further consultation period, with the final Master Plan being Planning for the future of Boat Harbour Beach With the planning and development approvals already in place for a new community facility incorporating Boat Harbour Beach Surf Lifesaving Club, a new cafe and public amenities, this year saw the engagement of architects and sub consultants to progress detailed design work It is anticipated construction work will commence on this project in November 2024",17,0.7923249403635662,TAS_Unknown__2024_alignment
"DANIEL SUMMERS EXECUTIVE Civic & Ceremonial MANAGEMENT Eleted Members TEAM Executive Management SHANE CRAWFORD Human Resource Management GENERAL MANAGER Workplace Health & Safety SHANE CRAWFORD GENERAL MANAGER MITCHELL SMITH SALLIE MOORE-WOOD TRACEY BRADLEY DANIEL SUMMERS DIRECTOR DIRECTOR DIRECTOR DIRECTOR Community & Governance and Information Systems Financial Services Infrastructure & Development Services Engagement (retired Nov 2023) Children’s Services Asset Management Accounting Information Technology Communications Buildings & Compliance Customer Service Information Management Community Activation Building & Plumbing Permits Financial Management Organisational Performance Emergency Management Rates Civil Works Risk & Insurance Events Economic Development Cleaning Strategy & Governance Tourism Development Environmental Health Wonders of Wynyard Infrastructure Operations Cemetery Management Land Use Planning Natural Resource Management Parks & Recreation Plant & Equipment Projects Regulations COUNCILLOR COMMITTEES AND WORKING GROUPS COUNCILLOR COMMITTEE / WORKING GROUP Mayor Mary Duniam Australia Day Committee Cradle Coast Authority Local Government Association of Tasmania TasWater Owner Representative Waratah-Wynyard Audit Panel Regional Development Australia-Tasmania Deputy Mayor Celisa Edwards Bush Watch Western District Committee Cradle Coast Authority Disability Inclusion Plan Reference Group Local Government Association of Tasmania (Proxy) Sustainability and Environment Advisory Panel Somerset Sporting Precinct Working Group TasWater Owner Representative (Proxy) Waratah-Wynyard Emergency Management Committee & SES Local Unit Liaison Cr Gary Bramich Australia Day Committee Wynyard Showgrounds Working Group Cr Andrea Courtney Australia Day Committee Community Grants Assessment Committee Sustainability and Environment Advisory Panel Cr Kevin Hyland Boat Harbour Beach Masterplan Working Group Waratah Community Board Wynyard Showgrounds Working Group Cr Michael Johnstone Fredrick Street Reserve Working Group Somerset Sporting Precinct Working Group Wynyard Sports Precinct Working Group Cr Leanne Raw Community Grants Assessment Committee Disability Inclusion Plan Reference Group Public Art Advisory Group Waratah-Wynyard Audit Panel Cr Dillon Roberts Boat Harbour Beach Masterplan Working Group Fredrick Street Reserve Working Group Public Art Advisory Group Wynyard Sports Precinct Working Group ANNUAL PLAN PERFORMANCE LEADERSHIP AND GOVERNANCE Waratah-Wynyard Council will deliver an openly transparent, inclusive, community-focussed governing body",16,0.8326486617326736,TAS_Unknown__2024_alignment
"We delivered a range of projects throughout the reporting period with a capital works spend of more than $10 million, some of the major projects being: A total of 3970 tonnes of kerbside garbage was collected, which is 193 tonnes less than the previous year demonstrating an increased awareness of the need to reduce waste to landfill.",12,0.9940218606591223,TAS_Unknown_Urban_2023_alignment
"Council has maintained a Training and Development Policy that commits Council to the development and support of a high performing, skilled and flexible workforce This policy aims to provide employees with opportunities through appropriate education, training and development to acquire additional skills that are relevant and of benefit to both the employee and the Council",8,0.9014015179872512,TAS_Unknown_Urban_2023_alignment
"A new contractor was engaged to manage the waste transfer stations at both Beaconsfield and Exeter, Council have worked closely with the contractor and the sites are functioning well",12,0.987597122490406,TAS_Unknown_Urban_2023_alignment
"David Gregory Manager Corporate To enhance its reputation as an organisation which takes its responsibilities seriously to the wider community, especially vulnerable young people, Council developed and implemented a Youth Service Policy and Guide to outline the fundamental approach to working with young people whilst in a West Tamar Council responsibility",8,0.5918500502904257,TAS_Unknown_Urban_2023_alignment
"Fair Value Measurement of Non-Financial Assets of Not-for-Profit Public Sector Entities This Standard modifies AASB 13 Fair Value Measurement for application by not-for-profit public sector entities such as Council It includes authoritative implementation guidance when fair valuing non-financial assets, not held primarily for their ability to generate cash inflows This includes guidance and clarification regarding the determination of an assets highest and best use, the development and use of internal assumptions for unobservable inputs and allows for greater use of internal judgements when applying the cost approach in the measurement and determination of fair values Although Council is yet to fully determine the impact of this standard, the changes will be evaluated in the future assessment of all property and infrastructure assets measured at fair value The Standard applies prospectively to annual periods beginning on or after 1 January 2024, with earlier application permitted",9,0.4958628322084745,TAS_Unknown_Urban_2023_alignment
"We have successfully delivered refurbishment of the Tourist Information Centre Warracknabeal, upgrade of the fire design at the Warracknabeal livestock exchange and investment in the development of an Economic Development Strategy, along with a separate Tourism Strategy",17,0.6952940424283346,VIC_Unknown_Rural_2023_alignment
All actions relating to the document are continually implemented through Council’s animal management team on a daily basis to ensure compliance with animal related issues within the Yarriambiack Shire Council,15,0.9151301980018616,VIC_Unknown_Rural_2023_alignment
"Council’s traineeships and work experience and work-placement programs provided opportunities for young people from across the municipality to experience working in a variety of Council departments It provided some with career opportunities and others, experience in local government and increased awareness of Council’s operations",11,0.6205593450665473,VIC_Unknown_Rural_2023_alignment
"In Progress Both operational and strategic risks are reviewed quarterly, and strategic risks are reported to Council and Audit and Risk Committee",12,0.4808772744983435,VIC_Unknown_Rural_2023_alignment
"Road Management Act Ministerial Direction In accordance with section 22 of the Road Management Act 2004, a council must publish a copy or summary of any Ministerial direction in its annual report",11,0.7725684605836868,VIC_Unknown_Rural_2023_alignment
NOTES TO THE FINANCIAL REPORT FOR THE YEAR ENDED 30 JUNE 2023 2.2 ANALYSIS OF COUNCIL RESULTS BY PROGRAM Council delivers its functions and activities through the following programs,11,0.5387445831298828,VIC_Unknown_Rural_2023_alignment
"Warracknabeal Yarriambiack Shire Council is responsible for approximately 100 services, from family and children’s services, traffic regulation, open space, youth facilities, waste management and community building; to matters concerning business development, planning for appropriate development and ensuring accountability for council’s budget This broad range of community services and infrastructure for residents, supports the wellbeing and prosperity of our community",11,1.0,VIC_Unknown_Rural_2023_alignment
"Recipient Project Funding General Store Warracknabeal General Store Warracknabeal SHARE Community Grants Program Each financial year, Council provides financial assistance to community groups and businesses to support the provision of events and services which respond to identified community need, contribute to the building of stronger communities and are in accordance with Council’s strategic outcomes The program provides funding through 4 different streams:",11,0.6326418855786324,VIC_Unknown_Rural_2023_alignment
Improve the functionality and accessibility of customer service to our community both online and in person and ensure it remains contemporary,9,0.7496092181205749,VIC_Unknown_Rural_2023_alignment
"Ordinary Council meetings and Finance Committee of Council meetings are held in alternating months This provides Council with 12 meetings per year to provide oversight, governance and guidance",11,0.4791446363031864,NT_Unknown_Rural_2024_alignment
"Evaluate the overall presentation, structure, and content of the financial report, including the disclosures, and whether the financial report represents the underlying transactions and events in a manner that achieves fair presentation",17,0.4986207187175751,NT_Unknown_Rural_2024_alignment
"Waste management Council provided a range of waste management services for residents, businesses and community-based organisations across 2023–24 These included regular waste collection services, kerbside garbage collection, litter patrol, regular hard waste removal, community and pre-cyclone clean-up days, waste management facilities management, planning and developing operational policy and strategy, and community education and engagement",12,0.9895847687125204,NT_Unknown_Rural_2024_alignment
"Employees provided positive feedback on improvements accessing the program The Council coordinated First Nations Mental Health Training in Wadeye, focusing on community support and awareness of mental health issues",3,1.0,NT_Unknown_Rural_2024_alignment
"West Daly Regional Council Cemetery management Sports Grounds Animal management Council maintains responsibility for managing and maintaining cemeteries within our region This is coordinated under the Burial and Cremation Act 2022 and Burial and Cremation Regulations 2022, with strong support from Local Authorities and Traditional Owners",15,0.7742059181133907,NT_Unknown_Rural_2024_alignment
"West Daly Regional Council Focus 3: Developing Council for community Destination 1: More jobs Journey Statement Statement The Council is collaborating with GTNT and Batchelor Institute on a civil staff apprenticeship program, which is now in its final stages",8,0.8459416967630387,NT_Unknown_Rural_2024_alignment
"Council Community Housing Officers deliver education to tenants around the living strong program, provide assistance with administrative support, and report repairs and maintenance requests to contractors",11,0.8,NT_Unknown_Rural_2024_alignment
"economic investigation and analysis of West Daly region Regional Development Australia (Northern Territory) provides comprehensive statistical data on the socio-economic status of the West Daly region, eliminating the need for the Council to independently undertake this task",11,0.6822397419810295,NT_Unknown_Rural_2024_alignment
2.2 Implement a new ERP/ Finance System New ERP system Xero was implemented and went live in April 2024 as part of Council’s transition to cloud-based systems,9,0.8584861527085305,NT_Unknown_Rural_2024_alignment
"Council promotes a high standard for the food prepared and sold within the area through the on-going inspection, licensing and registration of the relevant food businesses and mobile/temporary food stalls involved",2,0.9791034424304964,TAS_Unknown__2023_alignment
"Evaluate the overall presentation, structure and content of the financial report, including the disclosures, and whether the financial report represent the underlying transactions and events in a manner that achieves fair presentation",17,0.5062046150366466,TAS_Unknown__2023_alignment
"Actions Progress Implement year 4 actions of the Waste and Resource Recovery Strategy 2019/24 Coordinate a community forum relating to bioenergy Progress Sisters Beach estuary works in partnership with the Sisters Beach WildCare Group Progress Fossil Bluff Biodiversity plantings in partnership with the Wynyard Landcare Group Plan for Camp Creek biodiversity enhancements and riparian reserve restoration in partnership with the community Implement year 3 actions of the Integrated Council Environment Plan (iCEP) Review the operational delivery model for the Waste Transfer Station Undertake Inglis River walking track options study In collaboration with Tas Fire, understand current bushfire risks for settlement areas C/Fwd: 20/21 Tasmanian Planning Scheme implementation",17,0.9629730383555096,TAS_Unknown__2023_alignment
"Priorities and recommendations are built around these key roles including the provision of public infrastructure, encouraging economic development, provision of visitor servicing, local marketing and the support of local events",17,0.925299624602,TAS_Unknown__2023_alignment
"Reliable and up-to-date AMPs (that flow through into a reliable and up-to-date SAMP and FMS) provide the foundation Council needs to make informed resource allocation decisions that adequately balance cost, risk and level of service to their communities in a way that is sustainable over the long term",7,0.6356259253621102,TAS_Unknown__2023_alignment
"They will be actively engaged in developing Council facilities, services and programs, and will be encouraged to provide input to planning for community needs",11,0.85,TAS_Unknown__2023_alignment
"Council also completed upgrades to the Waratah Community Hub, commenced Stage One of the Waratah Waterfall Walk, installed Tasmanian Tiger themed public art, addressed tip and town tidiness and in conjunction with the Community Board created a Community Directory and New Residents Kit While the plan is truly community-led, Council’s role is to provide strategic leadership in community development by taking an active role in mobilising community assets, identifying gaps and facilitating solutions",11,0.7917552583217622,TAS_Unknown__2023_alignment
"including ensuring that service levels are maintained, local representation is maintained, and the financial status of the community is strengthened",17,0.8957650264104208,TAS_Unknown__2023_alignment
"In the current year, Council has reviewed and assessed all the new accounting standards and interpretations that have been published, with future effective dates, and determined they are either not applicable to Council's activities or would have no material impact",12,0.404816459454596,TAS_Unknown__2023_alignment
A continuous foreshore trail that connects a series of nodes and passive recreation activities The trail also frames key views and draw people to the foreshore The final and major stage of works (at The Esplanade) are planned to start in September with the work scheduled to be completed in early 2025.,14,0.8651129636963208,TAS_Unknown_Urban_2024_alignment
"Council maintained its membership of the Northern Tasmanian Development Corporation, which is established to provide a regional approach to economic development across Northern Tasmania",8,0.4747137114405632,TAS_Unknown_Urban_2024_alignment
"ANNUAL REPORT FOREWORD Mayor Christina Holmdahl It is with significant pride that I present the West Tamar Council’s Annual Report for the 2023/24 financial year, highlighting our ongoing dedication to delivering quality infrastructure and services, as well as programs for our community Despite ongoing challenges faced by many councils in the Tasmanian local government sector, West Tamar Council has maintained its commitment to improving the quality of life for West Tamar residents while ensuring sustainable growth, financial security and ongoing development across the municipality",11,0.85,TAS_Unknown_Urban_2024_alignment
"Condition was assessed taking into account both physical characteristics as well as holistic factors such as functionality, capability, utilisation and obsolescence",12,0.4917256885766983,TAS_Unknown_Urban_2024_alignment
"BRIDGENORTH ROAD UPGRADE PROJECT ROADS, BRIDGES AND OTHER COMMUNITY INFRASTRUCTURE Bridgenorth Road Upgrade project was funded by West Tamar Council, the State Government through its Safer Rural Road Program ($100,000) and the Federal Government through its Local Roads and Community Infrastructure grant",11,0.85,TAS_Unknown_Urban_2024_alignment
"PLAYGROUND RENEWAL PROGRAM It also developed an all-new playground at Beauty Point as part of the town’s much‑vaunted foreshore development project, which alone was valued at almost quarter of a million dollars",11,0.8490508223474026,TAS_Unknown_Urban_2024_alignment
"Council’s management of the PEC provides a vital community facility that supports local arts, attracts events, and contributes to the regional economy The centre boosts local employment, drives visitor spending, and aligns with Council’s commitment to fostering economic growth and enhancing community infrastructure in the Whitsundays",8,0.7835972785949707,QLD_Unknown_Urban_2025_alignment
"Infrastructure Services To provide well-maintained, safe & efficient transport and stormwater networks, marine infrastructure, engineering services, cemetery and public open space management to meet the community's current and future needs",9,0.984337394952774,QLD_Unknown_Urban_2025_alignment
"Likewise, the External Auditors William Buck, along with the QAO representative on the Committee provided detailed commentaries on progress against the agreed Annual Audit Plan",17,0.6788354615370433,QLD_Unknown_Urban_2025_alignment
(f) Impairment of non-current assets Each non-current physical and intangible asset and group of assets is assessed for indicators of impairment annually,12,0.7261193808913231,QLD_Unknown_Urban_2025_alignment
"Internal controls including risk compliance, Management reports on key compliance areas of Workplace, Health and Safety, Human Resources Management, The Committee last reviewed the Charter at its November 2023 meeting against the Audit Committee Guidelines: Improving Accountability and Performance (Queensland Treasury) and Audit Committees: A guide to Good Practice",17,0.6973610321680705,QLD_Unknown_Urban_2025_alignment
"Waste & Recycling Strategy Director Infrastructure 0% Services NOT PROGRESSING PROGRESSING ON HOLD COMPLETED NOT STARTED Reference Operational Initiative Action Name Authorising Officer Name Status Progress Comments Water & Sewerage Infrastructure Asset Management Priorities Electrical, instrumentation and controllers condition assessment and predictive modelling for capital and maintenance program implemented Director Infrastructure Electrical, Instrumentation and Controllers condition assessment tender awarded and Underway",12,0.9563430908322336,QLD_Unknown_Urban_2025_alignment
"Renwick Road Shared Pathway During 2024/25, the Renwick Road shared path upgrade was completed, delivering more than one kilometre of three-metre-wide pathway between Gardenia Street and Stanbury Street in Proserpine The new path is already being well used and provides a safer, more accessible connection for students, families, and residents travelling through the area",11,0.6429099912047386,QLD_Unknown_Urban_2025_alignment
Rebates & Concessions The Whitsunday Regional Council granted a range of rebates and concessions for rates and charges financial year:,11,0.4548990168571472,QLD_Unknown_Urban_2025_alignment
"Mayor Ry Collins officially opened the event, welcoming attendees and introducing keynote speaker Anders Sörman-Nilsson, a futurist and innovation strategist As part of the program, students have participated in activities such as invasive weed removal and bollard installation, gaining hands-on skills in environmental management and infrastructure maintenance The event focused on key topics including digital transformation, artificial intelligence, sustainability, and the economic trends shaping the Whitsundays’ future",4,0.8981539011001587,QLD_Unknown_Urban_2025_alignment
"good asset management and sound rating practices Internal Auditors, Marsden (OCM) engaged with the CEO and Management on the Internal Audit function during the year and provided comprehensive oral and written reports to each Committee Meeting.",17,0.5634483695030212,QLD_Unknown_Urban_2025_alignment
"Local Housing Action Plan Council has adopted a Local Housing Action Plan (LHAP) in partnership with the Queensland Government and the Local Government Association of Queensland It proposes a principles-based framework that balances infrastructure capacity, environmental values, and planning objectives, while enabling a flexible and merit-based assessment pathway The LHAP identifies key priorities and actions to address the region’s housing needs, with a strong focus on collaboration between all levels of government, the private sector, and not-for-profit organisations",11,0.8330088672041892,QLD_Unknown_Urban_2025_alignment
"22 | Whitsunday Regional Council State of the Region Event Hands on Learning Program The 2025 State of the Region event was held on 27 March at the Proserpine Entertainment Centre, attracting a strong business and community turnout The Hands on Learning program, a partnership between Whitsunday Regional Council and Bowen State High School, provides students with practical, real-world experience while contributing to meaningful community projects",4,0.9988270699977876,QLD_Unknown_Urban_2025_alignment
All receivables are reviewed as at the reporting date and adequate allowance made for amounts the receipt of which is considered doubtful,10,0.485352519840002,SA_Unknown_Rural_2025_alignment
"LGA has been providing services since May 2025 and it was negotiated as a 12-month initial contract, which is working very well at this time; and has seen all financial reporting streamlined to a more user-friendly format",17,0.6777233878771465,SA_Unknown_Rural_2025_alignment
"Combined with the Maitland Family Centre opened in the previous financial year, Council has created 120 new childcare places for our community This was in direct response to calls from the community and is an increase from just 14-18 long daycare places that were previously available for the entire region",17,0.6378468374411266,SA_Unknown_Rural_2025_alignment
"Honeycomb currently support our website and provides adhoc design services as required With the changeover it has been identified that N&YLGA is currently holding a number of licences that are considered unnecessary, and I am working with them to streamline our operations in this regard",9,0.6563790236711502,SA_Unknown_Rural_2025_alignment
"Directors In relation to Local Government, the principles of competitive neutrality are designed to neutralise any net competitive advantage that a government or local government engaged in significant business activities would otherwise have, by virtue of its control by the government or local government, over private business operating in the same market",9,0.6563652241428694,SA_Unknown_Rural_2025_alignment
"Cat owners have been encouraged to register their cats into Dogs and Cats Online, (state dog and cat register) so that if their cat is detained, it can be returned as quickly as possible",15,0.6907980342706045,SA_Unknown_Rural_2025_alignment
"Vehicle access management at Daly Head Bush Camp, Gleesons’s Landing, and Len Barker Bush Camp The Grassroots Grant funded the removal of the declared weed Swamp Oak by contractor around patches of the important River Red Gums, with supporting in-kind works including:",15,0.9444437523682911,SA_Unknown_Rural_2025_alignment
"pump station 2 new odour vent installed, Pump stations 3 and 4 new level control, WWTP remote access system upgraded to 4G",7,0.8166054518024127,SA_Unknown_Rural_2025_alignment
Key Financial Ratios Council has adopted a set of key financial ratios in line with the targets set in its Long-Term Financial Plan and Annual Business Plan These financial ratios have been calculated in accordance with Information Paper 9,8,0.4645293225844701,SA_Unknown_Rural_2025_alignment
"I am currently reviewing and updating these policies, and they will be presented at forthcoming board meetings for review and ratification by the board",17,0.6848292549451193,SA_Unknown_Rural_2025_alignment
"Communications Plan I prepared and presented a Communications Plan for the N&YLGA which was endorsed at the June 2025 Board Meeting The plan was put together after reviewing the current website of N&YLGA, social media and general communications profile The emphasis of the plan going forward is to lift the profile of the association to ensure visibility to state and federal government agencies, and to be the point of attraction into the region for on-going engagement",17,0.9468113382657368,SA_Unknown_Rural_2025_alignment
strategic management of council infrastructure services & assets a Maintain and expand the connectivity of our community through a sustainable road network and planning for the necessary Council infrastructure that allows our multi,9,0.9929521323442458,SA_Unknown_Rural_2025_alignment
Corporate Management Team National Competition Policy The National Competition Policy (NCP) supports economic reform from practices that restrained Australian markets and industries,12,0.7176777020096778,SA_Unknown_Rural_2025_alignment
Water Infrastructure A roadside vegetation program was completed throughout the entire Council district which included intersection clearance for safe sight distance and road corridor clearance,11,0.8111199704408646,SA_Unknown_Rural_2025_alignment
I introduced the Equip project to the region and this will deliver climate adaptation on the ground in the local community of Orroroo Carrieton,13,0.9962524344921112,SA_Unknown_Rural_2025_alignment
Loan and debt guarantee fees The debt guarantee fee is designed to ensure that Council business activities face ‘true’ commercial borrowing costs in line with private sector competitors,8,0.4970588465531667,NSW_Unknown_Rural_2023_alignment
"During the reporting period the following categories of information have been published on Yass Valley Council’s website:  Policies  Delegations  Contracts  Political donations  Environmental Planning Instruments During the reporting period the following documents relevant to the GIPA Act have been published on Yass Valley Council’s website:  Access to Information Policy  How can I gain access to Council Information, Documents or Records",11,0.5402566810846329,NSW_Unknown_Rural_2023_alignment
"Highlights New oval light installed at Clarrie Cassidy Memorial Oval, Wyndham Clarrie Cassidy Memorial Oval renewal and upgrade Oval Lighting The Shire completed stage one of the Clarrie Cassidy Memorial Oval upgrade project in Wyndham during this reporting period The project included the installation of LED light towers replacing lighting that did not meet current requirements for sports such as AFL The new lights were partially funded by the State Government’s CSRFF grant of $591,783, the $400,000 from the Shire",7,0.644185776213805,WA_Unknown_Rural_2023_alignment
"During the year the Shire provided financial assistance to eleven community events and these are listed in the below table The Shire hosts smaller community BBQs and gatherings throughout the year for things such as Thank A Volunteer Day and Road Safety Week The Shire will often put on free food and advertise the context of the event for the community, celebrating, thanking and informing everyone The spectacular natural environment and relaxed lifestyle on offer are some of the main attractions of living in the Shire It is important to maintain a balance so that the region can grow and thrive without compromising these lifestyle benefits The natural wilderness continues to contribute to our lifestyle and is a major attraction for visitors It provides us with a variety of benefits, including improved environmental management and biodiversity outcomes, as well as opportunities for recreation and education",15,0.924043466647466,WA_Unknown_Rural_2023_alignment
"Funding for not for profit community groups with a COMMUNITY PROGRAMS GRANT Building awareness and capacity for KTPL To increase capacity of the Kununurra Toy and Puzzle Library by increasing memberships, purchasing contemporary toys and holding a community engagement event",17,0.7678828636805217,WA_Unknown_Rural_2023_alignment
Construction of a new cotton gin in Kununurra in 2023/2024 financial year will support the development of additional irrigated land for agriculture,2,0.970669179558754,WA_Unknown_Rural_2023_alignment
"Key to this was establishing a new vision, being “Connecting our cultures, striving for prosperity, celebrating the spirit of country and community”, which I believe is an excellent springboard for the Shire to instigate real change The Plan delivers three focus areas being Liveability, Connection and Sustainability",11,0.8083613243699074,WA_Unknown_Rural_2023_alignment
"Cotton Gin Development During the year the Northern Australia Infrastructure Facility (NAIF), a Coalition Government initiative, delivered a $34 million loan to support a new cotton gin in the East Kimberley The project is forecast to deliver at least $250 million of direct public benefit to the region, creating a new cotton industry in the Ord Valley and a multitude of direct and indirect employment and business opportunities",17,0.8057181040445964,WA_Unknown_Rural_2023_alignment
"2022-23 Annual Report of the MacDonnell Regional Council Children’s Services Children’s Services programs, known on community as MacKids, delivers Early Learning programs for children from birth to school age, in 10 of MRC’s remote communities",4,0.9986060559749604,NT_Unknown__2023_alignment
Empowered communities 3.1 Young people are empowered to be engaged representatives Strategy KPI Target Date Rating Comment Develop and maintain Youth Boards in the 9 MacYouth communities,17,0.7396861414114635,NT_Unknown__2023_alignment
June Local Authorities engage with Youth Boards Local Authority Project Funding continues to be allocated to local Youth Board identified projects,17,0.8122381567955017,NT_Unknown__2023_alignment
"Council has developed Cemetery Management Guidelines, providing the basis of a four-level implementation plan for cemeteries This outlines the service level standards that Council aims to achieve, taking into account the Council’s goal of ‘Developing Communities’ and relevant legislation",3,0.5364018479983013,NT_Unknown__2023_alignment
All receivables are reviewed as at the reporting date and adequate allowance made for amounts the receipt of which is considered All financial instruments are recognised at fair value at the date of recognition,17,0.5774003267288208,NT_Unknown__2023_alignment
"LED lighting, water saving devices and solar panels to be introduced to council buildings to improve energy efficiency and decrease power and water consumption",7,0.9821372497081756,NT_Unknown__2023_alignment
"KEY ACHIEVEMENTS: MacDonnell Regional Council has purchased Road Grader as well as a new 20Tonne John Deere Wheel Loader, modernising our heavy vehicle fleet with the latest and safest mobile Plant to ensure the safety and efficiency of our team",11,0.5508743808269501,NT_Unknown__2023_alignment
"At each reporting date, the Council reviews the carrying amounts of its tangible and intangible assets to determine whether there is any indication that those assets have suffered an impairment loss If any such indication exists, the recoverable amount of the asset is estimated in order to determine the extent of the impairment loss (if any)",12,0.6461095610260964,NT_Unknown__2023_alignment
plans developed and adopted over 5 years Develop MRC Community Infrastructure Plans to guide infrastructure investment and development June Works are ongoing and on schedule,9,0.9978405174016952,NT_Unknown__2023_alignment
Develop best practice Work Health and Safety strategy Work Health and Safety Electronic Management System implemented and all staff have received training,3,1.0,NT_Unknown__2023_alignment
2022-23 Annual Report of the MacDonnell Regional Council Airstrips KEY ACHIEVEMENTS: The council has been awarded a three year maintenance contract for 9 airstrips in our region.,11,0.7000188291966915,NT_Unknown__2023_alignment
June Governance training is delivered to all appointed members of Local Authorities All Local Authority members complete the governance training program within 12 months of appointment,17,0.7001692056655884,NT_Unknown__2023_alignment
"To further support our Wardens, Safety has started to visit offices across communities and assisting departments to conduct emergency evacuation drills This has been well received and has improved the readiness of staff to deal with any emergencies",3,0.5891991953055065,NT_Unknown__2023_alignment
"Warrumbungle Shire 2022/23 Council Annual Report GOVERNMENT INFORMATION (PUBLIC ACCESS) Each agency (other than a Minister) must, within 4 months after the end of each reporting year, prepare an annual report on the agency’s obligations under this Act for submission to the Minister responsible for the agency",11,0.5575846853852272,NSW_Unknown__2023_alignment
They also provide rural road addressing services across the Shire and GIS services to the organisation The team also provides project management services for grant funded projects,11,0.6504709652662277,NSW_Unknown__2023_alignment
Council also delivered upgrades to the water disinfection systems in both Coolah and Dunedoo converting both systems from liquid chlorine to chlorine gas to further improve water quality,6,0.9617986959218978,NSW_Unknown__2023_alignment
"Covid-19 restrictions lifting in 2023 enabled Children’s Services to resume many of their community programs and hold a number of events including the Active Lorikeets Program with Community Health, Healthy Harold visits, the PALS program with Centacare, a Book Fair and Parade, Transition to School programs and National Simultaneous Storytime",4,0.8085804680983226,NSW_Unknown__2023_alignment
"Monkey Room This Mobile Preschool, in conjunction with Connect Five Children’s Services supports Yuluwirri Kids waiting lists for children aged 3-5 years who want to attend Preschool This is funded by NSW Government Mobile Preschool Funding for children enrolled in mobile preschools in regional and remote NSW",4,0.8930226961771648,NSW_Unknown__2023_alignment
Our rural setting provides children with opportunities to play in and explore their natural environment and our communities have easy access to a wide range of active and passive recreational pursuits,17,0.6851195792357128,NSW_Unknown__2023_alignment
A new inlet works was also constructed at the Baradine Sewerage Treatment Plant to improve treatment capabilities at the facility The Telemetry network was also commissioned which provides online monitoring and supervisory control of sewerage assets within the Warrumbungle Sewer network,6,0.9862830384373664,NSW_Unknown__2023_alignment
"Community Care Warrumbungle Community Care (WCC) provides a range of programs across the Shire to assist the frail aged, people with a disability and their carers",3,0.7375129908323288,NSW_Unknown__2023_alignment
"__________________________________________________________________________ Warrumbungle Community Care (WCC) supports people being cared for by carers and the carers themselves by raising awareness and promoting the care relationship principles The care relationship principles are used for assessing, planning, delivering, managing and reviewing support services, programs and policies",17,0.6892100969950359,NSW_Unknown__2023_alignment
