filename,path,state,council,year,has_financial_statements,financial_heading,financial_page,total_pages,total_chars
VIC_Murrindindi_Rural_2025.pdf,2025/VIC/VIC_Murrindindi_Rural_2025.pdf,VIC,Murrindindi,2025,True,financial statements,66.0,108,322200
VIC_Yarra_Urban_2025.pdf,2025/VIC/VIC_Yarra_Urban_2025.pdf,VIC,Yarra,2025,True,financial statements,32.0,280,388416
VIC_Brimbank_Urban_2025.pdf,2025/VIC/VIC_Brimbank_Urban_2025.pdf,VIC,Brimbank,2025,True,notes to financial statements,152.0,210,453018
VIC_West Wimmera_Rural_2025.pdf,2025/VIC/VIC_West Wimmera_Rural_2025.pdf,VIC,West Wimmera,2025,True,financial statements,4.0,169,313279
VIC_Latrobe_Urban_2025.pdf,2025/VIC/VIC_Latrobe_Urban_2025.pdf,VIC,Latrobe,2025,True,statement of changes in equity,35.0,67,269939
VIC_Mount Alexander_Urban_2025.pdf,2025/VIC/VIC_Mount Alexander_Urban_2025.pdf,VIC,Mount Alexander,2025,True,statement of cash flows,116.0,164,331325
VIC_Bass Coast_Urban_2025.pdf,2025/VIC/VIC_Bass Coast_Urban_2025.pdf,VIC,Bass Coast,2025,True,financial statements,45.0,93,315747
VIC_Corangamite_Rural_2025.pdf,2025/VIC/VIC_Corangamite_Rural_2025.pdf,VIC,Corangamite,2025,True,financial statements,98.0,158,285248
VIC_Hepburn_Rural_2025.pdf,2025/VIC/VIC_Hepburn_Rural_2025.pdf,VIC,Hepburn,2025,True,financial statements,121.0,191,408285
VIC_Moonee Valley_Urban_2025.pdf,2025/VIC/VIC_Moonee Valley_Urban_2025.pdf,VIC,Moonee Valley,2025,True,statement of changes in equity,157.0,259,358740
VIC_Alpine_Rural_2025.pdf,2025/VIC/VIC_Alpine_Rural_2025.pdf,VIC,Alpine,2025,True,financial statements,5.0,158,346750
VIC_Cardinia_Urban_2025.pdf,2025/VIC/VIC_Cardinia_Urban_2025.pdf,VIC,Cardinia,2025,True,financial statements,3.0,181,350732
VIC_Northern Grampians_Rural_2025.pdf,2025/VIC/VIC_Northern Grampians_Rural_2025.pdf,VIC,Northern Grampians,2025,True,financial statements,3.0,180,370814
VIC_Buloke_Rural_2025.pdf,2025/VIC/VIC_Buloke_Rural_2025.pdf,VIC,Buloke,2025,True,financial statements,59.0,132,245176
VIC_Moyne_Rural_2025.pdf,2025/VIC/VIC_Moyne_Rural_2025.pdf,VIC,Moyne,2025,True,financial statements,60.0,132,151472
VIC_Baw Baw_Urban_2025.pdf,2025/VIC/VIC_Baw Baw_Urban_2025.pdf,VIC,Baw Baw,2025,True,financial statements,2.0,82,342567
VIC_Horsham_Urban_2025.pdf,2025/VIC/VIC_Horsham_Urban_2025.pdf,VIC,Horsham,2025,True,financial statements,46.0,73,335971
VIC_Glen Eira_Urban_2025.pdf,2025/VIC/VIC_Glen Eira_Urban_2025.pdf,VIC,Glen Eira,2025,True,financial statements,138.0,224,430128
VIC_Casey_Urban_2025.pdf,2025/VIC/VIC_Casey_Urban_2025.pdf,VIC,Casey,2025,True,financial statements,84.0,116,438534
VIC_Nillumbik_Urban_2025.pdf,2025/VIC/VIC_Nillumbik_Urban_2025.pdf,VIC,Nillumbik,2025,True,financial statements,212.0,296,615165
VIC_Hobsons Bay_Urban_2025.pdf,2025/VIC/VIC_Hobsons Bay_Urban_2025.pdf,VIC,Hobsons Bay,2025,False,,,128,263634
VIC_Indigo_Rural_2025.pdf,2025/VIC/VIC_Indigo_Rural_2025.pdf,VIC,Indigo,2025,True,financial statements,42.0,82,261832
VIC_Darebin_Urban_2025.pdf,2025/VIC/VIC_Darebin_Urban_2025.pdf,VIC,Darebin,2025,True,certified financial statements,142.0,238,353389
VIC_Macedon Ranges_Urban_2025.pdf,2025/VIC/VIC_Macedon Ranges_Urban_2025.pdf,VIC,Macedon Ranges,2025,True,statement of changes in equity,144.0,212,438604
VIC_Maribyrnong_Urban_2025.pdf,2025/VIC/VIC_Maribyrnong_Urban_2025.pdf,VIC,Maribyrnong,2025,True,financial statements,184.0,258,487892
VIC_Hindmarsh_Rural_2025.pdf,2025/VIC/VIC_Hindmarsh_Rural_2025.pdf,VIC,Hindmarsh,2025,True,financial statements,121.0,198,191760
VIC_Wodonga_Urban_2025.pdf,2025/VIC/VIC_Wodonga_Urban_2025.pdf,VIC,Wodonga,2025,True,financial statements,87.0,148,332557
VIC_Central Goldfields_Rural_2025.pdf,2025/VIC/VIC_Central Goldfields_Rural_2025.pdf,VIC,Central Goldfields,2025,True,financial statements,2.0,75,293047
VIC_Surf Coast_Urban_2025.pdf,2025/VIC/VIC_Surf Coast_Urban_2025.pdf,VIC,Surf Coast,2025,True,financial statements,6.0,195,343380
VIC_Loddon_Rural_2025.pdf,2025/VIC/VIC_Loddon_Rural_2025.pdf,VIC,Loddon,2025,True,financial statements,130.0,137,258092
VIC_Glenelg_Urban_2025.pdf,2025/VIC/VIC_Glenelg_Urban_2025.pdf,VIC,Glenelg,2025,True,financial statements,98.0,153,321210
VIC_Merri Bek_Urban_2025.pdf,2025/VIC/VIC_Merri Bek_Urban_2025.pdf,VIC,Merri Bek,2025,True,statement of changes in equity,153.0,211,436226
VIC_Ballarat_Urban_2025.pdf,2025/VIC/VIC_Ballarat_Urban_2025.pdf,VIC,Ballarat,2025,True,financial statements,2.0,156,305528
VIC_Monash_Urban_2025.pdf,2025/VIC/VIC_Monash_Urban_2025.pdf,VIC,Monash,2025,True,financial statements,162.0,228,366654
VIC_Yarriambiack_Rural_2025.pdf,2025/VIC/VIC_Yarriambiack_Rural_2025.pdf,VIC,Yarriambiack,2025,True,notes to the financial statements,102.0,156,332860
VIC_Whittlesea_Urban_2025.pdf,2025/VIC/VIC_Whittlesea_Urban_2025.pdf,VIC,Whittlesea,2025,True,financial statements,5.0,141,539825
VIC_Southern Grampians_Rural_2025.pdf,2025/VIC/VIC_Southern Grampians_Rural_2025.pdf,VIC,Southern Grampians,2025,True,statement of cash flows,25.0,169,307169
VIC_Melbourne_Urban_2025.pdf,2025/VIC/VIC_Melbourne_Urban_2025.pdf,VIC,Melbourne,2025,True,financial statements,224.0,338,587097
VIC_Hume_Urban_2025.pdf,2025/VIC/VIC_Hume_Urban_2025.pdf,VIC,Hume,2025,True,financial statement,94.0,182,348931
VIC_Towong_Rural_2025.pdf,2025/VIC/VIC_Towong_Rural_2025.pdf,VIC,Towong,2025,True,financial statements,64.0,149,307192
VIC_Strathbogie_Rural_2025.pdf,2025/VIC/VIC_Strathbogie_Rural_2025.pdf,VIC,Strathbogie,2025,True,statement of changes in equity,3.0,152,336185
VIC_Shepparton_Urban_2025.pdf,2025/VIC/VIC_Shepparton_Urban_2025.pdf,VIC,Shepparton,2025,True,financial statements,3.0,214,342558
VIC_Boroondara_Urban_2025.pdf,2025/VIC/VIC_Boroondara_Urban_2025.pdf,VIC,Boroondara,2025,True,financial statements,3.0,256,447348
VIC_Ararat_Rural_2025.pdf,2025/VIC/VIC_Ararat_Rural_2025.pdf,VIC,Ararat,2025,True,notes to the financial statements,2.0,70,153619
VIC_Colac Otway_Urban_2025.pdf,2025/VIC/VIC_Colac Otway_Urban_2025.pdf,VIC,Colac Otway,2025,True,financial statements,6.0,168,347805
VIC_Bayside_Urban_2025.pdf,2025/VIC/VIC_Bayside_Urban_2025.pdf,VIC,Bayside,2025,True,financial statements,104.0,188,343922
VIC_Wellington_Urban_2025.pdf,2025/VIC/VIC_Wellington_Urban_2025.pdf,VIC,Wellington,2025,True,financial statements,146.0,209,437357
VIC_Bendigo_Urban_2025.pdf,2025/VIC/VIC_Bendigo_Urban_2025.pdf,VIC,Bendigo,2025,True,financial statements,3.0,172,318529
VIC_Melton_Urban_2025.pdf,2025/VIC/VIC_Melton_Urban_2025.pdf,VIC,Melton,2025,True,financial statements,67.0,96,404081
VIC_Maroondah_Urban_2025.pdf,2025/VIC/VIC_Maroondah_Urban_2025.pdf,VIC,Maroondah,2025,True,financial statements,176.0,280,597735
VIC_Gannawarra_Rural_2025.pdf,2025/VIC/VIC_Gannawarra_Rural_2025.pdf,VIC,Gannawarra,2025,True,financial statements,70.0,140,312061
VIC_Yarra Ranges_Urban_2025.pdf,2025/VIC/VIC_Yarra Ranges_Urban_2025.pdf,VIC,Yarra Ranges,2025,False,,,88,135441
VIC_Moorabool_Urban_2025.pdf,2025/VIC/VIC_Moorabool_Urban_2025.pdf,VIC,Moorabool,2025,True,statement of changes in equity,83.0,146,253306
VIC_Warrnambool_Urban_2025.pdf,2025/VIC/VIC_Warrnambool_Urban_2025.pdf,VIC,Warrnambool,2025,True,financial statements,92.0,153,292176
VIC_Moira_Urban_2025.pdf,2025/VIC/VIC_Moira_Urban_2025.pdf,VIC,Moira,2025,True,statement of changes in equity,3.0,156,340807
VIC_Port Phillip_Urban_2025.pdf,2025/VIC/VIC_Port Phillip_Urban_2025.pdf,VIC,Port Phillip,2025,True,statement of changes in equity,245.0,343,723215
VIC_Golden Plains_Urban_2025.pdf,2025/VIC/VIC_Golden Plains_Urban_2025.pdf,VIC,Golden Plains,2025,True,financial statements,16.0,172,347690
VIC_Pyrenees_Rural_2025.pdf,2025/VIC/VIC_Pyrenees_Rural_2025.pdf,VIC,Pyrenees,2025,True,financial statements,100.0,204,399898
VIC_Knox_Urban_2025.pdf,2025/VIC/VIC_Knox_Urban_2025.pdf,VIC,Knox,2025,True,financial statements,14.0,218,375553
VIC_Queenscliffe_Urban_2025.pdf,2025/VIC/VIC_Queenscliffe_Urban_2025.pdf,VIC,Queenscliffe,2025,True,financial statements,5.0,164,351672
VIC_Campaspe_Urban_2025.pdf,2025/VIC/VIC_Campaspe_Urban_2025.pdf,VIC,Campaspe,2025,True,financial statements,95.0,184,328533
VIC_Mornington Peninsula_Urban_2025.pdf,2025/VIC/VIC_Mornington Peninsula_Urban_2025.pdf,VIC,Mornington Peninsula,2025,True,financial statements,84.0,132,457522
VIC_Mildura_Urban_2025.pdf,2025/VIC/VIC_Mildura_Urban_2025.pdf,VIC,Mildura,2025,True,financial statements,118.0,225,208072
VIC_Swan Hill_Urban_2025.pdf,2025/VIC/VIC_Swan Hill_Urban_2025.pdf,VIC,Swan Hill,2025,True,financial statements,4.0,187,340356
VIC_Kingston_Urban_2025.pdf,2025/VIC/VIC_Kingston_Urban_2025.pdf,VIC,Kingston,2025,True,financial statements,155.0,230,538643
VIC_Geelong_Urban_2025.pdf,2025/VIC/VIC_Geelong_Urban_2025.pdf,VIC,Geelong,2025,True,statement of changes in equity,123.0,147,277236
VIC_South Gippsland_Urban_2025.pdf,2025/VIC/VIC_South Gippsland_Urban_2025.pdf,VIC,South Gippsland,2025,True,financial statements,107.0,171,325962
VIC_Benalla_Rural_2025.pdf,2025/VIC/VIC_Benalla_Rural_2025.pdf,VIC,Benalla,2025,True,financial statements,74.0,136,242777
VIC_Frankston_Urban_2025.pdf,2025/VIC/VIC_Frankston_Urban_2025.pdf,VIC,Frankston,2025,True,notes to the financial statements,3.0,228,454853
VIC_Wangaratta_Urban_2025.pdf,2025/VIC/VIC_Wangaratta_Urban_2025.pdf,VIC,Wangaratta,2025,True,financial statements,77.0,134,333412
VIC_Stonnington_Urban_2025.pdf,2025/VIC/VIC_Stonnington_Urban_2025.pdf,VIC,Stonnington,2025,True,financial statements,157.0,224,469557
VIC_Banyule_Urban_2025.pdf,2025/VIC/VIC_Banyule_Urban_2025.pdf,VIC,Banyule,2025,True,financial statements,3.0,198,392873
VIC_Dandenong_Urban_2025.pdf,2025/VIC/VIC_Dandenong_Urban_2025.pdf,VIC,Dandenong,2025,True,statement of changes in equity,159.0,238,398331
VIC_Wyndham_Urban_2025.pdf,2025/VIC/VIC_Wyndham_Urban_2025.pdf,VIC,Wyndham,2025,False,,,211,449490
VIC_East Gippsland_Urban_2025.pdf,2025/VIC/VIC_East Gippsland_Urban_2025.pdf,VIC,East Gippsland,2025,True,financial statements,130.0,221,406347
VIC_Mansfield_Rural_2025.pdf,2025/VIC/VIC_Mansfield_Rural_2025.pdf,VIC,Mansfield,2025,True,financial statements,63.0,151,283274
VIC_Manningham_Urban_2025.pdf,2025/VIC/VIC_Manningham_Urban_2025.pdf,VIC,Manningham,2025,True,financial statements,243.0,324,427403
VIC_Mitchell_Urban_2025.pdf,2025/VIC/VIC_Mitchell_Urban_2025.pdf,VIC,Mitchell,2025,True,statement of changes in equity,222.0,292,482443
VIC_Whitehorse_Urban_2025.pdf,2025/VIC/VIC_Whitehorse_Urban_2025.pdf,VIC,Whitehorse,2025,True,notes to the financial statements,119.0,172,341494
NT_Darwin_Urban_2025.pdf,2025/NT/NT_Darwin_Urban_2025.pdf,NT,Darwin,2025,True,audited financial statements,7.0,170,310197
NT_Barkly_Rural_2025.pdf,2025/NT/NT_Barkly_Rural_2025.pdf,NT,Barkly,2025,True,general purpose financial statements,3.0,84,51551
NT_West Arnhem_Rural_2025.pdf,2025/NT/NT_West Arnhem_Rural_2025.pdf,NT,West Arnhem,2025,True,financial statement,72.0,113,223545
NT_Roper Gulf_Rural_2025.pdf,2025/NT/NT_Roper Gulf_Rural_2025.pdf,NT,Roper Gulf,2025,True,statement of cash flows,5.0,152,222598
NT_Central Desert_Rural_2025.pdf,2025/NT/NT_Central Desert_Rural_2025.pdf,NT,Central Desert,2025,True,financial statements,3.0,88,186844
NT_Macdonnell_Rural_2025.pdf,2025/NT/NT_Macdonnell_Rural_2025.pdf,NT,Macdonnell,2025,True,statement of comprehensive income,49.0,69,209736
NT_Alice Springs_Urban_2025.pdf,2025/NT/NT_Alice Springs_Urban_2025.pdf,NT,Alice Springs,2025,True,general purpose financial statements,51.0,102,161788
NT_Palmerston_Urban_2025.pdf,2025/NT/NT_Palmerston_Urban_2025.pdf,NT,Palmerston,2025,True,financial statements,3.0,120,240483
NT_Tiwi Islands_Rural_2025.pdf,2025/NT/NT_Tiwi Islands_Rural_2025.pdf,NT,Tiwi Islands,2025,True,statement of comprehensive income,44.0,82,131269
NT_Victoria Daly_Rural_2025.pdf,2025/NT/NT_Victoria Daly_Rural_2025.pdf,NT,Victoria Daly,2025,True,statement of financial position,38.0,55,178155
NT_East Arnhem_Rural_2025.pdf,2025/NT/NT_East Arnhem_Rural_2025.pdf,NT,East Arnhem,2025,True,financial statement,64.0,104,357272
NT_West Daly_Rural_2025.pdf,2025/NT/NT_West Daly_Rural_2025.pdf,NT,West Daly,2025,True,statement of comprehensive income,49.0,84,146511
NT_Katherine_Rural_2025.pdf,2025/NT/NT_Katherine_Rural_2025.pdf,NT,Katherine,2025,True,statement of financial position,56.0,84,182526
NT_Litchfield_Urban_2025.pdf,2025/NT/NT_Litchfield_Urban_2025.pdf,NT,Litchfield,2025,True,audited financial statements,45.0,118,232994
NT_Coomalie_Rural_2025.pdf,2025/NT/NT_Coomalie_Rural_2025.pdf,NT,Coomalie,2025,True,statement of comprehensive income,54.0,90,98244
NT_Wagait_Urban_2025.pdf,2025/NT/NT_Wagait_Urban_2025.pdf,NT,Wagait,2025,True,statement of financial position,36.0,66,138343
SA_Mount Barker_Urban_2025.pdf,2025/SA/SA_Mount Barker_Urban_2025.pdf,SA,Mount Barker,2025,False,,,40,46473
SA_Naracoorte Lucindale_Rural_2025.pdf,2025/SA/SA_Naracoorte Lucindale_Rural_2025.pdf,SA,Naracoorte Lucindale,2025,True,financial statements,22.0,121,202543
SA_Coober Pedy_Rural_2025.pdf,2025/SA/SA_Coober Pedy_Rural_2025.pdf,SA,Coober Pedy,2025,True,audited financial statements,4.0,116,214656
SA_Cleve_Rural_2025.pdf,2025/SA/SA_Cleve_Rural_2025.pdf,SA,Cleve,2025,True,financial statements,25.0,90,131420
SA_Prospect_Urban_2025.pdf,2025/SA/SA_Prospect_Urban_2025.pdf,SA,Prospect,2025,True,financial statements,55.0,256,265157
SA_Flinders Ranges_Rural_2025.pdf,2025/SA/SA_Flinders Ranges_Rural_2025.pdf,SA,Flinders Ranges,2025,True,general purpose financial statements,34.0,129,219853
SA_Loxton Waikerie_Rural_2025.pdf,2025/SA/SA_Loxton Waikerie_Rural_2025.pdf,SA,Loxton Waikerie,2025,True,financial statements,6.0,150,156655
SA_Adelaide Plains_Rural_2025.pdf,2025/SA/SA_Adelaide Plains_Rural_2025.pdf,SA,Adelaide Plains,2025,True,financial statements,85.0,228,383651
SA_Charles Sturt_Urban_2025.pdf,2025/SA/SA_Charles Sturt_Urban_2025.pdf,SA,Charles Sturt,2025,True,general purpose financial statements,79.0,228,377509
SA_Streaky Bay_Rural_2025.pdf,2025/SA/SA_Streaky Bay_Rural_2025.pdf,SA,Streaky Bay,2025,True,financial statements,2.0,188,302003
SA_Unley_Urban_2025.pdf,2025/SA/SA_Unley_Urban_2025.pdf,SA,Unley,2025,True,statement of comprehensive income,35.0,250,486342
SA_Campbelltown_Urban_2025.pdf,2025/SA/SA_Campbelltown_Urban_2025.pdf,SA,Campbelltown,2025,True,financial statements,3.0,72,97818
SA_Roxby Downs_Rural_2025.pdf,2025/SA/SA_Roxby Downs_Rural_2025.pdf,SA,Roxby Downs,2025,True,financial statements,28.0,152,235609
SA_Lower Eyre Peninsula_Rural_2025.pdf,2025/SA/SA_Lower Eyre Peninsula_Rural_2025.pdf,SA,Lower Eyre Peninsula,2025,True,audited financial statements,63.0,211,345380
SA_Renmark Paringa_Rural_2025.pdf,2025/SA/SA_Renmark Paringa_Rural_2025.pdf,SA,Renmark Paringa,2025,True,financial statements,70.0,158,229676
SA_Mid Murray_Rural_2025.pdf,2025/SA/SA_Mid Murray_Rural_2025.pdf,SA,Mid Murray,2025,True,general purpose financial statements,68.0,152,256036
SA_Peterborough_Rural_2025.pdf,2025/SA/SA_Peterborough_Rural_2025.pdf,SA,Peterborough,2025,True,financial statements,1.0,128,232648
SA_Copper Coast_Rural_2025.pdf,2025/SA/SA_Copper Coast_Rural_2025.pdf,SA,Copper Coast,2025,True,financial statements,90.0,216,242745
SA_Light_Rural_2025.pdf,2025/SA/SA_Light_Rural_2025.pdf,SA,Light,2025,True,general purpose financial statements,3.0,224,273210
SA_Adelaide_Urban_2025.pdf,2025/SA/SA_Adelaide_Urban_2025.pdf,SA,Adelaide,2025,True,audited financial statements,3.0,52,146202
SA_Southern Mallee_Rural_2025.pdf,2025/SA/SA_Southern Mallee_Rural_2025.pdf,SA,Southern Mallee,2025,True,general purpose financial statements,53.0,148,240221
SA_Goyder_Rural_2025.pdf,2025/SA/SA_Goyder_Rural_2025.pdf,SA,Goyder,2025,True,statement of comprehensive income,146.0,248,363540
SA_Northern Areas_Rural_2025.pdf,2025/SA/SA_Northern Areas_Rural_2025.pdf,SA,Northern Areas,2025,True,general purpose financial statements,35.0,121,208454
SA_Tea Tree Gully_Urban_2025.pdf,2025/SA/SA_Tea Tree Gully_Urban_2025.pdf,SA,Tea Tree Gully,2025,True,financial statements,3.0,130,99768
SA_Clare Gilbert Valleys_Rural_2025.pdf,2025/SA/SA_Clare Gilbert Valleys_Rural_2025.pdf,SA,Clare Gilbert Valleys,2025,True,financial statements,30.0,157,265673
SA_Berri Barmera_Rural_2025.pdf,2025/SA/SA_Berri Barmera_Rural_2025.pdf,SA,Berri Barmera,2025,True,general purpose financial statements,54.0,134,225230
SA_Port Adelaide Enfield_Urban_2025.pdf,2025/SA/SA_Port Adelaide Enfield_Urban_2025.pdf,SA,Port Adelaide Enfield,2025,True,financial statements,46.0,152,280710
SA_Playford_Urban_2025.pdf,2025/SA/SA_Playford_Urban_2025.pdf,SA,Playford,2025,False,,,88,144435
SA_Kangaroo Island_Rural_2025.pdf,2025/SA/SA_Kangaroo Island_Rural_2025.pdf,SA,Kangaroo Island,2025,True,financial statements,72.0,230,405865
SA_Walkerville_Urban_2025.pdf,2025/SA/SA_Walkerville_Urban_2025.pdf,SA,Walkerville,2025,True,financial statements,50.0,181,519629
SA_Ceduna_Rural_2025.pdf,2025/SA/SA_Ceduna_Rural_2025.pdf,SA,Ceduna,2025,True,audited financial statements,28.0,164,259890
SA_Orroroo Carrieton_Rural_2025.pdf,2025/SA/SA_Orroroo Carrieton_Rural_2025.pdf,SA,Orroroo Carrieton,2025,True,statement of comprehensive income,41.0,144,261651
SA_Mount Remarkable_Rural_2025.pdf,2025/SA/SA_Mount Remarkable_Rural_2025.pdf,SA,Mount Remarkable,2025,True,statement of financial position,64.0,208,391160
SA_Yankalilla_Rural_2025.pdf,2025/SA/SA_Yankalilla_Rural_2025.pdf,SA,Yankalilla,2025,True,audited financial statements,99.0,266,445860
SA_Barunga West_Rural_2025.pdf,2025/SA/SA_Barunga West_Rural_2025.pdf,SA,Barunga West,2025,True,general purpose financial statements,52.0,156,283831
SA_Karoonda East Murray_Rural_2025.pdf,2025/SA/SA_Karoonda East Murray_Rural_2025.pdf,SA,Karoonda East Murray,2025,True,financial statements,2.0,122,175016
SA_Norwood Payneham St Peters_Urban_2025.pdf,2025/SA/SA_Norwood Payneham St Peters_Urban_2025.pdf,SA,Norwood Payneham St Peters,2025,True,financial statements,38.0,159,624087
SA_Whyalla_Rural_2025.pdf,2025/SA/SA_Whyalla_Rural_2025.pdf,SA,Whyalla,2025,True,financial statements,3.0,205,316865
SA_Marion_Urban_2025.pdf,2025/SA/SA_Marion_Urban_2025.pdf,SA,Marion,2025,True,statement of comprehensive income,67.0,184,297294
SA_Adelaide Hills_Urban_2025.pdf,2025/SA/SA_Adelaide Hills_Urban_2025.pdf,SA,Adelaide Hills,2025,True,financial statements,45.0,389,574613
SA_Murray Bridge_Rural_2025.pdf,2025/SA/SA_Murray Bridge_Rural_2025.pdf,SA,Murray Bridge,2025,True,audited financial statements,3.0,239,263931
SA_Coorong_Rural_2025.pdf,2025/SA/SA_Coorong_Rural_2025.pdf,SA,Coorong,2025,True,statement of comprehensive income,72.0,152,227431
SA_Kimba_Rural_2025.pdf,2025/SA/SA_Kimba_Rural_2025.pdf,SA,Kimba,2025,True,statement of comprehensive income,47.0,242,401128
SA_Port Augusta_Rural_2025.pdf,2025/SA/SA_Port Augusta_Rural_2025.pdf,SA,Port Augusta,2025,True,statement of comprehensive income,72.0,116,237291
SA_Gawler_Urban_2025.pdf,2025/SA/SA_Gawler_Urban_2025.pdf,SA,Gawler,2025,False,,,80,255952
SA_Port Lincoln_Urban_2025.pdf,2025/SA/SA_Port Lincoln_Urban_2025.pdf,SA,Port Lincoln,2025,True,statement of comprehensive income,59.0,202,345551
SA_Elliston_Rural_2025.pdf,2025/SA/SA_Elliston_Rural_2025.pdf,SA,Elliston,2025,True,statement of comprehensive income,106.0,172,261499
SA_Mitcham_Urban_2025.pdf,2025/SA/SA_Mitcham_Urban_2025.pdf,SA,Mitcham,2025,True,financial statements,66.0,124,230275
SA_The Barossa_Rural_2025.pdf,2025/SA/SA_The Barossa_Rural_2025.pdf,SA,The Barossa,2025,False,,,65,81082
SA_Port Pirie_Rural_2025.pdf,2025/SA/SA_Port Pirie_Rural_2025.pdf,SA,Port Pirie,2025,True,financial statements,3.0,164,289993
SA_Robe_Rural_2025.pdf,2025/SA/SA_Robe_Rural_2025.pdf,SA,Robe,2025,True,general purpose financial statements,45.0,137,242842
SA_West Torrens_Urban_2025.pdf,2025/SA/SA_West Torrens_Urban_2025.pdf,SA,West Torrens,2025,True,audited financial statements,71.0,200,368237
SA_Holdfast Bay_Urban_2025.pdf,2025/SA/SA_Holdfast Bay_Urban_2025.pdf,SA,Holdfast Bay,2025,True,audited financial statements,121.0,208,305357
SA_Salisbury_Urban_2025.pdf,2025/SA/SA_Salisbury_Urban_2025.pdf,SA,Salisbury,2025,True,general purpose financial statements,55.0,103,298616
SA_Franklin Harbour_Rural_2025.pdf,2025/SA/SA_Franklin Harbour_Rural_2025.pdf,SA,Franklin Harbour,2025,False,,,188,82163
SA_Alexandrina_Urban_2025.pdf,2025/SA/SA_Alexandrina_Urban_2025.pdf,SA,Alexandrina,2025,True,general purpose financial statements,68.0,260,475639
SA_Yorke Peninsula_Rural_2025.pdf,2025/SA/SA_Yorke Peninsula_Rural_2025.pdf,SA,Yorke Peninsula,2025,True,statement of comprehensive income,151.0,174,248823
SA_Grant_Rural_2025.pdf,2025/SA/SA_Grant_Rural_2025.pdf,SA,Grant,2025,True,financial statements,3.0,177,260848
SA_Burnside_Urban_2025.pdf,2025/SA/SA_Burnside_Urban_2025.pdf,SA,Burnside,2025,True,financial statement,140.0,264,401783
SA_Tatiara_Rural_2025.pdf,2025/SA/SA_Tatiara_Rural_2025.pdf,SA,Tatiara,2025,True,financial statement,47.0,160,264001
SA_Tumby Bay_Rural_2025.pdf,2025/SA/SA_Tumby Bay_Rural_2025.pdf,SA,Tumby Bay,2025,True,statement of comprehensive income,154.0,180,208557
SA_Kingston_Rural_2025.pdf,2025/SA/SA_Kingston_Rural_2025.pdf,SA,Kingston,2025,True,financial statements,155.0,230,538643
SA_Onkaparinga_Urban_2025.pdf,2025/SA/SA_Onkaparinga_Urban_2025.pdf,SA,Onkaparinga,2025,True,general purpose financial statements,3.0,170,244388
SA_Wudinna_Rural_2025.pdf,2025/SA/SA_Wudinna_Rural_2025.pdf,SA,Wudinna,2025,True,audited financial statements,5.0,121,174840
SA_Mount Gambier_Urban_2025.pdf,2025/SA/SA_Mount Gambier_Urban_2025.pdf,SA,Mount Gambier,2025,True,financial statements,124.0,232,442151
SA_Victor Harbor_Urban_2025.pdf,2025/SA/SA_Victor Harbor_Urban_2025.pdf,SA,Victor Harbor,2025,True,audited financial statements,109.0,190,280630
SA_Wattle Range_Rural_2025.pdf,2025/SA/SA_Wattle Range_Rural_2025.pdf,SA,Wattle Range,2025,True,financial statements,110.0,208,335737
QLD_Pormpuraaw_Rural_2025.pdf,2025/QLD/QLD_Pormpuraaw_Rural_2025.pdf,QLD,Pormpuraaw,2025,True,statement of comprehensive income,3.0,104,103390
QLD_Logan_Urban_2025.pdf,2025/QLD/QLD_Logan_Urban_2025.pdf,QLD,Logan,2025,True,general purpose financial statements,44.0,147,356727
QLD_Goldcoast_Urban_2025.pdf,2025/QLD/QLD_Goldcoast_Urban_2025.pdf,QLD,Goldcoast,2025,True,statement of comprehensive income,52.0,162,385587
QLD_Diamantina_Rural_2025.pdf,2025/QLD/QLD_Diamantina_Rural_2025.pdf,QLD,Diamantina,2025,True,financial statements,4.0,88,66152
QLD_Fraser Coast_Urban_2025.pdf,2025/QLD/QLD_Fraser Coast_Urban_2025.pdf,QLD,Fraser Coast,2025,True,financial statements,23.0,129,245154
QLD_Toowoomba_Urban_2025.pdf,2025/QLD/QLD_Toowoomba_Urban_2025.pdf,QLD,Toowoomba,2025,True,financial statements,51.0,120,101003
QLD_Ipswich_Urban_2025.pdf,2025/QLD/QLD_Ipswich_Urban_2025.pdf,QLD,Ipswich,2025,True,financial statements,3.0,164,245293
QLD_Scenic Rim_Urban_2025.pdf,2025/QLD/QLD_Scenic Rim_Urban_2025.pdf,QLD,Scenic Rim,2025,True,financial statements,3.0,168,347734
QLD_Etheridge_Rural_2025.pdf,2025/QLD/QLD_Etheridge_Rural_2025.pdf,QLD,Etheridge,2025,True,financial statements,33.0,57,104479
QLD_Townsville_Urban_2025.pdf,2025/QLD/QLD_Townsville_Urban_2025.pdf,QLD,Townsville,2025,True,general purpose financial statements,3.0,128,263780
QLD_Moreton Bay_Urban_2025.pdf,2025/QLD/QLD_Moreton Bay_Urban_2025.pdf,QLD,Moreton Bay,2025,True,financial statements,5.0,180,237952
QLD_Tablelands_Urban_2025.pdf,2025/QLD/QLD_Tablelands_Urban_2025.pdf,QLD,Tablelands,2025,True,statement of comprehensive income,4.0,112,215019
QLD_Goondiwindi_Rural_2025.pdf,2025/QLD/QLD_Goondiwindi_Rural_2025.pdf,QLD,Goondiwindi,2025,True,financial statements,23.0,92,153977
QLD_Winton_Rural_2025.pdf,2025/QLD/QLD_Winton_Rural_2025.pdf,QLD,Winton,2025,True,financial statements,7.0,99,181808
QLD_Central Highlands_Urban_2025.pdf,2025/QLD/QLD_Central Highlands_Urban_2025.pdf,QLD,Central Highlands,2025,True,general purpose financial statements,60.0,101,340356
QLD_Noosa_Urban_2025.pdf,2025/QLD/QLD_Noosa_Urban_2025.pdf,QLD,Noosa,2025,True,statement of financial position,48.0,74,134303
QLD_Western Downs_Urban_2025.pdf,2025/QLD/QLD_Western Downs_Urban_2025.pdf,QLD,Western Downs,2025,True,general purpose financial statements,3.0,90,108965
QLD_Flinders_Rural_2025.pdf,2025/QLD/QLD_Flinders_Rural_2025.pdf,QLD,Flinders,2025,True,notes to the financial statements,52.0,75,81700
QLD_Murweh_Rural_2025.pdf,2025/QLD/QLD_Murweh_Rural_2025.pdf,QLD,Murweh,2025,True,audited financial statements,5.0,89,116616
QLD_Cloncurry_Rural_2025.pdf,2025/QLD/QLD_Cloncurry_Rural_2025.pdf,QLD,Cloncurry,2025,True,financial statements,3.0,138,138782
QLD_Mckinlay_Rural_2025.pdf,2025/QLD/QLD_Mckinlay_Rural_2025.pdf,QLD,Mckinlay,2025,True,financial statements,2.0,102,107510
QLD_Gladstone_Urban_2025.pdf,2025/QLD/QLD_Gladstone_Urban_2025.pdf,QLD,Gladstone,2025,True,financial statements,4.0,178,340585
QLD_Burke_Rural_2025.pdf,2025/QLD/QLD_Burke_Rural_2025.pdf,QLD,Burke,2025,True,financial statements,15.0,94,89745
QLD_Whitsunday_Urban_2025.pdf,2025/QLD/QLD_Whitsunday_Urban_2025.pdf,QLD,Whitsunday,2025,True,financial statements,46.0,117,263859
QLD_Kowanyama_Rural_2025.pdf,2025/QLD/QLD_Kowanyama_Rural_2025.pdf,QLD,Kowanyama,2025,True,financial statements,14.0,59,201220
QLD_Redland_Urban_2025.pdf,2025/QLD/QLD_Redland_Urban_2025.pdf,QLD,Redland,2025,True,financial statements,4.0,128,327558
QLD_Croydon_Rural_2025.pdf,2025/QLD/QLD_Croydon_Rural_2025.pdf,QLD,Croydon,2025,True,statement of financial position,3.0,84,77512
QLD_Quilpie_Rural_2025.pdf,2025/QLD/QLD_Quilpie_Rural_2025.pdf,QLD,Quilpie,2025,True,general purpose financial statements,5.0,170,360757
QLD_Rockhampton_Urban_2025.pdf,2025/QLD/QLD_Rockhampton_Urban_2025.pdf,QLD,Rockhampton,2025,True,financial statements,6.0,145,234922
QLD_Hope Vale_Rural_2025.pdf,2025/QLD/QLD_Hope Vale_Rural_2025.pdf,QLD,Hope Vale,2025,True,audited financial statements,3.0,85,153128
QLD_Paroo_Rural_2025.pdf,2025/QLD/QLD_Paroo_Rural_2025.pdf,QLD,Paroo,2025,True,statement of cash flows,33.0,78,57329
QLD_Carpentaria_Rural_2025.pdf,2025/QLD/QLD_Carpentaria_Rural_2025.pdf,QLD,Carpentaria,2025,True,financial statements,4.0,96,105385
QLD_Napranum_Rural_2025.pdf,2025/QLD/QLD_Napranum_Rural_2025.pdf,QLD,Napranum,2025,True,statement of comprehensive income,57.0,104,181611
QLD_Banana_Rural_2025.pdf,2025/QLD/QLD_Banana_Rural_2025.pdf,QLD,Banana,2025,True,financial statement,3.0,108,267414
QLD_Mackay_Urban_2025.pdf,2025/QLD/QLD_Mackay_Urban_2025.pdf,QLD,Mackay,2025,True,financial statements,60.0,94,182405
QLD_Brisbane_Urban_2025.pdf,2025/QLD/QLD_Brisbane_Urban_2025.pdf,QLD,Brisbane,2025,True,financial statements,11.0,152,330133
QLD_Aurukun_Rural_2025.pdf,2025/QLD/QLD_Aurukun_Rural_2025.pdf,QLD,Aurukun,2025,True,financial statements,15.0,64,125718
QLD_Cassowary Coast_Urban_2025.pdf,2025/QLD/QLD_Cassowary Coast_Urban_2025.pdf,QLD,Cassowary Coast,2025,True,statement of changes in equity,3.0,101,98659
QLD_South Burnett_Urban_2025.pdf,2025/QLD/QLD_South Burnett_Urban_2025.pdf,QLD,South Burnett,2025,False,,,0,0
QLD_Balonne_Rural_2025.pdf,2025/QLD/QLD_Balonne_Rural_2025.pdf,QLD,Balonne,2025,True,general purpose financial statements,17.0,152,274015
QLD_Mount Isa_Rural_2025.pdf,2025/QLD/QLD_Mount Isa_Rural_2025.pdf,QLD,Mount Isa,2025,True,financial statements,32.0,78,62488
QLD_Longreach_Rural_2025.pdf,2025/QLD/QLD_Longreach_Rural_2025.pdf,QLD,Longreach,2025,True,financial statements,3.0,60,146405
QLD_Somerset_Urban_2025.pdf,2025/QLD/QLD_Somerset_Urban_2025.pdf,QLD,Somerset,2025,True,statement of comprehensive income,2.0,145,170180
QLD_Cairns_Urban_2025.pdf,2025/QLD/QLD_Cairns_Urban_2025.pdf,QLD,Cairns,2025,True,financial statements,2.0,111,214914
QLD_Burdekin_Rural_2025.pdf,2025/QLD/QLD_Burdekin_Rural_2025.pdf,QLD,Burdekin,2025,True,financial statements,3.0,80,98928
QLD_Southern Downs_Urban_2025.pdf,2025/QLD/QLD_Southern Downs_Urban_2025.pdf,QLD,Southern Downs,2025,True,financial statements,27.0,94,189330
QLD_Maranoa_Rural_2025.pdf,2025/QLD/QLD_Maranoa_Rural_2025.pdf,QLD,Maranoa,2025,True,general purpose financial statements,2.0,138,180989
QLD_Sunshine Coast_Urban_2025.pdf,2025/QLD/QLD_Sunshine Coast_Urban_2025.pdf,QLD,Sunshine Coast,2025,True,financial statements,35.0,131,269478
QLD_Torres Strait Islands_Rural_2025.pdf,2025/QLD/QLD_Torres Strait Islands_Rural_2025.pdf,QLD,Torres Strait Islands,2025,True,financial statements,8.0,192,331507
QLD_Cherbourg_Rural_2025.pdf,2025/QLD/QLD_Cherbourg_Rural_2025.pdf,QLD,Cherbourg,2025,False,,,110,89692
QLD_North Burnett_Rural_2025.pdf,2025/QLD/QLD_North Burnett_Rural_2025.pdf,QLD,North Burnett,2025,True,financial statements,29.0,98,181977
QLD_Isaac_Urban_2025.pdf,2025/QLD/QLD_Isaac_Urban_2025.pdf,QLD,Isaac,2025,False,,,53,74072
QLD_Livingstone_Urban_2025.pdf,2025/QLD/QLD_Livingstone_Urban_2025.pdf,QLD,Livingstone,2025,True,statement of comprehensive income,2.0,88,89608
QLD_Cook_Rural_2025.pdf,2025/QLD/QLD_Cook_Rural_2025.pdf,QLD,Cook,2025,True,statement of comprehensive income,17.0,78,67282
QLD_Doomadgee_Rural_2025.pdf,2025/QLD/QLD_Doomadgee_Rural_2025.pdf,QLD,Doomadgee,2025,True,financial statements,33.0,82,55780
QLD_Yarrabah_Rural_2025.pdf,2025/QLD/QLD_Yarrabah_Rural_2025.pdf,QLD,Yarrabah,2025,False,,,90,13922
QLD_Richmond_Rural_2025.pdf,2025/QLD/QLD_Richmond_Rural_2025.pdf,QLD,Richmond,2025,True,financial statements,3.0,77,145492
QLD_Barcaldine_Rural_2025.pdf,2025/QLD/QLD_Barcaldine_Rural_2025.pdf,QLD,Barcaldine,2025,True,financial statements,2.0,73,70266
QLD_Blackall Tambo_Rural_2025.pdf,2025/QLD/QLD_Blackall Tambo_Rural_2025.pdf,QLD,Blackall Tambo,2025,True,financial statements,18.0,55,48730
QLD_Mareeba_Urban_2025.pdf,2025/QLD/QLD_Mareeba_Urban_2025.pdf,QLD,Mareeba,2025,True,financial statements,3.0,101,110115
QLD_Lockyer Valley_Urban_2025.pdf,2025/QLD/QLD_Lockyer Valley_Urban_2025.pdf,QLD,Lockyer Valley,2025,True,statement of changes in equity,36.0,81,136632
QLD_Douglas_Rural_2025.pdf,2025/QLD/QLD_Douglas_Rural_2025.pdf,QLD,Douglas,2025,True,financial statements,48.0,96,125991
QLD_Bulloo_Rural_2025.pdf,2025/QLD/QLD_Bulloo_Rural_2025.pdf,QLD,Bulloo,2025,False,,,102,14036
QLD_Charters Towers_Rural_2025.pdf,2025/QLD/QLD_Charters Towers_Rural_2025.pdf,QLD,Charters Towers,2025,True,financial statements,3.0,96,206718
QLD_Bundaberg_Urban_2025.pdf,2025/QLD/QLD_Bundaberg_Urban_2025.pdf,QLD,Bundaberg,2025,True,financial statements,11.0,82,176499
NSW_Canada Bay_Urban_2025.pdf,2025/NSW/NSW_Canada Bay_Urban_2025.pdf,NSW,Canada Bay,2025,True,general purpose financial statements,127.0,232,395899
NSW_Lachlan_Rural_2025.pdf,2025/NSW/NSW_Lachlan_Rural_2025.pdf,NSW,Lachlan,2025,True,financial statements,2.0,370,658129
NSW_Camden_Urban_2025.pdf,2025/NSW/NSW_Camden_Urban_2025.pdf,NSW,Camden,2025,True,financial statements,31.0,100,192979
NSW_Bland_Rural_2025.pdf,2025/NSW/NSW_Bland_Rural_2025.pdf,NSW,Bland,2025,True,statement of comprehensive income,18.0,54,56518
NSW_Yass Valley_Rural_2025.pdf,2025/NSW/NSW_Yass Valley_Rural_2025.pdf,NSW,Yass Valley,2025,False,,,61,61269
NSW_Central Coast_Urban_2025.pdf,2025/NSW/NSW_Central Coast_Urban_2025.pdf,NSW,Central Coast,2025,True,audited financial statements,3.0,65,271823
NSW_Bega Valley_Urban_2025.pdf,2025/NSW/NSW_Bega Valley_Urban_2025.pdf,NSW,Bega Valley,2025,True,general purpose financial statements,221.0,321,648626
NSW_Northern Beaches_Urban_2025.pdf,2025/NSW/NSW_Northern Beaches_Urban_2025.pdf,NSW,Northern Beaches,2025,True,financial statements,5.0,357,566792
NSW_Lithgow_Urban_2025.pdf,2025/NSW/NSW_Lithgow_Urban_2025.pdf,NSW,Lithgow,2025,True,statement of comprehensive income,2.0,104,190115
NSW_Queanbeyan Palerang_Urban_2025.pdf,2025/NSW/NSW_Queanbeyan Palerang_Urban_2025.pdf,NSW,Queanbeyan Palerang,2025,True,general purpose financial statements,2.0,103,189979
NSW_Newcastle_Urban_2025.pdf,2025/NSW/NSW_Newcastle_Urban_2025.pdf,NSW,Newcastle,2025,True,audited financial statements,2.0,137,488106
NSW_Murrumbidgee_Rural_2025.pdf,2025/NSW/NSW_Murrumbidgee_Rural_2025.pdf,NSW,Murrumbidgee,2025,True,statement of financial position,12.0,46,61331
NSW_Inverell_Rural_2025.pdf,2025/NSW/NSW_Inverell_Rural_2025.pdf,NSW,Inverell,2025,False,,,90,130702
NSW_Wentworth_Rural_2025.pdf,2025/NSW/NSW_Wentworth_Rural_2025.pdf,NSW,Wentworth,2025,True,financial statements,5.0,232,398945
NSW_Ku Ring Gai_Urban_2025.pdf,2025/NSW/NSW_Ku Ring Gai_Urban_2025.pdf,NSW,Ku Ring Gai,2025,True,audited financial statements,5.0,234,413343
NSW_Bayside_Urban_2025.pdf,2025/NSW/NSW_Bayside_Urban_2025.pdf,NSW,Bayside,2025,True,financial statements,104.0,188,343922
NSW_Warren_Rural_2025.pdf,2025/NSW/NSW_Warren_Rural_2025.pdf,NSW,Warren,2025,True,financial statements,2.0,172,249726
NSW_Parramatta_Urban_2025.pdf,2025/NSW/NSW_Parramatta_Urban_2025.pdf,NSW,Parramatta,2025,False,,,47,111796
NSW_Hilltops_Rural_2025.pdf,2025/NSW/NSW_Hilltops_Rural_2025.pdf,NSW,Hilltops,2025,False,,,166,291294
NSW_Brewarrina_Rural_2025.pdf,2025/NSW/NSW_Brewarrina_Rural_2025.pdf,NSW,Brewarrina,2025,True,statement of financial position,36.0,164,315802
NSW_Maitland_Urban_2025.pdf,2025/NSW/NSW_Maitland_Urban_2025.pdf,NSW,Maitland,2025,False,,,95,382623
NSW_Liverpool_Urban_2025.pdf,2025/NSW/NSW_Liverpool_Urban_2025.pdf,NSW,Liverpool,2025,True,financial statements,86.0,155,273051
NSW_Moree Plains_Rural_2025.pdf,2025/NSW/NSW_Moree Plains_Rural_2025.pdf,NSW,Moree Plains,2025,True,general purpose financial statements,96.0,211,364768
NSW_Walgett_Rural_2025.pdf,2025/NSW/NSW_Walgett_Rural_2025.pdf,NSW,Walgett,2025,True,financial statements,44.0,196,290735
NSW_Cessnock_Urban_2025.pdf,2025/NSW/NSW_Cessnock_Urban_2025.pdf,NSW,Cessnock,2025,False,,,103,185063
NSW_Hay_Rural_2025.pdf,2025/NSW/NSW_Hay_Rural_2025.pdf,NSW,Hay,2025,True,general purpose financial statements,76.0,170,250306
NSW_Cowra_Rural_2025.pdf,2025/NSW/NSW_Cowra_Rural_2025.pdf,NSW,Cowra,2025,True,audited financial statements,3.0,185,181273
NSW_Nambucca_Urban_2025.pdf,2025/NSW/NSW_Nambucca_Urban_2025.pdf,NSW,Nambucca,2025,True,statement of financial position,108.0,110,143916
NSW_Strathfield_Urban_2025.pdf,2025/NSW/NSW_Strathfield_Urban_2025.pdf,NSW,Strathfield,2025,True,audited financial statements,73.0,191,358645
NSW_Narrabri_Rural_2025.pdf,2025/NSW/NSW_Narrabri_Rural_2025.pdf,NSW,Narrabri,2025,True,statement of financial position,26.0,157,306465
NSW_Eurobodalla_Urban_2025.pdf,2025/NSW/NSW_Eurobodalla_Urban_2025.pdf,NSW,Eurobodalla,2025,True,financial statements,4.0,176,349662
NSW_Wollondilly_Urban_2025.pdf,2025/NSW/NSW_Wollondilly_Urban_2025.pdf,NSW,Wollondilly,2025,True,statement of comprehensive income,122.0,212,455489
NSW_Kempsey_Urban_2025.pdf,2025/NSW/NSW_Kempsey_Urban_2025.pdf,NSW,Kempsey,2025,False,,,56,94693
NSW_Mosman_Urban_2025.pdf,2025/NSW/NSW_Mosman_Urban_2025.pdf,NSW,Mosman,2025,True,general purpose financial statements,130.0,268,352366
NSW_Snowy Monaro_Urban_2025.pdf,2025/NSW/NSW_Snowy Monaro_Urban_2025.pdf,NSW,Snowy Monaro,2025,True,audited financial statements,121.0,241,522350
NSW_Clarence Valley_Urban_2025.pdf,2025/NSW/NSW_Clarence Valley_Urban_2025.pdf,NSW,Clarence Valley,2025,True,financial statements,59.0,67,88811
NSW_Uralla_Rural_2025.pdf,2025/NSW/NSW_Uralla_Rural_2025.pdf,NSW,Uralla,2025,False,,,41,70368
NSW_Burwood_Urban_2025.pdf,2025/NSW/NSW_Burwood_Urban_2025.pdf,NSW,Burwood,2025,False,,,38,131879
NSW_Bourke_Rural_2025.pdf,2025/NSW/NSW_Bourke_Rural_2025.pdf,NSW,Bourke,2025,True,audited financial statements,4.0,278,404964
NSW_Edward River_Rural_2025.pdf,2025/NSW/NSW_Edward River_Rural_2025.pdf,NSW,Edward River,2025,True,statement of financial position,16.0,64,105060
NSW_Campbelltown_Urban_2025.pdf,2025/NSW/NSW_Campbelltown_Urban_2025.pdf,NSW,Campbelltown,2025,True,audited financial statements,96.0,102,132257
NSW_Cabonne_Rural_2025.pdf,2025/NSW/NSW_Cabonne_Rural_2025.pdf,NSW,Cabonne,2025,True,general purpose financial statements,34.0,166,256087
NSW_Sutherland_Urban_2025.pdf,2025/NSW/NSW_Sutherland_Urban_2025.pdf,NSW,Sutherland,2025,True,financial statements,3.0,37,63661
NSW_Penrith_Urban_2025.pdf,2025/NSW/NSW_Penrith_Urban_2025.pdf,NSW,Penrith,2025,False,,,228,477944
NSW_Federation_Rural_2025.pdf,2025/NSW/NSW_Federation_Rural_2025.pdf,NSW,Federation,2025,True,audited financial statements,4.0,162,203156
NSW_Coolamon_Rural_2025.pdf,2025/NSW/NSW_Coolamon_Rural_2025.pdf,NSW,Coolamon,2025,True,financial statements,12.0,170,303335
NSW_Gunnedah_Rural_2025.pdf,2025/NSW/NSW_Gunnedah_Rural_2025.pdf,NSW,Gunnedah,2025,True,financial statements,53.0,196,366891
NSW_Parkes_Rural_2025.pdf,2025/NSW/NSW_Parkes_Rural_2025.pdf,NSW,Parkes,2025,True,statement of financial position,104.0,229,418279
NSW_Bellingen_Rural_2025.pdf,2025/NSW/NSW_Bellingen_Rural_2025.pdf,NSW,Bellingen,2025,True,financial statements,11.0,80,124610
NSW_Mid Western_Urban_2025.pdf,2025/NSW/NSW_Mid Western_Urban_2025.pdf,NSW,Mid Western,2025,True,notes to financial statements,62.0,194,393175
NSW_Snowy Valleys_Rural_2025.pdf,2025/NSW/NSW_Snowy Valleys_Rural_2025.pdf,NSW,Snowy Valleys,2025,True,financial statements,2.0,127,222831
NSW_Armidale_Urban_2025.pdf,2025/NSW/NSW_Armidale_Urban_2025.pdf,NSW,Armidale,2025,False,,,54,64150
NSW_Ballina_Urban_2025.pdf,2025/NSW/NSW_Ballina_Urban_2025.pdf,NSW,Ballina,2025,True,financial statements,2.0,327,577568
NSW_Singleton_Urban_2025.pdf,2025/NSW/NSW_Singleton_Urban_2025.pdf,NSW,Singleton,2025,True,statement of comprehensive income,147.0,246,385635
NSW_Lake Macquarie_Urban_2025.pdf,2025/NSW/NSW_Lake Macquarie_Urban_2025.pdf,NSW,Lake Macquarie,2025,False,,,196,376594
NSW_Upper Hunter_Rural_2025.pdf,2025/NSW/NSW_Upper Hunter_Rural_2025.pdf,NSW,Upper Hunter,2025,False,,,93,159245
NSW_Gilgandra_Rural_2025.pdf,2025/NSW/NSW_Gilgandra_Rural_2025.pdf,NSW,Gilgandra,2025,True,financial statements,32.0,48,68199
NSW_Inner West_Urban_2025.pdf,2025/NSW/NSW_Inner West_Urban_2025.pdf,NSW,Inner West,2025,True,statement of comprehensive income,231.0,314,577324
NSW_Weddin_Rural_2025.pdf,2025/NSW/NSW_Weddin_Rural_2025.pdf,NSW,Weddin,2025,True,financial statements,3.0,201,179447
NSW_Leeton_Rural_2025.pdf,2025/NSW/NSW_Leeton_Rural_2025.pdf,NSW,Leeton,2025,False,,,108,186761
NSW_Waverley_Urban_2025.pdf,2025/NSW/NSW_Waverley_Urban_2025.pdf,NSW,Waverley,2025,False,,,121,187485
NSW_Richmond Valley_Urban_2025.pdf,2025/NSW/NSW_Richmond Valley_Urban_2025.pdf,NSW,Richmond Valley,2025,True,financial statements,47.0,78,130000
NSW_Goulburn Mulwaree_Urban_2025.pdf,2025/NSW/NSW_Goulburn Mulwaree_Urban_2025.pdf,NSW,Goulburn Mulwaree,2025,True,financial statements,6.0,151,260862
NSW_Narrandera_Rural_2025.pdf,2025/NSW/NSW_Narrandera_Rural_2025.pdf,NSW,Narrandera,2025,True,financial statements,37.0,325,464923
NSW_Shoalhaven_Urban_2025.pdf,2025/NSW/NSW_Shoalhaven_Urban_2025.pdf,NSW,Shoalhaven,2025,True,financial statements,69.0,79,128975
NSW_Port Stephens_Urban_2025.pdf,2025/NSW/NSW_Port Stephens_Urban_2025.pdf,NSW,Port Stephens,2025,False,,,78,137463
NSW_Glen Innes Severn_Rural_2025.pdf,2025/NSW/NSW_Glen Innes Severn_Rural_2025.pdf,NSW,Glen Innes Severn,2025,True,financial statements,3.0,191,313164
NSW_Coffs Harbour_Urban_2025.pdf,2025/NSW/NSW_Coffs Harbour_Urban_2025.pdf,NSW,Coffs Harbour,2025,False,,,54,84883
NSW_The Hills_Urban_2025.pdf,2025/NSW/NSW_The Hills_Urban_2025.pdf,NSW,The Hills,2025,True,financial statements,175.0,182,463188
NSW_Wagga Wagga_Urban_2025.pdf,2025/NSW/NSW_Wagga Wagga_Urban_2025.pdf,NSW,Wagga Wagga,2025,True,financial statements,170.0,178,311390
NSW_Hornsby_Urban_2025.pdf,2025/NSW/NSW_Hornsby_Urban_2025.pdf,NSW,Hornsby,2025,False,,,170,377498
NSW_Junee_Rural_2025.pdf,2025/NSW/NSW_Junee_Rural_2025.pdf,NSW,Junee,2025,True,financial statement,36.0,36,56571
NSW_Liverpool Plains_Rural_2025.pdf,2025/NSW/NSW_Liverpool Plains_Rural_2025.pdf,NSW,Liverpool Plains,2025,True,general purpose financial statements,37.0,133,291641
NSW_Balranald_Rural_2025.pdf,2025/NSW/NSW_Balranald_Rural_2025.pdf,NSW,Balranald,2025,False,,,191,104795
NSW_Lockhart_Rural_2025.pdf,2025/NSW/NSW_Lockhart_Rural_2025.pdf,NSW,Lockhart,2025,False,,,44,84040
NSW_Broken Hill_Urban_2025.pdf,2025/NSW/NSW_Broken Hill_Urban_2025.pdf,NSW,Broken Hill,2025,True,audited financial statements,2.0,103,298198
NSW_Cootamundra Gundagai_Rural_2025.pdf,2025/NSW/NSW_Cootamundra Gundagai_Rural_2025.pdf,NSW,Cootamundra Gundagai,2025,False,,,93,173963
NSW_Albury_Urban_2025.pdf,2025/NSW/NSW_Albury_Urban_2025.pdf,NSW,Albury,2025,True,audited financial statements,94.0,96,132184
NSW_Walcha_Rural_2025.pdf,2025/NSW/NSW_Walcha_Rural_2025.pdf,NSW,Walcha,2025,True,audited financial statements,2.0,42,78726
NSW_Coonamble_Rural_2025.pdf,2025/NSW/NSW_Coonamble_Rural_2025.pdf,NSW,Coonamble,2025,True,general purpose financial statements,85.0,205,326324
NSW_Blacktown_Urban_2025.pdf,2025/NSW/NSW_Blacktown_Urban_2025.pdf,NSW,Blacktown,2025,True,statement of financial position,30.0,452,864784
NSW_Lismore_Urban_2025.pdf,2025/NSW/NSW_Lismore_Urban_2025.pdf,NSW,Lismore,2025,False,,,74,144042
NSW_Wollongong_Urban_2025.pdf,2025/NSW/NSW_Wollongong_Urban_2025.pdf,NSW,Wollongong,2025,False,,,190,409894
NSW_Bogan_Rural_2025.pdf,2025/NSW/NSW_Bogan_Rural_2025.pdf,NSW,Bogan,2025,True,general purpose financial statements,28.0,170,282312
NSW_Georges River_Urban_2025.pdf,2025/NSW/NSW_Georges River_Urban_2025.pdf,NSW,Georges River,2025,True,general purpose financial statements,282.0,380,794753
NSW_Mid Coast_Urban_2025.pdf,2025/NSW/NSW_Mid Coast_Urban_2025.pdf,NSW,Mid Coast,2025,True,audited financial statements,94.0,284,477063
NSW_Kyogle_Rural_2025.pdf,2025/NSW/NSW_Kyogle_Rural_2025.pdf,NSW,Kyogle,2025,False,,,62,91844
NSW_Narromine_Rural_2025.pdf,2025/NSW/NSW_Narromine_Rural_2025.pdf,NSW,Narromine,2025,True,statement of financial position,13.0,61,113315
NSW_Dubbo_Urban_2025.pdf,2025/NSW/NSW_Dubbo_Urban_2025.pdf,NSW,Dubbo,2025,False,,,59,105411
NSW_Carrathool_Rural_2025.pdf,2025/NSW/NSW_Carrathool_Rural_2025.pdf,NSW,Carrathool,2025,True,financial statements,19.0,167,278998
NSW_Sydney_Urban_2025.pdf,2025/NSW/NSW_Sydney_Urban_2025.pdf,NSW,Sydney,2025,False,,,104,284356
NSW_Berrigan_Rural_2025.pdf,2025/NSW/NSW_Berrigan_Rural_2025.pdf,NSW,Berrigan,2025,False,,,177,129888
NSW_Cobar_Rural_2025.pdf,2025/NSW/NSW_Cobar_Rural_2025.pdf,NSW,Cobar,2025,False,,,110,164578
NSW_Cumberland_Urban_2025.pdf,2025/NSW/NSW_Cumberland_Urban_2025.pdf,NSW,Cumberland,2025,False,,,120,286428
NSW_Canterbury Banks_Urban_2025.pdf,2025/NSW/NSW_Canterbury Banks_Urban_2025.pdf,NSW,Canterbury Banks,2025,True,financial statements,181.0,266,467144
NSW_Ryde_Urban_2025.pdf,2025/NSW/NSW_Ryde_Urban_2025.pdf,NSW,Ryde,2025,True,general purpose financial statements,197.0,304,593941
NSW_Kiama_Urban_2025.pdf,2025/NSW/NSW_Kiama_Urban_2025.pdf,NSW,Kiama,2025,True,financial statement,58.0,92,164828
NSW_Muswellbrook_Rural_2025.pdf,2025/NSW/NSW_Muswellbrook_Rural_2025.pdf,NSW,Muswellbrook,2025,False,,,196,155160
NSW_North Sydney_Urban_2025.pdf,2025/NSW/NSW_North Sydney_Urban_2025.pdf,NSW,North Sydney,2025,True,general purpose financial statements,97.0,178,316991
NSW_Hawkesbury_Urban_2025.pdf,2025/NSW/NSW_Hawkesbury_Urban_2025.pdf,NSW,Hawkesbury,2025,True,financial statements,42.0,73,158694
NSW_Dungog_Rural_2025.pdf,2025/NSW/NSW_Dungog_Rural_2025.pdf,NSW,Dungog,2025,False,,,72,140894
NSW_Upper Lachlan_Rural_2025.pdf,2025/NSW/NSW_Upper Lachlan_Rural_2025.pdf,NSW,Upper Lachlan,2025,True,financial statements,2.0,370,658129
NSW_Griffith_Urban_2025.pdf,2025/NSW/NSW_Griffith_Urban_2025.pdf,NSW,Griffith,2025,True,audited financial statements,3.0,231,291869
NSW_Wingecarribee_Urban_2025.pdf,2025/NSW/NSW_Wingecarribee_Urban_2025.pdf,NSW,Wingecarribee,2025,True,financial statements,9.0,94,146776
NSW_Blayney_Rural_2025.pdf,2025/NSW/NSW_Blayney_Rural_2025.pdf,NSW,Blayney,2025,True,financial statements,42.0,225,349659
NSW_Fairfield_Urban_2025.pdf,2025/NSW/NSW_Fairfield_Urban_2025.pdf,NSW,Fairfield,2025,True,financial statement,4.0,132,284524
NSW_Port Macquarie Hastings_Urban_2025.pdf,2025/NSW/NSW_Port Macquarie Hastings_Urban_2025.pdf,NSW,Port Macquarie Hastings,2025,False,,,45,63689
NSW_Orange_Urban_2025.pdf,2025/NSW/NSW_Orange_Urban_2025.pdf,NSW,Orange,2025,False,,,130,252082
NSW_Tenterfield_Rural_2025.pdf,2025/NSW/NSW_Tenterfield_Rural_2025.pdf,NSW,Tenterfield,2025,True,financial statements,3.0,211,311480
NSW_Central Darling_Rural_2025.pdf,2025/NSW/NSW_Central Darling_Rural_2025.pdf,NSW,Central Darling,2025,False,,,151,82108
NSW_Woollahra_Urban_2025.pdf,2025/NSW/NSW_Woollahra_Urban_2025.pdf,NSW,Woollahra,2025,False,,,92,48329
NSW_Forbes_Rural_2025.pdf,2025/NSW/NSW_Forbes_Rural_2025.pdf,NSW,Forbes,2025,False,,,86,150774
NSW_Temora_Rural_2025.pdf,2025/NSW/NSW_Temora_Rural_2025.pdf,NSW,Temora,2025,True,general purpose financial statements,117.0,230,391961
NSW_Randwick_Urban_2025.pdf,2025/NSW/NSW_Randwick_Urban_2025.pdf,NSW,Randwick,2025,True,financial statements,40.0,89,329872
NSW_Lane Cove_Urban_2025.pdf,2025/NSW/NSW_Lane Cove_Urban_2025.pdf,NSW,Lane Cove,2025,True,general purpose financial statements,84.0,218,361356
NSW_Blue Mountains_Urban_2025.pdf,2025/NSW/NSW_Blue Mountains_Urban_2025.pdf,NSW,Blue Mountains,2025,True,financial statement,5.0,202,330901
NSW_Hume_Rural_2025.pdf,2025/NSW/NSW_Hume_Rural_2025.pdf,NSW,Hume,2025,True,financial statements,71.0,193,327382
NSW_Shellharbour_Urban_2025.pdf,2025/NSW/NSW_Shellharbour_Urban_2025.pdf,NSW,Shellharbour,2025,True,audited financial statements,3.0,160,340096
NSW_Willoughby_Urban_2025.pdf,2025/NSW/NSW_Willoughby_Urban_2025.pdf,NSW,Willoughby,2025,False,,,116,203895
NSW_Tamworth_Urban_2025.pdf,2025/NSW/NSW_Tamworth_Urban_2025.pdf,NSW,Tamworth,2025,False,,,15,18018
NSW_Tweed_Urban_2025.pdf,2025/NSW/NSW_Tweed_Urban_2025.pdf,NSW,Tweed,2025,True,financial statements,5.0,300,527414
NSW_Hunters Hill_Urban_2025.pdf,2025/NSW/NSW_Hunters Hill_Urban_2025.pdf,NSW,Hunters Hill,2025,True,financial statements,21.0,68,104100
NSW_Bathurst_Urban_2025.pdf,2025/NSW/NSW_Bathurst_Urban_2025.pdf,NSW,Bathurst,2025,True,financial statements,17.0,147,315459
NSW_Byron_Urban_2025.pdf,2025/NSW/NSW_Byron_Urban_2025.pdf,NSW,Byron,2025,False,,,169,262055
TAS_Burnie_Urban_2025.pdf,2025/TAS/TAS_Burnie_Urban_2025.pdf,TAS,Burnie,2025,True,audited financial statements,12.0,136,262135
TAS_Kingborough_Urban_2025.pdf,2025/TAS/TAS_Kingborough_Urban_2025.pdf,TAS,Kingborough,2025,True,statement of comprehensive income,97.0,165,305203
TAS_Glenorchy_Urban_2025.pdf,2025/TAS/TAS_Glenorchy_Urban_2025.pdf,TAS,Glenorchy,2025,True,financial statements,3.0,132,276714
TAS_Kentish_Rural_2025.pdf,2025/TAS/TAS_Kentish_Rural_2025.pdf,TAS,Kentish,2025,True,financial statements,63.0,127,305652
TAS_Meander Valley_Urban_2025.pdf,2025/TAS/TAS_Meander Valley_Urban_2025.pdf,TAS,Meander Valley,2025,True,financial statements,24.0,106,207102
TAS_Devonport_Urban_2025.pdf,2025/TAS/TAS_Devonport_Urban_2025.pdf,TAS,Devonport,2025,True,financial statements,60.0,137,248532
TAS_Tasman_Rural_2025.pdf,2025/TAS/TAS_Tasman_Rural_2025.pdf,TAS,Tasman,2025,True,statement of financial position,67.0,122,227645
TAS_Dorset_Rural_2025.pdf,2025/TAS/TAS_Dorset_Rural_2025.pdf,TAS,Dorset,2025,True,financial statements,2.0,48,210183
TAS_Hobart_Urban_2025.pdf,2025/TAS/TAS_Hobart_Urban_2025.pdf,TAS,Hobart,2025,True,statement of comprehensive income,97.0,176,310876
TAS_Northern Midlands_Rural_2025.pdf,2025/TAS/TAS_Northern Midlands_Rural_2025.pdf,TAS,Northern Midlands,2025,True,statement of cash flows,3.0,128,333477
TAS_Circular Head_Rural_2025.pdf,2025/TAS/TAS_Circular Head_Rural_2025.pdf,TAS,Circular Head,2025,True,financial statements,7.0,109,245613
TAS_George Town_Rural_2025.pdf,2025/TAS/TAS_George Town_Rural_2025.pdf,TAS,George Town,2025,True,financial statements,2.0,64,110787
TAS_Central Highlands_Rural_2025.pdf,2025/TAS/TAS_Central Highlands_Rural_2025.pdf,TAS,Central Highlands,2025,True,general purpose financial statements,60.0,101,340356
TAS_West Tamar_Urban_2025.pdf,2025/TAS/TAS_West Tamar_Urban_2025.pdf,TAS,West Tamar,2025,True,financial statements,30.0,88,220646
TAS_Huon Valley_Rural_2025.pdf,2025/TAS/TAS_Huon Valley_Rural_2025.pdf,TAS,Huon Valley,2025,False,,,183,201335
TAS_West Coast_Rural_2025.pdf,2025/TAS/TAS_West Coast_Rural_2025.pdf,TAS,West Coast,2025,True,notes to the financial statements,4.0,95,164531
TAS_Glamorgan Spring Bay_Rural_2025.pdf,2025/TAS/TAS_Glamorgan Spring Bay_Rural_2025.pdf,TAS,Glamorgan Spring Bay,2025,True,statement of comprehensive income,48.0,92,214911
TAS_Derwent Valley_Rural_2025.pdf,2025/TAS/TAS_Derwent Valley_Rural_2025.pdf,TAS,Derwent Valley,2025,True,statement of financial position,50.0,108,301729
TAS_Latrobe_Rural_2025.pdf,2025/TAS/TAS_Latrobe_Rural_2025.pdf,TAS,Latrobe,2025,True,financial statements,63.0,137,296945
TAS_Launceston_Urban_2025.pdf,2025/TAS/TAS_Launceston_Urban_2025.pdf,TAS,Launceston,2025,True,financial statements,3.0,214,391190
TAS_Brighton_Urban_2025.pdf,2025/TAS/TAS_Brighton_Urban_2025.pdf,TAS,Brighton,2025,True,financial statements,4.0,108,100925
TAS_Flinders_Rural_2025.pdf,2025/TAS/TAS_Flinders_Rural_2025.pdf,TAS,Flinders,2025,True,financial statements,31.0,93,247607
TAS_King Island_Rural_2025.pdf,2025/TAS/TAS_King Island_Rural_2025.pdf,TAS,King Island,2025,True,notes to the financial statements,40.0,92,224578
TAS_Clarence_Urban_2025.pdf,2025/TAS/TAS_Clarence_Urban_2025.pdf,TAS,Clarence,2025,True,statement of comprehensive income,51.0,112,239501
TAS_Break O Day_Rural_2025.pdf,2025/TAS/TAS_Break O Day_Rural_2025.pdf,TAS,Break O Day,2025,True,statement of financial position,54.0,114,263575
TAS_Sorell_Urban_2025.pdf,2025/TAS/TAS_Sorell_Urban_2025.pdf,TAS,Sorell,2025,True,financial statements,35.0,102,239541
TAS_Southern Midlands_Rural_2025.pdf,2025/TAS/TAS_Southern Midlands_Rural_2025.pdf,TAS,Southern Midlands,2025,True,financial statements,9.0,151,293282
TAS_Waratah Wynyard_Rural_2025.pdf,2025/TAS/TAS_Waratah Wynyard_Rural_2025.pdf,TAS,Waratah Wynyard,2025,True,audited financial statements,3.0,135,271754
WA_Laverton_Rural_2025.pdf,2025/WA/WA_Laverton_Rural_2025.pdf,WA,Laverton,2025,True,statement of comprehensive income,41.0,82,120450
WA_Tammin_Rural_2025.pdf,2025/WA/WA_Tammin_Rural_2025.pdf,WA,Tammin,2025,False,,,56,31337
WA_Wickepin_Rural_2025.pdf,2025/WA/WA_Wickepin_Rural_2025.pdf,WA,Wickepin,2025,True,statement of comprehensive income,17.0,57,108535
WA_Mt Marshall_Rural_2025.pdf,2025/WA/WA_Mt Marshall_Rural_2025.pdf,WA,Mt Marshall,2025,True,statement of comprehensive income,11.0,73,41974
WA_Cuballing_Rural_2025.pdf,2025/WA/WA_Cuballing_Rural_2025.pdf,WA,Cuballing,2025,True,statement of comprehensive income,26.0,66,115307
WA_Waroona_Rural_2025.pdf,2025/WA/WA_Waroona_Rural_2025.pdf,WA,Waroona,2025,True,statement of comprehensive income,33.0,74,140130
WA_Mandurah_Urban_2025.pdf,2025/WA/WA_Mandurah_Urban_2025.pdf,WA,Mandurah,2025,False,,,96,129809
WA_Perenjori_Rural_2025.pdf,2025/WA/WA_Perenjori_Rural_2025.pdf,WA,Perenjori,2025,True,statement of comprehensive income,25.0,64,141088
WA_Nannup_Rural_2025.pdf,2025/WA/WA_Nannup_Rural_2025.pdf,WA,Nannup,2025,True,statement of comprehensive income,25.0,67,147076
WA_Corrigin_Rural_2025.pdf,2025/WA/WA_Corrigin_Rural_2025.pdf,WA,Corrigin,2025,True,financial statements,3.0,71,138738
WA_Dundas_Rural_2025.pdf,2025/WA/WA_Dundas_Rural_2025.pdf,WA,Dundas,2025,False,,,75,51277
WA_Williams_Rural_2025.pdf,2025/WA/WA_Williams_Rural_2025.pdf,WA,Williams,2025,True,statement of comprehensive income,24.0,66,120946
WA_Woodanilling_Rural_2025.pdf,2025/WA/WA_Woodanilling_Rural_2025.pdf,WA,Woodanilling,2025,True,financial statements,3.0,58,117381
WA_Victoria Park_Urban_2025.pdf,2025/WA/WA_Victoria Park_Urban_2025.pdf,WA,Victoria Park,2025,True,financial statements,36.0,59,225473
WA_Serpentine Jarrahdale_Urban_2025.pdf,2025/WA/WA_Serpentine Jarrahdale_Urban_2025.pdf,WA,Serpentine Jarrahdale,2025,True,statement of comprehensive income,36.0,94,192360
WA_Wandering_Rural_2025.pdf,2025/WA/WA_Wandering_Rural_2025.pdf,WA,Wandering,2025,True,statement of comprehensive income,34.0,76,142220
WA_Collie_Rural_2025.pdf,2025/WA/WA_Collie_Rural_2025.pdf,WA,Collie,2025,False,,,60,23500
WA_Manjimup_Rural_2025.pdf,2025/WA/WA_Manjimup_Rural_2025.pdf,WA,Manjimup,2025,False,,,50,67803
WA_Morawa_Rural_2025.pdf,2025/WA/WA_Morawa_Rural_2025.pdf,WA,Morawa,2025,True,statement of comprehensive income,32.0,74,141382
WA_Upper Gascoyne_Rural_2025.pdf,2025/WA/WA_Upper Gascoyne_Rural_2025.pdf,WA,Upper Gascoyne,2025,True,statement of comprehensive income,35.0,74,154542
WA_Wongan Ballidu_Rural_2025.pdf,2025/WA/WA_Wongan Ballidu_Rural_2025.pdf,WA,Wongan Ballidu,2025,False,,,99,77615
WA_Port Hedland_Rural_2025.pdf,2025/WA/WA_Port Hedland_Rural_2025.pdf,WA,Port Hedland,2025,True,financial statements,4.0,101,236249
WA_Sandstone_Rural_2025.pdf,2025/WA/WA_Sandstone_Rural_2025.pdf,WA,Sandstone,2025,True,statement of comprehensive income,31.0,66,123181
WA_Cue_Rural_2025.pdf,2025/WA/WA_Cue_Rural_2025.pdf,WA,Cue,2025,True,statement of comprehensive income,20.0,61,106482
WA_Menzies_Rural_2025.pdf,2025/WA/WA_Menzies_Rural_2025.pdf,WA,Menzies,2025,False,,,63,35659
WA_Geraldton_Urban_2025.pdf,2025/WA/WA_Geraldton_Urban_2025.pdf,WA,Geraldton,2025,True,statement of comprehensive income,48.0,110,208010
WA_South Perth_Urban_2025.pdf,2025/WA/WA_South Perth_Urban_2025.pdf,WA,South Perth,2025,True,statement of comprehensive income,38.0,96,158439
WA_Ngaanyatjarraku_Rural_2025.pdf,2025/WA/WA_Ngaanyatjarraku_Rural_2025.pdf,WA,Ngaanyatjarraku,2025,True,financial statements,2.0,57,91456
WA_Mingenew_Rural_2025.pdf,2025/WA/WA_Mingenew_Rural_2025.pdf,WA,Mingenew,2025,True,statement of comprehensive income,33.0,76,163771
WA_Northam_Rural_2025.pdf,2025/WA/WA_Northam_Rural_2025.pdf,WA,Northam,2025,True,statement of comprehensive income,89.0,141,212095
WA_Westonia_Rural_2025.pdf,2025/WA/WA_Westonia_Rural_2025.pdf,WA,Westonia,2025,True,audited financial statements,4.0,74,127084
WA_Kulin_Rural_2025.pdf,2025/WA/WA_Kulin_Rural_2025.pdf,WA,Kulin,2025,False,,,62,36050
WA_Canning_Urban_2025.pdf,2025/WA/WA_Canning_Urban_2025.pdf,WA,Canning,2025,True,financial statements,76.0,136,116113
WA_Brookton_Rural_2025.pdf,2025/WA/WA_Brookton_Rural_2025.pdf,WA,Brookton,2025,True,statement of comprehensive income,49.0,94,149676
WA_Swan_Urban_2025.pdf,2025/WA/WA_Swan_Urban_2025.pdf,WA,Swan,2025,True,statement of comprehensive income,141.0,198,383243
WA_Merredin_Rural_2025.pdf,2025/WA/WA_Merredin_Rural_2025.pdf,WA,Merredin,2025,True,statement of comprehensive income,79.0,122,213819
WA_Cambridge_Urban_2025.pdf,2025/WA/WA_Cambridge_Urban_2025.pdf,WA,Cambridge,2025,True,statement of comprehensive income,90.0,148,284563
WA_Coolgardie_Rural_2025.pdf,2025/WA/WA_Coolgardie_Rural_2025.pdf,WA,Coolgardie,2025,True,statement of comprehensive income,31.0,77,51057
WA_Yilgarn_Rural_2025.pdf,2025/WA/WA_Yilgarn_Rural_2025.pdf,WA,Yilgarn,2025,True,statement of comprehensive income,14.0,57,114922
WA_Gingin_Rural_2025.pdf,2025/WA/WA_Gingin_Rural_2025.pdf,WA,Gingin,2025,True,statement of comprehensive income,3.0,72,143249
WA_Albany_Urban_2025.pdf,2025/WA/WA_Albany_Urban_2025.pdf,WA,Albany,2025,False,,,64,88583
WA_Cottesloe_Urban_2025.pdf,2025/WA/WA_Cottesloe_Urban_2025.pdf,WA,Cottesloe,2025,True,financial statements,12.0,37,145095
WA_Gosnells_Urban_2025.pdf,2025/WA/WA_Gosnells_Urban_2025.pdf,WA,Gosnells,2025,True,statement of comprehensive income,2.0,114,192181
WA_Broomehill Tambellup_Rural_2025.pdf,2025/WA/WA_Broomehill Tambellup_Rural_2025.pdf,WA,Broomehill Tambellup,2025,True,statement of comprehensive income,27.0,66,123885
WA_Fremantle_Urban_2025.pdf,2025/WA/WA_Fremantle_Urban_2025.pdf,WA,Fremantle,2025,False,,,120,87189
WA_Kalgoorlie Boulder_Urban_2025.pdf,2025/WA/WA_Kalgoorlie Boulder_Urban_2025.pdf,WA,Kalgoorlie Boulder,2025,True,statement of comprehensive income,124.0,176,317166
WA_Derby West Kimberley_Rural_2025.pdf,2025/WA/WA_Derby West Kimberley_Rural_2025.pdf,WA,Derby West Kimberley,2025,True,financial statements,3.0,86,162206
WA_Broome_Rural_2025.pdf,2025/WA/WA_Broome_Rural_2025.pdf,WA,Broome,2025,True,financial statements,43.0,92,55876
WA_Melville_Urban_2025.pdf,2025/WA/WA_Melville_Urban_2025.pdf,WA,Melville,2025,True,statement of comprehensive income,83.0,139,283994
WA_Beverley_Rural_2025.pdf,2025/WA/WA_Beverley_Rural_2025.pdf,WA,Beverley,2025,True,statement of comprehensive income,35.0,83,142405
WA_Karratha_Urban_2025.pdf,2025/WA/WA_Karratha_Urban_2025.pdf,WA,Karratha,2025,False,,,108,109747
WA_York_Rural_2025.pdf,2025/WA/WA_York_Rural_2025.pdf,WA,York,2025,True,statement of comprehensive income,37.0,80,138846
WA_East Pilbara_Rural_2025.pdf,2025/WA/WA_East Pilbara_Rural_2025.pdf,WA,East Pilbara,2025,True,financial statements,41.0,92,85374
WA_Kondinin_Urban_2025.pdf,2025/WA/WA_Kondinin_Urban_2025.pdf,WA,Kondinin,2025,False,,,59,31922
WA_Kwinana_Urban_2025.pdf,2025/WA/WA_Kwinana_Urban_2025.pdf,WA,Kwinana,2025,False,,,92,161079
WA_Chittering_Rural_2025.pdf,2025/WA/WA_Chittering_Rural_2025.pdf,WA,Chittering,2025,True,statement of comprehensive income,118.0,156,367467
WA_Wagin_Rural_2025.pdf,2025/WA/WA_Wagin_Rural_2025.pdf,WA,Wagin,2025,True,statement of comprehensive income,33.0,72,152177
WA_West Arthur_Rural_2025.pdf,2025/WA/WA_West Arthur_Rural_2025.pdf,WA,West Arthur,2025,True,statement of comprehensive income,3.0,77,64336
WA_Subiaco_Urban_2025.pdf,2025/WA/WA_Subiaco_Urban_2025.pdf,WA,Subiaco,2025,True,statement of comprehensive income,27.0,32,43398
WA_Carnamah_Rural_2025.pdf,2025/WA/WA_Carnamah_Rural_2025.pdf,WA,Carnamah,2025,False,,,64,29545
WA_Vincent_Urban_2025.pdf,2025/WA/WA_Vincent_Urban_2025.pdf,WA,Vincent,2025,True,statement of comprehensive income,93.0,128,234403
WA_Chapman Valley_Rural_2025.pdf,2025/WA/WA_Chapman Valley_Rural_2025.pdf,WA,Chapman Valley,2025,True,audited financial statements,36.0,75,150308
WA_Busselton_Urban_2025.pdf,2025/WA/WA_Busselton_Urban_2025.pdf,WA,Busselton,2025,True,statement of comprehensive income,56.0,128,276620
WA_Bridgetown Greenbushes_Rural_2025.pdf,2025/WA/WA_Bridgetown Greenbushes_Rural_2025.pdf,WA,Bridgetown Greenbushes,2025,True,statement of comprehensive income,34.0,79,137807
WA_Exmouth_Rural_2025.pdf,2025/WA/WA_Exmouth_Rural_2025.pdf,WA,Exmouth,2025,True,statement of comprehensive income,55.0,99,174749
WA_Nungarin_Rural_2025.pdf,2025/WA/WA_Nungarin_Rural_2025.pdf,WA,Nungarin,2025,False,,,55,29388
WA_Kojonup_Rural_2025.pdf,2025/WA/WA_Kojonup_Rural_2025.pdf,WA,Kojonup,2025,True,statement of comprehensive income,30.0,72,154668
WA_Narembeen_Rural_2025.pdf,2025/WA/WA_Narembeen_Rural_2025.pdf,WA,Narembeen,2025,True,statement of comprehensive income,32.0,74,145621
WA_Claremont_Urban_2025.pdf,2025/WA/WA_Claremont_Urban_2025.pdf,WA,Claremont,2025,True,statement of financial position,110.0,158,133860
WA_Katanning_Rural_2025.pdf,2025/WA/WA_Katanning_Rural_2025.pdf,WA,Katanning,2025,True,statement of comprehensive income,40.0,82,166516
WA_Capel_Rural_2025.pdf,2025/WA/WA_Capel_Rural_2025.pdf,WA,Capel,2025,True,financial statements,83.0,130,210343
WA_Wiluna_Rural_2025.pdf,2025/WA/WA_Wiluna_Rural_2025.pdf,WA,Wiluna,2025,True,financial statements,56.0,103,65155
WA_Northampton_Rural_2025.pdf,2025/WA/WA_Northampton_Rural_2025.pdf,WA,Northampton,2025,False,,,70,56566
WA_Toodyay_Rural_2025.pdf,2025/WA/WA_Toodyay_Rural_2025.pdf,WA,Toodyay,2025,True,statement of comprehensive income,57.0,101,134383
WA_Carnarvon_Rural_2025.pdf,2025/WA/WA_Carnarvon_Rural_2025.pdf,WA,Carnarvon,2025,True,financial statements,35.0,84,42138
WA_Dowerin_Rural_2025.pdf,2025/WA/WA_Dowerin_Rural_2025.pdf,WA,Dowerin,2025,True,financial statements,24.0,72,60441
WA_Dumbleyung_Rural_2025.pdf,2025/WA/WA_Dumbleyung_Rural_2025.pdf,WA,Dumbleyung,2025,False,,,80,48982
WA_Trayning_Rural_2025.pdf,2025/WA/WA_Trayning_Rural_2025.pdf,WA,Trayning,2025,True,statement of comprehensive income,3.0,63,117285
WA_Kent_Rural_2025.pdf,2025/WA/WA_Kent_Rural_2025.pdf,WA,Kent,2025,True,statement of comprehensive income,15.0,51,96302
WA_Kalamunda_Urban_2025.pdf,2025/WA/WA_Kalamunda_Urban_2025.pdf,WA,Kalamunda,2025,True,statement of comprehensive income,2.0,65,251453
WA_Boyup Brooke_Rural_2025.pdf,2025/WA/WA_Boyup Brooke_Rural_2025.pdf,WA,Boyup Brooke,2025,True,financial statements,29.0,74,161459
WA_Dandaragan_Rural_2025.pdf,2025/WA/WA_Dandaragan_Rural_2025.pdf,WA,Dandaragan,2025,True,statement of comprehensive income,45.0,90,136691
WA_Plantagenet_Rural_2025.pdf,2025/WA/WA_Plantagenet_Rural_2025.pdf,WA,Plantagenet,2025,True,statement of comprehensive income,33.0,80,144121
WA_Cockburn_Urban_2025.pdf,2025/WA/WA_Cockburn_Urban_2025.pdf,WA,Cockburn,2025,False,,,176,358331
WA_Goomalling_Rural_2025.pdf,2025/WA/WA_Goomalling_Rural_2025.pdf,WA,Goomalling,2025,True,financial statements,61.0,64,70143
WA_Leonora_Rural_2025.pdf,2025/WA/WA_Leonora_Rural_2025.pdf,WA,Leonora,2025,True,statement of comprehensive income,16.0,54,119586
WA_Perth_Urban_2025.pdf,2025/WA/WA_Perth_Urban_2025.pdf,WA,Perth,2025,True,financial statements,62.0,164,361771
WA_Mundaring_Rural_2025.pdf,2025/WA/WA_Mundaring_Rural_2025.pdf,WA,Mundaring,2025,True,statement of comprehensive income,69.0,116,180229
WA_Irwin_Rural_2025.pdf,2025/WA/WA_Irwin_Rural_2025.pdf,WA,Irwin,2025,False,,,70,36440
WA_Peppermint Grove_Urban_2025.pdf,2025/WA/WA_Peppermint Grove_Urban_2025.pdf,WA,Peppermint Grove,2025,True,statement of comprehensive income,3.0,88,175418
WA_Narrogin_Rural_2025.pdf,2025/WA/WA_Narrogin_Rural_2025.pdf,WA,Narrogin,2025,True,statement of comprehensive income,29.0,74,184041
WA_Harvey_Urban_2025.pdf,2025/WA/WA_Harvey_Urban_2025.pdf,WA,Harvey,2025,True,statement of comprehensive income,69.0,128,247911
WA_Three Springs_Rural_2025.pdf,2025/WA/WA_Three Springs_Rural_2025.pdf,WA,Three Springs,2025,False,,,1,16
WA_Koorda_Rural_2025.pdf,2025/WA/WA_Koorda_Rural_2025.pdf,WA,Koorda,2025,True,statement of comprehensive income,14.0,51,109449
WA_Bruce Rock_Rural_2025.pdf,2025/WA/WA_Bruce Rock_Rural_2025.pdf,WA,Bruce Rock,2025,True,audited financial statements,2.0,72,53459
WA_Murray_Rural_2025.pdf,2025/WA/WA_Murray_Rural_2025.pdf,WA,Murray,2025,True,statement of comprehensive income,65.0,126,196045
WA_Wanneroo_Urban_2025.pdf,2025/WA/WA_Wanneroo_Urban_2025.pdf,WA,Wanneroo,2025,True,statement of financial position,177.0,251,523187
WA_Donnybrook Balingup_Rural_2025.pdf,2025/WA/WA_Donnybrook Balingup_Rural_2025.pdf,WA,Donnybrook Balingup,2025,True,statement of comprehensive income,52.0,99,205483
WA_Victoria Plains_Rural_2025.pdf,2025/WA/WA_Victoria Plains_Rural_2025.pdf,WA,Victoria Plains,2025,True,statement of comprehensive income,37.0,82,150667
WA_Bassendean_Urban_2025.pdf,2025/WA/WA_Bassendean_Urban_2025.pdf,WA,Bassendean,2025,True,statement of comprehensive income,3.0,116,186079
WA_Gnowangerup_Rural_2025.pdf,2025/WA/WA_Gnowangerup_Rural_2025.pdf,WA,Gnowangerup,2025,True,statement of comprehensive income,42.0,64,128370
WA_Denmark_Rural_2025.pdf,2025/WA/WA_Denmark_Rural_2025.pdf,WA,Denmark,2025,True,statement of comprehensive income,57.0,104,178989
WA_Bayswater_Urban_2025.pdf,2025/WA/WA_Bayswater_Urban_2025.pdf,WA,Bayswater,2025,True,statement of comprehensive income,180.0,248,407700
WA_Murchison_Rural_2025.pdf,2025/WA/WA_Murchison_Rural_2025.pdf,WA,Murchison,2025,True,statement of comprehensive income,35.0,80,164942
WA_Belmont_Urban_2025.pdf,2025/WA/WA_Belmont_Urban_2025.pdf,WA,Belmont,2025,True,statement of comprehensive income,39.0,116,210863
WA_Pingelly_Rural_2025.pdf,2025/WA/WA_Pingelly_Rural_2025.pdf,WA,Pingelly,2025,True,statement of comprehensive income,29.0,73,125474
WA_Meekatharra_Rural_2025.pdf,2025/WA/WA_Meekatharra_Rural_2025.pdf,WA,Meekatharra,2025,True,financial statements,7.0,76,58632
WA_Esperance_Rural_2025.pdf,2025/WA/WA_Esperance_Rural_2025.pdf,WA,Esperance,2025,True,financial statements,47.0,110,247889
WA_Quairading_Rural_2025.pdf,2025/WA/WA_Quairading_Rural_2025.pdf,WA,Quairading,2025,True,statement of comprehensive income,33.0,55,106447
WA_Rockingham_Urban_2025.pdf,2025/WA/WA_Rockingham_Urban_2025.pdf,WA,Rockingham,2025,True,statement of comprehensive income,69.0,148,209854
WA_Joondalup_Urban_2025.pdf,2025/WA/WA_Joondalup_Urban_2025.pdf,WA,Joondalup,2025,False,,,176,309371
WA_Cunderdin_Rural_2025.pdf,2025/WA/WA_Cunderdin_Rural_2025.pdf,WA,Cunderdin,2025,False,,,60,46340
WA_Ravensthorpe_Rural_2025.pdf,2025/WA/WA_Ravensthorpe_Rural_2025.pdf,WA,Ravensthorpe,2025,True,financial statements,4.0,75,132446
WA_Lake Grace_Rural_2025.pdf,2025/WA/WA_Lake Grace_Rural_2025.pdf,WA,Lake Grace,2025,True,statement of comprehensive income,27.0,68,121143
WA_Ashburton_Rural_2025.pdf,2025/WA/WA_Ashburton_Rural_2025.pdf,WA,Ashburton,2025,True,statement of comprehensive income,67.0,104,195534
WA_Boddington_Rural_2025.pdf,2025/WA/WA_Boddington_Rural_2025.pdf,WA,Boddington,2025,True,statement of comprehensive income,40.0,80,134599
WA_Dardanup_Rural_2025.pdf,2025/WA/WA_Dardanup_Rural_2025.pdf,WA,Dardanup,2025,True,financial statements,37.0,84,170615
WA_Wyndham East Kimberley_Rural_2025.pdf,2025/WA/WA_Wyndham East Kimberley_Rural_2025.pdf,WA,Wyndham East Kimberley,2025,True,financial statements,6.0,89,277907
WA_Bunbury_Urban_2025.pdf,2025/WA/WA_Bunbury_Urban_2025.pdf,WA,Bunbury,2025,True,statement of comprehensive income,51.0,116,232654
WA_Cranbrook_Rural_2025.pdf,2025/WA/WA_Cranbrook_Rural_2025.pdf,WA,Cranbrook,2025,False,,,83,69469
WA_Kellerberrin_Rural_2025.pdf,2025/WA/WA_Kellerberrin_Rural_2025.pdf,WA,Kellerberrin,2025,False,,,40,111177
VIC_Latrobe_Urban_2024.pdf,2024/VIC/VIC_Latrobe_Urban_2024.pdf,VIC,Latrobe,2024,True,statement of changes in equity,69.0,132,266920
VIC_West Wimmera_Rural_2024.pdf,2024/VIC/VIC_West Wimmera_Rural_2024.pdf,VIC,West Wimmera,2024,True,financial statements,101.0,179,334599
VIC_Brimbank_Urban_2024.pdf,2024/VIC/VIC_Brimbank_Urban_2024.pdf,VIC,Brimbank,2024,True,financial statements,155.0,213,459264
VIC_Yarra_Urban_2024.pdf,2024/VIC/VIC_Yarra_Urban_2024.pdf,VIC,Yarra,2024,True,financial statements,18.0,163,391577
VIC_Murrindindi_Rural_2024.pdf,2024/VIC/VIC_Murrindindi_Rural_2024.pdf,VIC,Murrindindi,2024,True,statement of changes in equity,64.0,112,339612
VIC_Alpine_Rural_2024.pdf,2024/VIC/VIC_Alpine_Rural_2024.pdf,VIC,Alpine,2024,True,financial statements,6.0,152,314831
VIC_Moonee Valley_Urban_2024.pdf,2024/VIC/VIC_Moonee Valley_Urban_2024.pdf,VIC,Moonee Valley,2024,True,statement of changes in equity,125.0,203,394814
VIC_Corangamite_Rural_2024.pdf,2024/VIC/VIC_Corangamite_Rural_2024.pdf,VIC,Corangamite,2024,True,financial statements,47.0,80,269382
VIC_Bass Coast_Urban_2024.pdf,2024/VIC/VIC_Bass Coast_Urban_2024.pdf,VIC,Bass Coast,2024,True,financial statements,7.0,164,330890
VIC_Mount Alexander_Urban_2024.pdf,2024/VIC/VIC_Mount Alexander_Urban_2024.pdf,VIC,Mount Alexander,2024,True,statement of cash flows,116.0,172,236100
VIC_Casey_Urban_2024.pdf,2024/VIC/VIC_Casey_Urban_2024.pdf,VIC,Casey,2024,True,financial statements,84.0,118,407813
VIC_Horsham_Urban_2024.pdf,2024/VIC/VIC_Horsham_Urban_2024.pdf,VIC,Horsham,2024,True,financial statements,59.0,140,279196
VIC_Baw Baw_Urban_2024.pdf,2024/VIC/VIC_Baw Baw_Urban_2024.pdf,VIC,Baw Baw,2024,True,financial statements,2.0,83,332434
VIC_Moyne_Rural_2024.pdf,2024/VIC/VIC_Moyne_Rural_2024.pdf,VIC,Moyne,2024,True,statement of changes in equity,88.0,132,155542
VIC_Buloke_Rural_2024.pdf,2024/VIC/VIC_Buloke_Rural_2024.pdf,VIC,Buloke,2024,True,financial statements,54.0,126,219820
VIC_Northern Grampians_Rural_2024.pdf,2024/VIC/VIC_Northern Grampians_Rural_2024.pdf,VIC,Northern Grampians,2024,True,financial statements,93.0,174,332426
VIC_Cardinia_Urban_2024.pdf,2024/VIC/VIC_Cardinia_Urban_2024.pdf,VIC,Cardinia,2024,True,financial statements,3.0,164,362896
VIC_Indigo_Rural_2024.pdf,2024/VIC/VIC_Indigo_Rural_2024.pdf,VIC,Indigo,2024,True,financial statements,42.0,82,256729
VIC_Hobsons Bay_Urban_2024.pdf,2024/VIC/VIC_Hobsons Bay_Urban_2024.pdf,VIC,Hobsons Bay,2024,False,,,124,247879
VIC_Nillumbik_Urban_2024.pdf,2024/VIC/VIC_Nillumbik_Urban_2024.pdf,VIC,Nillumbik,2024,True,financial statements,100.0,140,576415
VIC_Central Goldfields_Rural_2024.pdf,2024/VIC/VIC_Central Goldfields_Rural_2024.pdf,VIC,Central Goldfields,2024,True,financial statements,2.0,69,274323
VIC_Wodonga_Urban_2024.pdf,2024/VIC/VIC_Wodonga_Urban_2024.pdf,VIC,Wodonga,2024,True,financial statements,80.0,132,308198
VIC_Hindmarsh_Rural_2024.pdf,2024/VIC/VIC_Hindmarsh_Rural_2024.pdf,VIC,Hindmarsh,2024,True,financial statements,104.0,176,186586
VIC_Maribyrnong_Urban_2024.pdf,2024/VIC/VIC_Maribyrnong_Urban_2024.pdf,VIC,Maribyrnong,2024,True,financial statements,176.0,248,560914
VIC_Macedon Ranges_Urban_2024.pdf,2024/VIC/VIC_Macedon Ranges_Urban_2024.pdf,VIC,Macedon Ranges,2024,True,statement of changes in equity,190.0,256,479317
VIC_Darebin_Urban_2024.pdf,2024/VIC/VIC_Darebin_Urban_2024.pdf,VIC,Darebin,2024,True,financial statements,6.0,230,341517
VIC_Glenelg_Urban_2024.pdf,2024/VIC/VIC_Glenelg_Urban_2024.pdf,VIC,Glenelg,2024,False,,,64,218580
VIC_Loddon_Rural_2024.pdf,2024/VIC/VIC_Loddon_Rural_2024.pdf,VIC,Loddon,2024,False,,,126,235560
VIC_Surf Coast_Urban_2024.pdf,2024/VIC/VIC_Surf Coast_Urban_2024.pdf,VIC,Surf Coast,2024,True,financial statements,133.0,190,353280
VIC_Monash_Urban_2024.pdf,2024/VIC/VIC_Monash_Urban_2024.pdf,VIC,Monash,2024,True,statement of changes in equity,183.0,244,437696
VIC_Ballarat_Urban_2024.pdf,2024/VIC/VIC_Ballarat_Urban_2024.pdf,VIC,Ballarat,2024,True,financial statements,33.0,159,297957
VIC_Merri Bek_Urban_2024.pdf,2024/VIC/VIC_Merri Bek_Urban_2024.pdf,VIC,Merri Bek,2024,True,statement of changes in equity,164.0,223,456072
VIC_Melbourne_Urban_2024.pdf,2024/VIC/VIC_Melbourne_Urban_2024.pdf,VIC,Melbourne,2024,True,financial statements,224.0,329,586524
VIC_Southern Grampians_Rural_2024.pdf,2024/VIC/VIC_Southern Grampians_Rural_2024.pdf,VIC,Southern Grampians,2024,True,statement of cash flows,85.0,160,299577
VIC_Whittlesea_Urban_2024.pdf,2024/VIC/VIC_Whittlesea_Urban_2024.pdf,VIC,Whittlesea,2024,True,financial statements,5.0,129,468765
VIC_Yarriambiack_Rural_2024.pdf,2024/VIC/VIC_Yarriambiack_Rural_2024.pdf,VIC,Yarriambiack,2024,True,statement of changes in equity,89.0,140,294594
VIC_Boroondara_Urban_2024.pdf,2024/VIC/VIC_Boroondara_Urban_2024.pdf,VIC,Boroondara,2024,True,financial statements,3.0,266,447194
VIC_Shepparton_Urban_2024.pdf,2024/VIC/VIC_Shepparton_Urban_2024.pdf,VIC,Shepparton,2024,True,financial statements,2.0,104,331065
VIC_Strathbogie_Rural_2024.pdf,2024/VIC/VIC_Strathbogie_Rural_2024.pdf,VIC,Strathbogie,2024,True,notes to the financial statements,113.0,176,318809
VIC_Towong_Rural_2024.pdf,2024/VIC/VIC_Towong_Rural_2024.pdf,VIC,Towong,2024,True,statement of changes in equity,4.0,144,276877
VIC_Hume_Urban_2024.pdf,2024/VIC/VIC_Hume_Urban_2024.pdf,VIC,Hume,2024,True,financial statements,22.0,196,404121
VIC_Maroondah_Urban_2024.pdf,2024/VIC/VIC_Maroondah_Urban_2024.pdf,VIC,Maroondah,2024,True,financial statements,119.0,282,615350
VIC_Melton_Urban_2024.pdf,2024/VIC/VIC_Melton_Urban_2024.pdf,VIC,Melton,2024,True,financial statements,65.0,97,345805
VIC_Bendigo_Urban_2024.pdf,2024/VIC/VIC_Bendigo_Urban_2024.pdf,VIC,Bendigo,2024,True,financial statements,3.0,188,347247
VIC_Wellington_Urban_2024.pdf,2024/VIC/VIC_Wellington_Urban_2024.pdf,VIC,Wellington,2024,True,audited financial statements,150.0,237,394655
VIC_Bayside_Urban_2024.pdf,2024/VIC/VIC_Bayside_Urban_2024.pdf,VIC,Bayside,2024,True,financial statements,3.0,206,385093
VIC_Ararat_Rural_2024.pdf,2024/VIC/VIC_Ararat_Rural_2024.pdf,VIC,Ararat,2024,True,financial statements,70.0,143,294990
VIC_Colac Otway_Urban_2024.pdf,2024/VIC/VIC_Colac Otway_Urban_2024.pdf,VIC,Colac Otway,2024,True,financial statements,6.0,174,367214
VIC_Warrnambool_Urban_2024.pdf,2024/VIC/VIC_Warrnambool_Urban_2024.pdf,VIC,Warrnambool,2024,True,financial statements,9.0,151,304102
VIC_Moorabool_Urban_2024.pdf,2024/VIC/VIC_Moorabool_Urban_2024.pdf,VIC,Moorabool,2024,True,statement of changes in equity,87.0,148,242682
VIC_Gannawarra_Rural_2024.pdf,2024/VIC/VIC_Gannawarra_Rural_2024.pdf,VIC,Gannawarra,2024,True,financial statements,68.0,148,319029
VIC_Yarra Ranges_Urban_2024.pdf,2024/VIC/VIC_Yarra Ranges_Urban_2024.pdf,VIC,Yarra Ranges,2024,False,,,108,172919
VIC_Pyrenees_Rural_2024.pdf,2024/VIC/VIC_Pyrenees_Rural_2024.pdf,VIC,Pyrenees,2024,True,financial statements,96.0,112,222306
VIC_Golden Plains_Urban_2024.pdf,2024/VIC/VIC_Golden Plains_Urban_2024.pdf,VIC,Golden Plains,2024,True,financial statements,111.0,192,398629
VIC_Port Phillip_Urban_2024.pdf,2024/VIC/VIC_Port Phillip_Urban_2024.pdf,VIC,Port Phillip,2024,True,statement of changes in equity,226.0,324,666098
VIC_Moira_Urban_2024.pdf,2024/VIC/VIC_Moira_Urban_2024.pdf,VIC,Moira,2024,True,statement of changes in equity,3.0,164,345431
VIC_Mornington Peninsula_Urban_2024.pdf,2024/VIC/VIC_Mornington Peninsula_Urban_2024.pdf,VIC,Mornington Peninsula,2024,True,audited financial statements,3.0,117,468797
VIC_Mildura_Urban_2024.pdf,2024/VIC/VIC_Mildura_Urban_2024.pdf,VIC,Mildura,2024,True,financial statements,110.0,225,193503
VIC_Campaspe_Urban_2024.pdf,2024/VIC/VIC_Campaspe_Urban_2024.pdf,VIC,Campaspe,2024,True,financial statements,16.0,172,328990
VIC_Queenscliffe_Urban_2024.pdf,2024/VIC/VIC_Queenscliffe_Urban_2024.pdf,VIC,Queenscliffe,2024,True,statement of changes in equity,90.0,152,347439
VIC_Knox_Urban_2024.pdf,2024/VIC/VIC_Knox_Urban_2024.pdf,VIC,Knox,2024,True,financial statements,4.0,202,407024
VIC_Geelong_Urban_2024.pdf,2024/VIC/VIC_Geelong_Urban_2024.pdf,VIC,Geelong,2024,True,statement of changes in equity,120.0,205,290221
VIC_Kingston_Urban_2024.pdf,2024/VIC/VIC_Kingston_Urban_2024.pdf,VIC,Kingston,2024,True,financial statements,148.0,220,500154
VIC_Swan Hill_Urban_2024.pdf,2024/VIC/VIC_Swan Hill_Urban_2024.pdf,VIC,Swan Hill,2024,True,general purpose financial statements,117.0,191,338176
VIC_Banyule_Urban_2024.pdf,2024/VIC/VIC_Banyule_Urban_2024.pdf,VIC,Banyule,2024,True,statement of changes in equity,4.0,289,587328
VIC_Stonnington_Urban_2024.pdf,2024/VIC/VIC_Stonnington_Urban_2024.pdf,VIC,Stonnington,2024,True,statement of changes in equity,151.0,219,460626
VIC_Wangaratta_Urban_2024.pdf,2024/VIC/VIC_Wangaratta_Urban_2024.pdf,VIC,Wangaratta,2024,True,financial statements,73.0,128,325787
VIC_Frankston_Urban_2024.pdf,2024/VIC/VIC_Frankston_Urban_2024.pdf,VIC,Frankston,2024,True,financial statements,21.0,252,438929
VIC_Benalla_Rural_2024.pdf,2024/VIC/VIC_Benalla_Rural_2024.pdf,VIC,Benalla,2024,True,financial statements,84.0,134,247059
VIC_South Gippsland_Urban_2024.pdf,2024/VIC/VIC_South Gippsland_Urban_2024.pdf,VIC,South Gippsland,2024,True,statement of changes in equity,79.0,148,382645
VIC_Whitehorse_Urban_2024.pdf,2024/VIC/VIC_Whitehorse_Urban_2024.pdf,VIC,Whitehorse,2024,True,notes to the financial statements,129.0,184,368602
VIC_Mitchell_Urban_2024.pdf,2024/VIC/VIC_Mitchell_Urban_2024.pdf,VIC,Mitchell,2024,True,financial statements,39.0,87,226376
VIC_Manningham_Urban_2024.pdf,2024/VIC/VIC_Manningham_Urban_2024.pdf,VIC,Manningham,2024,True,financial statements,225.0,302,504379
VIC_Mansfield_Rural_2024.pdf,2024/VIC/VIC_Mansfield_Rural_2024.pdf,VIC,Mansfield,2024,True,financial statements,59.0,139,267456
VIC_East Gippsland_Urban_2024.pdf,2024/VIC/VIC_East Gippsland_Urban_2024.pdf,VIC,East Gippsland,2024,True,financial statements,7.0,192,384508
VIC_Wyndham_Urban_2024.pdf,2024/VIC/VIC_Wyndham_Urban_2024.pdf,VIC,Wyndham,2024,True,financial statements,10.0,215,454871
VIC_Dandenong_Urban_2024.pdf,2024/VIC/VIC_Dandenong_Urban_2024.pdf,VIC,Dandenong,2024,True,statement of changes in equity,171.0,256,407607
NT_Barkly_Rural_2024.pdf,2024/NT/NT_Barkly_Rural_2024.pdf,NT,Barkly,2024,True,statement of financial position,67.0,103,139352
NT_Darwin_Urban_2024.pdf,2024/NT/NT_Darwin_Urban_2024.pdf,NT,Darwin,2024,True,financial statements,7.0,160,300256
NT_West Arnhem_Rural_2024.pdf,2024/NT/NT_West Arnhem_Rural_2024.pdf,NT,West Arnhem,2024,True,financial statement,72.0,108,208195
NT_Macdonnell_Rural_2024.pdf,2024/NT/NT_Macdonnell_Rural_2024.pdf,NT,Macdonnell,2024,True,financial statements,42.0,63,188280
NT_Central Desert_Rural_2024.pdf,2024/NT/NT_Central Desert_Rural_2024.pdf,NT,Central Desert,2024,True,financial statements,35.0,86,187445
NT_Roper Gulf_Rural_2024.pdf,2024/NT/NT_Roper Gulf_Rural_2024.pdf,NT,Roper Gulf,2024,True,statement of changes in equity,5.0,144,128984
NT_Palmerston_Urban_2024.pdf,2024/NT/NT_Palmerston_Urban_2024.pdf,NT,Palmerston,2024,True,financial statements,84.0,128,168336
NT_Alice Springs_Urban_2024.pdf,2024/NT/NT_Alice Springs_Urban_2024.pdf,NT,Alice Springs,2024,True,general purpose financial statements,4.0,104,149123
NT_Victoria Daly_Rural_2024.pdf,2024/NT/NT_Victoria Daly_Rural_2024.pdf,NT,Victoria Daly,2024,False,,,136,96097
NT_Tiwi Islands_Rural_2024.pdf,2024/NT/NT_Tiwi Islands_Rural_2024.pdf,NT,Tiwi Islands,2024,False,,,82,47319
NT_East Arnhem_Rural_2024.pdf,2024/NT/NT_East Arnhem_Rural_2024.pdf,NT,East Arnhem,2024,True,notes to the financial statements,53.0,78,273151
NT_West Daly_Rural_2024.pdf,2024/NT/NT_West Daly_Rural_2024.pdf,NT,West Daly,2024,True,financial statements,3.0,84,163792
NT_Katherine_Rural_2024.pdf,2024/NT/NT_Katherine_Rural_2024.pdf,NT,Katherine,2024,True,statement of financial position,44.0,68,130502
NT_Litchfield_Urban_2024.pdf,2024/NT/NT_Litchfield_Urban_2024.pdf,NT,Litchfield,2024,True,financial statements,47.0,118,222357
NT_Wagait_Urban_2024.pdf,2024/NT/NT_Wagait_Urban_2024.pdf,NT,Wagait,2024,False,,,69,71439
NT_Coomalie_Rural_2024.pdf,2024/NT/NT_Coomalie_Rural_2024.pdf,NT,Coomalie,2024,True,audited financial statements,9.0,87,85626
SA_Cleve_Rural_2024.pdf,2024/SA/SA_Cleve_Rural_2024.pdf,SA,Cleve,2024,True,audited financial statements,3.0,87,61334
SA_Coober Pedy_Rural_2024.pdf,2024/SA/SA_Coober Pedy_Rural_2024.pdf,SA,Coober Pedy,2024,True,audited financial statements,7.0,117,209919
SA_Naracoorte Lucindale_Rural_2024.pdf,2024/SA/SA_Naracoorte Lucindale_Rural_2024.pdf,SA,Naracoorte Lucindale,2024,True,financial statements,25.0,122,169687
SA_Mount Barker_Urban_2024.pdf,2024/SA/SA_Mount Barker_Urban_2024.pdf,SA,Mount Barker,2024,True,financial statements,3.0,272,428202
SA_Loxton Waikerie_Rural_2024.pdf,2024/SA/SA_Loxton Waikerie_Rural_2024.pdf,SA,Loxton Waikerie,2024,True,financial statements,29.0,150,226745
SA_Flinders Ranges_Rural_2024.pdf,2024/SA/SA_Flinders Ranges_Rural_2024.pdf,SA,Flinders Ranges,2024,True,general purpose financial statements,32.0,139,234047
SA_Prospect_Urban_2024.pdf,2024/SA/SA_Prospect_Urban_2024.pdf,SA,Prospect,2024,True,financial statements,53.0,234,216315
SA_Charles Sturt_Urban_2024.pdf,2024/SA/SA_Charles Sturt_Urban_2024.pdf,SA,Charles Sturt,2024,True,general purpose financial statements,101.0,202,342857
SA_Adelaide Plains_Rural_2024.pdf,2024/SA/SA_Adelaide Plains_Rural_2024.pdf,SA,Adelaide Plains,2024,True,financial statements,93.0,230,360767
SA_Peterborough_Rural_2024.pdf,2024/SA/SA_Peterborough_Rural_2024.pdf,SA,Peterborough,2024,True,financial statements,1.0,128,232648
SA_Mid Murray_Rural_2024.pdf,2024/SA/SA_Mid Murray_Rural_2024.pdf,SA,Mid Murray,2024,True,general purpose financial statements,59.0,156,264900
SA_Renmark Paringa_Rural_2024.pdf,2024/SA/SA_Renmark Paringa_Rural_2024.pdf,SA,Renmark Paringa,2024,True,financial statements,137.0,164,157769
SA_Lower Eyre Peninsula_Rural_2024.pdf,2024/SA/SA_Lower Eyre Peninsula_Rural_2024.pdf,SA,Lower Eyre Peninsula,2024,True,financial statements,62.0,192,322434
SA_Roxby Downs_Rural_2024.pdf,2024/SA/SA_Roxby Downs_Rural_2024.pdf,SA,Roxby Downs,2024,True,financial statements,28.0,152,236043
SA_Campbelltown_Urban_2024.pdf,2024/SA/SA_Campbelltown_Urban_2024.pdf,SA,Campbelltown,2024,True,financial statements,69.0,76,132844
SA_Unley_Urban_2024.pdf,2024/SA/SA_Unley_Urban_2024.pdf,SA,Unley,2024,True,audited financial statements,59.0,253,430899
SA_Streaky Bay_Rural_2024.pdf,2024/SA/SA_Streaky Bay_Rural_2024.pdf,SA,Streaky Bay,2024,True,financial statements,2.0,170,276406
SA_Northern Areas_Rural_2024.pdf,2024/SA/SA_Northern Areas_Rural_2024.pdf,SA,Northern Areas,2024,True,general purpose financial statements,30.0,109,190048
SA_Goyder_Rural_2024.pdf,2024/SA/SA_Goyder_Rural_2024.pdf,SA,Goyder,2024,True,statement of comprehensive income,133.0,223,383660
SA_Southern Mallee_Rural_2024.pdf,2024/SA/SA_Southern Mallee_Rural_2024.pdf,SA,Southern Mallee,2024,True,general purpose financial statements,59.0,160,252058
SA_Adelaide_Urban_2024.pdf,2024/SA/SA_Adelaide_Urban_2024.pdf,SA,Adelaide,2024,True,audited financial statements,4.0,112,149093
SA_Light_Rural_2024.pdf,2024/SA/SA_Light_Rural_2024.pdf,SA,Light,2024,True,general purpose financial statements,45.0,117,351537
SA_Copper Coast_Rural_2024.pdf,2024/SA/SA_Copper Coast_Rural_2024.pdf,SA,Copper Coast,2024,True,financial statements,95.0,216,222490
SA_Berri Barmera_Rural_2024.pdf,2024/SA/SA_Berri Barmera_Rural_2024.pdf,SA,Berri Barmera,2024,True,financial statements,68.0,136,233693
SA_Clare Gilbert Valleys_Rural_2024.pdf,2024/SA/SA_Clare Gilbert Valleys_Rural_2024.pdf,SA,Clare Gilbert Valleys,2024,True,financial statements,26.0,153,266617
SA_Tea Tree Gully_Urban_2024.pdf,2024/SA/SA_Tea Tree Gully_Urban_2024.pdf,SA,Tea Tree Gully,2024,True,audited financial statements,43.0,114,170651
SA_Kangaroo Island_Rural_2024.pdf,2024/SA/SA_Kangaroo Island_Rural_2024.pdf,SA,Kangaroo Island,2024,True,financial statements,64.0,246,411133
SA_Anangu_Rural_2024.pdf,2024/SA/SA_Anangu_Rural_2024.pdf,SA,Anangu,2024,True,financial statements,46.0,52,78027
SA_Playford_Urban_2024.pdf,2024/SA/SA_Playford_Urban_2024.pdf,SA,Playford,2024,True,statement of comprehensive income,75.0,235,405854
SA_Port Adelaide Enfield_Urban_2024.pdf,2024/SA/SA_Port Adelaide Enfield_Urban_2024.pdf,SA,Port Adelaide Enfield,2024,True,financial statements,43.0,140,290749
SA_Walkerville_Urban_2024.pdf,2024/SA/SA_Walkerville_Urban_2024.pdf,SA,Walkerville,2024,True,general purpose financial statements,56.0,181,484796
SA_Norwood Payneham St Peters_Urban_2024.pdf,2024/SA/SA_Norwood Payneham St Peters_Urban_2024.pdf,SA,Norwood Payneham St Peters,2024,True,statement of financial position,238.0,314,625561
SA_Karoonda East Murray_Rural_2024.pdf,2024/SA/SA_Karoonda East Murray_Rural_2024.pdf,SA,Karoonda East Murray,2024,True,statement of comprehensive income,30.0,110,176462
SA_Barunga West_Rural_2024.pdf,2024/SA/SA_Barunga West_Rural_2024.pdf,SA,Barunga West,2024,True,financial statements,47.0,158,295738
SA_Yankalilla_Rural_2024.pdf,2024/SA/SA_Yankalilla_Rural_2024.pdf,SA,Yankalilla,2024,True,financial statements,86.0,252,423154
SA_Mount Remarkable_Rural_2024.pdf,2024/SA/SA_Mount Remarkable_Rural_2024.pdf,SA,Mount Remarkable,2024,True,financial statements,62.0,168,302373
SA_Orroroo Carrieton_Rural_2024.pdf,2024/SA/SA_Orroroo Carrieton_Rural_2024.pdf,SA,Orroroo Carrieton,2024,True,statement of comprehensive income,41.0,129,220528
SA_Ceduna_Rural_2024.pdf,2024/SA/SA_Ceduna_Rural_2024.pdf,SA,Ceduna,2024,True,audited financial statements,2.0,152,269591
SA_Coorong_Rural_2024.pdf,2024/SA/SA_Coorong_Rural_2024.pdf,SA,Coorong,2024,True,statement of comprehensive income,70.0,159,224810
SA_Murray Bridge_Rural_2024.pdf,2024/SA/SA_Murray Bridge_Rural_2024.pdf,SA,Murray Bridge,2024,True,general purpose financial statements,63.0,260,356697
SA_Adelaide Hills_Urban_2024.pdf,2024/SA/SA_Adelaide Hills_Urban_2024.pdf,SA,Adelaide Hills,2024,True,financial statements,48.0,320,528233
SA_Marion_Urban_2024.pdf,2024/SA/SA_Marion_Urban_2024.pdf,SA,Marion,2024,True,statement of comprehensive income,67.0,179,285078
SA_Whyalla_Rural_2024.pdf,2024/SA/SA_Whyalla_Rural_2024.pdf,SA,Whyalla,2024,True,financial statements,3.0,215,349639
SA_Elliston_Rural_2024.pdf,2024/SA/SA_Elliston_Rural_2024.pdf,SA,Elliston,2024,False,,,35,41563
SA_Port Lincoln_Urban_2024.pdf,2024/SA/SA_Port Lincoln_Urban_2024.pdf,SA,Port Lincoln,2024,True,financial statements,108.0,182,336872
SA_Gawler_Urban_2024.pdf,2024/SA/SA_Gawler_Urban_2024.pdf,SA,Gawler,2024,True,financial statements,3.0,174,242523
SA_Port Augusta_Rural_2024.pdf,2024/SA/SA_Port Augusta_Rural_2024.pdf,SA,Port Augusta,2024,True,statement of comprehensive income,65.0,109,226638
SA_Kimba_Rural_2024.pdf,2024/SA/SA_Kimba_Rural_2024.pdf,SA,Kimba,2024,True,financial statements,78.0,218,328438
SA_Franklin Harbour_Rural_2024.pdf,2024/SA/SA_Franklin Harbour_Rural_2024.pdf,SA,Franklin Harbour,2024,False,,,180,75468
SA_Holdfast Bay_Urban_2024.pdf,2024/SA/SA_Holdfast Bay_Urban_2024.pdf,SA,Holdfast Bay,2024,True,financial statements,94.0,208,306094
SA_Salisbury_Urban_2024.pdf,2024/SA/SA_Salisbury_Urban_2024.pdf,SA,Salisbury,2024,True,financial statements,31.0,106,330294
SA_West Torrens_Urban_2024.pdf,2024/SA/SA_West Torrens_Urban_2024.pdf,SA,West Torrens,2024,True,audited financial statements,113.0,240,401063
SA_Robe_Rural_2024.pdf,2024/SA/SA_Robe_Rural_2024.pdf,SA,Robe,2024,True,financial statements,47.0,135,197801
SA_Port Pirie_Rural_2024.pdf,2024/SA/SA_Port Pirie_Rural_2024.pdf,SA,Port Pirie,2024,True,financial statements,3.0,164,289993
SA_The Barossa_Rural_2024.pdf,2024/SA/SA_The Barossa_Rural_2024.pdf,SA,The Barossa,2024,False,,,66,87215
SA_Mitcham_Urban_2024.pdf,2024/SA/SA_Mitcham_Urban_2024.pdf,SA,Mitcham,2024,True,financial statements,66.0,124,245255
SA_Yorke Peninsula_Rural_2024.pdf,2024/SA/SA_Yorke Peninsula_Rural_2024.pdf,SA,Yorke Peninsula,2024,True,general purpose financial statements,74.0,174,341769
SA_Alexandrina_Urban_2024.pdf,2024/SA/SA_Alexandrina_Urban_2024.pdf,SA,Alexandrina,2024,True,general purpose financial statements,86.0,375,599882
SA_Tatiara_Rural_2024.pdf,2024/SA/SA_Tatiara_Rural_2024.pdf,SA,Tatiara,2024,True,financial statement,42.0,150,209642
SA_Burnside_Urban_2024.pdf,2024/SA/SA_Burnside_Urban_2024.pdf,SA,Burnside,2024,True,general purpose financial statements,69.0,272,343117
SA_Grant_Rural_2024.pdf,2024/SA/SA_Grant_Rural_2024.pdf,SA,Grant,2024,True,financial statements,3.0,156,187758
SA_Onkaparinga_Urban_2024.pdf,2024/SA/SA_Onkaparinga_Urban_2024.pdf,SA,Onkaparinga,2024,True,general purpose financial statements,3.0,164,253229
SA_Kingston_Rural_2024.pdf,2024/SA/SA_Kingston_Rural_2024.pdf,SA,Kingston,2024,True,general purpose financial statements,55.0,145,208403
SA_Tumby Bay_Rural_2024.pdf,2024/SA/SA_Tumby Bay_Rural_2024.pdf,SA,Tumby Bay,2024,True,statement of comprehensive income,27.0,161,303677
SA_Wakefield_Rural_2024.pdf,2024/SA/SA_Wakefield_Rural_2024.pdf,SA,Wakefield,2024,True,audited financial statements,30.0,76,156454
SA_Wattle Range_Rural_2024.pdf,2024/SA/SA_Wattle Range_Rural_2024.pdf,SA,Wattle Range,2024,True,financial statements,101.0,198,291160
SA_Victor Harbor_Urban_2024.pdf,2024/SA/SA_Victor Harbor_Urban_2024.pdf,SA,Victor Harbor,2024,True,financial statements,56.0,200,390095
SA_Mount Gambier_Urban_2024.pdf,2024/SA/SA_Mount Gambier_Urban_2024.pdf,SA,Mount Gambier,2024,True,financial statements,105.0,203,343851
SA_Wudinna_Rural_2024.pdf,2024/SA/SA_Wudinna_Rural_2024.pdf,SA,Wudinna,2024,True,audited financial statements,6.0,127,229621
QLD_Toowoomba_Urban_2024.pdf,2024/QLD/QLD_Toowoomba_Urban_2024.pdf,QLD,Toowoomba,2024,True,notes to the financial statements,23.0,57,229648
QLD_Palm Island_Urban_2024.pdf,2024/QLD/QLD_Palm Island_Urban_2024.pdf,QLD,Palm Island,2024,False,,,11,33514
QLD_Mapoon_Rural_2024.pdf,2024/QLD/QLD_Mapoon_Rural_2024.pdf,QLD,Mapoon,2024,False,,,88,1487
QLD_Fraser Coast_Urban_2024.pdf,2024/QLD/QLD_Fraser Coast_Urban_2024.pdf,QLD,Fraser Coast,2024,True,financial statements,29.0,150,248138
QLD_Diamantina_Rural_2024.pdf,2024/QLD/QLD_Diamantina_Rural_2024.pdf,QLD,Diamantina,2024,True,financial statements,6.0,64,141188
QLD_Goldcoast_Urban_2024.pdf,2024/QLD/QLD_Goldcoast_Urban_2024.pdf,QLD,Goldcoast,2024,True,statement of comprehensive income,38.0,156,378149
QLD_Logan_Urban_2024.pdf,2024/QLD/QLD_Logan_Urban_2024.pdf,QLD,Logan,2024,True,general purpose financial statements,46.0,145,336984
QLD_Pormpuraaw_Rural_2024.pdf,2024/QLD/QLD_Pormpuraaw_Rural_2024.pdf,QLD,Pormpuraaw,2024,True,financial statements,3.0,95,187013
QLD_Etheridge_Rural_2024.pdf,2024/QLD/QLD_Etheridge_Rural_2024.pdf,QLD,Etheridge,2024,True,financial statements,28.0,89,119343
QLD_Scenic Rim_Urban_2024.pdf,2024/QLD/QLD_Scenic Rim_Urban_2024.pdf,QLD,Scenic Rim,2024,True,statement of cash flows,74.0,100,346192
QLD_Ipswich_Urban_2024.pdf,2024/QLD/QLD_Ipswich_Urban_2024.pdf,QLD,Ipswich,2024,True,financial statements,2.0,102,226192
QLD_Central Highlands_Urban_2024.pdf,2024/QLD/QLD_Central Highlands_Urban_2024.pdf,QLD,Central Highlands,2024,True,general purpose financial statements,105.0,192,377084
QLD_Winton_Rural_2024.pdf,2024/QLD/QLD_Winton_Rural_2024.pdf,QLD,Winton,2024,False,,,102,4619
QLD_Goondiwindi_Rural_2024.pdf,2024/QLD/QLD_Goondiwindi_Rural_2024.pdf,QLD,Goondiwindi,2024,True,financial statements,22.0,89,156443
QLD_Tablelands_Urban_2024.pdf,2024/QLD/QLD_Tablelands_Urban_2024.pdf,QLD,Tablelands,2024,True,statement of comprehensive income,3.0,64,95877
QLD_Moreton Bay_Urban_2024.pdf,2024/QLD/QLD_Moreton Bay_Urban_2024.pdf,QLD,Moreton Bay,2024,True,financial statements,5.0,183,245217
QLD_Townsville_Urban_2024.pdf,2024/QLD/QLD_Townsville_Urban_2024.pdf,QLD,Townsville,2024,True,financial statements,101.0,170,308741
QLD_Western Downs_Urban_2024.pdf,2024/QLD/QLD_Western Downs_Urban_2024.pdf,QLD,Western Downs,2024,False,,,95,113770
QLD_Noosa_Urban_2024.pdf,2024/QLD/QLD_Noosa_Urban_2024.pdf,QLD,Noosa,2024,True,financial statements,6.0,148,419676
QLD_Hinchinbrook_Rural_2024.pdf,2024/QLD/QLD_Hinchinbrook_Rural_2024.pdf,QLD,Hinchinbrook,2024,True,statement of comprehensive income,50.0,100,106268
QLD_Gympie_Urban_2024.pdf,2024/QLD/QLD_Gympie_Urban_2024.pdf,QLD,Gympie,2024,True,financial statements,4.0,100,69663
QLD_Mckinlay_Rural_2024.pdf,2024/QLD/QLD_Mckinlay_Rural_2024.pdf,QLD,Mckinlay,2024,True,financial statements,2.0,107,177265
QLD_Murweh_Rural_2024.pdf,2024/QLD/QLD_Murweh_Rural_2024.pdf,QLD,Murweh,2024,True,audited financial statements,5.0,98,98720
QLD_Cloncurry_Rural_2024.pdf,2024/QLD/QLD_Cloncurry_Rural_2024.pdf,QLD,Cloncurry,2024,True,financial statements,3.0,131,138085
QLD_Flinders_Rural_2024.pdf,2024/QLD/QLD_Flinders_Rural_2024.pdf,QLD,Flinders,2024,False,,,64,69554
QLD_Lockhart River_Rural_2024.pdf,2024/QLD/QLD_Lockhart River_Rural_2024.pdf,QLD,Lockhart River,2024,True,financial statements,40.0,52,77937
QLD_Croydon_Rural_2024.pdf,2024/QLD/QLD_Croydon_Rural_2024.pdf,QLD,Croydon,2024,True,financial statements,3.0,88,80633
QLD_Redland_Urban_2024.pdf,2024/QLD/QLD_Redland_Urban_2024.pdf,QLD,Redland,2024,True,financial statements,55.0,126,188032
QLD_Kowanyama_Rural_2024.pdf,2024/QLD/QLD_Kowanyama_Rural_2024.pdf,QLD,Kowanyama,2024,True,financial statements,25.0,112,84253
QLD_Whitsunday_Urban_2024.pdf,2024/QLD/QLD_Whitsunday_Urban_2024.pdf,QLD,Whitsunday,2024,True,financial statements,43.0,128,272535
QLD_Burke_Rural_2024.pdf,2024/QLD/QLD_Burke_Rural_2024.pdf,QLD,Burke,2024,True,financial statements,51.0,93,216356
QLD_Gladstone_Urban_2024.pdf,2024/QLD/QLD_Gladstone_Urban_2024.pdf,QLD,Gladstone,2024,True,financial statements,4.0,188,358086
QLD_Paroo_Rural_2024.pdf,2024/QLD/QLD_Paroo_Rural_2024.pdf,QLD,Paroo,2024,True,financial statements,8.0,78,52191
QLD_Hope Vale_Rural_2024.pdf,2024/QLD/QLD_Hope Vale_Rural_2024.pdf,QLD,Hope Vale,2024,False,,,33,552
QLD_Rockhampton_Urban_2024.pdf,2024/QLD/QLD_Rockhampton_Urban_2024.pdf,QLD,Rockhampton,2024,True,financial statements,3.0,152,137166
QLD_Quilpie_Rural_2024.pdf,2024/QLD/QLD_Quilpie_Rural_2024.pdf,QLD,Quilpie,2024,True,general purpose financial statements,33.0,144,216014
QLD_Banana_Rural_2024.pdf,2024/QLD/QLD_Banana_Rural_2024.pdf,QLD,Banana,2024,True,financial statement,3.0,108,257070
QLD_Napranum_Rural_2024.pdf,2024/QLD/QLD_Napranum_Rural_2024.pdf,QLD,Napranum,2024,False,,,95,169052
QLD_Carpentaria_Rural_2024.pdf,2024/QLD/QLD_Carpentaria_Rural_2024.pdf,QLD,Carpentaria,2024,True,statement of comprehensive income,16.0,90,167963
QLD_Balonne_Rural_2024.pdf,2024/QLD/QLD_Balonne_Rural_2024.pdf,QLD,Balonne,2024,True,statement of cash flows,89.0,144,250828
QLD_Torres_Rural_2024.pdf,2024/QLD/QLD_Torres_Rural_2024.pdf,QLD,Torres,2024,True,notes to the financial statements,56.0,102,110057
QLD_South Burnett_Urban_2024.pdf,2024/QLD/QLD_South Burnett_Urban_2024.pdf,QLD,South Burnett,2024,True,statement of comprehensive income,15.0,168,311488
QLD_Cassowary Coast_Urban_2024.pdf,2024/QLD/QLD_Cassowary Coast_Urban_2024.pdf,QLD,Cassowary Coast,2024,True,statement of changes in equity,3.0,101,98659
QLD_Aurukun_Rural_2024.pdf,2024/QLD/QLD_Aurukun_Rural_2024.pdf,QLD,Aurukun,2024,True,financial statements,20.0,43,71425
QLD_Brisbane_Urban_2024.pdf,2024/QLD/QLD_Brisbane_Urban_2024.pdf,QLD,Brisbane,2024,True,financial statements,11.0,156,316232
QLD_Mackay_Urban_2024.pdf,2024/QLD/QLD_Mackay_Urban_2024.pdf,QLD,Mackay,2024,True,statement of comprehensive income,66.0,88,186062
QLD_Somerset_Urban_2024.pdf,2024/QLD/QLD_Somerset_Urban_2024.pdf,QLD,Somerset,2024,False,,,135,162253
QLD_Longreach_Rural_2024.pdf,2024/QLD/QLD_Longreach_Rural_2024.pdf,QLD,Longreach,2024,True,statement of comprehensive income,8.0,68,71251
QLD_Weipa_Urban_2024.pdf,2024/QLD/QLD_Weipa_Urban_2024.pdf,QLD,Weipa,2024,True,statement of financial position,37.0,60,78122
QLD_Mount Isa_Rural_2024.pdf,2024/QLD/QLD_Mount Isa_Rural_2024.pdf,QLD,Mount Isa,2024,False,,,82,55381
QLD_Maranoa_Rural_2024.pdf,2024/QLD/QLD_Maranoa_Rural_2024.pdf,QLD,Maranoa,2024,True,general purpose financial statements,2.0,142,340047
QLD_Southern Downs_Urban_2024.pdf,2024/QLD/QLD_Southern Downs_Urban_2024.pdf,QLD,Southern Downs,2024,True,general purpose financial statements,3.0,100,110674
QLD_Burdekin_Rural_2024.pdf,2024/QLD/QLD_Burdekin_Rural_2024.pdf,QLD,Burdekin,2024,True,financial statements,3.0,91,140541
QLD_Cairns_Urban_2024.pdf,2024/QLD/QLD_Cairns_Urban_2024.pdf,QLD,Cairns,2024,True,financial statements,2.0,129,219976
QLD_Sunshine Coast_Urban_2024.pdf,2024/QLD/QLD_Sunshine Coast_Urban_2024.pdf,QLD,Sunshine Coast,2024,True,financial statements,59.0,126,284789
QLD_Isaac_Urban_2024.pdf,2024/QLD/QLD_Isaac_Urban_2024.pdf,QLD,Isaac,2024,True,financial statements,35.0,54,84334
QLD_North Burnett_Rural_2024.pdf,2024/QLD/QLD_North Burnett_Rural_2024.pdf,QLD,North Burnett,2024,True,financial statements,13.0,94,193763
QLD_Cherbourg_Rural_2024.pdf,2024/QLD/QLD_Cherbourg_Rural_2024.pdf,QLD,Cherbourg,2024,False,,,96,72701
QLD_Torres Strait Islands_Rural_2024.pdf,2024/QLD/QLD_Torres Strait Islands_Rural_2024.pdf,QLD,Torres Strait Islands,2024,True,statement of comprehensive income,2.0,65,247573
QLD_Doomadgee_Rural_2024.pdf,2024/QLD/QLD_Doomadgee_Rural_2024.pdf,QLD,Doomadgee,2024,True,financial statements,32.0,81,152082
QLD_Cook_Rural_2024.pdf,2024/QLD/QLD_Cook_Rural_2024.pdf,QLD,Cook,2024,True,general purpose financial statements,17.0,80,173708
QLD_Livingstone_Urban_2024.pdf,2024/QLD/QLD_Livingstone_Urban_2024.pdf,QLD,Livingstone,2024,True,statement of comprehensive income,20.0,85,67464
QLD_Boulia_Rural_2024.pdf,2024/QLD/QLD_Boulia_Rural_2024.pdf,QLD,Boulia,2024,True,statement of comprehensive income,41.0,94,101621
QLD_Mareeba_Urban_2024.pdf,2024/QLD/QLD_Mareeba_Urban_2024.pdf,QLD,Mareeba,2024,True,statement of comprehensive income,3.0,111,106720
QLD_Blackall Tambo_Rural_2024.pdf,2024/QLD/QLD_Blackall Tambo_Rural_2024.pdf,QLD,Blackall Tambo,2024,True,financial statements,2.0,55,129884
QLD_Barcoo_Rural_2024.pdf,2024/QLD/QLD_Barcoo_Rural_2024.pdf,QLD,Barcoo,2024,True,general purpose financial statements,2.0,67,41522
QLD_Barcaldine_Rural_2024.pdf,2024/QLD/QLD_Barcaldine_Rural_2024.pdf,QLD,Barcaldine,2024,True,financial statements,39.0,80,174277
QLD_Richmond_Rural_2024.pdf,2024/QLD/QLD_Richmond_Rural_2024.pdf,QLD,Richmond,2024,True,financial statements,5.0,83,120179
QLD_Yarrabah_Rural_2024.pdf,2024/QLD/QLD_Yarrabah_Rural_2024.pdf,QLD,Yarrabah,2024,True,statement of financial position,3.0,101,97413
QLD_Bundaberg_Urban_2024.pdf,2024/QLD/QLD_Bundaberg_Urban_2024.pdf,QLD,Bundaberg,2024,True,statement of comprehensive income,12.0,80,170110
QLD_Charters Towers_Rural_2024.pdf,2024/QLD/QLD_Charters Towers_Rural_2024.pdf,QLD,Charters Towers,2024,True,financial statements,3.0,104,233686
QLD_Bulloo_Rural_2024.pdf,2024/QLD/QLD_Bulloo_Rural_2024.pdf,QLD,Bulloo,2024,True,audited financial statements,3.0,111,84662
QLD_Douglas_Rural_2024.pdf,2024/QLD/QLD_Douglas_Rural_2024.pdf,QLD,Douglas,2024,True,financial statements,3.0,80,94031
QLD_Lockyer Valley_Urban_2024.pdf,2024/QLD/QLD_Lockyer Valley_Urban_2024.pdf,QLD,Lockyer Valley,2024,True,financial statements,3.0,79,117058
NSW_Yass Valley_Rural_2024.pdf,2024/NSW/NSW_Yass Valley_Rural_2024.pdf,NSW,Yass Valley,2024,False,,,27,54445
NSW_Bland_Rural_2024.pdf,2024/NSW/NSW_Bland_Rural_2024.pdf,NSW,Bland,2024,True,financial statements,16.0,270,456502
NSW_Camden_Urban_2024.pdf,2024/NSW/NSW_Camden_Urban_2024.pdf,NSW,Camden,2024,True,financial statements,58.0,190,169426
NSW_Lachlan_Rural_2024.pdf,2024/NSW/NSW_Lachlan_Rural_2024.pdf,NSW,Lachlan,2024,True,audited financial statements,2.0,222,264284
NSW_Canada Bay_Urban_2024.pdf,2024/NSW/NSW_Canada Bay_Urban_2024.pdf,NSW,Canada Bay,2024,True,general purpose financial statements,137.0,240,413691
NSW_Queanbeyan Palerang_Urban_2024.pdf,2024/NSW/NSW_Queanbeyan Palerang_Urban_2024.pdf,NSW,Queanbeyan Palerang,2024,False,,,131,13488
NSW_Lithgow_Urban_2024.pdf,2024/NSW/NSW_Lithgow_Urban_2024.pdf,NSW,Lithgow,2024,False,,,133,171519
NSW_Northern Beaches_Urban_2024.pdf,2024/NSW/NSW_Northern Beaches_Urban_2024.pdf,NSW,Northern Beaches,2024,True,financial statements,5.0,330,359588
NSW_Bega Valley_Urban_2024.pdf,2024/NSW/NSW_Bega Valley_Urban_2024.pdf,NSW,Bega Valley,2024,True,general purpose financial statements,180.0,282,516683
NSW_Central Coast_Urban_2024.pdf,2024/NSW/NSW_Central Coast_Urban_2024.pdf,NSW,Central Coast,2024,False,,,120,198880
NSW_Hilltops_Rural_2024.pdf,2024/NSW/NSW_Hilltops_Rural_2024.pdf,NSW,Hilltops,2024,False,,,152,291085
NSW_Parramatta_Urban_2024.pdf,2024/NSW/NSW_Parramatta_Urban_2024.pdf,NSW,Parramatta,2024,False,,,158,279384
NSW_Warren_Rural_2024.pdf,2024/NSW/NSW_Warren_Rural_2024.pdf,NSW,Warren,2024,True,financial statements,2.0,143,237824
NSW_Bayside_Urban_2024.pdf,2024/NSW/NSW_Bayside_Urban_2024.pdf,NSW,Bayside,2024,True,financial statements,2.0,125,268536
NSW_Ku Ring Gai_Urban_2024.pdf,2024/NSW/NSW_Ku Ring Gai_Urban_2024.pdf,NSW,Ku Ring Gai,2024,True,audited financial statements,5.0,224,384699
NSW_Wentworth_Rural_2024.pdf,2024/NSW/NSW_Wentworth_Rural_2024.pdf,NSW,Wentworth,2024,True,financial statements,5.0,262,428677
NSW_Inverell_Rural_2024.pdf,2024/NSW/NSW_Inverell_Rural_2024.pdf,NSW,Inverell,2024,False,,,69,94263
NSW_Murrumbidgee_Rural_2024.pdf,2024/NSW/NSW_Murrumbidgee_Rural_2024.pdf,NSW,Murrumbidgee,2024,True,statement of financial position,7.0,21,47657
NSW_Newcastle_Urban_2024.pdf,2024/NSW/NSW_Newcastle_Urban_2024.pdf,NSW,Newcastle,2024,False,,,120,411237
NSW_Narrabri_Rural_2024.pdf,2024/NSW/NSW_Narrabri_Rural_2024.pdf,NSW,Narrabri,2024,True,financial statements,94.0,155,320045
NSW_Strathfield_Urban_2024.pdf,2024/NSW/NSW_Strathfield_Urban_2024.pdf,NSW,Strathfield,2024,True,general purpose financial statements,195.0,286,493798
NSW_Nambucca_Urban_2024.pdf,2024/NSW/NSW_Nambucca_Urban_2024.pdf,NSW,Nambucca,2024,False,,,157,231570
NSW_Cowra_Rural_2024.pdf,2024/NSW/NSW_Cowra_Rural_2024.pdf,NSW,Cowra,2024,True,audited financial statements,3.0,183,340857
NSW_Hay_Rural_2024.pdf,2024/NSW/NSW_Hay_Rural_2024.pdf,NSW,Hay,2024,True,general purpose financial statements,71.0,172,246703
NSW_Cessnock_Urban_2024.pdf,2024/NSW/NSW_Cessnock_Urban_2024.pdf,NSW,Cessnock,2024,False,,,85,144044
NSW_Walgett_Rural_2024.pdf,2024/NSW/NSW_Walgett_Rural_2024.pdf,NSW,Walgett,2024,True,general purpose financial statements,104.0,216,307307
NSW_Moree Plains_Rural_2024.pdf,2024/NSW/NSW_Moree Plains_Rural_2024.pdf,NSW,Moree Plains,2024,True,financial statements,3.0,64,149334
NSW_Liverpool_Urban_2024.pdf,2024/NSW/NSW_Liverpool_Urban_2024.pdf,NSW,Liverpool,2024,True,financial statements,82.0,136,231175
NSW_Maitland_Urban_2024.pdf,2024/NSW/NSW_Maitland_Urban_2024.pdf,NSW,Maitland,2024,False,,,81,302597
NSW_Brewarrina_Rural_2024.pdf,2024/NSW/NSW_Brewarrina_Rural_2024.pdf,NSW,Brewarrina,2024,False,,,119,119838
NSW_Mosman_Urban_2024.pdf,2024/NSW/NSW_Mosman_Urban_2024.pdf,NSW,Mosman,2024,True,general purpose financial statements,122.0,490,670030
NSW_Kempsey_Urban_2024.pdf,2024/NSW/NSW_Kempsey_Urban_2024.pdf,NSW,Kempsey,2024,True,financial statements,3.0,207,369295
NSW_Wollondilly_Urban_2024.pdf,2024/NSW/NSW_Wollondilly_Urban_2024.pdf,NSW,Wollondilly,2024,True,statement of comprehensive income,154.0,307,581494
NSW_Eurobodalla_Urban_2024.pdf,2024/NSW/NSW_Eurobodalla_Urban_2024.pdf,NSW,Eurobodalla,2024,True,financial statements,3.0,200,385386
NSW_Warrumbungle_Rural_2024.pdf,2024/NSW/NSW_Warrumbungle_Rural_2024.pdf,NSW,Warrumbungle,2024,True,statement of financial position,38.0,164,293483
NSW_Bourke_Rural_2024.pdf,2024/NSW/NSW_Bourke_Rural_2024.pdf,NSW,Bourke,2024,True,financial statements,55.0,262,403593
NSW_Burwood_Urban_2024.pdf,2024/NSW/NSW_Burwood_Urban_2024.pdf,NSW,Burwood,2024,False,,,68,106439
NSW_Oberon_Rural_2024.pdf,2024/NSW/NSW_Oberon_Rural_2024.pdf,NSW,Oberon,2024,True,audited financial statements,2.0,196,344153
NSW_Uralla_Rural_2024.pdf,2024/NSW/NSW_Uralla_Rural_2024.pdf,NSW,Uralla,2024,True,financial statements,5.0,35,62986
NSW_Clarence Valley_Urban_2024.pdf,2024/NSW/NSW_Clarence Valley_Urban_2024.pdf,NSW,Clarence Valley,2024,True,financial statements,42.0,46,55985
NSW_Snowy Monaro_Urban_2024.pdf,2024/NSW/NSW_Snowy Monaro_Urban_2024.pdf,NSW,Snowy Monaro,2024,True,audited financial statements,105.0,170,369330
NSW_Ballina_Urban_2024.pdf,2024/NSW/NSW_Ballina_Urban_2024.pdf,NSW,Ballina,2024,True,audited financial statements,25.0,308,459187
NSW_Armidale_Urban_2024.pdf,2024/NSW/NSW_Armidale_Urban_2024.pdf,NSW,Armidale,2024,False,,,160,90727
NSW_Snowy Valleys_Rural_2024.pdf,2024/NSW/NSW_Snowy Valleys_Rural_2024.pdf,NSW,Snowy Valleys,2024,True,audited financial statements,5.0,246,430638
NSW_Mid Western_Urban_2024.pdf,2024/NSW/NSW_Mid Western_Urban_2024.pdf,NSW,Mid Western,2024,True,general purpose financial statements,111.0,207,409785
NSW_Parkes_Rural_2024.pdf,2024/NSW/NSW_Parkes_Rural_2024.pdf,NSW,Parkes,2024,True,statement of financial position,97.0,221,396688
NSW_Bellingen_Rural_2024.pdf,2024/NSW/NSW_Bellingen_Rural_2024.pdf,NSW,Bellingen,2024,True,financial statements,11.0,76,97330
NSW_Gunnedah_Rural_2024.pdf,2024/NSW/NSW_Gunnedah_Rural_2024.pdf,NSW,Gunnedah,2024,True,financial statements,47.0,191,364411
NSW_Coolamon_Rural_2024.pdf,2024/NSW/NSW_Coolamon_Rural_2024.pdf,NSW,Coolamon,2024,True,financial statements,11.0,201,350248
NSW_Federation_Rural_2024.pdf,2024/NSW/NSW_Federation_Rural_2024.pdf,NSW,Federation,2024,True,audited financial statements,5.0,122,220977
NSW_Penrith_Urban_2024.pdf,2024/NSW/NSW_Penrith_Urban_2024.pdf,NSW,Penrith,2024,True,financial statements,2.0,274,570781
NSW_Sutherland_Urban_2024.pdf,2024/NSW/NSW_Sutherland_Urban_2024.pdf,NSW,Sutherland,2024,True,financial statements,3.0,170,303017
NSW_Cabonne_Rural_2024.pdf,2024/NSW/NSW_Cabonne_Rural_2024.pdf,NSW,Cabonne,2024,True,statement of comprehensive income,61.0,224,332320
NSW_Campbelltown_Urban_2024.pdf,2024/NSW/NSW_Campbelltown_Urban_2024.pdf,NSW,Campbelltown,2024,True,audited financial statements,7.0,100,146598
NSW_Edward River_Rural_2024.pdf,2024/NSW/NSW_Edward River_Rural_2024.pdf,NSW,Edward River,2024,False,,,42,46031
NSW_Goulburn Mulwaree_Urban_2024.pdf,2024/NSW/NSW_Goulburn Mulwaree_Urban_2024.pdf,NSW,Goulburn Mulwaree,2024,True,financial statements,7.0,145,237697
NSW_Richmond Valley_Urban_2024.pdf,2024/NSW/NSW_Richmond Valley_Urban_2024.pdf,NSW,Richmond Valley,2024,False,,,10,12214
NSW_Waverley_Urban_2024.pdf,2024/NSW/NSW_Waverley_Urban_2024.pdf,NSW,Waverley,2024,False,,,0,0
NSW_Leeton_Rural_2024.pdf,2024/NSW/NSW_Leeton_Rural_2024.pdf,NSW,Leeton,2024,True,financial statements,45.0,104,174533
NSW_Weddin_Rural_2024.pdf,2024/NSW/NSW_Weddin_Rural_2024.pdf,NSW,Weddin,2024,True,financial statements,4.0,261,276977
NSW_Inner West_Urban_2024.pdf,2024/NSW/NSW_Inner West_Urban_2024.pdf,NSW,Inner West,2024,False,,,196,408160
NSW_Gilgandra_Rural_2024.pdf,2024/NSW/NSW_Gilgandra_Rural_2024.pdf,NSW,Gilgandra,2024,True,financial statements,32.0,44,55599
NSW_Upper Hunter_Rural_2024.pdf,2024/NSW/NSW_Upper Hunter_Rural_2024.pdf,NSW,Upper Hunter,2024,False,,,83,134627
NSW_Lake Macquarie_Urban_2024.pdf,2024/NSW/NSW_Lake Macquarie_Urban_2024.pdf,NSW,Lake Macquarie,2024,True,audited financial statements,5.0,172,345567
NSW_Lockhart_Rural_2024.pdf,2024/NSW/NSW_Lockhart_Rural_2024.pdf,NSW,Lockhart,2024,False,,,45,87772
NSW_Balranald_Rural_2024.pdf,2024/NSW/NSW_Balranald_Rural_2024.pdf,NSW,Balranald,2024,True,general purpose financial statements,74.0,186,292544
NSW_Liverpool Plains_Rural_2024.pdf,2024/NSW/NSW_Liverpool Plains_Rural_2024.pdf,NSW,Liverpool Plains,2024,True,audited financial statements,12.0,132,212452
NSW_Junee_Rural_2024.pdf,2024/NSW/NSW_Junee_Rural_2024.pdf,NSW,Junee,2024,True,financial statements,4.0,17,66406
NSW_Hornsby_Urban_2024.pdf,2024/NSW/NSW_Hornsby_Urban_2024.pdf,NSW,Hornsby,2024,True,audited financial statements,5.0,150,289318
NSW_Wagga Wagga_Urban_2024.pdf,2024/NSW/NSW_Wagga Wagga_Urban_2024.pdf,NSW,Wagga Wagga,2024,True,audited financial statements,69.0,114,215209
NSW_The Hills_Urban_2024.pdf,2024/NSW/NSW_The Hills_Urban_2024.pdf,NSW,The Hills,2024,True,audited financial statements,25.0,208,643726
NSW_Coffs Harbour_Urban_2024.pdf,2024/NSW/NSW_Coffs Harbour_Urban_2024.pdf,NSW,Coffs Harbour,2024,True,general purpose financial statements,97.0,233,410251
NSW_Glen Innes Severn_Rural_2024.pdf,2024/NSW/NSW_Glen Innes Severn_Rural_2024.pdf,NSW,Glen Innes Severn,2024,True,financial statements,2.0,136,229700
NSW_Port Stephens_Urban_2024.pdf,2024/NSW/NSW_Port Stephens_Urban_2024.pdf,NSW,Port Stephens,2024,False,,,136,233021
NSW_Shoalhaven_Urban_2024.pdf,2024/NSW/NSW_Shoalhaven_Urban_2024.pdf,NSW,Shoalhaven,2024,False,,,39,118016
NSW_Narrandera_Rural_2024.pdf,2024/NSW/NSW_Narrandera_Rural_2024.pdf,NSW,Narrandera,2024,True,financial statements,26.0,112,136597
NSW_Blacktown_Urban_2024.pdf,2024/NSW/NSW_Blacktown_Urban_2024.pdf,NSW,Blacktown,2024,True,statement of financial position,25.0,380,769709
NSW_Coonamble_Rural_2024.pdf,2024/NSW/NSW_Coonamble_Rural_2024.pdf,NSW,Coonamble,2024,True,general purpose financial statements,73.0,266,394735
NSW_Walcha_Rural_2024.pdf,2024/NSW/NSW_Walcha_Rural_2024.pdf,NSW,Walcha,2024,True,audited financial statements,2.0,217,416974
NSW_Cootamundra Gundagai_Rural_2024.pdf,2024/NSW/NSW_Cootamundra Gundagai_Rural_2024.pdf,NSW,Cootamundra Gundagai,2024,False,,,71,136012
NSW_Broken Hill_Urban_2024.pdf,2024/NSW/NSW_Broken Hill_Urban_2024.pdf,NSW,Broken Hill,2024,True,audited financial statements,2.0,78,193649
NSW_Kyogle_Rural_2024.pdf,2024/NSW/NSW_Kyogle_Rural_2024.pdf,NSW,Kyogle,2024,False,,,62,85275
NSW_Mid Coast_Urban_2024.pdf,2024/NSW/NSW_Mid Coast_Urban_2024.pdf,NSW,Mid Coast,2024,True,audited financial statements,61.0,337,562205
NSW_Georges River_Urban_2024.pdf,2024/NSW/NSW_Georges River_Urban_2024.pdf,NSW,Georges River,2024,False,,,36,67740
NSW_Bogan_Rural_2024.pdf,2024/NSW/NSW_Bogan_Rural_2024.pdf,NSW,Bogan,2024,True,general purpose financial statements,26.0,204,339588
NSW_Gwydir_Rural_2024.pdf,2024/NSW/NSW_Gwydir_Rural_2024.pdf,NSW,Gwydir,2024,True,general purpose financial statements,13.0,102,199760
NSW_Wollongong_Urban_2024.pdf,2024/NSW/NSW_Wollongong_Urban_2024.pdf,NSW,Wollongong,2024,False,,,189,390105
NSW_Lismore_Urban_2024.pdf,2024/NSW/NSW_Lismore_Urban_2024.pdf,NSW,Lismore,2024,True,financial statements,17.0,35,126744
NSW_Carrathool_Rural_2024.pdf,2024/NSW/NSW_Carrathool_Rural_2024.pdf,NSW,Carrathool,2024,True,financial statements,18.0,168,294394
NSW_Dubbo_Urban_2024.pdf,2024/NSW/NSW_Dubbo_Urban_2024.pdf,NSW,Dubbo,2024,False,,,51,99830
NSW_Narromine_Rural_2024.pdf,2024/NSW/NSW_Narromine_Rural_2024.pdf,NSW,Narromine,2024,True,statement of financial position,41.0,54,105089
NSW_North Sydney_Urban_2024.pdf,2024/NSW/NSW_North Sydney_Urban_2024.pdf,NSW,North Sydney,2024,True,general purpose financial statements,127.0,212,376985
NSW_Muswellbrook_Rural_2024.pdf,2024/NSW/NSW_Muswellbrook_Rural_2024.pdf,NSW,Muswellbrook,2024,True,statement of comprehensive income,43.0,113,208867
NSW_Kiama_Urban_2024.pdf,2024/NSW/NSW_Kiama_Urban_2024.pdf,NSW,Kiama,2024,True,financial statements,66.0,96,220017
NSW_Ryde_Urban_2024.pdf,2024/NSW/NSW_Ryde_Urban_2024.pdf,NSW,Ryde,2024,True,financial statements,5.0,296,603922
NSW_Canterbury Banks_Urban_2024.pdf,2024/NSW/NSW_Canterbury Banks_Urban_2024.pdf,NSW,Canterbury Banks,2024,True,financial statements,4.0,181,343458
NSW_Cumberland_Urban_2024.pdf,2024/NSW/NSW_Cumberland_Urban_2024.pdf,NSW,Cumberland,2024,True,audited financial statements,7.0,144,325946
NSW_Berrigan_Rural_2024.pdf,2024/NSW/NSW_Berrigan_Rural_2024.pdf,NSW,Berrigan,2024,True,general purpose financial statements,84.0,194,355094
NSW_Sydney_Urban_2024.pdf,2024/NSW/NSW_Sydney_Urban_2024.pdf,NSW,Sydney,2024,False,,,99,277513
NSW_Blayney_Rural_2024.pdf,2024/NSW/NSW_Blayney_Rural_2024.pdf,NSW,Blayney,2024,True,financial statements,35.0,231,390036
NSW_Griffith_Urban_2024.pdf,2024/NSW/NSW_Griffith_Urban_2024.pdf,NSW,Griffith,2024,True,audited financial statements,3.0,158,259275
NSW_Upper Lachlan_Rural_2024.pdf,2024/NSW/NSW_Upper Lachlan_Rural_2024.pdf,NSW,Upper Lachlan,2024,True,audited financial statements,2.0,346,676863
NSW_Dungog_Rural_2024.pdf,2024/NSW/NSW_Dungog_Rural_2024.pdf,NSW,Dungog,2024,False,,,48,55596
NSW_Hawkesbury_Urban_2024.pdf,2024/NSW/NSW_Hawkesbury_Urban_2024.pdf,NSW,Hawkesbury,2024,True,financial statements,42.0,96,212952
NSW_Blue Mountains_Urban_2024.pdf,2024/NSW/NSW_Blue Mountains_Urban_2024.pdf,NSW,Blue Mountains,2024,True,financial statement,5.0,194,301770
NSW_Randwick_Urban_2024.pdf,2024/NSW/NSW_Randwick_Urban_2024.pdf,NSW,Randwick,2024,False,,,83,328904
NSW_Temora_Rural_2024.pdf,2024/NSW/NSW_Temora_Rural_2024.pdf,NSW,Temora,2024,False,,,114,196796
NSW_Forbes_Rural_2024.pdf,2024/NSW/NSW_Forbes_Rural_2024.pdf,NSW,Forbes,2024,False,,,84,152770
NSW_Woollahra_Urban_2024.pdf,2024/NSW/NSW_Woollahra_Urban_2024.pdf,NSW,Woollahra,2024,True,financial statements,120.0,199,362093
NSW_Central Darling_Rural_2024.pdf,2024/NSW/NSW_Central Darling_Rural_2024.pdf,NSW,Central Darling,2024,True,general purpose financial statements,44.0,150,234324
NSW_Tenterfield_Rural_2024.pdf,2024/NSW/NSW_Tenterfield_Rural_2024.pdf,NSW,Tenterfield,2024,True,audited financial statements,23.0,227,358062
NSW_Orange_Urban_2024.pdf,2024/NSW/NSW_Orange_Urban_2024.pdf,NSW,Orange,2024,False,,,94,193208
NSW_Port Macquarie Hastings_Urban_2024.pdf,2024/NSW/NSW_Port Macquarie Hastings_Urban_2024.pdf,NSW,Port Macquarie Hastings,2024,False,,,36,42039
NSW_Fairfield_Urban_2024.pdf,2024/NSW/NSW_Fairfield_Urban_2024.pdf,NSW,Fairfield,2024,True,financial statement,4.0,112,259095
NSW_Byron_Urban_2024.pdf,2024/NSW/NSW_Byron_Urban_2024.pdf,NSW,Byron,2024,False,,,179,225486
NSW_Murray River_Rural_2024.pdf,2024/NSW/NSW_Murray River_Rural_2024.pdf,NSW,Murray River,2024,True,audited financial statements,111.0,255,467447
NSW_Bathurst_Urban_2024.pdf,2024/NSW/NSW_Bathurst_Urban_2024.pdf,NSW,Bathurst,2024,True,financial statements,3.0,110,234440
NSW_Hunters Hill_Urban_2024.pdf,2024/NSW/NSW_Hunters Hill_Urban_2024.pdf,NSW,Hunters Hill,2024,True,financial statements,21.0,66,97519
NSW_Tamworth_Urban_2024.pdf,2024/NSW/NSW_Tamworth_Urban_2024.pdf,NSW,Tamworth,2024,True,general purpose financial statements,73.0,236,400751
NSW_Shellharbour_Urban_2024.pdf,2024/NSW/NSW_Shellharbour_Urban_2024.pdf,NSW,Shellharbour,2024,False,,,116,205166
NSW_Hume_Rural_2024.pdf,2024/NSW/NSW_Hume_Rural_2024.pdf,NSW,Hume,2024,True,financial statements,22.0,196,404121
TAS_Meander Valley_Urban_2024.pdf,2024/TAS/TAS_Meander Valley_Urban_2024.pdf,TAS,Meander Valley,2024,True,statement of financial position,34.0,80,214505
TAS_Kentish_Rural_2024.pdf,2024/TAS/TAS_Kentish_Rural_2024.pdf,TAS,Kentish,2024,True,financial statements,59.0,126,298166
TAS_Kingborough_Urban_2024.pdf,2024/TAS/TAS_Kingborough_Urban_2024.pdf,TAS,Kingborough,2024,True,financial statements,24.0,157,162212
TAS_Burnie_Urban_2024.pdf,2024/TAS/TAS_Burnie_Urban_2024.pdf,TAS,Burnie,2024,False,,,166,2880
TAS_Devonport_Urban_2024.pdf,2024/TAS/TAS_Devonport_Urban_2024.pdf,TAS,Devonport,2024,False,,,133,228035
TAS_Northern Midlands_Rural_2024.pdf,2024/TAS/TAS_Northern Midlands_Rural_2024.pdf,TAS,Northern Midlands,2024,True,statement of cash flows,3.0,124,314545
TAS_Hobart_Urban_2024.pdf,2024/TAS/TAS_Hobart_Urban_2024.pdf,TAS,Hobart,2024,True,general purpose financial statements,88.0,164,273318
TAS_Dorset_Rural_2024.pdf,2024/TAS/TAS_Dorset_Rural_2024.pdf,TAS,Dorset,2024,True,financial statements,2.0,46,210462
TAS_Tasman_Rural_2024.pdf,2024/TAS/TAS_Tasman_Rural_2024.pdf,TAS,Tasman,2024,True,statement of financial position,61.0,115,217806
TAS_George Town_Rural_2024.pdf,2024/TAS/TAS_George Town_Rural_2024.pdf,TAS,George Town,2024,True,financial statements,2.0,64,99401
TAS_Circular Head_Rural_2024.pdf,2024/TAS/TAS_Circular Head_Rural_2024.pdf,TAS,Circular Head,2024,True,financial statements,7.0,61,99220
TAS_West Tamar_Urban_2024.pdf,2024/TAS/TAS_West Tamar_Urban_2024.pdf,TAS,West Tamar,2024,True,financial statements,30.0,88,210302
TAS_Central Highlands_Rural_2024.pdf,2024/TAS/TAS_Central Highlands_Rural_2024.pdf,TAS,Central Highlands,2024,True,statement of changes in equity,59.0,101,215112
TAS_West Coast_Rural_2024.pdf,2024/TAS/TAS_West Coast_Rural_2024.pdf,TAS,West Coast,2024,True,notes to the financial statements,4.0,130,161274
TAS_Huon Valley_Rural_2024.pdf,2024/TAS/TAS_Huon Valley_Rural_2024.pdf,TAS,Huon Valley,2024,False,,,162,156472
TAS_Derwent Valley_Rural_2024.pdf,2024/TAS/TAS_Derwent Valley_Rural_2024.pdf,TAS,Derwent Valley,2024,True,statement of financial position,45.0,105,258243
TAS_Glamorgan Spring Bay_Rural_2024.pdf,2024/TAS/TAS_Glamorgan Spring Bay_Rural_2024.pdf,TAS,Glamorgan Spring Bay,2024,True,statement of comprehensive income,52.0,100,227994
TAS_Latrobe_Rural_2024.pdf,2024/TAS/TAS_Latrobe_Rural_2024.pdf,TAS,Latrobe,2024,True,financial statements,80.0,154,349348
TAS_Flinders_Rural_2024.pdf,2024/TAS/TAS_Flinders_Rural_2024.pdf,TAS,Flinders,2024,True,statement of financial position,46.0,100,239063
TAS_Brighton_Urban_2024.pdf,2024/TAS/TAS_Brighton_Urban_2024.pdf,TAS,Brighton,2024,True,financial statements,42.0,100,92264
TAS_Launceston_Urban_2024.pdf,2024/TAS/TAS_Launceston_Urban_2024.pdf,TAS,Launceston,2024,True,statement of comprehensive income,109.0,196,398176
TAS_Clarence_Urban_2024.pdf,2024/TAS/TAS_Clarence_Urban_2024.pdf,TAS,Clarence,2024,True,financial statements,42.0,104,230455
TAS_Central Coast_Urban_2024.pdf,2024/TAS/TAS_Central Coast_Urban_2024.pdf,TAS,Central Coast,2024,True,financial statements,47.0,118,285103
TAS_King Island_Rural_2024.pdf,2024/TAS/TAS_King Island_Rural_2024.pdf,TAS,King Island,2024,True,notes to the financial statements,36.0,90,220435
TAS_Sorell_Urban_2024.pdf,2024/TAS/TAS_Sorell_Urban_2024.pdf,TAS,Sorell,2024,True,financial statements,36.0,100,251947
TAS_Break O Day_Rural_2024.pdf,2024/TAS/TAS_Break O Day_Rural_2024.pdf,TAS,Break O Day,2024,True,statement of financial position,50.0,111,266444
TAS_Waratah Wynyard_Rural_2024.pdf,2024/TAS/TAS_Waratah Wynyard_Rural_2024.pdf,TAS,Waratah Wynyard,2024,True,audited financial statements,3.0,126,261778
TAS_Southern Midlands_Rural_2024.pdf,2024/TAS/TAS_Southern Midlands_Rural_2024.pdf,TAS,Southern Midlands,2024,True,financial statements,89.0,145,277791
WA_East Fremantle_Urban_2024.pdf,2024/WA/WA_East Fremantle_Urban_2024.pdf,WA,East Fremantle,2024,True,financial statements,2.0,51,176340
WA_Stirling_Urban_2024.pdf,2024/WA/WA_Stirling_Urban_2024.pdf,WA,Stirling,2024,True,financial statements,203.0,288,641066
WA_Wickepin_Rural_2024.pdf,2024/WA/WA_Wickepin_Rural_2024.pdf,WA,Wickepin,2024,True,statement of comprehensive income,18.0,57,110301
WA_Tammin_Rural_2024.pdf,2024/WA/WA_Tammin_Rural_2024.pdf,WA,Tammin,2024,False,,,18,23533
WA_Laverton_Rural_2024.pdf,2024/WA/WA_Laverton_Rural_2024.pdf,WA,Laverton,2024,True,financial statements,24.0,77,33535
WA_Woodanilling_Rural_2024.pdf,2024/WA/WA_Woodanilling_Rural_2024.pdf,WA,Woodanilling,2024,True,financial statements,3.0,53,116613
WA_Williams_Rural_2024.pdf,2024/WA/WA_Williams_Rural_2024.pdf,WA,Williams,2024,True,statement of comprehensive income,24.0,64,124003
WA_Dundas_Rural_2024.pdf,2024/WA/WA_Dundas_Rural_2024.pdf,WA,Dundas,2024,True,statement of comprehensive income,39.0,79,130425
WA_Corrigin_Rural_2024.pdf,2024/WA/WA_Corrigin_Rural_2024.pdf,WA,Corrigin,2024,True,financial statements,3.0,70,136005
WA_Nannup_Rural_2024.pdf,2024/WA/WA_Nannup_Rural_2024.pdf,WA,Nannup,2024,True,statement of comprehensive income,26.0,67,147603
WA_Perenjori_Rural_2024.pdf,2024/WA/WA_Perenjori_Rural_2024.pdf,WA,Perenjori,2024,True,statement of comprehensive income,29.0,69,141957
WA_Mandurah_Urban_2024.pdf,2024/WA/WA_Mandurah_Urban_2024.pdf,WA,Mandurah,2024,False,,,98,124672
WA_Waroona_Rural_2024.pdf,2024/WA/WA_Waroona_Rural_2024.pdf,WA,Waroona,2024,True,statement of comprehensive income,62.0,106,209560
WA_Cuballing_Rural_2024.pdf,2024/WA/WA_Cuballing_Rural_2024.pdf,WA,Cuballing,2024,True,statement of comprehensive income,27.0,67,117611
WA_Mt Marshall_Rural_2024.pdf,2024/WA/WA_Mt Marshall_Rural_2024.pdf,WA,Mt Marshall,2024,True,statement of comprehensive income,11.0,73,142114
WA_Morawa_Rural_2024.pdf,2024/WA/WA_Morawa_Rural_2024.pdf,WA,Morawa,2024,False,,,83,39211
WA_Collie_Rural_2024.pdf,2024/WA/WA_Collie_Rural_2024.pdf,WA,Collie,2024,True,statement of comprehensive income,15.0,57,112867
WA_Manjimup_Rural_2024.pdf,2024/WA/WA_Manjimup_Rural_2024.pdf,WA,Manjimup,2024,True,statement of comprehensive income,4.0,54,123803
WA_Wandering_Rural_2024.pdf,2024/WA/WA_Wandering_Rural_2024.pdf,WA,Wandering,2024,True,statement of comprehensive income,38.0,79,150473
WA_Serpentine Jarrahdale_Urban_2024.pdf,2024/WA/WA_Serpentine Jarrahdale_Urban_2024.pdf,WA,Serpentine Jarrahdale,2024,True,statement of comprehensive income,25.0,88,183255
WA_Victoria Park_Urban_2024.pdf,2024/WA/WA_Victoria Park_Urban_2024.pdf,WA,Victoria Park,2024,True,statement of comprehensive income,57.0,132,205872
WA_Port Hedland_Rural_2024.pdf,2024/WA/WA_Port Hedland_Rural_2024.pdf,WA,Port Hedland,2024,True,statement of comprehensive income,63.0,116,236317
WA_Wongan Ballidu_Rural_2024.pdf,2024/WA/WA_Wongan Ballidu_Rural_2024.pdf,WA,Wongan Ballidu,2024,False,,,94,69671
WA_Upper Gascoyne_Rural_2024.pdf,2024/WA/WA_Upper Gascoyne_Rural_2024.pdf,WA,Upper Gascoyne,2024,True,statement of comprehensive income,39.0,79,168244
WA_Mingenew_Rural_2024.pdf,2024/WA/WA_Mingenew_Rural_2024.pdf,WA,Mingenew,2024,True,statement of comprehensive income,28.0,72,149805
WA_Mosman Park_Urban_2024.pdf,2024/WA/WA_Mosman Park_Urban_2024.pdf,WA,Mosman Park,2024,False,,,73,31138
WA_Augusta Margaret River_Rural_2024.pdf,2024/WA/WA_Augusta Margaret River_Rural_2024.pdf,WA,Augusta Margaret River,2024,True,statement of comprehensive income,45.0,100,45915
WA_Ngaanyatjarraku_Rural_2024.pdf,2024/WA/WA_Ngaanyatjarraku_Rural_2024.pdf,WA,Ngaanyatjarraku,2024,False,,,54,19221
WA_South Perth_Urban_2024.pdf,2024/WA/WA_South Perth_Urban_2024.pdf,WA,South Perth,2024,True,statement of comprehensive income,43.0,100,170924
WA_Geraldton_Urban_2024.pdf,2024/WA/WA_Geraldton_Urban_2024.pdf,WA,Geraldton,2024,True,statement of comprehensive income,45.0,106,203271
WA_Menzies_Rural_2024.pdf,2024/WA/WA_Menzies_Rural_2024.pdf,WA,Menzies,2024,True,statement of comprehensive income,25.0,63,107548
WA_Cue_Rural_2024.pdf,2024/WA/WA_Cue_Rural_2024.pdf,WA,Cue,2024,True,statement of comprehensive income,22.0,66,98864
WA_Sandstone_Rural_2024.pdf,2024/WA/WA_Sandstone_Rural_2024.pdf,WA,Sandstone,2024,False,,,29,54076
WA_Jerramungup_Rural_2024.pdf,2024/WA/WA_Jerramungup_Rural_2024.pdf,WA,Jerramungup,2024,True,financial statements,3.0,92,88002
WA_Cambridge_Urban_2024.pdf,2024/WA/WA_Cambridge_Urban_2024.pdf,WA,Cambridge,2024,True,statement of changes in equity,55.0,115,236212
WA_Merredin_Rural_2024.pdf,2024/WA/WA_Merredin_Rural_2024.pdf,WA,Merredin,2024,True,statement of comprehensive income,75.0,117,205181
WA_Swan_Urban_2024.pdf,2024/WA/WA_Swan_Urban_2024.pdf,WA,Swan,2024,True,statement of comprehensive income,150.0,202,381058
WA_Brookton_Rural_2024.pdf,2024/WA/WA_Brookton_Rural_2024.pdf,WA,Brookton,2024,True,statement of comprehensive income,39.0,84,140280
WA_Canning_Urban_2024.pdf,2024/WA/WA_Canning_Urban_2024.pdf,WA,Canning,2024,True,financial statements,32.0,117,307988
WA_Kulin_Rural_2024.pdf,2024/WA/WA_Kulin_Rural_2024.pdf,WA,Kulin,2024,False,,,60,34106
WA_Westonia_Rural_2024.pdf,2024/WA/WA_Westonia_Rural_2024.pdf,WA,Westonia,2024,True,audited financial statements,4.0,76,127777
WA_Armadale_Urban_2024.pdf,2024/WA/WA_Armadale_Urban_2024.pdf,WA,Armadale,2024,True,statement of comprehensive income,3.0,128,339053
WA_Northam_Rural_2024.pdf,2024/WA/WA_Northam_Rural_2024.pdf,WA,Northam,2024,True,statement of comprehensive income,79.0,134,229826
WA_Gosnells_Urban_2024.pdf,2024/WA/WA_Gosnells_Urban_2024.pdf,WA,Gosnells,2024,True,statement of comprehensive income,2.0,100,177247
WA_Mukinbudin_Rural_2024.pdf,2024/WA/WA_Mukinbudin_Rural_2024.pdf,WA,Mukinbudin,2024,True,statement of comprehensive income,29.0,77,127382
WA_Cottesloe_Urban_2024.pdf,2024/WA/WA_Cottesloe_Urban_2024.pdf,WA,Cottesloe,2024,True,statement of comprehensive income,18.0,41,172001
WA_Albany_Urban_2024.pdf,2024/WA/WA_Albany_Urban_2024.pdf,WA,Albany,2024,True,financial statements,64.0,67,222195
WA_Gingin_Rural_2024.pdf,2024/WA/WA_Gingin_Rural_2024.pdf,WA,Gingin,2024,True,statement of comprehensive income,3.0,90,168271
WA_Yilgarn_Rural_2024.pdf,2024/WA/WA_Yilgarn_Rural_2024.pdf,WA,Yilgarn,2024,True,financial statements,12.0,68,131008
WA_Coolgardie_Rural_2024.pdf,2024/WA/WA_Coolgardie_Rural_2024.pdf,WA,Coolgardie,2024,True,statement of comprehensive income,25.0,68,40931
WA_Karratha_Urban_2024.pdf,2024/WA/WA_Karratha_Urban_2024.pdf,WA,Karratha,2024,True,statement of comprehensive income,49.0,100,218426
WA_York_Rural_2024.pdf,2024/WA/WA_York_Rural_2024.pdf,WA,York,2024,True,statement of comprehensive income,38.0,80,133266
WA_Beverley_Rural_2024.pdf,2024/WA/WA_Beverley_Rural_2024.pdf,WA,Beverley,2024,True,statement of comprehensive income,30.0,77,146934
WA_Melville_Urban_2024.pdf,2024/WA/WA_Melville_Urban_2024.pdf,WA,Melville,2024,False,,,45,141300
WA_Broome_Rural_2024.pdf,2024/WA/WA_Broome_Rural_2024.pdf,WA,Broome,2024,True,financial statements,41.0,94,176324
WA_Coorow_Rural_2024.pdf,2024/WA/WA_Coorow_Rural_2024.pdf,WA,Coorow,2024,True,statement of comprehensive income,29.0,72,124713
WA_Derby West Kimberley_Rural_2024.pdf,2024/WA/WA_Derby West Kimberley_Rural_2024.pdf,WA,Derby West Kimberley,2024,False,,,36,59008
WA_Kalgoorlie Boulder_Urban_2024.pdf,2024/WA/WA_Kalgoorlie Boulder_Urban_2024.pdf,WA,Kalgoorlie Boulder,2024,False,,,196,232209
WA_Mount Magnet_Rural_2024.pdf,2024/WA/WA_Mount Magnet_Rural_2024.pdf,WA,Mount Magnet,2024,False,,,64,40050
WA_Fremantle_Urban_2024.pdf,2024/WA/WA_Fremantle_Urban_2024.pdf,WA,Fremantle,2024,False,,,53,73909
WA_Broomehill Tambellup_Rural_2024.pdf,2024/WA/WA_Broomehill Tambellup_Rural_2024.pdf,WA,Broomehill Tambellup,2024,True,statement of comprehensive income,26.0,64,124789
WA_Nedlands_Urban_2024.pdf,2024/WA/WA_Nedlands_Urban_2024.pdf,WA,Nedlands,2024,True,statement of comprehensive income,89.0,142,118188
WA_Vincent_Urban_2024.pdf,2024/WA/WA_Vincent_Urban_2024.pdf,WA,Vincent,2024,True,statement of comprehensive income,95.0,132,236972
WA_Carnamah_Rural_2024.pdf,2024/WA/WA_Carnamah_Rural_2024.pdf,WA,Carnamah,2024,False,,,68,121740
WA_Subiaco_Urban_2024.pdf,2024/WA/WA_Subiaco_Urban_2024.pdf,WA,Subiaco,2024,False,,,24,38210
WA_West Arthur_Rural_2024.pdf,2024/WA/WA_West Arthur_Rural_2024.pdf,WA,West Arthur,2024,True,statement of comprehensive income,3.0,77,61700
WA_Wagin_Rural_2024.pdf,2024/WA/WA_Wagin_Rural_2024.pdf,WA,Wagin,2024,False,,,66,63354
WA_Dalwallinu_Rural_2024.pdf,2024/WA/WA_Dalwallinu_Rural_2024.pdf,WA,Dalwallinu,2024,True,financial statements,48.0,103,100951
WA_Shark Bay_Rural_2024.pdf,2024/WA/WA_Shark Bay_Rural_2024.pdf,WA,Shark Bay,2024,True,statement of comprehensive income,33.0,71,139275
WA_Chittering_Rural_2024.pdf,2024/WA/WA_Chittering_Rural_2024.pdf,WA,Chittering,2024,False,,,166,299394
WA_Kwinana_Urban_2024.pdf,2024/WA/WA_Kwinana_Urban_2024.pdf,WA,Kwinana,2024,False,,,80,131779
WA_Kondinin_Urban_2024.pdf,2024/WA/WA_Kondinin_Urban_2024.pdf,WA,Kondinin,2024,False,,,73,48076
WA_East Pilbara_Rural_2024.pdf,2024/WA/WA_East Pilbara_Rural_2024.pdf,WA,East Pilbara,2024,True,financial statements,43.0,96,191180
WA_Moora_Rural_2024.pdf,2024/WA/WA_Moora_Rural_2024.pdf,WA,Moora,2024,True,statement of comprehensive income,11.0,50,138196
WA_Claremont_Urban_2024.pdf,2024/WA/WA_Claremont_Urban_2024.pdf,WA,Claremont,2024,True,statement of financial position,110.0,158,147543
WA_Narembeen_Rural_2024.pdf,2024/WA/WA_Narembeen_Rural_2024.pdf,WA,Narembeen,2024,False,,,74,56653
WA_Kojonup_Rural_2024.pdf,2024/WA/WA_Kojonup_Rural_2024.pdf,WA,Kojonup,2024,False,,,73,53323
WA_Nungarin_Rural_2024.pdf,2024/WA/WA_Nungarin_Rural_2024.pdf,WA,Nungarin,2024,True,statement of comprehensive income,22.0,60,134463
WA_Exmouth_Rural_2024.pdf,2024/WA/WA_Exmouth_Rural_2024.pdf,WA,Exmouth,2024,True,statement of comprehensive income,37.0,81,134215
WA_Bridgetown Greenbushes_Rural_2024.pdf,2024/WA/WA_Bridgetown Greenbushes_Rural_2024.pdf,WA,Bridgetown Greenbushes,2024,True,statement of comprehensive income,23.0,68,161023
WA_Busselton_Urban_2024.pdf,2024/WA/WA_Busselton_Urban_2024.pdf,WA,Busselton,2024,True,statement of comprehensive income,58.0,126,270628
WA_Chapman Valley_Rural_2024.pdf,2024/WA/WA_Chapman Valley_Rural_2024.pdf,WA,Chapman Valley,2024,True,audited financial statements,29.0,78,139535
WA_Dumbleyung_Rural_2024.pdf,2024/WA/WA_Dumbleyung_Rural_2024.pdf,WA,Dumbleyung,2024,True,statement of comprehensive income,34.0,76,135723
WA_Dowerin_Rural_2024.pdf,2024/WA/WA_Dowerin_Rural_2024.pdf,WA,Dowerin,2024,False,,,57,51573
WA_Carnarvon_Rural_2024.pdf,2024/WA/WA_Carnarvon_Rural_2024.pdf,WA,Carnarvon,2024,True,financial statements,85.0,89,170965
WA_Toodyay_Rural_2024.pdf,2024/WA/WA_Toodyay_Rural_2024.pdf,WA,Toodyay,2024,False,,,101,65510
WA_Northampton_Rural_2024.pdf,2024/WA/WA_Northampton_Rural_2024.pdf,WA,Northampton,2024,False,,,54,26082
WA_Wiluna_Rural_2024.pdf,2024/WA/WA_Wiluna_Rural_2024.pdf,WA,Wiluna,2024,True,financial statements,3.0,104,150204
WA_Capel_Rural_2024.pdf,2024/WA/WA_Capel_Rural_2024.pdf,WA,Capel,2024,True,financial statements,82.0,129,205801
WA_Katanning_Rural_2024.pdf,2024/WA/WA_Katanning_Rural_2024.pdf,WA,Katanning,2024,True,statement of comprehensive income,44.0,88,168709
WA_Narrogin_Rural_2024.pdf,2024/WA/WA_Narrogin_Rural_2024.pdf,WA,Narrogin,2024,True,statement of comprehensive income,30.0,74,175219
WA_Peppermint Grove_Urban_2024.pdf,2024/WA/WA_Peppermint Grove_Urban_2024.pdf,WA,Peppermint Grove,2024,True,statement of comprehensive income,45.0,80,172849
WA_Irwin_Rural_2024.pdf,2024/WA/WA_Irwin_Rural_2024.pdf,WA,Irwin,2024,True,statement of comprehensive income,2.0,61,24533
WA_Mundaring_Rural_2024.pdf,2024/WA/WA_Mundaring_Rural_2024.pdf,WA,Mundaring,2024,False,,,75,78063
WA_Perth_Urban_2024.pdf,2024/WA/WA_Perth_Urban_2024.pdf,WA,Perth,2024,True,statement of comprehensive income,54.0,156,329346
WA_Leonora_Rural_2024.pdf,2024/WA/WA_Leonora_Rural_2024.pdf,WA,Leonora,2024,True,statement of financial position,32.0,68,63273
WA_Goomalling_Rural_2024.pdf,2024/WA/WA_Goomalling_Rural_2024.pdf,WA,Goomalling,2024,True,statement of comprehensive income,22.0,78,147601
WA_Cockburn_Urban_2024.pdf,2024/WA/WA_Cockburn_Urban_2024.pdf,WA,Cockburn,2024,False,,,137,263664
WA_Plantagenet_Rural_2024.pdf,2024/WA/WA_Plantagenet_Rural_2024.pdf,WA,Plantagenet,2024,True,statement of comprehensive income,28.0,72,139853
WA_Boyup Brooke_Rural_2024.pdf,2024/WA/WA_Boyup Brooke_Rural_2024.pdf,WA,Boyup Brooke,2024,False,,,92,45647
WA_Dandaragan_Rural_2024.pdf,2024/WA/WA_Dandaragan_Rural_2024.pdf,WA,Dandaragan,2024,False,,,38,60432
WA_Kalamunda_Urban_2024.pdf,2024/WA/WA_Kalamunda_Urban_2024.pdf,WA,Kalamunda,2024,True,statement of comprehensive income,9.0,151,260980
WA_Kent_Rural_2024.pdf,2024/WA/WA_Kent_Rural_2024.pdf,WA,Kent,2024,True,statement of comprehensive income,14.0,56,107194
WA_Trayning_Rural_2024.pdf,2024/WA/WA_Trayning_Rural_2024.pdf,WA,Trayning,2024,True,statement of comprehensive income,3.0,60,109714
WA_Gnowangerup_Rural_2024.pdf,2024/WA/WA_Gnowangerup_Rural_2024.pdf,WA,Gnowangerup,2024,True,statement of financial position,54.0,96,76966
WA_Bassendean_Urban_2024.pdf,2024/WA/WA_Bassendean_Urban_2024.pdf,WA,Bassendean,2024,True,statement of comprehensive income,3.0,116,191963
WA_Victoria Plains_Rural_2024.pdf,2024/WA/WA_Victoria Plains_Rural_2024.pdf,WA,Victoria Plains,2024,True,statement of comprehensive income,45.0,84,156332
WA_Donnybrook Balingup_Rural_2024.pdf,2024/WA/WA_Donnybrook Balingup_Rural_2024.pdf,WA,Donnybrook Balingup,2024,True,statement of comprehensive income,37.0,84,171277
WA_Wanneroo_Urban_2024.pdf,2024/WA/WA_Wanneroo_Urban_2024.pdf,WA,Wanneroo,2024,True,statement of financial position,3.0,118,407565
WA_Murray_Rural_2024.pdf,2024/WA/WA_Murray_Rural_2024.pdf,WA,Murray,2024,True,statement of comprehensive income,32.0,63,186960
WA_Bruce Rock_Rural_2024.pdf,2024/WA/WA_Bruce Rock_Rural_2024.pdf,WA,Bruce Rock,2024,True,audited financial statements,2.0,70,154309
WA_Koorda_Rural_2024.pdf,2024/WA/WA_Koorda_Rural_2024.pdf,WA,Koorda,2024,True,statement of comprehensive income,16.0,53,106546
WA_Three Springs_Rural_2024.pdf,2024/WA/WA_Three Springs_Rural_2024.pdf,WA,Three Springs,2024,True,statement of comprehensive income,15.0,55,109465
WA_Harvey_Urban_2024.pdf,2024/WA/WA_Harvey_Urban_2024.pdf,WA,Harvey,2024,True,statement of comprehensive income,55.0,102,194655
WA_Joondalup_Urban_2024.pdf,2024/WA/WA_Joondalup_Urban_2024.pdf,WA,Joondalup,2024,False,,,184,332693
WA_Rockingham_Urban_2024.pdf,2024/WA/WA_Rockingham_Urban_2024.pdf,WA,Rockingham,2024,True,statement of comprehensive income,62.0,144,213861
WA_Quairading_Rural_2024.pdf,2024/WA/WA_Quairading_Rural_2024.pdf,WA,Quairading,2024,False,,,78,121532
WA_Esperance_Rural_2024.pdf,2024/WA/WA_Esperance_Rural_2024.pdf,WA,Esperance,2024,True,statement of comprehensive income,69.0,117,239632
WA_Wyalkatchem_Rural_2024.pdf,2024/WA/WA_Wyalkatchem_Rural_2024.pdf,WA,Wyalkatchem,2024,True,statement of comprehensive income,25.0,64,49944
WA_Meekatharra_Rural_2024.pdf,2024/WA/WA_Meekatharra_Rural_2024.pdf,WA,Meekatharra,2024,True,statement of comprehensive income,38.0,70,131109
WA_Pingelly_Rural_2024.pdf,2024/WA/WA_Pingelly_Rural_2024.pdf,WA,Pingelly,2024,True,statement of comprehensive income,35.0,75,126883
WA_Belmont_Urban_2024.pdf,2024/WA/WA_Belmont_Urban_2024.pdf,WA,Belmont,2024,True,statement of comprehensive income,41.0,110,200608
WA_Murchison_Rural_2024.pdf,2024/WA/WA_Murchison_Rural_2024.pdf,WA,Murchison,2024,True,statement of comprehensive income,30.0,32,64688
WA_Bayswater_Urban_2024.pdf,2024/WA/WA_Bayswater_Urban_2024.pdf,WA,Bayswater,2024,True,general purpose financial statements,5.0,222,384839
WA_Denmark_Rural_2024.pdf,2024/WA/WA_Denmark_Rural_2024.pdf,WA,Denmark,2024,True,statement of comprehensive income,40.0,85,99945
WA_Kellerberrin_Rural_2024.pdf,2024/WA/WA_Kellerberrin_Rural_2024.pdf,WA,Kellerberrin,2024,False,,,57,33730
WA_Cranbrook_Rural_2024.pdf,2024/WA/WA_Cranbrook_Rural_2024.pdf,WA,Cranbrook,2024,True,statement of comprehensive income,19.0,60,128944
WA_Bunbury_Urban_2024.pdf,2024/WA/WA_Bunbury_Urban_2024.pdf,WA,Bunbury,2024,False,,,118,233962
WA_Wyndham East Kimberley_Rural_2024.pdf,2024/WA/WA_Wyndham East Kimberley_Rural_2024.pdf,WA,Wyndham East Kimberley,2024,True,statement of comprehensive income,69.0,119,242269
WA_Dardanup_Rural_2024.pdf,2024/WA/WA_Dardanup_Rural_2024.pdf,WA,Dardanup,2024,True,financial statements,34.0,81,169079
WA_Boddington_Rural_2024.pdf,2024/WA/WA_Boddington_Rural_2024.pdf,WA,Boddington,2024,True,statement of comprehensive income,49.0,89,133742
WA_Ashburton_Rural_2024.pdf,2024/WA/WA_Ashburton_Rural_2024.pdf,WA,Ashburton,2024,True,statement of comprehensive income,23.0,49,195503
WA_Lake Grace_Rural_2024.pdf,2024/WA/WA_Lake Grace_Rural_2024.pdf,WA,Lake Grace,2024,True,statement of comprehensive income,25.0,63,123304
WA_Cunderdin_Rural_2024.pdf,2024/WA/WA_Cunderdin_Rural_2024.pdf,WA,Cunderdin,2024,True,statement of comprehensive income,28.0,68,109531
WA_Ravensthorpe_Rural_2024.pdf,2024/WA/WA_Ravensthorpe_Rural_2024.pdf,WA,Ravensthorpe,2024,True,financial statements,4.0,75,139133
VIC_Cardinia_Urban_2023.pdf,2023/VIC/VIC_Cardinia_Urban_2023.pdf,VIC,Cardinia,2023,True,financial statements,3.0,158,374139
VIC_Buloke_Rural_2023.pdf,2023/VIC/VIC_Buloke_Rural_2023.pdf,VIC,Buloke,2023,True,financial statements,60.0,132,243303
VIC_Northern Grampians_Rural_2023.pdf,2023/VIC/VIC_Northern Grampians_Rural_2023.pdf,VIC,Northern Grampians,2023,True,financial statements,75.0,142,265700
VIC_Moyne_Rural_2023.pdf,2023/VIC/VIC_Moyne_Rural_2023.pdf,VIC,Moyne,2023,True,notes to the financial statements,82.0,128,275890
VIC_Baw Baw_Urban_2023.pdf,2023/VIC/VIC_Baw Baw_Urban_2023.pdf,VIC,Baw Baw,2023,True,financial statements,3.0,163,337658
VIC_Horsham_Urban_2023.pdf,2023/VIC/VIC_Horsham_Urban_2023.pdf,VIC,Horsham,2023,True,notes to the financial statements,93.0,154,329821
VIC_Glen Eira_Urban_2023.pdf,2023/VIC/VIC_Glen Eira_Urban_2023.pdf,VIC,Glen Eira,2023,True,financial statements,4.0,233,484590
VIC_Casey_Urban_2023.pdf,2023/VIC/VIC_Casey_Urban_2023.pdf,VIC,Casey,2023,True,financial statements,161.0,232,422717
VIC_Nillumbik_Urban_2023.pdf,2023/VIC/VIC_Nillumbik_Urban_2023.pdf,VIC,Nillumbik,2023,True,financial statements,98.0,139,579076
VIC_Hobsons Bay_Urban_2023.pdf,2023/VIC/VIC_Hobsons Bay_Urban_2023.pdf,VIC,Hobsons Bay,2023,True,financial statements,95.0,116,225607
VIC_Indigo_Rural_2023.pdf,2023/VIC/VIC_Indigo_Rural_2023.pdf,VIC,Indigo,2023,True,financial statements,42.0,84,257379
VIC_Murrindindi_Rural_2023.pdf,2023/VIC/VIC_Murrindindi_Rural_2023.pdf,VIC,Murrindindi,2023,True,statement of changes in equity,60.0,104,304974
VIC_Yarra_Urban_2023.pdf,2023/VIC/VIC_Yarra_Urban_2023.pdf,VIC,Yarra,2023,True,financial statements,31.0,195,299936
VIC_Brimbank_Urban_2023.pdf,2023/VIC/VIC_Brimbank_Urban_2023.pdf,VIC,Brimbank,2023,True,financial statements,2.0,107,444776
VIC_West Wimmera_Rural_2023.pdf,2023/VIC/VIC_West Wimmera_Rural_2023.pdf,VIC,West Wimmera,2023,True,statement of changes in equity,101.0,169,207722
VIC_Latrobe_Urban_2023.pdf,2023/VIC/VIC_Latrobe_Urban_2023.pdf,VIC,Latrobe,2023,True,financial statements,37.0,75,290091
VIC_Mount Alexander_Urban_2023.pdf,2023/VIC/VIC_Mount Alexander_Urban_2023.pdf,VIC,Mount Alexander,2023,True,statement of cash flows,110.0,166,338846
VIC_Bass Coast_Urban_2023.pdf,2023/VIC/VIC_Bass Coast_Urban_2023.pdf,VIC,Bass Coast,2023,False,,,192,3348
VIC_Hepburn_Rural_2023.pdf,2023/VIC/VIC_Hepburn_Rural_2023.pdf,VIC,Hepburn,2023,False,,,96,202383
VIC_Moonee Valley_Urban_2023.pdf,2023/VIC/VIC_Moonee Valley_Urban_2023.pdf,VIC,Moonee Valley,2023,True,statement of changes in equity,127.0,208,417874
VIC_Alpine_Rural_2023.pdf,2023/VIC/VIC_Alpine_Rural_2023.pdf,VIC,Alpine,2023,True,financial statements,6.0,138,321525
VIC_Merri Bek_Urban_2023.pdf,2023/VIC/VIC_Merri Bek_Urban_2023.pdf,VIC,Merri Bek,2023,True,statement of changes in equity,174.0,238,434465
VIC_Ballarat_Urban_2023.pdf,2023/VIC/VIC_Ballarat_Urban_2023.pdf,VIC,Ballarat,2023,True,financial statements,31.0,158,286077
VIC_Monash_Urban_2023.pdf,2023/VIC/VIC_Monash_Urban_2023.pdf,VIC,Monash,2023,True,financial statements,188.0,248,455044
VIC_Yarriambiack_Rural_2023.pdf,2023/VIC/VIC_Yarriambiack_Rural_2023.pdf,VIC,Yarriambiack,2023,True,statement of changes in equity,79.0,129,251881
VIC_Whittlesea_Urban_2023.pdf,2023/VIC/VIC_Whittlesea_Urban_2023.pdf,VIC,Whittlesea,2023,True,financial statements,3.0,119,441710
VIC_Southern Grampians_Rural_2023.pdf,2023/VIC/VIC_Southern Grampians_Rural_2023.pdf,VIC,Southern Grampians,2023,True,statement of cash flows,88.0,160,299455
VIC_Melbourne_Urban_2023.pdf,2023/VIC/VIC_Melbourne_Urban_2023.pdf,VIC,Melbourne,2023,True,financial statements,218.0,318,556921
VIC_Darebin_Urban_2023.pdf,2023/VIC/VIC_Darebin_Urban_2023.pdf,VIC,Darebin,2023,True,financial statements,6.0,258,538225
VIC_Macedon Ranges_Urban_2023.pdf,2023/VIC/VIC_Macedon Ranges_Urban_2023.pdf,VIC,Macedon Ranges,2023,True,statement of changes in equity,59.0,93,356769
VIC_Hindmarsh_Rural_2023.pdf,2023/VIC/VIC_Hindmarsh_Rural_2023.pdf,VIC,Hindmarsh,2023,True,financial statements,99.0,170,177554
VIC_Maribyrnong_Urban_2023.pdf,2023/VIC/VIC_Maribyrnong_Urban_2023.pdf,VIC,Maribyrnong,2023,True,financial statements,152.0,226,452393
VIC_Wodonga_Urban_2023.pdf,2023/VIC/VIC_Wodonga_Urban_2023.pdf,VIC,Wodonga,2023,True,notes to financial statements,91.0,142,305922
VIC_Loddon_Rural_2023.pdf,2023/VIC/VIC_Loddon_Rural_2023.pdf,VIC,Loddon,2023,False,,,119,223518
VIC_Glenelg_Urban_2023.pdf,2023/VIC/VIC_Glenelg_Urban_2023.pdf,VIC,Glenelg,2023,False,,,64,218580
VIC_Gannawarra_Rural_2023.pdf,2023/VIC/VIC_Gannawarra_Rural_2023.pdf,VIC,Gannawarra,2023,True,financial statements,70.0,152,311668
VIC_Moorabool_Urban_2023.pdf,2023/VIC/VIC_Moorabool_Urban_2023.pdf,VIC,Moorabool,2023,True,statement of changes in equity,83.0,148,244436
VIC_Warrnambool_Urban_2023.pdf,2023/VIC/VIC_Warrnambool_Urban_2023.pdf,VIC,Warrnambool,2023,True,financial statements,96.0,167,372087
VIC_Moira_Urban_2023.pdf,2023/VIC/VIC_Moira_Urban_2023.pdf,VIC,Moira,2023,True,statement of changes in equity,3.0,164,337068
VIC_Port Phillip_Urban_2023.pdf,2023/VIC/VIC_Port Phillip_Urban_2023.pdf,VIC,Port Phillip,2023,True,financial statements,203.0,292,577017
VIC_Golden Plains_Urban_2023.pdf,2023/VIC/VIC_Golden Plains_Urban_2023.pdf,VIC,Golden Plains,2023,True,financial statements,129.0,204,434482
VIC_Pyrenees_Rural_2023.pdf,2023/VIC/VIC_Pyrenees_Rural_2023.pdf,VIC,Pyrenees,2023,True,financial statements,94.0,187,358173
VIC_Hume_Urban_2023.pdf,2023/VIC/VIC_Hume_Urban_2023.pdf,VIC,Hume,2023,True,financial statements,22.0,210,450379
VIC_Towong_Rural_2023.pdf,2023/VIC/VIC_Towong_Rural_2023.pdf,VIC,Towong,2023,True,financial statements,4.0,151,284603
VIC_Strathbogie_Rural_2023.pdf,2023/VIC/VIC_Strathbogie_Rural_2023.pdf,VIC,Strathbogie,2023,True,notes to the financial statements,97.0,155,319159
VIC_Shepparton_Urban_2023.pdf,2023/VIC/VIC_Shepparton_Urban_2023.pdf,VIC,Shepparton,2023,True,financial statements,3.0,208,320291
VIC_Boroondara_Urban_2023.pdf,2023/VIC/VIC_Boroondara_Urban_2023.pdf,VIC,Boroondara,2023,True,financial statements,3.0,358,485923
VIC_Ararat_Rural_2023.pdf,2023/VIC/VIC_Ararat_Rural_2023.pdf,VIC,Ararat,2023,True,audited financial statements,4.0,130,251096
VIC_Colac Otway_Urban_2023.pdf,2023/VIC/VIC_Colac Otway_Urban_2023.pdf,VIC,Colac Otway,2023,True,financial statements,129.0,182,428390
VIC_Bayside_Urban_2023.pdf,2023/VIC/VIC_Bayside_Urban_2023.pdf,VIC,Bayside,2023,True,financial statements,3.0,190,391571
VIC_Bendigo_Urban_2023.pdf,2023/VIC/VIC_Bendigo_Urban_2023.pdf,VIC,Bendigo,2023,True,financial statements,3.0,168,357856
VIC_Wellington_Urban_2023.pdf,2023/VIC/VIC_Wellington_Urban_2023.pdf,VIC,Wellington,2023,True,notes to the financial statements,164.0,222,376579
VIC_Melton_Urban_2023.pdf,2023/VIC/VIC_Melton_Urban_2023.pdf,VIC,Melton,2023,True,audited financial statements,3.0,110,404038
VIC_Maroondah_Urban_2023.pdf,2023/VIC/VIC_Maroondah_Urban_2023.pdf,VIC,Maroondah,2023,True,financial statements,133.0,288,641672
VIC_Benalla_Rural_2023.pdf,2023/VIC/VIC_Benalla_Rural_2023.pdf,VIC,Benalla,2023,True,financial statements,3.0,135,287367
VIC_South Gippsland_Urban_2023.pdf,2023/VIC/VIC_South Gippsland_Urban_2023.pdf,VIC,South Gippsland,2023,True,financial statements,2.0,138,333239
VIC_Frankston_Urban_2023.pdf,2023/VIC/VIC_Frankston_Urban_2023.pdf,VIC,Frankston,2023,True,financial statements,3.0,224,465605
VIC_Wangaratta_Urban_2023.pdf,2023/VIC/VIC_Wangaratta_Urban_2023.pdf,VIC,Wangaratta,2023,True,financial statements,79.0,136,354535
VIC_Banyule_Urban_2023.pdf,2023/VIC/VIC_Banyule_Urban_2023.pdf,VIC,Banyule,2023,True,statement of changes in equity,171.0,253,496777
VIC_Stonnington_Urban_2023.pdf,2023/VIC/VIC_Stonnington_Urban_2023.pdf,VIC,Stonnington,2023,True,statement of changes in equity,109.0,175,430478
VIC_Dandenong_Urban_2023.pdf,2023/VIC/VIC_Dandenong_Urban_2023.pdf,VIC,Dandenong,2023,True,financial statements,137.0,226,430618
VIC_Wyndham_Urban_2023.pdf,2023/VIC/VIC_Wyndham_Urban_2023.pdf,VIC,Wyndham,2023,False,,,210,467272
VIC_East Gippsland_Urban_2023.pdf,2023/VIC/VIC_East Gippsland_Urban_2023.pdf,VIC,East Gippsland,2023,True,financial statements,7.0,205,402482
VIC_Mansfield_Rural_2023.pdf,2023/VIC/VIC_Mansfield_Rural_2023.pdf,VIC,Mansfield,2023,True,financial statements,50.0,123,241487
VIC_Manningham_Urban_2023.pdf,2023/VIC/VIC_Manningham_Urban_2023.pdf,VIC,Manningham,2023,True,financial statements,101.0,140,352399
VIC_Mitchell_Urban_2023.pdf,2023/VIC/VIC_Mitchell_Urban_2023.pdf,VIC,Mitchell,2023,True,statement of changes in equity,181.0,276,454381
VIC_Whitehorse_Urban_2023.pdf,2023/VIC/VIC_Whitehorse_Urban_2023.pdf,VIC,Whitehorse,2023,True,financial statement,4.0,165,248988
VIC_Knox_Urban_2023.pdf,2023/VIC/VIC_Knox_Urban_2023.pdf,VIC,Knox,2023,True,financial statements,11.0,204,414323
VIC_Queenscliffe_Urban_2023.pdf,2023/VIC/VIC_Queenscliffe_Urban_2023.pdf,VIC,Queenscliffe,2023,True,financial statements,64.0,99,401056
VIC_Mornington Peninsula_Urban_2023.pdf,2023/VIC/VIC_Mornington Peninsula_Urban_2023.pdf,VIC,Mornington Peninsula,2023,True,financial statements,73.0,107,439624
VIC_Mildura_Urban_2023.pdf,2023/VIC/VIC_Mildura_Urban_2023.pdf,VIC,Mildura,2023,True,financial statements,114.0,231,201444
VIC_Campaspe_Urban_2023.pdf,2023/VIC/VIC_Campaspe_Urban_2023.pdf,VIC,Campaspe,2023,True,financial statements,18.0,158,277467
VIC_Swan Hill_Urban_2023.pdf,2023/VIC/VIC_Swan Hill_Urban_2023.pdf,VIC,Swan Hill,2023,True,financial statements,4.0,187,210337
VIC_Kingston_Urban_2023.pdf,2023/VIC/VIC_Kingston_Urban_2023.pdf,VIC,Kingston,2023,True,financial statements,124.0,196,416381
VIC_Geelong_Urban_2023.pdf,2023/VIC/VIC_Geelong_Urban_2023.pdf,VIC,Geelong,2023,True,financial statements,130.0,192,389135
NT_Darwin_Urban_2023.pdf,2023/NT/NT_Darwin_Urban_2023.pdf,NT,Darwin,2023,True,financial statements,7.0,160,312849
NT_Barkly_Rural_2023.pdf,2023/NT/NT_Barkly_Rural_2023.pdf,NT,Barkly,2023,True,general purpose financial statements,58.0,96,180824
NT_Alice Springs_Urban_2023.pdf,2023/NT/NT_Alice Springs_Urban_2023.pdf,NT,Alice Springs,2023,True,audited financial statements,3.0,110,141374
NT_Palmerston_Urban_2023.pdf,2023/NT/NT_Palmerston_Urban_2023.pdf,NT,Palmerston,2023,True,notes to and forming part of the financial statements,98.0,144,181560
NT_Tiwi Islands_Rural_2023.pdf,2023/NT/NT_Tiwi Islands_Rural_2023.pdf,NT,Tiwi Islands,2023,True,audited financial statements,3.0,103,183722
NT_Victoria Daly_Rural_2023.pdf,2023/NT/NT_Victoria Daly_Rural_2023.pdf,NT,Victoria Daly,2023,True,statement of financial position,64.0,103,181455
NT_West Arnhem_Rural_2023.pdf,2023/NT/NT_West Arnhem_Rural_2023.pdf,NT,West Arnhem,2023,True,financial statements,68.0,168,285862
NT_Roper Gulf_Rural_2023.pdf,2023/NT/NT_Roper Gulf_Rural_2023.pdf,NT,Roper Gulf,2023,True,statement of changes in equity,3.0,140,176309
NT_Central Desert_Rural_2023.pdf,2023/NT/NT_Central Desert_Rural_2023.pdf,NT,Central Desert,2023,True,financial statements,3.0,82,185506
NT_Macdonnell_Rural_2023.pdf,2023/NT/NT_Macdonnell_Rural_2023.pdf,NT,Macdonnell,2023,True,financial statements,69.0,112,183597
NT_West Daly_Rural_2023.pdf,2023/NT/NT_West Daly_Rural_2023.pdf,NT,West Daly,2023,True,financial statements,3.0,100,191700
NT_Katherine_Rural_2023.pdf,2023/NT/NT_Katherine_Rural_2023.pdf,NT,Katherine,2023,False,,,60,90919
NT_East Arnhem_Rural_2023.pdf,2023/NT/NT_East Arnhem_Rural_2023.pdf,NT,East Arnhem,2023,True,notes to the financial statements,85.0,136,264995
NT_Litchfield_Urban_2023.pdf,2023/NT/NT_Litchfield_Urban_2023.pdf,NT,Litchfield,2023,True,statement of comprehensive income,69.0,131,228459
NT_Coomalie_Rural_2023.pdf,2023/NT/NT_Coomalie_Rural_2023.pdf,NT,Coomalie,2023,True,statement of comprehensive income,40.0,76,153237
NT_Wagait_Urban_2023.pdf,2023/NT/NT_Wagait_Urban_2023.pdf,NT,Wagait,2023,True,financial statements,3.0,62,60849
SA_Adelaide Plains_Rural_2023.pdf,2023/SA/SA_Adelaide Plains_Rural_2023.pdf,SA,Adelaide Plains,2023,True,financial statements,128.0,262,387039
SA_Charles Sturt_Urban_2023.pdf,2023/SA/SA_Charles Sturt_Urban_2023.pdf,SA,Charles Sturt,2023,True,general purpose financial statements,99.0,192,344123
SA_Streaky Bay_Rural_2023.pdf,2023/SA/SA_Streaky Bay_Rural_2023.pdf,SA,Streaky Bay,2023,True,financial statements,3.0,153,255080
SA_Unley_Urban_2023.pdf,2023/SA/SA_Unley_Urban_2023.pdf,SA,Unley,2023,True,audited financial statements,57.0,175,342013
SA_Campbelltown_Urban_2023.pdf,2023/SA/SA_Campbelltown_Urban_2023.pdf,SA,Campbelltown,2023,True,financial statements,7.0,58,149710
SA_Roxby Downs_Rural_2023.pdf,2023/SA/SA_Roxby Downs_Rural_2023.pdf,SA,Roxby Downs,2023,True,financial statements,69.0,137,214264
SA_Lower Eyre Peninsula_Rural_2023.pdf,2023/SA/SA_Lower Eyre Peninsula_Rural_2023.pdf,SA,Lower Eyre Peninsula,2023,True,financial statements,59.0,185,325408
SA_Renmark Paringa_Rural_2023.pdf,2023/SA/SA_Renmark Paringa_Rural_2023.pdf,SA,Renmark Paringa,2023,True,statement of financial position,120.0,157,157292
SA_Peterborough_Rural_2023.pdf,2023/SA/SA_Peterborough_Rural_2023.pdf,SA,Peterborough,2023,True,financial statements,1.0,123,229370
SA_Naracoorte Lucindale_Rural_2023.pdf,2023/SA/SA_Naracoorte Lucindale_Rural_2023.pdf,SA,Naracoorte Lucindale,2023,True,financial statements,36.0,101,166667
SA_Cleve_Rural_2023.pdf,2023/SA/SA_Cleve_Rural_2023.pdf,SA,Cleve,2023,True,audited financial statements,3.0,86,156611
SA_Coober Pedy_Rural_2023.pdf,2023/SA/SA_Coober Pedy_Rural_2023.pdf,SA,Coober Pedy,2023,True,financial statements,5.0,128,228874
SA_Prospect_Urban_2023.pdf,2023/SA/SA_Prospect_Urban_2023.pdf,SA,Prospect,2023,True,financial statements,66.0,240,141868
SA_Flinders Ranges_Rural_2023.pdf,2023/SA/SA_Flinders Ranges_Rural_2023.pdf,SA,Flinders Ranges,2023,True,general purpose financial statements,33.0,123,208850
SA_Loxton Waikerie_Rural_2023.pdf,2023/SA/SA_Loxton Waikerie_Rural_2023.pdf,SA,Loxton Waikerie,2023,True,financial statements,6.0,148,229377
SA_Playford_Urban_2023.pdf,2023/SA/SA_Playford_Urban_2023.pdf,SA,Playford,2023,True,statement of comprehensive income,78.0,237,404231
SA_Port Adelaide Enfield_Urban_2023.pdf,2023/SA/SA_Port Adelaide Enfield_Urban_2023.pdf,SA,Port Adelaide Enfield,2023,True,financial statements,54.0,154,277451
SA_Anangu_Rural_2023.pdf,2023/SA/SA_Anangu_Rural_2023.pdf,SA,Anangu,2023,False,,,42,80935
SA_Kangaroo Island_Rural_2023.pdf,2023/SA/SA_Kangaroo Island_Rural_2023.pdf,SA,Kangaroo Island,2023,True,financial statements,55.0,228,394236
SA_Walkerville_Urban_2023.pdf,2023/SA/SA_Walkerville_Urban_2023.pdf,SA,Walkerville,2023,True,general purpose financial statements,60.0,181,549782
SA_Copper Coast_Rural_2023.pdf,2023/SA/SA_Copper Coast_Rural_2023.pdf,SA,Copper Coast,2023,True,general purpose financial statements,77.0,167,282760
SA_Light_Rural_2023.pdf,2023/SA/SA_Light_Rural_2023.pdf,SA,Light,2023,True,general purpose financial statements,82.0,224,216247
SA_Adelaide_Urban_2023.pdf,2023/SA/SA_Adelaide_Urban_2023.pdf,SA,Adelaide,2023,True,audited financial statements,4.0,113,261761
SA_Goyder_Rural_2023.pdf,2023/SA/SA_Goyder_Rural_2023.pdf,SA,Goyder,2023,True,statement of comprehensive income,152.0,248,384780
SA_Southern Mallee_Rural_2023.pdf,2023/SA/SA_Southern Mallee_Rural_2023.pdf,SA,Southern Mallee,2023,True,general purpose financial statements,55.0,156,264133
SA_Northern Areas_Rural_2023.pdf,2023/SA/SA_Northern Areas_Rural_2023.pdf,SA,Northern Areas,2023,True,general purpose financial statements,32.0,115,194182
SA_Tea Tree Gully_Urban_2023.pdf,2023/SA/SA_Tea Tree Gully_Urban_2023.pdf,SA,Tea Tree Gully,2023,True,audited financial statements,37.0,108,166800
SA_Clare Gilbert Valleys_Rural_2023.pdf,2023/SA/SA_Clare Gilbert Valleys_Rural_2023.pdf,SA,Clare Gilbert Valleys,2023,True,financial statements,54.0,139,211249
SA_Berri Barmera_Rural_2023.pdf,2023/SA/SA_Berri Barmera_Rural_2023.pdf,SA,Berri Barmera,2023,True,statement of financial position,148.0,190,194493
SA_Kimba_Rural_2023.pdf,2023/SA/SA_Kimba_Rural_2023.pdf,SA,Kimba,2023,True,audited financial statements,24.0,156,218405
SA_Port Augusta_Rural_2023.pdf,2023/SA/SA_Port Augusta_Rural_2023.pdf,SA,Port Augusta,2023,True,audited financial statements,3.0,104,223555
SA_Gawler_Urban_2023.pdf,2023/SA/SA_Gawler_Urban_2023.pdf,SA,Gawler,2023,True,financial statements,2.0,84,224900
SA_Elliston_Rural_2023.pdf,2023/SA/SA_Elliston_Rural_2023.pdf,SA,Elliston,2023,True,financial statements,86.0,149,248776
SA_Port Lincoln_Urban_2023.pdf,2023/SA/SA_Port Lincoln_Urban_2023.pdf,SA,Port Lincoln,2023,True,statement of comprehensive income,52.0,166,291445
SA_Mitcham_Urban_2023.pdf,2023/SA/SA_Mitcham_Urban_2023.pdf,SA,Mitcham,2023,True,financial statements,37.0,65,231024
SA_The Barossa_Rural_2023.pdf,2023/SA/SA_The Barossa_Rural_2023.pdf,SA,The Barossa,2023,False,,,66,84152
SA_Port Pirie_Rural_2023.pdf,2023/SA/SA_Port Pirie_Rural_2023.pdf,SA,Port Pirie,2023,True,financial statements,3.0,162,273971
SA_Robe_Rural_2023.pdf,2023/SA/SA_Robe_Rural_2023.pdf,SA,Robe,2023,True,general purpose financial statements,34.0,124,157903
SA_West Torrens_Urban_2023.pdf,2023/SA/SA_West Torrens_Urban_2023.pdf,SA,West Torrens,2023,True,financial statements,34.0,220,438243
SA_Franklin Harbour_Rural_2023.pdf,2023/SA/SA_Franklin Harbour_Rural_2023.pdf,SA,Franklin Harbour,2023,False,,,166,71950
SA_Holdfast Bay_Urban_2023.pdf,2023/SA/SA_Holdfast Bay_Urban_2023.pdf,SA,Holdfast Bay,2023,True,audited financial statements,89.0,180,259764
SA_Salisbury_Urban_2023.pdf,2023/SA/SA_Salisbury_Urban_2023.pdf,SA,Salisbury,2023,True,general purpose financial statements,95.0,214,367201
SA_Ceduna_Rural_2023.pdf,2023/SA/SA_Ceduna_Rural_2023.pdf,SA,Ceduna,2023,True,audited financial statements,2.0,136,245794
SA_Orroroo Carrieton_Rural_2023.pdf,2023/SA/SA_Orroroo Carrieton_Rural_2023.pdf,SA,Orroroo Carrieton,2023,True,statement of comprehensive income,43.0,120,199616
SA_Yankalilla_Rural_2023.pdf,2023/SA/SA_Yankalilla_Rural_2023.pdf,SA,Yankalilla,2023,True,financial statements,86.0,248,452630
SA_Mount Remarkable_Rural_2023.pdf,2023/SA/SA_Mount Remarkable_Rural_2023.pdf,SA,Mount Remarkable,2023,True,financial statements,62.0,168,302373
SA_Barunga West_Rural_2023.pdf,2023/SA/SA_Barunga West_Rural_2023.pdf,SA,Barunga West,2023,True,general purpose financial statements,44.0,128,217066
SA_Norwood Payneham St Peters_Urban_2023.pdf,2023/SA/SA_Norwood Payneham St Peters_Urban_2023.pdf,SA,Norwood Payneham St Peters,2023,True,statement of financial position,240.0,306,567733
SA_Karoonda East Murray_Rural_2023.pdf,2023/SA/SA_Karoonda East Murray_Rural_2023.pdf,SA,Karoonda East Murray,2023,True,general purpose financial statements,2.0,100,114111
SA_Whyalla_Rural_2023.pdf,2023/SA/SA_Whyalla_Rural_2023.pdf,SA,Whyalla,2023,True,financial statements,3.0,186,312500
SA_Marion_Urban_2023.pdf,2023/SA/SA_Marion_Urban_2023.pdf,SA,Marion,2023,True,statement of comprehensive income,60.0,171,296389
SA_Adelaide Hills_Urban_2023.pdf,2023/SA/SA_Adelaide Hills_Urban_2023.pdf,SA,Adelaide Hills,2023,True,financial statements,47.0,287,399343
SA_Murray Bridge_Rural_2023.pdf,2023/SA/SA_Murray Bridge_Rural_2023.pdf,SA,Murray Bridge,2023,True,financial statements,4.0,235,384561
SA_Coorong_Rural_2023.pdf,2023/SA/SA_Coorong_Rural_2023.pdf,SA,Coorong,2023,True,statement of financial position,88.0,131,134250
SA_Wakefield_Rural_2023.pdf,2023/SA/SA_Wakefield_Rural_2023.pdf,SA,Wakefield,2023,True,audited financial statements,29.0,74,158420
SA_Tumby Bay_Rural_2023.pdf,2023/SA/SA_Tumby Bay_Rural_2023.pdf,SA,Tumby Bay,2023,True,financial statements,9.0,143,272332
SA_Onkaparinga_Urban_2023.pdf,2023/SA/SA_Onkaparinga_Urban_2023.pdf,SA,Onkaparinga,2023,True,general purpose financial statements,3.0,165,247417
SA_Kingston_Rural_2023.pdf,2023/SA/SA_Kingston_Rural_2023.pdf,SA,Kingston,2023,True,audited financial statements,56.0,171,211988
SA_Mount Gambier_Urban_2023.pdf,2023/SA/SA_Mount Gambier_Urban_2023.pdf,SA,Mount Gambier,2023,True,financial statements,93.0,184,326558
SA_Victor Harbor_Urban_2023.pdf,2023/SA/SA_Victor Harbor_Urban_2023.pdf,SA,Victor Harbor,2023,True,audited financial statements,113.0,405,591684
SA_Wattle Range_Rural_2023.pdf,2023/SA/SA_Wattle Range_Rural_2023.pdf,SA,Wattle Range,2023,True,financial statements,90.0,184,308454
SA_Alexandrina_Urban_2023.pdf,2023/SA/SA_Alexandrina_Urban_2023.pdf,SA,Alexandrina,2023,True,audited financial statements,79.0,331,570545
SA_Yorke Peninsula_Rural_2023.pdf,2023/SA/SA_Yorke Peninsula_Rural_2023.pdf,SA,Yorke Peninsula,2023,True,audited financial statements,77.0,170,312706
SA_Grant_Rural_2023.pdf,2023/SA/SA_Grant_Rural_2023.pdf,SA,Grant,2023,True,notes to and forming part of the financial statements,71.0,162,285263
SA_Burnside_Urban_2023.pdf,2023/SA/SA_Burnside_Urban_2023.pdf,SA,Burnside,2023,True,financial statement,22.0,140,340090
SA_Tatiara_Rural_2023.pdf,2023/SA/SA_Tatiara_Rural_2023.pdf,SA,Tatiara,2023,True,financial statements,57.0,127,208667
SA_Wuddina_Rural_2023.pdf,2023/SA/SA_Wuddina_Rural_2023.pdf,SA,Wuddina,2023,False,,,112,2359
QLD_Townsville_Urban_2023.pdf,2023/QLD/QLD_Townsville_Urban_2023.pdf,QLD,Townsville,2023,True,financial statements,52.0,140,277267
QLD_Moreton Bay_Urban_2023.pdf,2023/QLD/QLD_Moreton Bay_Urban_2023.pdf,QLD,Moreton Bay,2023,True,financial statements,4.0,176,331649
QLD_Goondiwindi_Rural_2023.pdf,2023/QLD/QLD_Goondiwindi_Rural_2023.pdf,QLD,Goondiwindi,2023,True,financial statements,18.0,80,64886
QLD_Tablelands_Urban_2023.pdf,2023/QLD/QLD_Tablelands_Urban_2023.pdf,QLD,Tablelands,2023,True,statement of comprehensive income,3.0,43,90919
QLD_Winton_Rural_2023.pdf,2023/QLD/QLD_Winton_Rural_2023.pdf,QLD,Winton,2023,True,statement of cash flows,23.0,96,26291
QLD_Central Highlands_Urban_2023.pdf,2023/QLD/QLD_Central Highlands_Urban_2023.pdf,QLD,Central Highlands,2023,True,financial statements,2.0,123,438698
QLD_Noosa_Urban_2023.pdf,2023/QLD/QLD_Noosa_Urban_2023.pdf,QLD,Noosa,2023,True,financial statements,107.0,154,413890
QLD_Hinchinbrook_Rural_2023.pdf,2023/QLD/QLD_Hinchinbrook_Rural_2023.pdf,QLD,Hinchinbrook,2023,True,statement of comprehensive income,52.0,102,199351
QLD_Western Downs_Urban_2023.pdf,2023/QLD/QLD_Western Downs_Urban_2023.pdf,QLD,Western Downs,2023,True,general purpose financial statements,2.0,98,94134
QLD_Logan_Urban_2023.pdf,2023/QLD/QLD_Logan_Urban_2023.pdf,QLD,Logan,2023,True,general purpose financial statements,66.0,208,344536
QLD_Pormpuraaw_Rural_2023.pdf,2023/QLD/QLD_Pormpuraaw_Rural_2023.pdf,QLD,Pormpuraaw,2023,True,financial statements,2.0,95,195394
QLD_Goldcoast_Urban_2023.pdf,2023/QLD/QLD_Goldcoast_Urban_2023.pdf,QLD,Goldcoast,2023,True,financial statements,4.0,161,364045
QLD_Diamantina_Rural_2023.pdf,2023/QLD/QLD_Diamantina_Rural_2023.pdf,QLD,Diamantina,2023,True,financial statements,3.0,67,83215
QLD_Fraser Coast_Urban_2023.pdf,2023/QLD/QLD_Fraser Coast_Urban_2023.pdf,QLD,Fraser Coast,2023,True,financial statements,28.0,132,250431
QLD_Mapoon_Rural_2023.pdf,2023/QLD/QLD_Mapoon_Rural_2023.pdf,QLD,Mapoon,2023,False,,,73,57362
QLD_Palm Island_Urban_2023.pdf,2023/QLD/QLD_Palm Island_Urban_2023.pdf,QLD,Palm Island,2023,True,financial statements,12.0,31,109327
QLD_Toowoomba_Urban_2023.pdf,2023/QLD/QLD_Toowoomba_Urban_2023.pdf,QLD,Toowoomba,2023,True,financial statements,38.0,110,216981
QLD_Ipswich_Urban_2023.pdf,2023/QLD/QLD_Ipswich_Urban_2023.pdf,QLD,Ipswich,2023,True,financial statements,3.0,148,220866
QLD_Etheridge_Rural_2023.pdf,2023/QLD/QLD_Etheridge_Rural_2023.pdf,QLD,Etheridge,2023,True,financial statements,28.0,89,110707
QLD_Scenic Rim_Urban_2023.pdf,2023/QLD/QLD_Scenic Rim_Urban_2023.pdf,QLD,Scenic Rim,2023,True,statement of cash flows,15.0,115,399624
QLD_Quilpie_Rural_2023.pdf,2023/QLD/QLD_Quilpie_Rural_2023.pdf,QLD,Quilpie,2023,True,general purpose financial statements,2.0,68,182247
QLD_Rockhampton_Urban_2023.pdf,2023/QLD/QLD_Rockhampton_Urban_2023.pdf,QLD,Rockhampton,2023,True,financial statements,5.0,136,116097
QLD_Hope Vale_Rural_2023.pdf,2023/QLD/QLD_Hope Vale_Rural_2023.pdf,QLD,Hope Vale,2023,True,financial statements,40.0,82,111628
QLD_Paroo_Rural_2023.pdf,2023/QLD/QLD_Paroo_Rural_2023.pdf,QLD,Paroo,2023,True,financial statements,68.0,70,14293
QLD_Carpentaria_Rural_2023.pdf,2023/QLD/QLD_Carpentaria_Rural_2023.pdf,QLD,Carpentaria,2023,True,statement of comprehensive income,13.0,90,182133
QLD_Napranum_Rural_2023.pdf,2023/QLD/QLD_Napranum_Rural_2023.pdf,QLD,Napranum,2023,True,audited financial statements,2.0,90,97581
QLD_Banana_Rural_2023.pdf,2023/QLD/QLD_Banana_Rural_2023.pdf,QLD,Banana,2023,True,financial statements,5.0,200,229036
QLD_Lockhart River_Rural_2023.pdf,2023/QLD/QLD_Lockhart River_Rural_2023.pdf,QLD,Lockhart River,2023,True,statement of comprehensive income,44.0,54,77457
QLD_Flinders_Rural_2023.pdf,2023/QLD/QLD_Flinders_Rural_2023.pdf,QLD,Flinders,2023,True,general purpose financial statements,2.0,70,165629
QLD_Murweh_Rural_2023.pdf,2023/QLD/QLD_Murweh_Rural_2023.pdf,QLD,Murweh,2023,True,audited financial statements,5.0,97,79126
QLD_Cloncurry_Rural_2023.pdf,2023/QLD/QLD_Cloncurry_Rural_2023.pdf,QLD,Cloncurry,2023,True,financial statements,3.0,123,103266
QLD_Mckinlay_Rural_2023.pdf,2023/QLD/QLD_Mckinlay_Rural_2023.pdf,QLD,Mckinlay,2023,False,,,114,94033
QLD_Gympie_Urban_2023.pdf,2023/QLD/QLD_Gympie_Urban_2023.pdf,QLD,Gympie,2023,True,financial statements,4.0,102,82986
QLD_Gladstone_Urban_2023.pdf,2023/QLD/QLD_Gladstone_Urban_2023.pdf,QLD,Gladstone,2023,True,financial statements,4.0,180,358434
QLD_Wujal Wujal_Rural_2023.pdf,2023/QLD/QLD_Wujal Wujal_Rural_2023.pdf,QLD,Wujal Wujal,2023,True,financial statements,3.0,82,71498
QLD_Burke_Rural_2023.pdf,2023/QLD/QLD_Burke_Rural_2023.pdf,QLD,Burke,2023,True,financial statements,14.0,87,84981
QLD_Whitsunday_Urban_2023.pdf,2023/QLD/QLD_Whitsunday_Urban_2023.pdf,QLD,Whitsunday,2023,True,financial statements,2.0,97,331439
QLD_Kowanyama_Rural_2023.pdf,2023/QLD/QLD_Kowanyama_Rural_2023.pdf,QLD,Kowanyama,2023,True,financial statements,24.0,108,194480
QLD_Croydon_Rural_2023.pdf,2023/QLD/QLD_Croydon_Rural_2023.pdf,QLD,Croydon,2023,True,statement of comprehensive income,30.0,79,62438
QLD_Redland_Urban_2023.pdf,2023/QLD/QLD_Redland_Urban_2023.pdf,QLD,Redland,2023,True,financial statements,114.0,116,168142
QLD_Burdekin_Rural_2023.pdf,2023/QLD/QLD_Burdekin_Rural_2023.pdf,QLD,Burdekin,2023,True,financial statements,3.0,83,140364
QLD_Cairns_Urban_2023.pdf,2023/QLD/QLD_Cairns_Urban_2023.pdf,QLD,Cairns,2023,True,financial statements,2.0,133,234926
QLD_Southern Downs_Urban_2023.pdf,2023/QLD/QLD_Southern Downs_Urban_2023.pdf,QLD,Southern Downs,2023,True,financial statements,3.0,100,140276
QLD_Maranoa_Rural_2023.pdf,2023/QLD/QLD_Maranoa_Rural_2023.pdf,QLD,Maranoa,2023,True,general purpose financial statements,2.0,186,305829
QLD_Sunshine Coast_Urban_2023.pdf,2023/QLD/QLD_Sunshine Coast_Urban_2023.pdf,QLD,Sunshine Coast,2023,True,financial statements,66.0,156,338823
QLD_Mackay_Urban_2023.pdf,2023/QLD/QLD_Mackay_Urban_2023.pdf,QLD,Mackay,2023,True,statement of financial position,59.0,77,190995
QLD_Brisbane_Urban_2023.pdf,2023/QLD/QLD_Brisbane_Urban_2023.pdf,QLD,Brisbane,2023,True,financial statements,11.0,188,438926
QLD_Aurukun_Rural_2023.pdf,2023/QLD/QLD_Aurukun_Rural_2023.pdf,QLD,Aurukun,2023,True,financial statements,3.0,86,155069
QLD_Cassowary Coast_Urban_2023.pdf,2023/QLD/QLD_Cassowary Coast_Urban_2023.pdf,QLD,Cassowary Coast,2023,True,statement of changes in equity,2.0,55,102944
QLD_South Burnett_Urban_2023.pdf,2023/QLD/QLD_South Burnett_Urban_2023.pdf,QLD,South Burnett,2023,True,statement of comprehensive income,15.0,162,321562
QLD_Balonne_Rural_2023.pdf,2023/QLD/QLD_Balonne_Rural_2023.pdf,QLD,Balonne,2023,True,statement of cash flows,97.0,136,247977
QLD_Torres_Rural_2023.pdf,2023/QLD/QLD_Torres_Rural_2023.pdf,QLD,Torres,2023,True,statement of comprehensive income,47.0,94,83368
QLD_Mount Isa_Rural_2023.pdf,2023/QLD/QLD_Mount Isa_Rural_2023.pdf,QLD,Mount Isa,2023,False,,,37,48143
QLD_Weipa_Urban_2023.pdf,2023/QLD/QLD_Weipa_Urban_2023.pdf,QLD,Weipa,2023,True,statement of financial position,34.0,56,70380
QLD_Somerset_Urban_2023.pdf,2023/QLD/QLD_Somerset_Urban_2023.pdf,QLD,Somerset,2023,True,financial statement,18.0,132,192443
QLD_Yarrabah_Rural_2023.pdf,2023/QLD/QLD_Yarrabah_Rural_2023.pdf,QLD,Yarrabah,2023,True,statement of comprehensive income,2.0,93,72630
QLD_Barcaldine_Rural_2023.pdf,2023/QLD/QLD_Barcaldine_Rural_2023.pdf,QLD,Barcaldine,2023,True,statement of comprehensive income,38.0,80,169884
QLD_Richmond_Rural_2023.pdf,2023/QLD/QLD_Richmond_Rural_2023.pdf,QLD,Richmond,2023,True,financial statements,34.0,94,162706
QLD_Barcoo_Rural_2023.pdf,2023/QLD/QLD_Barcoo_Rural_2023.pdf,QLD,Barcoo,2023,True,general purpose financial statements,3.0,62,44165
QLD_Blackall Tambo_Rural_2023.pdf,2023/QLD/QLD_Blackall Tambo_Rural_2023.pdf,QLD,Blackall Tambo,2023,False,,,51,37814
QLD_Mareeba_Urban_2023.pdf,2023/QLD/QLD_Mareeba_Urban_2023.pdf,QLD,Mareeba,2023,True,financial statements,6.0,121,219539
QLD_Lockyer Valley_Urban_2023.pdf,2023/QLD/QLD_Lockyer Valley_Urban_2023.pdf,QLD,Lockyer Valley,2023,True,statement of cash flows,31.0,65,114277
QLD_Charters Towers_Rural_2023.pdf,2023/QLD/QLD_Charters Towers_Rural_2023.pdf,QLD,Charters Towers,2023,True,financial statements,3.0,102,194795
QLD_Bulloo_Rural_2023.pdf,2023/QLD/QLD_Bulloo_Rural_2023.pdf,QLD,Bulloo,2023,True,audited financial statements,3.0,106,93155
QLD_Douglas_Rural_2023.pdf,2023/QLD/QLD_Douglas_Rural_2023.pdf,QLD,Douglas,2023,True,financial statements,3.0,76,99638
QLD_Bundaberg_Urban_2023.pdf,2023/QLD/QLD_Bundaberg_Urban_2023.pdf,QLD,Bundaberg,2023,True,statement of cash flows,10.0,81,195717
QLD_Torres Strait Islands_Rural_2023.pdf,2023/QLD/QLD_Torres Strait Islands_Rural_2023.pdf,QLD,Torres Strait Islands,2023,True,financial statements,3.0,96,335438
QLD_Cherbourg_Rural_2023.pdf,2023/QLD/QLD_Cherbourg_Rural_2023.pdf,QLD,Cherbourg,2023,False,,,84,50690
QLD_North Burnett_Rural_2023.pdf,2023/QLD/QLD_North Burnett_Rural_2023.pdf,QLD,North Burnett,2023,True,financial statements,43.0,121,228301
QLD_Isaac_Urban_2023.pdf,2023/QLD/QLD_Isaac_Urban_2023.pdf,QLD,Isaac,2023,True,financial statements,2.0,46,138272
QLD_Boulia_Rural_2023.pdf,2023/QLD/QLD_Boulia_Rural_2023.pdf,QLD,Boulia,2023,True,statement of comprehensive income,40.0,92,98009
QLD_Livingstone_Urban_2023.pdf,2023/QLD/QLD_Livingstone_Urban_2023.pdf,QLD,Livingstone,2023,True,statement of comprehensive income,22.0,80,69848
QLD_Cook_Rural_2023.pdf,2023/QLD/QLD_Cook_Rural_2023.pdf,QLD,Cook,2023,True,statement of comprehensive income,16.0,74,57264
QLD_Doomadgee_Rural_2023.pdf,2023/QLD/QLD_Doomadgee_Rural_2023.pdf,QLD,Doomadgee,2023,True,financial statements,32.0,79,70015
NSW_Newcastle_Urban_2023.pdf,2023/NSW/NSW_Newcastle_Urban_2023.pdf,NSW,Newcastle,2023,True,audited financial statements,2.0,118,425097
NSW_Inverell_Rural_2023.pdf,2023/NSW/NSW_Inverell_Rural_2023.pdf,NSW,Inverell,2023,True,financial statements,3.0,65,97543
NSW_Murrumbidgee_Rural_2023.pdf,2023/NSW/NSW_Murrumbidgee_Rural_2023.pdf,NSW,Murrumbidgee,2023,True,statement of financial position,17.0,135,163779
NSW_Wentworth_Rural_2023.pdf,2023/NSW/NSW_Wentworth_Rural_2023.pdf,NSW,Wentworth,2023,True,financial statements,5.0,238,376792
NSW_Ku Ring Gai_Urban_2023.pdf,2023/NSW/NSW_Ku Ring Gai_Urban_2023.pdf,NSW,Ku Ring Gai,2023,True,audited financial statements,5.0,262,401953
NSW_Bayside_Urban_2023.pdf,2023/NSW/NSW_Bayside_Urban_2023.pdf,NSW,Bayside,2023,True,financial statements,4.0,169,256500
NSW_Warren_Rural_2023.pdf,2023/NSW/NSW_Warren_Rural_2023.pdf,NSW,Warren,2023,True,financial statements,2.0,104,183363
NSW_Parramatta_Urban_2023.pdf,2023/NSW/NSW_Parramatta_Urban_2023.pdf,NSW,Parramatta,2023,True,general purpose financial statements,2.0,110,278964
NSW_Hilltops_Rural_2023.pdf,2023/NSW/NSW_Hilltops_Rural_2023.pdf,NSW,Hilltops,2023,False,,,148,290665
NSW_Brewarrina_Rural_2023.pdf,2023/NSW/NSW_Brewarrina_Rural_2023.pdf,NSW,Brewarrina,2023,False,,,78,118216
NSW_Maitland_Urban_2023.pdf,2023/NSW/NSW_Maitland_Urban_2023.pdf,NSW,Maitland,2023,False,,,83,236174
NSW_Liverpool_Urban_2023.pdf,2023/NSW/NSW_Liverpool_Urban_2023.pdf,NSW,Liverpool,2023,True,financial statements,70.0,110,176450
NSW_Moree Plains_Rural_2023.pdf,2023/NSW/NSW_Moree Plains_Rural_2023.pdf,NSW,Moree Plains,2023,False,,,61,140233
NSW_Walgett_Rural_2023.pdf,2023/NSW/NSW_Walgett_Rural_2023.pdf,NSW,Walgett,2023,False,,,43,74720
NSW_Hay_Rural_2023.pdf,2023/NSW/NSW_Hay_Rural_2023.pdf,NSW,Hay,2023,True,general purpose financial statements,71.0,181,270519
NSW_Cessnock_Urban_2023.pdf,2023/NSW/NSW_Cessnock_Urban_2023.pdf,NSW,Cessnock,2023,False,,,93,179381
NSW_Cowra_Rural_2023.pdf,2023/NSW/NSW_Cowra_Rural_2023.pdf,NSW,Cowra,2023,True,audited financial statements,3.0,167,356645
NSW_Nambucca_Urban_2023.pdf,2023/NSW/NSW_Nambucca_Urban_2023.pdf,NSW,Nambucca,2023,False,,,76,158413
NSW_Strathfield_Urban_2023.pdf,2023/NSW/NSW_Strathfield_Urban_2023.pdf,NSW,Strathfield,2023,True,statement of financial position,19.0,139,416817
NSW_Narrabri_Rural_2023.pdf,2023/NSW/NSW_Narrabri_Rural_2023.pdf,NSW,Narrabri,2023,True,statement of financial position,26.0,148,289001
NSW_Canada Bay_Urban_2023.pdf,2023/NSW/NSW_Canada Bay_Urban_2023.pdf,NSW,Canada Bay,2023,True,general purpose financial statements,119.0,220,354240
NSW_Lachlan_Rural_2023.pdf,2023/NSW/NSW_Lachlan_Rural_2023.pdf,NSW,Lachlan,2023,True,audited financial statements,2.0,224,350861
NSW_Bland_Rural_2023.pdf,2023/NSW/NSW_Bland_Rural_2023.pdf,NSW,Bland,2023,True,financial statements,14.0,46,71200
NSW_Camden_Urban_2023.pdf,2023/NSW/NSW_Camden_Urban_2023.pdf,NSW,Camden,2023,True,financial statements,163.0,168,164619
NSW_Yass Valley_Rural_2023.pdf,2023/NSW/NSW_Yass Valley_Rural_2023.pdf,NSW,Yass Valley,2023,True,general purpose financial statements,24.0,126,251080
NSW_Central Coast_Urban_2023.pdf,2023/NSW/NSW_Central Coast_Urban_2023.pdf,NSW,Central Coast,2023,True,general purpose financial statements,79.0,278,582340
NSW_Bega Valley_Urban_2023.pdf,2023/NSW/NSW_Bega Valley_Urban_2023.pdf,NSW,Bega Valley,2023,True,general purpose financial statements,160.0,263,619602
NSW_Northern Beaches_Urban_2023.pdf,2023/NSW/NSW_Northern Beaches_Urban_2023.pdf,NSW,Northern Beaches,2023,True,financial statements,5.0,299,471007
NSW_Lithgow_Urban_2023.pdf,2023/NSW/NSW_Lithgow_Urban_2023.pdf,NSW,Lithgow,2023,True,financial statements,82.0,98,126899
NSW_Queanbeyan Palerang_Urban_2023.pdf,2023/NSW/NSW_Queanbeyan Palerang_Urban_2023.pdf,NSW,Queanbeyan Palerang,2023,False,,,107,220800
NSW_Campbelltown_Urban_2023.pdf,2023/NSW/NSW_Campbelltown_Urban_2023.pdf,NSW,Campbelltown,2023,True,audited financial statements,7.0,114,139260
NSW_Edward River_Rural_2023.pdf,2023/NSW/NSW_Edward River_Rural_2023.pdf,NSW,Edward River,2023,False,,,55,73202
NSW_Cabonne_Rural_2023.pdf,2023/NSW/NSW_Cabonne_Rural_2023.pdf,NSW,Cabonne,2023,True,general purpose financial statements,56.0,172,272818
NSW_Sutherland_Urban_2023.pdf,2023/NSW/NSW_Sutherland_Urban_2023.pdf,NSW,Sutherland,2023,True,financial statements,3.0,91,166962
NSW_Penrith_Urban_2023.pdf,2023/NSW/NSW_Penrith_Urban_2023.pdf,NSW,Penrith,2023,False,,,250,566672
NSW_Federation_Rural_2023.pdf,2023/NSW/NSW_Federation_Rural_2023.pdf,NSW,Federation,2023,True,financial statements,54.0,76,123952
NSW_Coolamon_Rural_2023.pdf,2023/NSW/NSW_Coolamon_Rural_2023.pdf,NSW,Coolamon,2023,True,financial statements,12.0,180,318125
NSW_Parkes_Rural_2023.pdf,2023/NSW/NSW_Parkes_Rural_2023.pdf,NSW,Parkes,2023,True,statement of financial position,79.0,210,349811
NSW_Bellingen_Rural_2023.pdf,2023/NSW/NSW_Bellingen_Rural_2023.pdf,NSW,Bellingen,2023,True,financial statements,11.0,72,91085
NSW_Gunnedah_Rural_2023.pdf,2023/NSW/NSW_Gunnedah_Rural_2023.pdf,NSW,Gunnedah,2023,True,statement of comprehensive income,67.0,187,374153
NSW_Snowy Valleys_Rural_2023.pdf,2023/NSW/NSW_Snowy Valleys_Rural_2023.pdf,NSW,Snowy Valleys,2023,True,financial statement,6.0,276,266623
NSW_Mid Western_Urban_2023.pdf,2023/NSW/NSW_Mid Western_Urban_2023.pdf,NSW,Mid Western,2023,True,financial statements,95.0,207,428501
NSW_Ballina_Urban_2023.pdf,2023/NSW/NSW_Ballina_Urban_2023.pdf,NSW,Ballina,2023,True,audited financial statements,23.0,311,516981
NSW_Singleton_Urban_2023.pdf,2023/NSW/NSW_Singleton_Urban_2023.pdf,NSW,Singleton,2023,False,,,168,260959
NSW_Lake Macquarie_Urban_2023.pdf,2023/NSW/NSW_Lake Macquarie_Urban_2023.pdf,NSW,Lake Macquarie,2023,False,,,274,470862
NSW_Upper Hunter_Rural_2023.pdf,2023/NSW/NSW_Upper Hunter_Rural_2023.pdf,NSW,Upper Hunter,2023,False,,,80,130964
NSW_Gilgandra_Rural_2023.pdf,2023/NSW/NSW_Gilgandra_Rural_2023.pdf,NSW,Gilgandra,2023,True,financial statements,17.0,21,35669
NSW_Inner West_Urban_2023.pdf,2023/NSW/NSW_Inner West_Urban_2023.pdf,NSW,Inner West,2023,True,general purpose financial statements,174.0,266,567711
NSW_Weddin_Rural_2023.pdf,2023/NSW/NSW_Weddin_Rural_2023.pdf,NSW,Weddin,2023,True,financial statements,4.0,93,156974
NSW_Leeton_Rural_2023.pdf,2023/NSW/NSW_Leeton_Rural_2023.pdf,NSW,Leeton,2023,True,financial statements,9.0,53,174058
NSW_Waverley_Urban_2023.pdf,2023/NSW/NSW_Waverley_Urban_2023.pdf,NSW,Waverley,2023,False,,,114,167378
NSW_Richmond Valley_Urban_2023.pdf,2023/NSW/NSW_Richmond Valley_Urban_2023.pdf,NSW,Richmond Valley,2023,False,,,10,12240
NSW_Goulburn Mulwaree_Urban_2023.pdf,2023/NSW/NSW_Goulburn Mulwaree_Urban_2023.pdf,NSW,Goulburn Mulwaree,2023,True,financial statements,6.0,109,190109
NSW_Warrumbungle_Rural_2023.pdf,2023/NSW/NSW_Warrumbungle_Rural_2023.pdf,NSW,Warrumbungle,2023,False,,,59,108125
NSW_Eurobodalla_Urban_2023.pdf,2023/NSW/NSW_Eurobodalla_Urban_2023.pdf,NSW,Eurobodalla,2023,True,financial statements,3.0,184,354433
NSW_Wollondilly_Urban_2023.pdf,2023/NSW/NSW_Wollondilly_Urban_2023.pdf,NSW,Wollondilly,2023,True,statement of comprehensive income,68.0,160,299274
NSW_Kempsey_Urban_2023.pdf,2023/NSW/NSW_Kempsey_Urban_2023.pdf,NSW,Kempsey,2023,True,financial statements,13.0,47,129652
NSW_Mosman_Urban_2023.pdf,2023/NSW/NSW_Mosman_Urban_2023.pdf,NSW,Mosman,2023,True,general purpose financial statements,117.0,244,341369
NSW_Snowy Monaro_Urban_2023.pdf,2023/NSW/NSW_Snowy Monaro_Urban_2023.pdf,NSW,Snowy Monaro,2023,True,audited financial statements,104.0,128,287705
NSW_Clarence Valley_Urban_2023.pdf,2023/NSW/NSW_Clarence Valley_Urban_2023.pdf,NSW,Clarence Valley,2023,True,financial statements,87.0,88,130882
NSW_Uralla_Rural_2023.pdf,2023/NSW/NSW_Uralla_Rural_2023.pdf,NSW,Uralla,2023,True,financial statements,3.0,41,67122
NSW_Oberon_Rural_2023.pdf,2023/NSW/NSW_Oberon_Rural_2023.pdf,NSW,Oberon,2023,True,audited financial statements,2.0,187,350541
NSW_Burwood_Urban_2023.pdf,2023/NSW/NSW_Burwood_Urban_2023.pdf,NSW,Burwood,2023,False,,,68,106333
NSW_Bourke_Rural_2023.pdf,2023/NSW/NSW_Bourke_Rural_2023.pdf,NSW,Bourke,2023,True,financial statements,4.0,246,401256
NSW_Lismore_Urban_2023.pdf,2023/NSW/NSW_Lismore_Urban_2023.pdf,NSW,Lismore,2023,True,financial statements,17.0,33,124839
NSW_Gwydir_Rural_2023.pdf,2023/NSW/NSW_Gwydir_Rural_2023.pdf,NSW,Gwydir,2023,True,general purpose financial statements,13.0,95,200581
NSW_Wollongong_Urban_2023.pdf,2023/NSW/NSW_Wollongong_Urban_2023.pdf,NSW,Wollongong,2023,True,statement of comprehensive income,4.0,126,244046
NSW_Bogan_Rural_2023.pdf,2023/NSW/NSW_Bogan_Rural_2023.pdf,NSW,Bogan,2023,True,general purpose financial statements,26.0,164,295056
NSW_Georges River_Urban_2023.pdf,2023/NSW/NSW_Georges River_Urban_2023.pdf,NSW,Georges River,2023,True,financial statements,8.0,346,679007
NSW_Mid Coast_Urban_2023.pdf,2023/NSW/NSW_Mid Coast_Urban_2023.pdf,NSW,Mid Coast,2023,True,financial statements,34.0,234,408975
NSW_Kyogle_Rural_2023.pdf,2023/NSW/NSW_Kyogle_Rural_2023.pdf,NSW,Kyogle,2023,False,,,61,86523
NSW_Narromine_Rural_2023.pdf,2023/NSW/NSW_Narromine_Rural_2023.pdf,NSW,Narromine,2023,True,statement of financial position,43.0,55,98061
NSW_Dubbo_Urban_2023.pdf,2023/NSW/NSW_Dubbo_Urban_2023.pdf,NSW,Dubbo,2023,False,,,66,103147
NSW_Carrathool_Rural_2023.pdf,2023/NSW/NSW_Carrathool_Rural_2023.pdf,NSW,Carrathool,2023,True,financial statements,18.0,168,294394
NSW_Shoalhaven_Urban_2023.pdf,2023/NSW/NSW_Shoalhaven_Urban_2023.pdf,NSW,Shoalhaven,2023,True,financial statements,79.0,90,141168
NSW_Narrandera_Rural_2023.pdf,2023/NSW/NSW_Narrandera_Rural_2023.pdf,NSW,Narrandera,2023,True,financial statements,28.0,67,134025
NSW_Glen Innes Severn_Rural_2023.pdf,2023/NSW/NSW_Glen Innes Severn_Rural_2023.pdf,NSW,Glen Innes Severn,2023,True,audited financial statements,41.0,152,279622
NSW_Port Stephens_Urban_2023.pdf,2023/NSW/NSW_Port Stephens_Urban_2023.pdf,NSW,Port Stephens,2023,True,general purpose financial statements,2.0,109,176253
NSW_Coffs Harbour_Urban_2023.pdf,2023/NSW/NSW_Coffs Harbour_Urban_2023.pdf,NSW,Coffs Harbour,2023,False,,,44,62895
NSW_The Hills_Urban_2023.pdf,2023/NSW/NSW_The Hills_Urban_2023.pdf,NSW,The Hills,2023,True,financial statements,24.0,176,419245
NSW_Wagga Wagga_Urban_2023.pdf,2023/NSW/NSW_Wagga Wagga_Urban_2023.pdf,NSW,Wagga Wagga,2023,False,,,72,179882
NSW_Hornsby_Urban_2023.pdf,2023/NSW/NSW_Hornsby_Urban_2023.pdf,NSW,Hornsby,2023,True,financial statement,131.0,154,275357
NSW_Balranald_Rural_2023.pdf,2023/NSW/NSW_Balranald_Rural_2023.pdf,NSW,Balranald,2023,True,general purpose financial statements,70.0,183,301704
NSW_Junee_Rural_2023.pdf,2023/NSW/NSW_Junee_Rural_2023.pdf,NSW,Junee,2023,False,,,31,66809
NSW_Liverpool Plains_Rural_2023.pdf,2023/NSW/NSW_Liverpool Plains_Rural_2023.pdf,NSW,Liverpool Plains,2023,False,,,95,157838
NSW_Lockhart_Rural_2023.pdf,2023/NSW/NSW_Lockhart_Rural_2023.pdf,NSW,Lockhart,2023,False,,,45,89499
NSW_Broken Hill_Urban_2023.pdf,2023/NSW/NSW_Broken Hill_Urban_2023.pdf,NSW,Broken Hill,2023,True,general purpose financial statements,2.0,99,186000
NSW_Cootamundra Gundagai_Rural_2023.pdf,2023/NSW/NSW_Cootamundra Gundagai_Rural_2023.pdf,NSW,Cootamundra Gundagai,2023,True,financial statements,65.0,178,304549
NSW_Albury_Urban_2023.pdf,2023/NSW/NSW_Albury_Urban_2023.pdf,NSW,Albury,2023,True,financial statements,91.0,120,195095
NSW_Walcha_Rural_2023.pdf,2023/NSW/NSW_Walcha_Rural_2023.pdf,NSW,Walcha,2023,True,audited financial statements,2.0,40,68075
NSW_Coonamble_Rural_2023.pdf,2023/NSW/NSW_Coonamble_Rural_2023.pdf,NSW,Coonamble,2023,True,general purpose financial statements,72.0,196,325334
NSW_Blacktown_Urban_2023.pdf,2023/NSW/NSW_Blacktown_Urban_2023.pdf,NSW,Blacktown,2023,True,statement of financial position,23.0,344,731635
NSW_Fairfield_Urban_2023.pdf,2023/NSW/NSW_Fairfield_Urban_2023.pdf,NSW,Fairfield,2023,True,financial statement,4.0,112,238523
NSW_Port Macquarie Hastings_Urban_2023.pdf,2023/NSW/NSW_Port Macquarie Hastings_Urban_2023.pdf,NSW,Port Macquarie Hastings,2023,False,,,31,34334
NSW_Central Darling_Rural_2023.pdf,2023/NSW/NSW_Central Darling_Rural_2023.pdf,NSW,Central Darling,2023,True,general purpose financial statements,33.0,141,240316
NSW_Tenterfield_Rural_2023.pdf,2023/NSW/NSW_Tenterfield_Rural_2023.pdf,NSW,Tenterfield,2023,True,financial statements,3.0,68,94299
NSW_Orange_Urban_2023.pdf,2023/NSW/NSW_Orange_Urban_2023.pdf,NSW,Orange,2023,True,general purpose financial statements,110.0,219,393064
NSW_Woollahra_Urban_2023.pdf,2023/NSW/NSW_Woollahra_Urban_2023.pdf,NSW,Woollahra,2023,False,,,78,137470
NSW_Forbes_Rural_2023.pdf,2023/NSW/NSW_Forbes_Rural_2023.pdf,NSW,Forbes,2023,False,,,86,149048
NSW_Temora_Rural_2023.pdf,2023/NSW/NSW_Temora_Rural_2023.pdf,NSW,Temora,2023,True,general purpose financial statements,108.0,226,411461
NSW_Randwick_Urban_2023.pdf,2023/NSW/NSW_Randwick_Urban_2023.pdf,NSW,Randwick,2023,False,,,80,319996
NSW_Blue Mountains_Urban_2023.pdf,2023/NSW/NSW_Blue Mountains_Urban_2023.pdf,NSW,Blue Mountains,2023,True,financial statement,5.0,190,285632
NSW_Hume_Rural_2023.pdf,2023/NSW/NSW_Hume_Rural_2023.pdf,NSW,Hume,2023,True,financial statements,63.0,70,137348
NSW_Shellharbour_Urban_2023.pdf,2023/NSW/NSW_Shellharbour_Urban_2023.pdf,NSW,Shellharbour,2023,True,audited financial statements,3.0,229,436959
NSW_Willoughby_Urban_2023.pdf,2023/NSW/NSW_Willoughby_Urban_2023.pdf,NSW,Willoughby,2023,True,financial statements,59.0,82,164157
NSW_Tamworth_Urban_2023.pdf,2023/NSW/NSW_Tamworth_Urban_2023.pdf,NSW,Tamworth,2023,True,financial statements,15.0,64,104184
NSW_Tweed_Urban_2023.pdf,2023/NSW/NSW_Tweed_Urban_2023.pdf,NSW,Tweed,2023,True,financial statements,142.0,240,214201
NSW_Bathurst_Urban_2023.pdf,2023/NSW/NSW_Bathurst_Urban_2023.pdf,NSW,Bathurst,2023,True,statement of cash flows,58.0,88,141654
NSW_Hunters Hill_Urban_2023.pdf,2023/NSW/NSW_Hunters Hill_Urban_2023.pdf,NSW,Hunters Hill,2023,False,,,58,84742
NSW_Murray River_Rural_2023.pdf,2023/NSW/NSW_Murray River_Rural_2023.pdf,NSW,Murray River,2023,True,audited financial statements,79.0,229,417914
NSW_Byron_Urban_2023.pdf,2023/NSW/NSW_Byron_Urban_2023.pdf,NSW,Byron,2023,False,,,159,207382
NSW_Sydney_Urban_2023.pdf,2023/NSW/NSW_Sydney_Urban_2023.pdf,NSW,Sydney,2023,False,,,95,273066
NSW_Berrigan_Rural_2023.pdf,2023/NSW/NSW_Berrigan_Rural_2023.pdf,NSW,Berrigan,2023,True,financial statements,80.0,192,159012
NSW_Cobar_Rural_2023.pdf,2023/NSW/NSW_Cobar_Rural_2023.pdf,NSW,Cobar,2023,False,,,110,145112
NSW_Cumberland_Urban_2023.pdf,2023/NSW/NSW_Cumberland_Urban_2023.pdf,NSW,Cumberland,2023,True,statement of financial position,3.0,126,251744
NSW_Ryde_Urban_2023.pdf,2023/NSW/NSW_Ryde_Urban_2023.pdf,NSW,Ryde,2023,True,financial statements,4.0,300,616965
NSW_Canterbury Banks_Urban_2023.pdf,2023/NSW/NSW_Canterbury Banks_Urban_2023.pdf,NSW,Canterbury Banks,2023,True,financial statements,4.0,202,382021
NSW_Kiama_Urban_2023.pdf,2023/NSW/NSW_Kiama_Urban_2023.pdf,NSW,Kiama,2023,True,financial statements,26.0,208,294721
NSW_Muswellbrook_Rural_2023.pdf,2023/NSW/NSW_Muswellbrook_Rural_2023.pdf,NSW,Muswellbrook,2023,True,statement of comprehensive income,90.0,128,210323
NSW_North Sydney_Urban_2023.pdf,2023/NSW/NSW_North Sydney_Urban_2023.pdf,NSW,North Sydney,2023,True,general purpose financial statements,99.0,188,307974
NSW_Hawkesbury_Urban_2023.pdf,2023/NSW/NSW_Hawkesbury_Urban_2023.pdf,NSW,Hawkesbury,2023,True,financial statements,42.0,102,224695
NSW_Dungog_Rural_2023.pdf,2023/NSW/NSW_Dungog_Rural_2023.pdf,NSW,Dungog,2023,False,,,56,66531
NSW_Upper Lachlan_Rural_2023.pdf,2023/NSW/NSW_Upper Lachlan_Rural_2023.pdf,NSW,Upper Lachlan,2023,True,audited financial statements,2.0,331,659095
NSW_Griffith_Urban_2023.pdf,2023/NSW/NSW_Griffith_Urban_2023.pdf,NSW,Griffith,2023,True,financial statements,53.0,256,447965
NSW_Wingecarribee_Urban_2023.pdf,2023/NSW/NSW_Wingecarribee_Urban_2023.pdf,NSW,Wingecarribee,2023,False,,,106,215239
NSW_Blayney_Rural_2023.pdf,2023/NSW/NSW_Blayney_Rural_2023.pdf,NSW,Blayney,2023,True,financial statements,13.0,203,356040
TAS_Tasman_Rural_2023.pdf,2023/TAS/TAS_Tasman_Rural_2023.pdf,TAS,Tasman,2023,True,statement of financial position,61.0,111,232740
TAS_Dorset_Rural_2023.pdf,2023/TAS/TAS_Dorset_Rural_2023.pdf,TAS,Dorset,2023,True,financial statements,2.0,46,213638
TAS_Hobart_Urban_2023.pdf,2023/TAS/TAS_Hobart_Urban_2023.pdf,TAS,Hobart,2023,True,statement of financial position,104.0,168,284928
TAS_Northern Midlands_Rural_2023.pdf,2023/TAS/TAS_Northern Midlands_Rural_2023.pdf,TAS,Northern Midlands,2023,True,statement of cash flows,3.0,116,304399
TAS_Kingborough_Urban_2023.pdf,2023/TAS/TAS_Kingborough_Urban_2023.pdf,TAS,Kingborough,2023,True,financial statements,13.0,80,316729
TAS_Burnie_Urban_2023.pdf,2023/TAS/TAS_Burnie_Urban_2023.pdf,TAS,Burnie,2023,True,statement of comprehensive income,68.0,138,238223
TAS_Glenorchy_Urban_2023.pdf,2023/TAS/TAS_Glenorchy_Urban_2023.pdf,TAS,Glenorchy,2023,True,statement of comprehensive income,68.0,131,321764
TAS_Kentish_Rural_2023.pdf,2023/TAS/TAS_Kentish_Rural_2023.pdf,TAS,Kentish,2023,True,statement of comprehensive income,57.0,125,293769
TAS_Meander Valley_Urban_2023.pdf,2023/TAS/TAS_Meander Valley_Urban_2023.pdf,TAS,Meander Valley,2023,True,statement of financial position,65.0,112,208705
TAS_Devonport_Urban_2023.pdf,2023/TAS/TAS_Devonport_Urban_2023.pdf,TAS,Devonport,2023,True,financial statements,56.0,132,240644
TAS_Central Highlands_Rural_2023.pdf,2023/TAS/TAS_Central Highlands_Rural_2023.pdf,TAS,Central Highlands,2023,False,,,96,97377
TAS_West Tamar_Urban_2023.pdf,2023/TAS/TAS_West Tamar_Urban_2023.pdf,TAS,West Tamar,2023,True,financial statements,26.0,82,221041
TAS_Circular Head_Rural_2023.pdf,2023/TAS/TAS_Circular Head_Rural_2023.pdf,TAS,Circular Head,2023,True,financial statements,3.0,104,94313
TAS_George Town_Rural_2023.pdf,2023/TAS/TAS_George Town_Rural_2023.pdf,TAS,George Town,2023,True,financial statements,2.0,64,97864
TAS_Latrobe_Rural_2023.pdf,2023/TAS/TAS_Latrobe_Rural_2023.pdf,TAS,Latrobe,2023,True,financial statements,82.0,156,348122
TAS_Launceston_Urban_2023.pdf,2023/TAS/TAS_Launceston_Urban_2023.pdf,TAS,Launceston,2023,True,statement of comprehensive income,120.0,204,323725
TAS_Brighton_Urban_2023.pdf,2023/TAS/TAS_Brighton_Urban_2023.pdf,TAS,Brighton,2023,True,statement of financial position,38.0,100,189370
TAS_Flinders_Rural_2023.pdf,2023/TAS/TAS_Flinders_Rural_2023.pdf,TAS,Flinders,2023,True,notes to financial statements,42.0,92,186727
TAS_Huon Valley_Rural_2023.pdf,2023/TAS/TAS_Huon Valley_Rural_2023.pdf,TAS,Huon Valley,2023,True,statement of financial position,59.0,124,247531
TAS_West Coast_Rural_2023.pdf,2023/TAS/TAS_West Coast_Rural_2023.pdf,TAS,West Coast,2023,False,,,114,80670
TAS_Glamorgan Spring Bay_Rural_2023.pdf,2023/TAS/TAS_Glamorgan Spring Bay_Rural_2023.pdf,TAS,Glamorgan Spring Bay,2023,True,financial statements,3.0,104,227869
TAS_Derwent Valley_Rural_2023.pdf,2023/TAS/TAS_Derwent Valley_Rural_2023.pdf,TAS,Derwent Valley,2023,True,financial statement,50.0,116,262440
TAS_Southern Midlands_Rural_2023.pdf,2023/TAS/TAS_Southern Midlands_Rural_2023.pdf,TAS,Southern Midlands,2023,True,financial statements,75.0,135,105148
TAS_Waratah Wynyard_Rural_2023.pdf,2023/TAS/TAS_Waratah Wynyard_Rural_2023.pdf,TAS,Waratah Wynyard,2023,True,audited financial statements,3.0,131,258575
TAS_King Island_Rural_2023.pdf,2023/TAS/TAS_King Island_Rural_2023.pdf,TAS,King Island,2023,True,statement of comprehensive income,37.0,90,223993
TAS_Central Coast_Urban_2023.pdf,2023/TAS/TAS_Central Coast_Urban_2023.pdf,TAS,Central Coast,2023,True,statement of financial position,52.0,114,282539
TAS_Clarence_Urban_2023.pdf,2023/TAS/TAS_Clarence_Urban_2023.pdf,TAS,Clarence,2023,True,financial statements,50.0,100,224052
TAS_Break O Day_Rural_2023.pdf,2023/TAS/TAS_Break O Day_Rural_2023.pdf,TAS,Break O Day,2023,True,statement of financial position,52.0,105,255014
TAS_Sorell_Urban_2023.pdf,2023/TAS/TAS_Sorell_Urban_2023.pdf,TAS,Sorell,2023,True,statement of comprehensive income,38.0,104,71022
WA_Waroona_Rural_2023.pdf,2023/WA/WA_Waroona_Rural_2023.pdf,WA,Waroona,2023,True,financial statements,3.0,100,199299
WA_Cuballing_Rural_2023.pdf,2023/WA/WA_Cuballing_Rural_2023.pdf,WA,Cuballing,2023,True,statement of comprehensive income,21.0,67,46081
WA_Mt Marshall_Rural_2023.pdf,2023/WA/WA_Mt Marshall_Rural_2023.pdf,WA,Mt Marshall,2023,True,statement of comprehensive income,11.0,73,137895
WA_Mandurah_Urban_2023.pdf,2023/WA/WA_Mandurah_Urban_2023.pdf,WA,Mandurah,2023,False,,,96,197107
WA_Perenjori_Rural_2023.pdf,2023/WA/WA_Perenjori_Rural_2023.pdf,WA,Perenjori,2023,True,statement of comprehensive income,31.0,70,127985
WA_Nannup_Rural_2023.pdf,2023/WA/WA_Nannup_Rural_2023.pdf,WA,Nannup,2023,True,statement of comprehensive income,25.0,65,138264
WA_Corrigin_Rural_2023.pdf,2023/WA/WA_Corrigin_Rural_2023.pdf,WA,Corrigin,2023,True,financial statements,2.0,74,144145
WA_Dundas_Rural_2023.pdf,2023/WA/WA_Dundas_Rural_2023.pdf,WA,Dundas,2023,False,,,76,45599
WA_Williams_Rural_2023.pdf,2023/WA/WA_Williams_Rural_2023.pdf,WA,Williams,2023,False,,,63,33189
WA_Woodanilling_Rural_2023.pdf,2023/WA/WA_Woodanilling_Rural_2023.pdf,WA,Woodanilling,2023,True,statement of comprehensive income,16.0,49,110115
WA_Victoria Park_Urban_2023.pdf,2023/WA/WA_Victoria Park_Urban_2023.pdf,WA,Victoria Park,2023,True,statement of comprehensive income,29.0,49,193473
WA_Serpentine Jarrahdale_Urban_2023.pdf,2023/WA/WA_Serpentine Jarrahdale_Urban_2023.pdf,WA,Serpentine Jarrahdale,2023,False,,,84,47812
WA_Wandering_Rural_2023.pdf,2023/WA/WA_Wandering_Rural_2023.pdf,WA,Wandering,2023,True,financial statements,2.0,67,132540
WA_Collie_Rural_2023.pdf,2023/WA/WA_Collie_Rural_2023.pdf,WA,Collie,2023,True,statement of comprehensive income,31.0,73,133455
WA_Manjimup_Rural_2023.pdf,2023/WA/WA_Manjimup_Rural_2023.pdf,WA,Manjimup,2023,False,,,130,230838
WA_Morawa_Rural_2023.pdf,2023/WA/WA_Morawa_Rural_2023.pdf,WA,Morawa,2023,True,statement of comprehensive income,30.0,75,123350
WA_Stirling_Urban_2023.pdf,2023/WA/WA_Stirling_Urban_2023.pdf,WA,Stirling,2023,True,financial statements,203.0,288,641066
WA_East Fremantle_Urban_2023.pdf,2023/WA/WA_East Fremantle_Urban_2023.pdf,WA,East Fremantle,2023,True,statement of comprehensive income,53.0,108,194300
WA_Laverton_Rural_2023.pdf,2023/WA/WA_Laverton_Rural_2023.pdf,WA,Laverton,2023,False,,,77,37578
WA_Tammin_Rural_2023.pdf,2023/WA/WA_Tammin_Rural_2023.pdf,WA,Tammin,2023,False,,,54,22889
WA_Wickepin_Rural_2023.pdf,2023/WA/WA_Wickepin_Rural_2023.pdf,WA,Wickepin,2023,True,statement of comprehensive income,24.0,63,116289
WA_Northam_Rural_2023.pdf,2023/WA/WA_Northam_Rural_2023.pdf,WA,Northam,2023,True,statement of comprehensive income,36.0,89,86415
WA_Armadale_Urban_2023.pdf,2023/WA/WA_Armadale_Urban_2023.pdf,WA,Armadale,2023,True,statement of comprehensive income,3.0,118,303500
WA_Kulin_Rural_2023.pdf,2023/WA/WA_Kulin_Rural_2023.pdf,WA,Kulin,2023,True,statement of comprehensive income,21.0,62,112230
WA_Westonia_Rural_2023.pdf,2023/WA/WA_Westonia_Rural_2023.pdf,WA,Westonia,2023,True,audited financial statements,4.0,78,126072
WA_Canning_Urban_2023.pdf,2023/WA/WA_Canning_Urban_2023.pdf,WA,Canning,2023,True,financial statements,32.0,117,307988
WA_Brookton_Rural_2023.pdf,2023/WA/WA_Brookton_Rural_2023.pdf,WA,Brookton,2023,True,statement of comprehensive income,28.0,71,125290
WA_Swan_Urban_2023.pdf,2023/WA/WA_Swan_Urban_2023.pdf,WA,Swan,2023,True,statement of comprehensive income,122.0,176,238748
WA_Merredin_Rural_2023.pdf,2023/WA/WA_Merredin_Rural_2023.pdf,WA,Merredin,2023,True,statement of financial position,75.0,113,113071
WA_Cambridge_Urban_2023.pdf,2023/WA/WA_Cambridge_Urban_2023.pdf,WA,Cambridge,2023,True,statement of changes in equity,55.0,115,236212
WA_Jerramungup_Rural_2023.pdf,2023/WA/WA_Jerramungup_Rural_2023.pdf,WA,Jerramungup,2023,True,financial statements,2.0,88,182836
WA_Yilgarn_Rural_2023.pdf,2023/WA/WA_Yilgarn_Rural_2023.pdf,WA,Yilgarn,2023,True,statement of comprehensive income,31.0,76,125630
WA_Gingin_Rural_2023.pdf,2023/WA/WA_Gingin_Rural_2023.pdf,WA,Gingin,2023,True,statement of comprehensive income,33.0,76,151204
WA_Coolgardie_Rural_2023.pdf,2023/WA/WA_Coolgardie_Rural_2023.pdf,WA,Coolgardie,2023,True,statement of comprehensive income,32.0,79,165344
WA_Albany_Urban_2023.pdf,2023/WA/WA_Albany_Urban_2023.pdf,WA,Albany,2023,True,statement of comprehensive income,65.0,118,194762
WA_Mukinbudin_Rural_2023.pdf,2023/WA/WA_Mukinbudin_Rural_2023.pdf,WA,Mukinbudin,2023,True,statement of comprehensive income,20.0,69,122267
WA_Cottesloe_Urban_2023.pdf,2023/WA/WA_Cottesloe_Urban_2023.pdf,WA,Cottesloe,2023,True,statement of comprehensive income,18.0,41,172001
WA_Gosnells_Urban_2023.pdf,2023/WA/WA_Gosnells_Urban_2023.pdf,WA,Gosnells,2023,True,statement of comprehensive income,2.0,96,174966
WA_Upper Gascoyne_Rural_2023.pdf,2023/WA/WA_Upper Gascoyne_Rural_2023.pdf,WA,Upper Gascoyne,2023,True,audited financial statements,3.0,80,161487
WA_Wongan Ballidu_Rural_2023.pdf,2023/WA/WA_Wongan Ballidu_Rural_2023.pdf,WA,Wongan Ballidu,2023,True,statement of comprehensive income,43.0,89,171282
WA_Port Hedland_Rural_2023.pdf,2023/WA/WA_Port Hedland_Rural_2023.pdf,WA,Port Hedland,2023,True,statement of comprehensive income,68.0,122,253241
WA_Sandstone_Rural_2023.pdf,2023/WA/WA_Sandstone_Rural_2023.pdf,WA,Sandstone,2023,False,,,66,1113
WA_Cue_Rural_2023.pdf,2023/WA/WA_Cue_Rural_2023.pdf,WA,Cue,2023,True,statement of comprehensive income,21.0,70,105423
WA_Menzies_Rural_2023.pdf,2023/WA/WA_Menzies_Rural_2023.pdf,WA,Menzies,2023,True,statement of comprehensive income,24.0,64,114560
WA_Geraldton_Urban_2023.pdf,2023/WA/WA_Geraldton_Urban_2023.pdf,WA,Geraldton,2023,True,statement of comprehensive income,46.0,108,210554
WA_South Perth_Urban_2023.pdf,2023/WA/WA_South Perth_Urban_2023.pdf,WA,South Perth,2023,True,statement of comprehensive income,56.0,112,204077
WA_Ngaanyatjarraku_Rural_2023.pdf,2023/WA/WA_Ngaanyatjarraku_Rural_2023.pdf,WA,Ngaanyatjarraku,2023,True,statement of comprehensive income,17.0,52,70451
WA_Augusta Margaret River_Rural_2023.pdf,2023/WA/WA_Augusta Margaret River_Rural_2023.pdf,WA,Augusta Margaret River,2023,False,,,100,194401
WA_Mosman Park_Urban_2023.pdf,2023/WA/WA_Mosman Park_Urban_2023.pdf,WA,Mosman Park,2023,True,statement of comprehensive income,33.0,75,128541
WA_Mingenew_Rural_2023.pdf,2023/WA/WA_Mingenew_Rural_2023.pdf,WA,Mingenew,2023,True,statement of comprehensive income,24.0,66,145323
WA_Chapman Valley_Rural_2023.pdf,2023/WA/WA_Chapman Valley_Rural_2023.pdf,WA,Chapman Valley,2023,True,audited financial statements,21.0,66,43903
WA_Busselton_Urban_2023.pdf,2023/WA/WA_Busselton_Urban_2023.pdf,WA,Busselton,2023,True,statement of comprehensive income,46.0,124,263404
WA_Exmouth_Rural_2023.pdf,2023/WA/WA_Exmouth_Rural_2023.pdf,WA,Exmouth,2023,True,statement of comprehensive income,39.0,79,140753
WA_Bridgetown Greenbushes_Rural_2023.pdf,2023/WA/WA_Bridgetown Greenbushes_Rural_2023.pdf,WA,Bridgetown Greenbushes,2023,True,statement of comprehensive income,24.0,72,150755
WA_Nungarin_Rural_2023.pdf,2023/WA/WA_Nungarin_Rural_2023.pdf,WA,Nungarin,2023,True,statement of comprehensive income,22.0,59,116236
WA_Narembeen_Rural_2023.pdf,2023/WA/WA_Narembeen_Rural_2023.pdf,WA,Narembeen,2023,True,statement of comprehensive income,30.0,72,126549
WA_Kojonup_Rural_2023.pdf,2023/WA/WA_Kojonup_Rural_2023.pdf,WA,Kojonup,2023,False,,,79,49903
WA_Claremont_Urban_2023.pdf,2023/WA/WA_Claremont_Urban_2023.pdf,WA,Claremont,2023,True,statement of financial position,102.0,150,129340
WA_Katanning_Rural_2023.pdf,2023/WA/WA_Katanning_Rural_2023.pdf,WA,Katanning,2023,True,statement of comprehensive income,41.0,83,152535
WA_Capel_Rural_2023.pdf,2023/WA/WA_Capel_Rural_2023.pdf,WA,Capel,2023,True,statement of comprehensive income,85.0,126,188512
WA_Wiluna_Rural_2023.pdf,2023/WA/WA_Wiluna_Rural_2023.pdf,WA,Wiluna,2023,True,financial statements,3.0,97,150805
WA_Northampton_Rural_2023.pdf,2023/WA/WA_Northampton_Rural_2023.pdf,WA,Northampton,2023,True,statement of comprehensive income,20.0,60,114793
WA_Toodyay_Rural_2023.pdf,2023/WA/WA_Toodyay_Rural_2023.pdf,WA,Toodyay,2023,True,statement of comprehensive income,55.0,98,198907
WA_Carnarvon_Rural_2023.pdf,2023/WA/WA_Carnarvon_Rural_2023.pdf,WA,Carnarvon,2023,True,statement of comprehensive income,123.0,173,154853
WA_Dowerin_Rural_2023.pdf,2023/WA/WA_Dowerin_Rural_2023.pdf,WA,Dowerin,2023,True,statement of financial position,40.0,80,134717
WA_Dumbleyung_Rural_2023.pdf,2023/WA/WA_Dumbleyung_Rural_2023.pdf,WA,Dumbleyung,2023,True,statement of comprehensive income,30.0,75,143022
WA_Nedlands_Urban_2023.pdf,2023/WA/WA_Nedlands_Urban_2023.pdf,WA,Nedlands,2023,True,statement of comprehensive income,84.0,138,225038
WA_Broomehill Tambellup_Rural_2023.pdf,2023/WA/WA_Broomehill Tambellup_Rural_2023.pdf,WA,Broomehill Tambellup,2023,True,statement of comprehensive income,37.0,76,147593
WA_Fremantle_Urban_2023.pdf,2023/WA/WA_Fremantle_Urban_2023.pdf,WA,Fremantle,2023,True,financial statements,38.0,120,142027
WA_Derby West Kimberley_Rural_2023.pdf,2023/WA/WA_Derby West Kimberley_Rural_2023.pdf,WA,Derby West Kimberley,2023,True,statement of changes in equity,38.0,80,176938
WA_Kalgoorlie Boulder_Urban_2023.pdf,2023/WA/WA_Kalgoorlie Boulder_Urban_2023.pdf,WA,Kalgoorlie Boulder,2023,False,,,132,91337
WA_Mount Magnet_Rural_2023.pdf,2023/WA/WA_Mount Magnet_Rural_2023.pdf,WA,Mount Magnet,2023,True,statement of comprehensive income,43.0,80,134163
WA_Coorow_Rural_2023.pdf,2023/WA/WA_Coorow_Rural_2023.pdf,WA,Coorow,2023,True,statement of comprehensive income,29.0,72,124552
WA_Broome_Rural_2023.pdf,2023/WA/WA_Broome_Rural_2023.pdf,WA,Broome,2023,True,financial statements,41.0,89,156327
WA_Melville_Urban_2023.pdf,2023/WA/WA_Melville_Urban_2023.pdf,WA,Melville,2023,False,,,41,147825
WA_Beverley_Rural_2023.pdf,2023/WA/WA_Beverley_Rural_2023.pdf,WA,Beverley,2023,True,statement of comprehensive income,30.0,77,141377
WA_Karratha_Urban_2023.pdf,2023/WA/WA_Karratha_Urban_2023.pdf,WA,Karratha,2023,True,financial statements,46.0,134,263598
WA_York_Rural_2023.pdf,2023/WA/WA_York_Rural_2023.pdf,WA,York,2023,True,audited financial statements,3.0,61,45026
WA_Moora_Rural_2023.pdf,2023/WA/WA_Moora_Rural_2023.pdf,WA,Moora,2023,False,,,38,637
WA_East Pilbara_Rural_2023.pdf,2023/WA/WA_East Pilbara_Rural_2023.pdf,WA,East Pilbara,2023,True,financial statements,27.0,80,154924
WA_Kondinin_Urban_2023.pdf,2023/WA/WA_Kondinin_Urban_2023.pdf,WA,Kondinin,2023,False,,,77,49523
WA_Chittering_Rural_2023.pdf,2023/WA/WA_Chittering_Rural_2023.pdf,WA,Chittering,2023,True,financial statements,4.0,101,379148
WA_Kwinana_Urban_2023.pdf,2023/WA/WA_Kwinana_Urban_2023.pdf,WA,Kwinana,2023,False,,,72,119750
WA_Dalwallinu_Rural_2023.pdf,2023/WA/WA_Dalwallinu_Rural_2023.pdf,WA,Dalwallinu,2023,False,,,102,89576
WA_Shark Bay_Rural_2023.pdf,2023/WA/WA_Shark Bay_Rural_2023.pdf,WA,Shark Bay,2023,False,,,70,75638
WA_Halls Creek_Rural_2023.pdf,2023/WA/WA_Halls Creek_Rural_2023.pdf,WA,Halls Creek,2023,False,,,75,50261
WA_Wagin_Rural_2023.pdf,2023/WA/WA_Wagin_Rural_2023.pdf,WA,Wagin,2023,True,statement of comprehensive income,30.0,68,153268
WA_Subiaco_Urban_2023.pdf,2023/WA/WA_Subiaco_Urban_2023.pdf,WA,Subiaco,2023,False,,,24,35751
WA_West Arthur_Rural_2023.pdf,2023/WA/WA_West Arthur_Rural_2023.pdf,WA,West Arthur,2023,True,statement of comprehensive income,2.0,76,56461
WA_Vincent_Urban_2023.pdf,2023/WA/WA_Vincent_Urban_2023.pdf,WA,Vincent,2023,False,,,58,89560
WA_Carnamah_Rural_2023.pdf,2023/WA/WA_Carnamah_Rural_2023.pdf,WA,Carnamah,2023,False,,,64,1079
WA_Denmark_Rural_2023.pdf,2023/WA/WA_Denmark_Rural_2023.pdf,WA,Denmark,2023,False,,,45,756
WA_Bayswater_Urban_2023.pdf,2023/WA/WA_Bayswater_Urban_2023.pdf,WA,Bayswater,2023,True,financial statements,15.0,158,317174
WA_Murchison_Rural_2023.pdf,2023/WA/WA_Murchison_Rural_2023.pdf,WA,Murchison,2023,True,statement of comprehensive income,30.0,72,151255
WA_Belmont_Urban_2023.pdf,2023/WA/WA_Belmont_Urban_2023.pdf,WA,Belmont,2023,True,statement of comprehensive income,20.0,47,193010
WA_Pingelly_Rural_2023.pdf,2023/WA/WA_Pingelly_Rural_2023.pdf,WA,Pingelly,2023,True,statement of comprehensive income,25.0,65,122257
WA_Meekatharra_Rural_2023.pdf,2023/WA/WA_Meekatharra_Rural_2023.pdf,WA,Meekatharra,2023,True,financial statements,27.0,64,117173
WA_Wyalkatchem_Rural_2023.pdf,2023/WA/WA_Wyalkatchem_Rural_2023.pdf,WA,Wyalkatchem,2023,True,statement of comprehensive income,36.0,76,155617
WA_Rockingham_Urban_2023.pdf,2023/WA/WA_Rockingham_Urban_2023.pdf,WA,Rockingham,2023,True,statement of comprehensive income,62.0,144,213861
WA_Esperance_Rural_2023.pdf,2023/WA/WA_Esperance_Rural_2023.pdf,WA,Esperance,2023,True,statement of comprehensive income,61.0,112,215813
WA_Quairading_Rural_2023.pdf,2023/WA/WA_Quairading_Rural_2023.pdf,WA,Quairading,2023,True,financial statements,2.0,75,179258
WA_Joondalup_Urban_2023.pdf,2023/WA/WA_Joondalup_Urban_2023.pdf,WA,Joondalup,2023,True,financial statements,155.0,160,293086
WA_Cunderdin_Rural_2023.pdf,2023/WA/WA_Cunderdin_Rural_2023.pdf,WA,Cunderdin,2023,True,statement of comprehensive income,25.0,63,50481
WA_Ravensthorpe_Rural_2023.pdf,2023/WA/WA_Ravensthorpe_Rural_2023.pdf,WA,Ravensthorpe,2023,True,statement of comprehensive income,29.0,72,132564
WA_Lake Grace_Rural_2023.pdf,2023/WA/WA_Lake Grace_Rural_2023.pdf,WA,Lake Grace,2023,True,statement of comprehensive income,26.0,70,134973
WA_Ashburton_Rural_2023.pdf,2023/WA/WA_Ashburton_Rural_2023.pdf,WA,Ashburton,2023,True,statement of comprehensive income,39.0,96,180212
WA_Boddington_Rural_2023.pdf,2023/WA/WA_Boddington_Rural_2023.pdf,WA,Boddington,2023,True,statement of comprehensive income,32.0,70,129189
WA_Dardanup_Rural_2023.pdf,2023/WA/WA_Dardanup_Rural_2023.pdf,WA,Dardanup,2023,True,financial statements,31.0,82,161841
WA_Wyndham East Kimberley_Rural_2023.pdf,2023/WA/WA_Wyndham East Kimberley_Rural_2023.pdf,WA,Wyndham East Kimberley,2023,True,financial statement,5.0,117,242684
WA_Bunbury_Urban_2023.pdf,2023/WA/WA_Bunbury_Urban_2023.pdf,WA,Bunbury,2023,False,,,109,214928
WA_Cranbrook_Rural_2023.pdf,2023/WA/WA_Cranbrook_Rural_2023.pdf,WA,Cranbrook,2023,True,statement of comprehensive income,26.0,67,148563
WA_Kellerberrin_Rural_2023.pdf,2023/WA/WA_Kellerberrin_Rural_2023.pdf,WA,Kellerberrin,2023,False,,,56,32661
WA_Kent_Rural_2023.pdf,2023/WA/WA_Kent_Rural_2023.pdf,WA,Kent,2023,False,,,66,37537
WA_Trayning_Rural_2023.pdf,2023/WA/WA_Trayning_Rural_2023.pdf,WA,Trayning,2023,True,statement of comprehensive income,3.0,64,111178
WA_Boyup Brooke_Rural_2023.pdf,2023/WA/WA_Boyup Brooke_Rural_2023.pdf,WA,Boyup Brooke,2023,True,financial statements,27.0,71,140940
WA_Dandaragan_Rural_2023.pdf,2023/WA/WA_Dandaragan_Rural_2023.pdf,WA,Dandaragan,2023,False,,,43,70192
WA_Kalamunda_Urban_2023.pdf,2023/WA/WA_Kalamunda_Urban_2023.pdf,WA,Kalamunda,2023,True,statement of comprehensive income,3.0,119,323916
WA_Plantagenet_Rural_2023.pdf,2023/WA/WA_Plantagenet_Rural_2023.pdf,WA,Plantagenet,2023,True,statement of comprehensive income,40.0,85,158641
WA_Cockburn_Urban_2023.pdf,2023/WA/WA_Cockburn_Urban_2023.pdf,WA,Cockburn,2023,False,,,48,73049
WA_Goomalling_Rural_2023.pdf,2023/WA/WA_Goomalling_Rural_2023.pdf,WA,Goomalling,2023,True,financial statements,2.0,58,38078
WA_Leonora_Rural_2023.pdf,2023/WA/WA_Leonora_Rural_2023.pdf,WA,Leonora,2023,True,statement of comprehensive income,24.0,56,96763
WA_Mundaring_Rural_2023.pdf,2023/WA/WA_Mundaring_Rural_2023.pdf,WA,Mundaring,2023,True,statement of comprehensive income,46.0,96,170687
WA_Irwin_Rural_2023.pdf,2023/WA/WA_Irwin_Rural_2023.pdf,WA,Irwin,2023,True,statement of comprehensive income,2.0,61,27720
WA_Peppermint Grove_Urban_2023.pdf,2023/WA/WA_Peppermint Grove_Urban_2023.pdf,WA,Peppermint Grove,2023,True,statement of comprehensive income,41.0,76,152321
WA_Narrogin_Rural_2023.pdf,2023/WA/WA_Narrogin_Rural_2023.pdf,WA,Narrogin,2023,True,statement of comprehensive income,31.0,80,170674
WA_Harvey_Urban_2023.pdf,2023/WA/WA_Harvey_Urban_2023.pdf,WA,Harvey,2023,True,statement of comprehensive income,54.0,101,190371
WA_Three Springs_Rural_2023.pdf,2023/WA/WA_Three Springs_Rural_2023.pdf,WA,Three Springs,2023,True,statement of comprehensive income,17.0,56,113780
WA_Koorda_Rural_2023.pdf,2023/WA/WA_Koorda_Rural_2023.pdf,WA,Koorda,2023,True,statement of comprehensive income,18.0,54,110138
WA_Murray_Rural_2023.pdf,2023/WA/WA_Murray_Rural_2023.pdf,WA,Murray,2023,True,statement of comprehensive income,60.0,112,172670
WA_Bruce Rock_Rural_2023.pdf,2023/WA/WA_Bruce Rock_Rural_2023.pdf,WA,Bruce Rock,2023,True,audited financial statements,2.0,66,139665
WA_Wanneroo_Urban_2023.pdf,2023/WA/WA_Wanneroo_Urban_2023.pdf,WA,Wanneroo,2023,True,financial statements,207.0,284,560497
WA_Donnybrook Balingup_Rural_2023.pdf,2023/WA/WA_Donnybrook Balingup_Rural_2023.pdf,WA,Donnybrook Balingup,2023,True,statement of comprehensive income,39.0,82,171923
WA_Victoria Plains_Rural_2023.pdf,2023/WA/WA_Victoria Plains_Rural_2023.pdf,WA,Victoria Plains,2023,True,statement of comprehensive income,41.0,84,150709
WA_Bassendean_Urban_2023.pdf,2023/WA/WA_Bassendean_Urban_2023.pdf,WA,Bassendean,2023,True,statement of comprehensive income,3.0,88,159942
WA_Gnowangerup_Rural_2023.pdf,2023/WA/WA_Gnowangerup_Rural_2023.pdf,WA,Gnowangerup,2023,True,statement of financial position,53.0,92,144069
